ISO-10303-21;
HEADER;
/* Generated by software containing ST-Developer
 * from STEP Tools, Inc. (www.steptools.com) 
 */

FILE_DESCRIPTION(
/* description */ (''),
/* implementation_level */ '2;1');

FILE_NAME(
/* name */ 'GridUp-Kutu-Montaj.step',
/* time_stamp */ '2026-09-14T09:24:28+03:00',
/* author */ (''),
/* organization */ (''),
/* preprocessor_version */ 'ST-DEVELOPER v20.1',
/* originating_system */ 'Autodesk Translation Framework v15.8.0.0',
/* authorisation */ '');

FILE_SCHEMA (('AUTOMOTIVE_DESIGN { 1 0 10303 214 3 1 1 }'));
ENDSEC;

DATA;
#10=MECHANICAL_DESIGN_GEOMETRIC_PRESENTATION_REPRESENTATION('',(#24,#25,
#26,#27,#28,#29,#30,#31,#32,#33,#34,#35,#36,#37,#38,#39,#40,#41,#42,#43,
#44,#45,#46,#47,#48,#49,#50,#51,#52,#53,#54,#55,#56,#57,#58,#59),#7927);
#11=ITEM_DEFINED_TRANSFORMATION($,$,#4822,#5244);
#12=ITEM_DEFINED_TRANSFORMATION($,$,#5026,#5245);
#13=(
REPRESENTATION_RELATIONSHIP($,$,#7941,#7940)
REPRESENTATION_RELATIONSHIP_WITH_TRANSFORMATION(#11)
SHAPE_REPRESENTATION_RELATIONSHIP()
);
#14=(
REPRESENTATION_RELATIONSHIP($,$,#7942,#7940)
REPRESENTATION_RELATIONSHIP_WITH_TRANSFORMATION(#12)
SHAPE_REPRESENTATION_RELATIONSHIP()
);
#15=CONTEXT_DEPENDENT_SHAPE_REPRESENTATION(#13,#7938);
#16=CONTEXT_DEPENDENT_SHAPE_REPRESENTATION(#14,#7939);
#17=NEXT_ASSEMBLY_USAGE_OCCURRENCE('GridUp-Kutu:1','GridUp-Kutu:1',
'GridUp-Kutu:1',#7944,#7945,'GridUp-Kutu:1');
#18=NEXT_ASSEMBLY_USAGE_OCCURRENCE('GridUp-PCB:1','GridUp-PCB:1',
'GridUp-PCB:1',#7944,#7946,'GridUp-PCB:1');
#19=SHAPE_REPRESENTATION_RELATIONSHIP('SRR','None',#7941,#21);
#20=SHAPE_REPRESENTATION_RELATIONSHIP('SRR','None',#7942,#22);
#21=ADVANCED_BREP_SHAPE_REPRESENTATION('',(#60,#61,#62,#63),#7925);
#22=ADVANCED_BREP_SHAPE_REPRESENTATION('',(#64,#65,#66,#67,#68,#69,#70,
#71,#72,#73,#74,#75,#76,#77,#78,#79,#80,#81,#82,#83,#84,#85,#86,#87,#88,
#89,#90,#91,#92,#93,#94,#95),#7926);
#23=CONICAL_SURFACE('',#4984,9.,0.785398163397448);
#24=STYLED_ITEM('',(#7959),#60);
#25=STYLED_ITEM('',(#7959),#61);
#26=STYLED_ITEM('',(#7959),#62);
#27=STYLED_ITEM('',(#7959),#63);
#28=STYLED_ITEM('',(#7959),#64);
#29=STYLED_ITEM('',(#7959),#65);
#30=STYLED_ITEM('',(#7959),#66);
#31=STYLED_ITEM('',(#7959),#67);
#32=STYLED_ITEM('',(#7959),#68);
#33=STYLED_ITEM('',(#7959),#69);
#34=STYLED_ITEM('',(#7959),#70);
#35=STYLED_ITEM('',(#7959),#71);
#36=STYLED_ITEM('',(#7959),#72);
#37=STYLED_ITEM('',(#7959),#73);
#38=STYLED_ITEM('',(#7959),#74);
#39=STYLED_ITEM('',(#7959),#75);
#40=STYLED_ITEM('',(#7959),#76);
#41=STYLED_ITEM('',(#7959),#77);
#42=STYLED_ITEM('',(#7959),#78);
#43=STYLED_ITEM('',(#7959),#79);
#44=STYLED_ITEM('',(#7959),#80);
#45=STYLED_ITEM('',(#7959),#81);
#46=STYLED_ITEM('',(#7959),#82);
#47=STYLED_ITEM('',(#7959),#83);
#48=STYLED_ITEM('',(#7959),#84);
#49=STYLED_ITEM('',(#7959),#85);
#50=STYLED_ITEM('',(#7959),#86);
#51=STYLED_ITEM('',(#7959),#87);
#52=STYLED_ITEM('',(#7959),#88);
#53=STYLED_ITEM('',(#7959),#89);
#54=STYLED_ITEM('',(#7959),#90);
#55=STYLED_ITEM('',(#7959),#91);
#56=STYLED_ITEM('',(#7959),#92);
#57=STYLED_ITEM('',(#7959),#93);
#58=STYLED_ITEM('',(#7959),#94);
#59=STYLED_ITEM('',(#7959),#95);
#60=MANIFOLD_SOLID_BREP('G\X\F6vde',#4762);
#61=MANIFOLD_SOLID_BREP('Kapak',#4763);
#62=MANIFOLD_SOLID_BREP('IR pencere',#4764);
#63=MANIFOLD_SOLID_BREP('DIN klips',#4765);
#64=MANIFOLD_SOLID_BREP('PCB',#4766);
#65=MANIFOLD_SOLID_BREP('MLX90640',#4767);
#66=MANIFOLD_SOLID_BREP('SHT31',#4768);
#67=MANIFOLD_SOLID_BREP('LED',#4769);
#68=MANIFOLD_SOLID_BREP('R_pullup1',#4770);
#69=MANIFOLD_SOLID_BREP('R_pullup2',#4771);
#70=MANIFOLD_SOLID_BREP('C_100n',#4772);
#71=MANIFOLD_SOLID_BREP('EN_RC1',#4773);
#72=MANIFOLD_SOLID_BREP('EN_RC2',#4774);
#73=MANIFOLD_SOLID_BREP('Reset',#4775);
#74=MANIFOLD_SOLID_BREP('ESP32-S3-WROOM-1U',#4776);
#75=MANIFOLD_SOLID_BREP('RAC05-05SK',#4777);
#76=MANIFOLD_SOLID_BREP('F1',#4778);
#77=MANIFOLD_SOLID_BREP('MOV',#4779);
#78=MANIFOLD_SOLID_BREP('Klemens 230V',#4780);
#79=MANIFOLD_SOLID_BREP('LDO SOT-223',#4781);
#80=MANIFOLD_SOLID_BREP('D1',#4782);
#81=MANIFOLD_SOLID_BREP('D2',#4783);
#82=MANIFOLD_SOLID_BREP('R_sarj',#4784);
#83=MANIFOLD_SOLID_BREP('Bolucu1',#4785);
#84=MANIFOLD_SOLID_BREP('Bolucu2',#4786);
#85=MANIFOLD_SOLID_BREP('Superkap',#4787);
#86=MANIFOLD_SOLID_BREP('MAX3485',#4788);
#87=MANIFOLD_SOLID_BREP('R120',#4789);
#88=MANIFOLD_SOLID_BREP('Klemens RS-485',#4790);
#89=MANIFOLD_SOLID_BREP('R_burden1',#4791);
#90=MANIFOLD_SOLID_BREP('R_burden2',#4792);
#91=MANIFOLD_SOLID_BREP('R_burden3',#4793);
#92=MANIFOLD_SOLID_BREP('R_burden4',#4794);
#93=MANIFOLD_SOLID_BREP('R_bias',#4795);
#94=MANIFOLD_SOLID_BREP('Klemens CT',#4796);
#95=MANIFOLD_SOLID_BREP('Genisleme 2x5',#4797);
#96=FACE_BOUND('',#692,.T.);
#97=FACE_BOUND('',#695,.T.);
#98=FACE_BOUND('',#696,.T.);
#99=FACE_BOUND('',#697,.T.);
#100=FACE_BOUND('',#698,.T.);
#101=FACE_BOUND('',#699,.T.);
#102=FACE_BOUND('',#700,.T.);
#103=FACE_BOUND('',#704,.T.);
#104=FACE_BOUND('',#709,.T.);
#105=FACE_BOUND('',#714,.T.);
#106=FACE_BOUND('',#742,.T.);
#107=FACE_BOUND('',#743,.T.);
#108=FACE_BOUND('',#744,.T.);
#109=FACE_BOUND('',#745,.T.);
#110=FACE_BOUND('',#746,.T.);
#111=FACE_BOUND('',#750,.T.);
#112=FACE_BOUND('',#751,.T.);
#113=FACE_BOUND('',#752,.T.);
#114=FACE_BOUND('',#753,.T.);
#115=FACE_BOUND('',#754,.T.);
#116=FACE_BOUND('',#755,.T.);
#117=FACE_BOUND('',#757,.T.);
#118=FACE_BOUND('',#758,.T.);
#119=FACE_BOUND('',#759,.T.);
#120=FACE_BOUND('',#760,.T.);
#121=FACE_BOUND('',#773,.T.);
#122=FACE_BOUND('',#774,.T.);
#123=FACE_BOUND('',#775,.T.);
#124=FACE_BOUND('',#776,.T.);
#125=FACE_BOUND('',#785,.T.);
#126=FACE_BOUND('',#789,.T.);
#127=FACE_BOUND('',#794,.T.);
#128=FACE_BOUND('',#795,.T.);
#129=FACE_BOUND('',#796,.T.);
#130=FACE_BOUND('',#797,.T.);
#131=FACE_BOUND('',#798,.T.);
#132=FACE_BOUND('',#799,.T.);
#133=FACE_BOUND('',#800,.T.);
#134=FACE_BOUND('',#808,.T.);
#135=FACE_BOUND('',#809,.T.);
#136=FACE_BOUND('',#810,.T.);
#137=FACE_BOUND('',#811,.T.);
#138=FACE_BOUND('',#812,.T.);
#139=FACE_BOUND('',#813,.T.);
#140=FACE_BOUND('',#814,.T.);
#141=FACE_BOUND('',#843,.T.);
#142=FACE_BOUND('',#844,.T.);
#143=FACE_BOUND('',#845,.T.);
#144=FACE_BOUND('',#846,.T.);
#145=FACE_BOUND('',#848,.T.);
#146=FACE_BOUND('',#849,.T.);
#147=FACE_BOUND('',#850,.T.);
#148=FACE_BOUND('',#851,.T.);
#149=PLANE('',#4826);
#150=PLANE('',#4830);
#151=PLANE('',#4834);
#152=PLANE('',#4838);
#153=PLANE('',#4845);
#154=PLANE('',#4849);
#155=PLANE('',#4869);
#156=PLANE('',#4877);
#157=PLANE('',#4885);
#158=PLANE('',#4888);
#159=PLANE('',#4889);
#160=PLANE('',#4890);
#161=PLANE('',#4891);
#162=PLANE('',#4892);
#163=PLANE('',#4895);
#164=PLANE('',#4898);
#165=PLANE('',#4901);
#166=PLANE('',#4919);
#167=PLANE('',#4923);
#168=PLANE('',#4927);
#169=PLANE('',#4931);
#170=PLANE('',#4935);
#171=PLANE('',#4943);
#172=PLANE('',#4946);
#173=PLANE('',#4949);
#174=PLANE('',#4952);
#175=PLANE('',#4953);
#176=PLANE('',#4955);
#177=PLANE('',#4957);
#178=PLANE('',#4960);
#179=PLANE('',#4961);
#180=PLANE('',#4983);
#181=PLANE('',#4989);
#182=PLANE('',#4996);
#183=PLANE('',#4997);
#184=PLANE('',#5003);
#185=PLANE('',#5008);
#186=PLANE('',#5009);
#187=PLANE('',#5010);
#188=PLANE('',#5011);
#189=PLANE('',#5015);
#190=PLANE('',#5016);
#191=PLANE('',#5017);
#192=PLANE('',#5018);
#193=PLANE('',#5019);
#194=PLANE('',#5020);
#195=PLANE('',#5021);
#196=PLANE('',#5022);
#197=PLANE('',#5023);
#198=PLANE('',#5024);
#199=PLANE('',#5025);
#200=PLANE('',#5033);
#201=PLANE('',#5034);
#202=PLANE('',#5035);
#203=PLANE('',#5054);
#204=PLANE('',#5055);
#205=PLANE('',#5056);
#206=PLANE('',#5057);
#207=PLANE('',#5058);
#208=PLANE('',#5059);
#209=PLANE('',#5060);
#210=PLANE('',#5064);
#211=PLANE('',#5065);
#212=PLANE('',#5066);
#213=PLANE('',#5067);
#214=PLANE('',#5068);
#215=PLANE('',#5069);
#216=PLANE('',#5070);
#217=PLANE('',#5071);
#218=PLANE('',#5075);
#219=PLANE('',#5076);
#220=PLANE('',#5077);
#221=PLANE('',#5078);
#222=PLANE('',#5079);
#223=PLANE('',#5080);
#224=PLANE('',#5081);
#225=PLANE('',#5082);
#226=PLANE('',#5083);
#227=PLANE('',#5084);
#228=PLANE('',#5085);
#229=PLANE('',#5086);
#230=PLANE('',#5087);
#231=PLANE('',#5088);
#232=PLANE('',#5089);
#233=PLANE('',#5090);
#234=PLANE('',#5091);
#235=PLANE('',#5092);
#236=PLANE('',#5093);
#237=PLANE('',#5094);
#238=PLANE('',#5095);
#239=PLANE('',#5096);
#240=PLANE('',#5097);
#241=PLANE('',#5098);
#242=PLANE('',#5099);
#243=PLANE('',#5100);
#244=PLANE('',#5101);
#245=PLANE('',#5102);
#246=PLANE('',#5103);
#247=PLANE('',#5104);
#248=PLANE('',#5105);
#249=PLANE('',#5106);
#250=PLANE('',#5107);
#251=PLANE('',#5108);
#252=PLANE('',#5109);
#253=PLANE('',#5110);
#254=PLANE('',#5111);
#255=PLANE('',#5112);
#256=PLANE('',#5113);
#257=PLANE('',#5114);
#258=PLANE('',#5115);
#259=PLANE('',#5116);
#260=PLANE('',#5117);
#261=PLANE('',#5118);
#262=PLANE('',#5119);
#263=PLANE('',#5120);
#264=PLANE('',#5121);
#265=PLANE('',#5122);
#266=PLANE('',#5123);
#267=PLANE('',#5124);
#268=PLANE('',#5125);
#269=PLANE('',#5126);
#270=PLANE('',#5127);
#271=PLANE('',#5128);
#272=PLANE('',#5129);
#273=PLANE('',#5130);
#274=PLANE('',#5131);
#275=PLANE('',#5132);
#276=PLANE('',#5133);
#277=PLANE('',#5134);
#278=PLANE('',#5135);
#279=PLANE('',#5136);
#280=PLANE('',#5137);
#281=PLANE('',#5138);
#282=PLANE('',#5139);
#283=PLANE('',#5140);
#284=PLANE('',#5141);
#285=PLANE('',#5142);
#286=PLANE('',#5143);
#287=PLANE('',#5144);
#288=PLANE('',#5145);
#289=PLANE('',#5146);
#290=PLANE('',#5147);
#291=PLANE('',#5148);
#292=PLANE('',#5149);
#293=PLANE('',#5150);
#294=PLANE('',#5151);
#295=PLANE('',#5152);
#296=PLANE('',#5153);
#297=PLANE('',#5154);
#298=PLANE('',#5155);
#299=PLANE('',#5156);
#300=PLANE('',#5157);
#301=PLANE('',#5158);
#302=PLANE('',#5159);
#303=PLANE('',#5160);
#304=PLANE('',#5161);
#305=PLANE('',#5162);
#306=PLANE('',#5163);
#307=PLANE('',#5164);
#308=PLANE('',#5165);
#309=PLANE('',#5166);
#310=PLANE('',#5167);
#311=PLANE('',#5168);
#312=PLANE('',#5169);
#313=PLANE('',#5170);
#314=PLANE('',#5171);
#315=PLANE('',#5172);
#316=PLANE('',#5173);
#317=PLANE('',#5174);
#318=PLANE('',#5175);
#319=PLANE('',#5176);
#320=PLANE('',#5177);
#321=PLANE('',#5178);
#322=PLANE('',#5179);
#323=PLANE('',#5183);
#324=PLANE('',#5184);
#325=PLANE('',#5185);
#326=PLANE('',#5186);
#327=PLANE('',#5187);
#328=PLANE('',#5188);
#329=PLANE('',#5189);
#330=PLANE('',#5190);
#331=PLANE('',#5191);
#332=PLANE('',#5192);
#333=PLANE('',#5193);
#334=PLANE('',#5194);
#335=PLANE('',#5195);
#336=PLANE('',#5196);
#337=PLANE('',#5197);
#338=PLANE('',#5198);
#339=PLANE('',#5199);
#340=PLANE('',#5200);
#341=PLANE('',#5201);
#342=PLANE('',#5202);
#343=PLANE('',#5203);
#344=PLANE('',#5204);
#345=PLANE('',#5205);
#346=PLANE('',#5206);
#347=PLANE('',#5207);
#348=PLANE('',#5208);
#349=PLANE('',#5209);
#350=PLANE('',#5210);
#351=PLANE('',#5211);
#352=PLANE('',#5212);
#353=PLANE('',#5213);
#354=PLANE('',#5214);
#355=PLANE('',#5215);
#356=PLANE('',#5216);
#357=PLANE('',#5217);
#358=PLANE('',#5218);
#359=PLANE('',#5219);
#360=PLANE('',#5220);
#361=PLANE('',#5221);
#362=PLANE('',#5222);
#363=PLANE('',#5223);
#364=PLANE('',#5224);
#365=PLANE('',#5225);
#366=PLANE('',#5226);
#367=PLANE('',#5227);
#368=PLANE('',#5228);
#369=PLANE('',#5229);
#370=PLANE('',#5230);
#371=PLANE('',#5231);
#372=PLANE('',#5232);
#373=PLANE('',#5233);
#374=PLANE('',#5234);
#375=PLANE('',#5235);
#376=PLANE('',#5236);
#377=PLANE('',#5237);
#378=PLANE('',#5238);
#379=PLANE('',#5239);
#380=PLANE('',#5240);
#381=PLANE('',#5241);
#382=PLANE('',#5242);
#383=PLANE('',#5243);
#384=FACE_OUTER_BOUND('',#681,.T.);
#385=FACE_OUTER_BOUND('',#682,.T.);
#386=FACE_OUTER_BOUND('',#683,.T.);
#387=FACE_OUTER_BOUND('',#684,.T.);
#388=FACE_OUTER_BOUND('',#685,.T.);
#389=FACE_OUTER_BOUND('',#686,.T.);
#390=FACE_OUTER_BOUND('',#687,.T.);
#391=FACE_OUTER_BOUND('',#688,.T.);
#392=FACE_OUTER_BOUND('',#689,.T.);
#393=FACE_OUTER_BOUND('',#690,.T.);
#394=FACE_OUTER_BOUND('',#691,.T.);
#395=FACE_OUTER_BOUND('',#693,.T.);
#396=FACE_OUTER_BOUND('',#694,.T.);
#397=FACE_OUTER_BOUND('',#701,.T.);
#398=FACE_OUTER_BOUND('',#702,.T.);
#399=FACE_OUTER_BOUND('',#703,.T.);
#400=FACE_OUTER_BOUND('',#705,.T.);
#401=FACE_OUTER_BOUND('',#706,.T.);
#402=FACE_OUTER_BOUND('',#707,.T.);
#403=FACE_OUTER_BOUND('',#708,.T.);
#404=FACE_OUTER_BOUND('',#710,.T.);
#405=FACE_OUTER_BOUND('',#711,.T.);
#406=FACE_OUTER_BOUND('',#712,.T.);
#407=FACE_OUTER_BOUND('',#713,.T.);
#408=FACE_OUTER_BOUND('',#715,.T.);
#409=FACE_OUTER_BOUND('',#716,.T.);
#410=FACE_OUTER_BOUND('',#717,.T.);
#411=FACE_OUTER_BOUND('',#718,.T.);
#412=FACE_OUTER_BOUND('',#719,.T.);
#413=FACE_OUTER_BOUND('',#720,.T.);
#414=FACE_OUTER_BOUND('',#721,.T.);
#415=FACE_OUTER_BOUND('',#722,.T.);
#416=FACE_OUTER_BOUND('',#723,.T.);
#417=FACE_OUTER_BOUND('',#724,.T.);
#418=FACE_OUTER_BOUND('',#725,.T.);
#419=FACE_OUTER_BOUND('',#726,.T.);
#420=FACE_OUTER_BOUND('',#727,.T.);
#421=FACE_OUTER_BOUND('',#728,.T.);
#422=FACE_OUTER_BOUND('',#729,.T.);
#423=FACE_OUTER_BOUND('',#730,.T.);
#424=FACE_OUTER_BOUND('',#731,.T.);
#425=FACE_OUTER_BOUND('',#732,.T.);
#426=FACE_OUTER_BOUND('',#733,.T.);
#427=FACE_OUTER_BOUND('',#734,.T.);
#428=FACE_OUTER_BOUND('',#735,.T.);
#429=FACE_OUTER_BOUND('',#736,.T.);
#430=FACE_OUTER_BOUND('',#737,.T.);
#431=FACE_OUTER_BOUND('',#738,.T.);
#432=FACE_OUTER_BOUND('',#739,.T.);
#433=FACE_OUTER_BOUND('',#740,.T.);
#434=FACE_OUTER_BOUND('',#741,.T.);
#435=FACE_OUTER_BOUND('',#747,.T.);
#436=FACE_OUTER_BOUND('',#748,.T.);
#437=FACE_OUTER_BOUND('',#749,.T.);
#438=FACE_OUTER_BOUND('',#756,.T.);
#439=FACE_OUTER_BOUND('',#761,.T.);
#440=FACE_OUTER_BOUND('',#762,.T.);
#441=FACE_OUTER_BOUND('',#763,.T.);
#442=FACE_OUTER_BOUND('',#764,.T.);
#443=FACE_OUTER_BOUND('',#765,.T.);
#444=FACE_OUTER_BOUND('',#766,.T.);
#445=FACE_OUTER_BOUND('',#767,.T.);
#446=FACE_OUTER_BOUND('',#768,.T.);
#447=FACE_OUTER_BOUND('',#769,.T.);
#448=FACE_OUTER_BOUND('',#770,.T.);
#449=FACE_OUTER_BOUND('',#771,.T.);
#450=FACE_OUTER_BOUND('',#772,.T.);
#451=FACE_OUTER_BOUND('',#777,.T.);
#452=FACE_OUTER_BOUND('',#778,.T.);
#453=FACE_OUTER_BOUND('',#779,.T.);
#454=FACE_OUTER_BOUND('',#780,.T.);
#455=FACE_OUTER_BOUND('',#781,.T.);
#456=FACE_OUTER_BOUND('',#782,.T.);
#457=FACE_OUTER_BOUND('',#783,.T.);
#458=FACE_OUTER_BOUND('',#784,.T.);
#459=FACE_OUTER_BOUND('',#786,.T.);
#460=FACE_OUTER_BOUND('',#787,.T.);
#461=FACE_OUTER_BOUND('',#788,.T.);
#462=FACE_OUTER_BOUND('',#790,.T.);
#463=FACE_OUTER_BOUND('',#791,.T.);
#464=FACE_OUTER_BOUND('',#792,.T.);
#465=FACE_OUTER_BOUND('',#793,.T.);
#466=FACE_OUTER_BOUND('',#801,.T.);
#467=FACE_OUTER_BOUND('',#802,.T.);
#468=FACE_OUTER_BOUND('',#803,.T.);
#469=FACE_OUTER_BOUND('',#804,.T.);
#470=FACE_OUTER_BOUND('',#805,.T.);
#471=FACE_OUTER_BOUND('',#806,.T.);
#472=FACE_OUTER_BOUND('',#807,.T.);
#473=FACE_OUTER_BOUND('',#815,.T.);
#474=FACE_OUTER_BOUND('',#816,.T.);
#475=FACE_OUTER_BOUND('',#817,.T.);
#476=FACE_OUTER_BOUND('',#818,.T.);
#477=FACE_OUTER_BOUND('',#819,.T.);
#478=FACE_OUTER_BOUND('',#820,.T.);
#479=FACE_OUTER_BOUND('',#821,.T.);
#480=FACE_OUTER_BOUND('',#822,.T.);
#481=FACE_OUTER_BOUND('',#823,.T.);
#482=FACE_OUTER_BOUND('',#824,.T.);
#483=FACE_OUTER_BOUND('',#825,.T.);
#484=FACE_OUTER_BOUND('',#826,.T.);
#485=FACE_OUTER_BOUND('',#827,.T.);
#486=FACE_OUTER_BOUND('',#828,.T.);
#487=FACE_OUTER_BOUND('',#829,.T.);
#488=FACE_OUTER_BOUND('',#830,.T.);
#489=FACE_OUTER_BOUND('',#831,.T.);
#490=FACE_OUTER_BOUND('',#832,.T.);
#491=FACE_OUTER_BOUND('',#833,.T.);
#492=FACE_OUTER_BOUND('',#834,.T.);
#493=FACE_OUTER_BOUND('',#835,.T.);
#494=FACE_OUTER_BOUND('',#836,.T.);
#495=FACE_OUTER_BOUND('',#837,.T.);
#496=FACE_OUTER_BOUND('',#838,.T.);
#497=FACE_OUTER_BOUND('',#839,.T.);
#498=FACE_OUTER_BOUND('',#840,.T.);
#499=FACE_OUTER_BOUND('',#841,.T.);
#500=FACE_OUTER_BOUND('',#842,.T.);
#501=FACE_OUTER_BOUND('',#847,.T.);
#502=FACE_OUTER_BOUND('',#852,.T.);
#503=FACE_OUTER_BOUND('',#853,.T.);
#504=FACE_OUTER_BOUND('',#854,.T.);
#505=FACE_OUTER_BOUND('',#855,.T.);
#506=FACE_OUTER_BOUND('',#856,.T.);
#507=FACE_OUTER_BOUND('',#857,.T.);
#508=FACE_OUTER_BOUND('',#858,.T.);
#509=FACE_OUTER_BOUND('',#859,.T.);
#510=FACE_OUTER_BOUND('',#860,.T.);
#511=FACE_OUTER_BOUND('',#861,.T.);
#512=FACE_OUTER_BOUND('',#862,.T.);
#513=FACE_OUTER_BOUND('',#863,.T.);
#514=FACE_OUTER_BOUND('',#864,.T.);
#515=FACE_OUTER_BOUND('',#865,.T.);
#516=FACE_OUTER_BOUND('',#866,.T.);
#517=FACE_OUTER_BOUND('',#867,.T.);
#518=FACE_OUTER_BOUND('',#868,.T.);
#519=FACE_OUTER_BOUND('',#869,.T.);
#520=FACE_OUTER_BOUND('',#870,.T.);
#521=FACE_OUTER_BOUND('',#871,.T.);
#522=FACE_OUTER_BOUND('',#872,.T.);
#523=FACE_OUTER_BOUND('',#873,.T.);
#524=FACE_OUTER_BOUND('',#874,.T.);
#525=FACE_OUTER_BOUND('',#875,.T.);
#526=FACE_OUTER_BOUND('',#876,.T.);
#527=FACE_OUTER_BOUND('',#877,.T.);
#528=FACE_OUTER_BOUND('',#878,.T.);
#529=FACE_OUTER_BOUND('',#879,.T.);
#530=FACE_OUTER_BOUND('',#880,.T.);
#531=FACE_OUTER_BOUND('',#881,.T.);
#532=FACE_OUTER_BOUND('',#882,.T.);
#533=FACE_OUTER_BOUND('',#883,.T.);
#534=FACE_OUTER_BOUND('',#884,.T.);
#535=FACE_OUTER_BOUND('',#885,.T.);
#536=FACE_OUTER_BOUND('',#886,.T.);
#537=FACE_OUTER_BOUND('',#887,.T.);
#538=FACE_OUTER_BOUND('',#888,.T.);
#539=FACE_OUTER_BOUND('',#889,.T.);
#540=FACE_OUTER_BOUND('',#890,.T.);
#541=FACE_OUTER_BOUND('',#891,.T.);
#542=FACE_OUTER_BOUND('',#892,.T.);
#543=FACE_OUTER_BOUND('',#893,.T.);
#544=FACE_OUTER_BOUND('',#894,.T.);
#545=FACE_OUTER_BOUND('',#895,.T.);
#546=FACE_OUTER_BOUND('',#896,.T.);
#547=FACE_OUTER_BOUND('',#897,.T.);
#548=FACE_OUTER_BOUND('',#898,.T.);
#549=FACE_OUTER_BOUND('',#899,.T.);
#550=FACE_OUTER_BOUND('',#900,.T.);
#551=FACE_OUTER_BOUND('',#901,.T.);
#552=FACE_OUTER_BOUND('',#902,.T.);
#553=FACE_OUTER_BOUND('',#903,.T.);
#554=FACE_OUTER_BOUND('',#904,.T.);
#555=FACE_OUTER_BOUND('',#905,.T.);
#556=FACE_OUTER_BOUND('',#906,.T.);
#557=FACE_OUTER_BOUND('',#907,.T.);
#558=FACE_OUTER_BOUND('',#908,.T.);
#559=FACE_OUTER_BOUND('',#909,.T.);
#560=FACE_OUTER_BOUND('',#910,.T.);
#561=FACE_OUTER_BOUND('',#911,.T.);
#562=FACE_OUTER_BOUND('',#912,.T.);
#563=FACE_OUTER_BOUND('',#913,.T.);
#564=FACE_OUTER_BOUND('',#914,.T.);
#565=FACE_OUTER_BOUND('',#915,.T.);
#566=FACE_OUTER_BOUND('',#916,.T.);
#567=FACE_OUTER_BOUND('',#917,.T.);
#568=FACE_OUTER_BOUND('',#918,.T.);
#569=FACE_OUTER_BOUND('',#919,.T.);
#570=FACE_OUTER_BOUND('',#920,.T.);
#571=FACE_OUTER_BOUND('',#921,.T.);
#572=FACE_OUTER_BOUND('',#922,.T.);
#573=FACE_OUTER_BOUND('',#923,.T.);
#574=FACE_OUTER_BOUND('',#924,.T.);
#575=FACE_OUTER_BOUND('',#925,.T.);
#576=FACE_OUTER_BOUND('',#926,.T.);
#577=FACE_OUTER_BOUND('',#927,.T.);
#578=FACE_OUTER_BOUND('',#928,.T.);
#579=FACE_OUTER_BOUND('',#929,.T.);
#580=FACE_OUTER_BOUND('',#930,.T.);
#581=FACE_OUTER_BOUND('',#931,.T.);
#582=FACE_OUTER_BOUND('',#932,.T.);
#583=FACE_OUTER_BOUND('',#933,.T.);
#584=FACE_OUTER_BOUND('',#934,.T.);
#585=FACE_OUTER_BOUND('',#935,.T.);
#586=FACE_OUTER_BOUND('',#936,.T.);
#587=FACE_OUTER_BOUND('',#937,.T.);
#588=FACE_OUTER_BOUND('',#938,.T.);
#589=FACE_OUTER_BOUND('',#939,.T.);
#590=FACE_OUTER_BOUND('',#940,.T.);
#591=FACE_OUTER_BOUND('',#941,.T.);
#592=FACE_OUTER_BOUND('',#942,.T.);
#593=FACE_OUTER_BOUND('',#943,.T.);
#594=FACE_OUTER_BOUND('',#944,.T.);
#595=FACE_OUTER_BOUND('',#945,.T.);
#596=FACE_OUTER_BOUND('',#946,.T.);
#597=FACE_OUTER_BOUND('',#947,.T.);
#598=FACE_OUTER_BOUND('',#948,.T.);
#599=FACE_OUTER_BOUND('',#949,.T.);
#600=FACE_OUTER_BOUND('',#950,.T.);
#601=FACE_OUTER_BOUND('',#951,.T.);
#602=FACE_OUTER_BOUND('',#952,.T.);
#603=FACE_OUTER_BOUND('',#953,.T.);
#604=FACE_OUTER_BOUND('',#954,.T.);
#605=FACE_OUTER_BOUND('',#955,.T.);
#606=FACE_OUTER_BOUND('',#956,.T.);
#607=FACE_OUTER_BOUND('',#957,.T.);
#608=FACE_OUTER_BOUND('',#958,.T.);
#609=FACE_OUTER_BOUND('',#959,.T.);
#610=FACE_OUTER_BOUND('',#960,.T.);
#611=FACE_OUTER_BOUND('',#961,.T.);
#612=FACE_OUTER_BOUND('',#962,.T.);
#613=FACE_OUTER_BOUND('',#963,.T.);
#614=FACE_OUTER_BOUND('',#964,.T.);
#615=FACE_OUTER_BOUND('',#965,.T.);
#616=FACE_OUTER_BOUND('',#966,.T.);
#617=FACE_OUTER_BOUND('',#967,.T.);
#618=FACE_OUTER_BOUND('',#968,.T.);
#619=FACE_OUTER_BOUND('',#969,.T.);
#620=FACE_OUTER_BOUND('',#970,.T.);
#621=FACE_OUTER_BOUND('',#971,.T.);
#622=FACE_OUTER_BOUND('',#972,.T.);
#623=FACE_OUTER_BOUND('',#973,.T.);
#624=FACE_OUTER_BOUND('',#974,.T.);
#625=FACE_OUTER_BOUND('',#975,.T.);
#626=FACE_OUTER_BOUND('',#976,.T.);
#627=FACE_OUTER_BOUND('',#977,.T.);
#628=FACE_OUTER_BOUND('',#978,.T.);
#629=FACE_OUTER_BOUND('',#979,.T.);
#630=FACE_OUTER_BOUND('',#980,.T.);
#631=FACE_OUTER_BOUND('',#981,.T.);
#632=FACE_OUTER_BOUND('',#982,.T.);
#633=FACE_OUTER_BOUND('',#983,.T.);
#634=FACE_OUTER_BOUND('',#984,.T.);
#635=FACE_OUTER_BOUND('',#985,.T.);
#636=FACE_OUTER_BOUND('',#986,.T.);
#637=FACE_OUTER_BOUND('',#987,.T.);
#638=FACE_OUTER_BOUND('',#988,.T.);
#639=FACE_OUTER_BOUND('',#989,.T.);
#640=FACE_OUTER_BOUND('',#990,.T.);
#641=FACE_OUTER_BOUND('',#991,.T.);
#642=FACE_OUTER_BOUND('',#992,.T.);
#643=FACE_OUTER_BOUND('',#993,.T.);
#644=FACE_OUTER_BOUND('',#994,.T.);
#645=FACE_OUTER_BOUND('',#995,.T.);
#646=FACE_OUTER_BOUND('',#996,.T.);
#647=FACE_OUTER_BOUND('',#997,.T.);
#648=FACE_OUTER_BOUND('',#998,.T.);
#649=FACE_OUTER_BOUND('',#999,.T.);
#650=FACE_OUTER_BOUND('',#1000,.T.);
#651=FACE_OUTER_BOUND('',#1001,.T.);
#652=FACE_OUTER_BOUND('',#1002,.T.);
#653=FACE_OUTER_BOUND('',#1003,.T.);
#654=FACE_OUTER_BOUND('',#1004,.T.);
#655=FACE_OUTER_BOUND('',#1005,.T.);
#656=FACE_OUTER_BOUND('',#1006,.T.);
#657=FACE_OUTER_BOUND('',#1007,.T.);
#658=FACE_OUTER_BOUND('',#1008,.T.);
#659=FACE_OUTER_BOUND('',#1009,.T.);
#660=FACE_OUTER_BOUND('',#1010,.T.);
#661=FACE_OUTER_BOUND('',#1011,.T.);
#662=FACE_OUTER_BOUND('',#1012,.T.);
#663=FACE_OUTER_BOUND('',#1013,.T.);
#664=FACE_OUTER_BOUND('',#1014,.T.);
#665=FACE_OUTER_BOUND('',#1015,.T.);
#666=FACE_OUTER_BOUND('',#1016,.T.);
#667=FACE_OUTER_BOUND('',#1017,.T.);
#668=FACE_OUTER_BOUND('',#1018,.T.);
#669=FACE_OUTER_BOUND('',#1019,.T.);
#670=FACE_OUTER_BOUND('',#1020,.T.);
#671=FACE_OUTER_BOUND('',#1021,.T.);
#672=FACE_OUTER_BOUND('',#1022,.T.);
#673=FACE_OUTER_BOUND('',#1023,.T.);
#674=FACE_OUTER_BOUND('',#1024,.T.);
#675=FACE_OUTER_BOUND('',#1025,.T.);
#676=FACE_OUTER_BOUND('',#1026,.T.);
#677=FACE_OUTER_BOUND('',#1027,.T.);
#678=FACE_OUTER_BOUND('',#1028,.T.);
#679=FACE_OUTER_BOUND('',#1029,.T.);
#680=FACE_OUTER_BOUND('',#1030,.T.);
#681=EDGE_LOOP('',(#3170,#3171,#3172,#3173));
#682=EDGE_LOOP('',(#3174));
#683=EDGE_LOOP('',(#3175,#3176,#3177,#3178));
#684=EDGE_LOOP('',(#3179));
#685=EDGE_LOOP('',(#3180,#3181,#3182,#3183));
#686=EDGE_LOOP('',(#3184));
#687=EDGE_LOOP('',(#3185,#3186,#3187,#3188));
#688=EDGE_LOOP('',(#3189));
#689=EDGE_LOOP('',(#3190,#3191,#3192,#3193));
#690=EDGE_LOOP('',(#3194,#3195,#3196,#3197));
#691=EDGE_LOOP('',(#3198));
#692=EDGE_LOOP('',(#3199));
#693=EDGE_LOOP('',(#3200,#3201,#3202,#3203));
#694=EDGE_LOOP('',(#3204,#3205,#3206,#3207,#3208,#3209,#3210,#3211));
#695=EDGE_LOOP('',(#3212,#3213,#3214,#3215));
#696=EDGE_LOOP('',(#3216,#3217,#3218,#3219));
#697=EDGE_LOOP('',(#3220,#3221));
#698=EDGE_LOOP('',(#3222,#3223));
#699=EDGE_LOOP('',(#3224,#3225));
#700=EDGE_LOOP('',(#3226,#3227));
#701=EDGE_LOOP('',(#3228,#3229,#3230,#3231));
#702=EDGE_LOOP('',(#3232,#3233,#3234,#3235));
#703=EDGE_LOOP('',(#3236));
#704=EDGE_LOOP('',(#3237));
#705=EDGE_LOOP('',(#3238,#3239,#3240,#3241));
#706=EDGE_LOOP('',(#3242,#3243,#3244,#3245));
#707=EDGE_LOOP('',(#3246,#3247,#3248,#3249));
#708=EDGE_LOOP('',(#3250));
#709=EDGE_LOOP('',(#3251));
#710=EDGE_LOOP('',(#3252,#3253,#3254,#3255));
#711=EDGE_LOOP('',(#3256,#3257,#3258,#3259));
#712=EDGE_LOOP('',(#3260,#3261,#3262,#3263));
#713=EDGE_LOOP('',(#3264));
#714=EDGE_LOOP('',(#3265));
#715=EDGE_LOOP('',(#3266,#3267,#3268,#3269));
#716=EDGE_LOOP('',(#3270,#3271));
#717=EDGE_LOOP('',(#3272,#3273));
#718=EDGE_LOOP('',(#3274,#3275));
#719=EDGE_LOOP('',(#3276,#3277));
#720=EDGE_LOOP('',(#3278,#3279,#3280,#3281));
#721=EDGE_LOOP('',(#3282,#3283,#3284,#3285));
#722=EDGE_LOOP('',(#3286,#3287,#3288,#3289));
#723=EDGE_LOOP('',(#3290,#3291,#3292,#3293));
#724=EDGE_LOOP('',(#3294,#3295,#3296,#3297));
#725=EDGE_LOOP('',(#3298,#3299,#3300,#3301));
#726=EDGE_LOOP('',(#3302,#3303,#3304,#3305));
#727=EDGE_LOOP('',(#3306,#3307,#3308,#3309));
#728=EDGE_LOOP('',(#3310,#3311,#3312,#3313));
#729=EDGE_LOOP('',(#3314,#3315,#3316,#3317));
#730=EDGE_LOOP('',(#3318,#3319,#3320,#3321));
#731=EDGE_LOOP('',(#3322,#3323,#3324,#3325));
#732=EDGE_LOOP('',(#3326,#3327,#3328,#3329));
#733=EDGE_LOOP('',(#3330));
#734=EDGE_LOOP('',(#3331,#3332,#3333,#3334));
#735=EDGE_LOOP('',(#3335));
#736=EDGE_LOOP('',(#3336,#3337,#3338,#3339));
#737=EDGE_LOOP('',(#3340));
#738=EDGE_LOOP('',(#3341,#3342,#3343,#3344));
#739=EDGE_LOOP('',(#3345));
#740=EDGE_LOOP('',(#3346,#3347,#3348,#3349));
#741=EDGE_LOOP('',(#3350,#3351,#3352,#3353,#3354,#3355,#3356,#3357));
#742=EDGE_LOOP('',(#3358,#3359,#3360,#3361,#3362,#3363,#3364,#3365));
#743=EDGE_LOOP('',(#3366));
#744=EDGE_LOOP('',(#3367));
#745=EDGE_LOOP('',(#3368));
#746=EDGE_LOOP('',(#3369));
#747=EDGE_LOOP('',(#3370,#3371,#3372,#3373));
#748=EDGE_LOOP('',(#3374,#3375,#3376,#3377));
#749=EDGE_LOOP('',(#3378,#3379,#3380,#3381,#3382,#3383,#3384,#3385));
#750=EDGE_LOOP('',(#3386));
#751=EDGE_LOOP('',(#3387));
#752=EDGE_LOOP('',(#3388));
#753=EDGE_LOOP('',(#3389));
#754=EDGE_LOOP('',(#3390,#3391,#3392,#3393));
#755=EDGE_LOOP('',(#3394,#3395,#3396,#3397));
#756=EDGE_LOOP('',(#3398,#3399,#3400,#3401));
#757=EDGE_LOOP('',(#3402));
#758=EDGE_LOOP('',(#3403));
#759=EDGE_LOOP('',(#3404));
#760=EDGE_LOOP('',(#3405));
#761=EDGE_LOOP('',(#3406,#3407,#3408,#3409));
#762=EDGE_LOOP('',(#3410,#3411,#3412,#3413));
#763=EDGE_LOOP('',(#3414,#3415,#3416,#3417));
#764=EDGE_LOOP('',(#3418,#3419,#3420,#3421));
#765=EDGE_LOOP('',(#3422,#3423,#3424,#3425));
#766=EDGE_LOOP('',(#3426,#3427,#3428,#3429));
#767=EDGE_LOOP('',(#3430,#3431,#3432,#3433));
#768=EDGE_LOOP('',(#3434,#3435,#3436,#3437));
#769=EDGE_LOOP('',(#3438,#3439,#3440,#3441));
#770=EDGE_LOOP('',(#3442,#3443,#3444,#3445));
#771=EDGE_LOOP('',(#3446,#3447,#3448,#3449));
#772=EDGE_LOOP('',(#3450,#3451,#3452,#3453));
#773=EDGE_LOOP('',(#3454));
#774=EDGE_LOOP('',(#3455));
#775=EDGE_LOOP('',(#3456));
#776=EDGE_LOOP('',(#3457));
#777=EDGE_LOOP('',(#3458,#3459,#3460,#3461));
#778=EDGE_LOOP('',(#3462,#3463,#3464,#3465));
#779=EDGE_LOOP('',(#3466,#3467,#3468,#3469));
#780=EDGE_LOOP('',(#3470,#3471,#3472,#3473));
#781=EDGE_LOOP('',(#3474,#3475,#3476,#3477));
#782=EDGE_LOOP('',(#3478,#3479,#3480,#3481));
#783=EDGE_LOOP('',(#3482,#3483,#3484,#3485));
#784=EDGE_LOOP('',(#3486));
#785=EDGE_LOOP('',(#3487));
#786=EDGE_LOOP('',(#3488,#3489,#3490,#3491));
#787=EDGE_LOOP('',(#3492,#3493,#3494,#3495));
#788=EDGE_LOOP('',(#3496));
#789=EDGE_LOOP('',(#3497));
#790=EDGE_LOOP('',(#3498,#3499,#3500,#3501));
#791=EDGE_LOOP('',(#3502,#3503,#3504,#3505));
#792=EDGE_LOOP('',(#3506,#3507,#3508,#3509));
#793=EDGE_LOOP('',(#3510,#3511,#3512,#3513,#3514,#3515,#3516,#3517));
#794=EDGE_LOOP('',(#3518));
#795=EDGE_LOOP('',(#3519));
#796=EDGE_LOOP('',(#3520));
#797=EDGE_LOOP('',(#3521));
#798=EDGE_LOOP('',(#3522));
#799=EDGE_LOOP('',(#3523));
#800=EDGE_LOOP('',(#3524));
#801=EDGE_LOOP('',(#3525,#3526,#3527,#3528));
#802=EDGE_LOOP('',(#3529,#3530,#3531,#3532));
#803=EDGE_LOOP('',(#3533,#3534,#3535,#3536));
#804=EDGE_LOOP('',(#3537,#3538,#3539,#3540));
#805=EDGE_LOOP('',(#3541,#3542,#3543,#3544));
#806=EDGE_LOOP('',(#3545,#3546,#3547,#3548));
#807=EDGE_LOOP('',(#3549,#3550,#3551,#3552,#3553,#3554,#3555,#3556));
#808=EDGE_LOOP('',(#3557));
#809=EDGE_LOOP('',(#3558));
#810=EDGE_LOOP('',(#3559));
#811=EDGE_LOOP('',(#3560));
#812=EDGE_LOOP('',(#3561));
#813=EDGE_LOOP('',(#3562));
#814=EDGE_LOOP('',(#3563));
#815=EDGE_LOOP('',(#3564));
#816=EDGE_LOOP('',(#3565,#3566,#3567,#3568));
#817=EDGE_LOOP('',(#3569));
#818=EDGE_LOOP('',(#3570,#3571,#3572,#3573));
#819=EDGE_LOOP('',(#3574,#3575,#3576,#3577));
#820=EDGE_LOOP('',(#3578,#3579,#3580,#3581));
#821=EDGE_LOOP('',(#3582,#3583,#3584,#3585));
#822=EDGE_LOOP('',(#3586,#3587,#3588,#3589));
#823=EDGE_LOOP('',(#3590,#3591,#3592,#3593,#3594,#3595,#3596,#3597));
#824=EDGE_LOOP('',(#3598,#3599,#3600,#3601));
#825=EDGE_LOOP('',(#3602,#3603,#3604,#3605,#3606,#3607,#3608,#3609));
#826=EDGE_LOOP('',(#3610,#3611,#3612,#3613));
#827=EDGE_LOOP('',(#3614,#3615,#3616,#3617));
#828=EDGE_LOOP('',(#3618,#3619,#3620,#3621));
#829=EDGE_LOOP('',(#3622,#3623,#3624,#3625));
#830=EDGE_LOOP('',(#3626,#3627,#3628,#3629));
#831=EDGE_LOOP('',(#3630,#3631,#3632,#3633));
#832=EDGE_LOOP('',(#3634,#3635,#3636,#3637));
#833=EDGE_LOOP('',(#3638,#3639,#3640,#3641));
#834=EDGE_LOOP('',(#3642,#3643,#3644,#3645));
#835=EDGE_LOOP('',(#3646,#3647,#3648,#3649));
#836=EDGE_LOOP('',(#3650,#3651,#3652,#3653));
#837=EDGE_LOOP('',(#3654,#3655,#3656,#3657));
#838=EDGE_LOOP('',(#3658,#3659,#3660,#3661));
#839=EDGE_LOOP('',(#3662,#3663,#3664,#3665));
#840=EDGE_LOOP('',(#3666,#3667,#3668,#3669));
#841=EDGE_LOOP('',(#3670,#3671,#3672,#3673));
#842=EDGE_LOOP('',(#3674,#3675,#3676,#3677,#3678,#3679,#3680,#3681,#3682,
#3683,#3684,#3685));
#843=EDGE_LOOP('',(#3686));
#844=EDGE_LOOP('',(#3687));
#845=EDGE_LOOP('',(#3688));
#846=EDGE_LOOP('',(#3689));
#847=EDGE_LOOP('',(#3690,#3691,#3692,#3693,#3694,#3695,#3696,#3697,#3698,
#3699,#3700,#3701));
#848=EDGE_LOOP('',(#3702));
#849=EDGE_LOOP('',(#3703));
#850=EDGE_LOOP('',(#3704));
#851=EDGE_LOOP('',(#3705));
#852=EDGE_LOOP('',(#3706,#3707,#3708,#3709));
#853=EDGE_LOOP('',(#3710,#3711,#3712,#3713));
#854=EDGE_LOOP('',(#3714,#3715,#3716,#3717));
#855=EDGE_LOOP('',(#3718));
#856=EDGE_LOOP('',(#3719));
#857=EDGE_LOOP('',(#3720,#3721,#3722,#3723));
#858=EDGE_LOOP('',(#3724,#3725,#3726,#3727));
#859=EDGE_LOOP('',(#3728,#3729,#3730,#3731));
#860=EDGE_LOOP('',(#3732,#3733,#3734,#3735));
#861=EDGE_LOOP('',(#3736,#3737,#3738,#3739));
#862=EDGE_LOOP('',(#3740,#3741,#3742,#3743));
#863=EDGE_LOOP('',(#3744,#3745,#3746,#3747));
#864=EDGE_LOOP('',(#3748));
#865=EDGE_LOOP('',(#3749));
#866=EDGE_LOOP('',(#3750,#3751,#3752,#3753));
#867=EDGE_LOOP('',(#3754,#3755,#3756,#3757));
#868=EDGE_LOOP('',(#3758,#3759,#3760,#3761));
#869=EDGE_LOOP('',(#3762,#3763,#3764,#3765));
#870=EDGE_LOOP('',(#3766,#3767,#3768,#3769));
#871=EDGE_LOOP('',(#3770,#3771,#3772,#3773));
#872=EDGE_LOOP('',(#3774,#3775,#3776,#3777));
#873=EDGE_LOOP('',(#3778,#3779,#3780,#3781));
#874=EDGE_LOOP('',(#3782,#3783,#3784,#3785));
#875=EDGE_LOOP('',(#3786,#3787,#3788,#3789));
#876=EDGE_LOOP('',(#3790,#3791,#3792,#3793));
#877=EDGE_LOOP('',(#3794,#3795,#3796,#3797));
#878=EDGE_LOOP('',(#3798,#3799,#3800,#3801));
#879=EDGE_LOOP('',(#3802,#3803,#3804,#3805));
#880=EDGE_LOOP('',(#3806,#3807,#3808,#3809));
#881=EDGE_LOOP('',(#3810,#3811,#3812,#3813));
#882=EDGE_LOOP('',(#3814,#3815,#3816,#3817));
#883=EDGE_LOOP('',(#3818,#3819,#3820,#3821));
#884=EDGE_LOOP('',(#3822,#3823,#3824,#3825));
#885=EDGE_LOOP('',(#3826,#3827,#3828,#3829));
#886=EDGE_LOOP('',(#3830,#3831,#3832,#3833));
#887=EDGE_LOOP('',(#3834,#3835,#3836,#3837));
#888=EDGE_LOOP('',(#3838,#3839,#3840,#3841));
#889=EDGE_LOOP('',(#3842,#3843,#3844,#3845));
#890=EDGE_LOOP('',(#3846,#3847,#3848,#3849));
#891=EDGE_LOOP('',(#3850,#3851,#3852,#3853));
#892=EDGE_LOOP('',(#3854,#3855,#3856,#3857));
#893=EDGE_LOOP('',(#3858,#3859,#3860,#3861));
#894=EDGE_LOOP('',(#3862,#3863,#3864,#3865));
#895=EDGE_LOOP('',(#3866,#3867,#3868,#3869));
#896=EDGE_LOOP('',(#3870,#3871,#3872,#3873));
#897=EDGE_LOOP('',(#3874,#3875,#3876,#3877));
#898=EDGE_LOOP('',(#3878,#3879,#3880,#3881));
#899=EDGE_LOOP('',(#3882,#3883,#3884,#3885));
#900=EDGE_LOOP('',(#3886,#3887,#3888,#3889));
#901=EDGE_LOOP('',(#3890,#3891,#3892,#3893));
#902=EDGE_LOOP('',(#3894,#3895,#3896,#3897));
#903=EDGE_LOOP('',(#3898,#3899,#3900,#3901));
#904=EDGE_LOOP('',(#3902,#3903,#3904,#3905));
#905=EDGE_LOOP('',(#3906,#3907,#3908,#3909));
#906=EDGE_LOOP('',(#3910,#3911,#3912,#3913));
#907=EDGE_LOOP('',(#3914,#3915,#3916,#3917));
#908=EDGE_LOOP('',(#3918,#3919,#3920,#3921));
#909=EDGE_LOOP('',(#3922,#3923,#3924,#3925));
#910=EDGE_LOOP('',(#3926,#3927,#3928,#3929));
#911=EDGE_LOOP('',(#3930,#3931,#3932,#3933));
#912=EDGE_LOOP('',(#3934,#3935,#3936,#3937));
#913=EDGE_LOOP('',(#3938,#3939,#3940,#3941));
#914=EDGE_LOOP('',(#3942,#3943,#3944,#3945));
#915=EDGE_LOOP('',(#3946,#3947,#3948,#3949));
#916=EDGE_LOOP('',(#3950,#3951,#3952,#3953));
#917=EDGE_LOOP('',(#3954,#3955,#3956,#3957));
#918=EDGE_LOOP('',(#3958,#3959,#3960,#3961));
#919=EDGE_LOOP('',(#3962,#3963,#3964,#3965));
#920=EDGE_LOOP('',(#3966,#3967,#3968,#3969));
#921=EDGE_LOOP('',(#3970,#3971,#3972,#3973));
#922=EDGE_LOOP('',(#3974,#3975,#3976,#3977));
#923=EDGE_LOOP('',(#3978,#3979,#3980,#3981));
#924=EDGE_LOOP('',(#3982,#3983,#3984,#3985));
#925=EDGE_LOOP('',(#3986,#3987,#3988,#3989));
#926=EDGE_LOOP('',(#3990,#3991,#3992,#3993));
#927=EDGE_LOOP('',(#3994,#3995,#3996,#3997));
#928=EDGE_LOOP('',(#3998,#3999,#4000,#4001));
#929=EDGE_LOOP('',(#4002,#4003,#4004,#4005));
#930=EDGE_LOOP('',(#4006,#4007,#4008,#4009));
#931=EDGE_LOOP('',(#4010,#4011,#4012,#4013));
#932=EDGE_LOOP('',(#4014,#4015,#4016,#4017));
#933=EDGE_LOOP('',(#4018,#4019,#4020,#4021));
#934=EDGE_LOOP('',(#4022,#4023,#4024,#4025));
#935=EDGE_LOOP('',(#4026,#4027,#4028,#4029));
#936=EDGE_LOOP('',(#4030,#4031,#4032,#4033));
#937=EDGE_LOOP('',(#4034,#4035,#4036,#4037));
#938=EDGE_LOOP('',(#4038,#4039,#4040,#4041));
#939=EDGE_LOOP('',(#4042,#4043,#4044,#4045));
#940=EDGE_LOOP('',(#4046,#4047,#4048,#4049));
#941=EDGE_LOOP('',(#4050,#4051,#4052,#4053));
#942=EDGE_LOOP('',(#4054,#4055,#4056,#4057));
#943=EDGE_LOOP('',(#4058,#4059,#4060,#4061));
#944=EDGE_LOOP('',(#4062,#4063,#4064,#4065));
#945=EDGE_LOOP('',(#4066,#4067,#4068,#4069));
#946=EDGE_LOOP('',(#4070,#4071,#4072,#4073));
#947=EDGE_LOOP('',(#4074,#4075,#4076,#4077));
#948=EDGE_LOOP('',(#4078,#4079,#4080,#4081));
#949=EDGE_LOOP('',(#4082,#4083,#4084,#4085));
#950=EDGE_LOOP('',(#4086,#4087,#4088,#4089));
#951=EDGE_LOOP('',(#4090,#4091,#4092,#4093));
#952=EDGE_LOOP('',(#4094,#4095,#4096,#4097));
#953=EDGE_LOOP('',(#4098,#4099,#4100,#4101));
#954=EDGE_LOOP('',(#4102,#4103,#4104,#4105));
#955=EDGE_LOOP('',(#4106,#4107,#4108,#4109));
#956=EDGE_LOOP('',(#4110,#4111,#4112,#4113));
#957=EDGE_LOOP('',(#4114,#4115,#4116,#4117));
#958=EDGE_LOOP('',(#4118,#4119,#4120,#4121));
#959=EDGE_LOOP('',(#4122,#4123,#4124,#4125));
#960=EDGE_LOOP('',(#4126,#4127,#4128,#4129));
#961=EDGE_LOOP('',(#4130,#4131,#4132,#4133));
#962=EDGE_LOOP('',(#4134,#4135,#4136,#4137));
#963=EDGE_LOOP('',(#4138,#4139,#4140,#4141));
#964=EDGE_LOOP('',(#4142,#4143,#4144,#4145));
#965=EDGE_LOOP('',(#4146,#4147,#4148,#4149));
#966=EDGE_LOOP('',(#4150,#4151,#4152,#4153));
#967=EDGE_LOOP('',(#4154,#4155,#4156,#4157));
#968=EDGE_LOOP('',(#4158));
#969=EDGE_LOOP('',(#4159,#4160,#4161,#4162));
#970=EDGE_LOOP('',(#4163));
#971=EDGE_LOOP('',(#4164,#4165,#4166,#4167));
#972=EDGE_LOOP('',(#4168,#4169,#4170,#4171));
#973=EDGE_LOOP('',(#4172,#4173,#4174,#4175));
#974=EDGE_LOOP('',(#4176,#4177,#4178,#4179));
#975=EDGE_LOOP('',(#4180,#4181,#4182,#4183));
#976=EDGE_LOOP('',(#4184,#4185,#4186,#4187));
#977=EDGE_LOOP('',(#4188,#4189,#4190,#4191));
#978=EDGE_LOOP('',(#4192,#4193,#4194,#4195));
#979=EDGE_LOOP('',(#4196,#4197,#4198,#4199));
#980=EDGE_LOOP('',(#4200,#4201,#4202,#4203));
#981=EDGE_LOOP('',(#4204,#4205,#4206,#4207));
#982=EDGE_LOOP('',(#4208,#4209,#4210,#4211));
#983=EDGE_LOOP('',(#4212,#4213,#4214,#4215));
#984=EDGE_LOOP('',(#4216,#4217,#4218,#4219));
#985=EDGE_LOOP('',(#4220,#4221,#4222,#4223));
#986=EDGE_LOOP('',(#4224,#4225,#4226,#4227));
#987=EDGE_LOOP('',(#4228,#4229,#4230,#4231));
#988=EDGE_LOOP('',(#4232,#4233,#4234,#4235));
#989=EDGE_LOOP('',(#4236,#4237,#4238,#4239));
#990=EDGE_LOOP('',(#4240,#4241,#4242,#4243));
#991=EDGE_LOOP('',(#4244,#4245,#4246,#4247));
#992=EDGE_LOOP('',(#4248,#4249,#4250,#4251));
#993=EDGE_LOOP('',(#4252,#4253,#4254,#4255));
#994=EDGE_LOOP('',(#4256,#4257,#4258,#4259));
#995=EDGE_LOOP('',(#4260,#4261,#4262,#4263));
#996=EDGE_LOOP('',(#4264,#4265,#4266,#4267));
#997=EDGE_LOOP('',(#4268,#4269,#4270,#4271));
#998=EDGE_LOOP('',(#4272,#4273,#4274,#4275));
#999=EDGE_LOOP('',(#4276,#4277,#4278,#4279));
#1000=EDGE_LOOP('',(#4280,#4281,#4282,#4283));
#1001=EDGE_LOOP('',(#4284,#4285,#4286,#4287));
#1002=EDGE_LOOP('',(#4288,#4289,#4290,#4291));
#1003=EDGE_LOOP('',(#4292,#4293,#4294,#4295));
#1004=EDGE_LOOP('',(#4296,#4297,#4298,#4299));
#1005=EDGE_LOOP('',(#4300,#4301,#4302,#4303));
#1006=EDGE_LOOP('',(#4304,#4305,#4306,#4307));
#1007=EDGE_LOOP('',(#4308,#4309,#4310,#4311));
#1008=EDGE_LOOP('',(#4312,#4313,#4314,#4315));
#1009=EDGE_LOOP('',(#4316,#4317,#4318,#4319));
#1010=EDGE_LOOP('',(#4320,#4321,#4322,#4323));
#1011=EDGE_LOOP('',(#4324,#4325,#4326,#4327));
#1012=EDGE_LOOP('',(#4328,#4329,#4330,#4331));
#1013=EDGE_LOOP('',(#4332,#4333,#4334,#4335));
#1014=EDGE_LOOP('',(#4336,#4337,#4338,#4339));
#1015=EDGE_LOOP('',(#4340,#4341,#4342,#4343));
#1016=EDGE_LOOP('',(#4344,#4345,#4346,#4347));
#1017=EDGE_LOOP('',(#4348,#4349,#4350,#4351));
#1018=EDGE_LOOP('',(#4352,#4353,#4354,#4355));
#1019=EDGE_LOOP('',(#4356,#4357,#4358,#4359));
#1020=EDGE_LOOP('',(#4360,#4361,#4362,#4363));
#1021=EDGE_LOOP('',(#4364,#4365,#4366,#4367));
#1022=EDGE_LOOP('',(#4368,#4369,#4370,#4371));
#1023=EDGE_LOOP('',(#4372,#4373,#4374,#4375));
#1024=EDGE_LOOP('',(#4376,#4377,#4378,#4379));
#1025=EDGE_LOOP('',(#4380,#4381,#4382,#4383));
#1026=EDGE_LOOP('',(#4384,#4385,#4386,#4387));
#1027=EDGE_LOOP('',(#4388,#4389,#4390,#4391));
#1028=EDGE_LOOP('',(#4392,#4393,#4394,#4395));
#1029=EDGE_LOOP('',(#4396,#4397,#4398,#4399));
#1030=EDGE_LOOP('',(#4400,#4401,#4402,#4403));
#1031=LINE('',#6596,#1525);
#1032=LINE('',#6603,#1526);
#1033=LINE('',#6610,#1527);
#1034=LINE('',#6617,#1528);
#1035=LINE('',#6624,#1529);
#1036=LINE('',#6629,#1530);
#1037=LINE('',#6633,#1531);
#1038=LINE('',#6644,#1532);
#1039=LINE('',#6648,#1533);
#1040=LINE('',#6652,#1534);
#1041=LINE('',#6655,#1535);
#1042=LINE('',#6658,#1536);
#1043=LINE('',#6662,#1537);
#1044=LINE('',#6666,#1538);
#1045=LINE('',#6670,#1539);
#1046=LINE('',#6688,#1540);
#1047=LINE('',#6692,#1541);
#1048=LINE('',#6695,#1542);
#1049=LINE('',#6703,#1543);
#1050=LINE('',#6707,#1544);
#1051=LINE('',#6710,#1545);
#1052=LINE('',#6718,#1546);
#1053=LINE('',#6722,#1547);
#1054=LINE('',#6725,#1548);
#1055=LINE('',#6736,#1549);
#1056=LINE('',#6737,#1550);
#1057=LINE('',#6738,#1551);
#1058=LINE('',#6742,#1552);
#1059=LINE('',#6745,#1553);
#1060=LINE('',#6746,#1554);
#1061=LINE('',#6752,#1555);
#1062=LINE('',#6753,#1556);
#1063=LINE('',#6754,#1557);
#1064=LINE('',#6758,#1558);
#1065=LINE('',#6761,#1559);
#1066=LINE('',#6762,#1560);
#1067=LINE('',#6769,#1561);
#1068=LINE('',#6775,#1562);
#1069=LINE('',#6781,#1563);
#1070=LINE('',#6787,#1564);
#1071=LINE('',#6793,#1565);
#1072=LINE('',#6800,#1566);
#1073=LINE('',#6807,#1567);
#1074=LINE('',#6814,#1568);
#1075=LINE('',#6820,#1569);
#1076=LINE('',#6824,#1570);
#1077=LINE('',#6831,#1571);
#1078=LINE('',#6835,#1572);
#1079=LINE('',#6839,#1573);
#1080=LINE('',#6842,#1574);
#1081=LINE('',#6844,#1575);
#1082=LINE('',#6848,#1576);
#1083=LINE('',#6852,#1577);
#1084=LINE('',#6855,#1578);
#1085=LINE('',#6858,#1579);
#1086=LINE('',#6859,#1580);
#1087=LINE('',#6862,#1581);
#1088=LINE('',#6864,#1582);
#1089=LINE('',#6868,#1583);
#1090=LINE('',#6871,#1584);
#1091=LINE('',#6873,#1585);
#1092=LINE('',#6876,#1586);
#1093=LINE('',#6879,#1587);
#1094=LINE('',#6880,#1588);
#1095=LINE('',#6884,#1589);
#1096=LINE('',#6885,#1590);
#1097=LINE('',#6887,#1591);
#1098=LINE('',#6889,#1592);
#1099=LINE('',#6890,#1593);
#1100=LINE('',#6892,#1594);
#1101=LINE('',#6894,#1595);
#1102=LINE('',#6896,#1596);
#1103=LINE('',#6903,#1597);
#1104=LINE('',#6909,#1598);
#1105=LINE('',#6915,#1599);
#1106=LINE('',#6921,#1600);
#1107=LINE('',#6927,#1601);
#1108=LINE('',#6933,#1602);
#1109=LINE('',#6939,#1603);
#1110=LINE('',#6946,#1604);
#1111=LINE('',#6951,#1605);
#1112=LINE('',#6957,#1606);
#1113=LINE('',#6964,#1607);
#1114=LINE('',#6967,#1608);
#1115=LINE('',#6970,#1609);
#1116=LINE('',#6972,#1610);
#1117=LINE('',#6973,#1611);
#1118=LINE('',#6976,#1612);
#1119=LINE('',#6980,#1613);
#1120=LINE('',#6984,#1614);
#1121=LINE('',#6988,#1615);
#1122=LINE('',#6991,#1616);
#1123=LINE('',#6994,#1617);
#1124=LINE('',#6995,#1618);
#1125=LINE('',#6999,#1619);
#1126=LINE('',#7002,#1620);
#1127=LINE('',#7005,#1621);
#1128=LINE('',#7007,#1622);
#1129=LINE('',#7015,#1623);
#1130=LINE('',#7020,#1624);
#1131=LINE('',#7022,#1625);
#1132=LINE('',#7024,#1626);
#1133=LINE('',#7025,#1627);
#1134=LINE('',#7029,#1628);
#1135=LINE('',#7031,#1629);
#1136=LINE('',#7033,#1630);
#1137=LINE('',#7034,#1631);
#1138=LINE('',#7036,#1632);
#1139=LINE('',#7037,#1633);
#1140=LINE('',#7040,#1634);
#1141=LINE('',#7042,#1635);
#1142=LINE('',#7043,#1636);
#1143=LINE('',#7046,#1637);
#1144=LINE('',#7048,#1638);
#1145=LINE('',#7049,#1639);
#1146=LINE('',#7052,#1640);
#1147=LINE('',#7054,#1641);
#1148=LINE('',#7055,#1642);
#1149=LINE('',#7058,#1643);
#1150=LINE('',#7059,#1644);
#1151=LINE('',#7062,#1645);
#1152=LINE('',#7063,#1646);
#1153=LINE('',#7065,#1647);
#1154=LINE('',#7071,#1648);
#1155=LINE('',#7075,#1649);
#1156=LINE('',#7080,#1650);
#1157=LINE('',#7084,#1651);
#1158=LINE('',#7089,#1652);
#1159=LINE('',#7091,#1653);
#1160=LINE('',#7093,#1654);
#1161=LINE('',#7094,#1655);
#1162=LINE('',#7097,#1656);
#1163=LINE('',#7099,#1657);
#1164=LINE('',#7100,#1658);
#1165=LINE('',#7103,#1659);
#1166=LINE('',#7105,#1660);
#1167=LINE('',#7106,#1661);
#1168=LINE('',#7111,#1662);
#1169=LINE('',#7117,#1663);
#1170=LINE('',#7123,#1664);
#1171=LINE('',#7129,#1665);
#1172=LINE('',#7136,#1666);
#1173=LINE('',#7139,#1667);
#1174=LINE('',#7145,#1668);
#1175=LINE('',#7148,#1669);
#1176=LINE('',#7150,#1670);
#1177=LINE('',#7151,#1671);
#1178=LINE('',#7153,#1672);
#1179=LINE('',#7154,#1673);
#1180=LINE('',#7156,#1674);
#1181=LINE('',#7157,#1675);
#1182=LINE('',#7159,#1676);
#1183=LINE('',#7160,#1677);
#1184=LINE('',#7162,#1678);
#1185=LINE('',#7163,#1679);
#1186=LINE('',#7170,#1680);
#1187=LINE('',#7177,#1681);
#1188=LINE('',#7179,#1682);
#1189=LINE('',#7181,#1683);
#1190=LINE('',#7182,#1684);
#1191=LINE('',#7185,#1685);
#1192=LINE('',#7187,#1686);
#1193=LINE('',#7188,#1687);
#1194=LINE('',#7191,#1688);
#1195=LINE('',#7193,#1689);
#1196=LINE('',#7194,#1690);
#1197=LINE('',#7196,#1691);
#1198=LINE('',#7197,#1692);
#1199=LINE('',#7204,#1693);
#1200=LINE('',#7211,#1694);
#1201=LINE('',#7213,#1695);
#1202=LINE('',#7215,#1696);
#1203=LINE('',#7216,#1697);
#1204=LINE('',#7219,#1698);
#1205=LINE('',#7221,#1699);
#1206=LINE('',#7222,#1700);
#1207=LINE('',#7225,#1701);
#1208=LINE('',#7227,#1702);
#1209=LINE('',#7228,#1703);
#1210=LINE('',#7230,#1704);
#1211=LINE('',#7231,#1705);
#1212=LINE('',#7237,#1706);
#1213=LINE('',#7239,#1707);
#1214=LINE('',#7241,#1708);
#1215=LINE('',#7242,#1709);
#1216=LINE('',#7245,#1710);
#1217=LINE('',#7247,#1711);
#1218=LINE('',#7248,#1712);
#1219=LINE('',#7251,#1713);
#1220=LINE('',#7253,#1714);
#1221=LINE('',#7254,#1715);
#1222=LINE('',#7256,#1716);
#1223=LINE('',#7257,#1717);
#1224=LINE('',#7263,#1718);
#1225=LINE('',#7265,#1719);
#1226=LINE('',#7267,#1720);
#1227=LINE('',#7268,#1721);
#1228=LINE('',#7271,#1722);
#1229=LINE('',#7273,#1723);
#1230=LINE('',#7274,#1724);
#1231=LINE('',#7277,#1725);
#1232=LINE('',#7279,#1726);
#1233=LINE('',#7280,#1727);
#1234=LINE('',#7282,#1728);
#1235=LINE('',#7283,#1729);
#1236=LINE('',#7289,#1730);
#1237=LINE('',#7291,#1731);
#1238=LINE('',#7293,#1732);
#1239=LINE('',#7294,#1733);
#1240=LINE('',#7297,#1734);
#1241=LINE('',#7299,#1735);
#1242=LINE('',#7300,#1736);
#1243=LINE('',#7303,#1737);
#1244=LINE('',#7305,#1738);
#1245=LINE('',#7306,#1739);
#1246=LINE('',#7308,#1740);
#1247=LINE('',#7309,#1741);
#1248=LINE('',#7315,#1742);
#1249=LINE('',#7317,#1743);
#1250=LINE('',#7319,#1744);
#1251=LINE('',#7320,#1745);
#1252=LINE('',#7323,#1746);
#1253=LINE('',#7325,#1747);
#1254=LINE('',#7326,#1748);
#1255=LINE('',#7329,#1749);
#1256=LINE('',#7331,#1750);
#1257=LINE('',#7332,#1751);
#1258=LINE('',#7334,#1752);
#1259=LINE('',#7335,#1753);
#1260=LINE('',#7341,#1754);
#1261=LINE('',#7343,#1755);
#1262=LINE('',#7345,#1756);
#1263=LINE('',#7346,#1757);
#1264=LINE('',#7349,#1758);
#1265=LINE('',#7351,#1759);
#1266=LINE('',#7352,#1760);
#1267=LINE('',#7355,#1761);
#1268=LINE('',#7357,#1762);
#1269=LINE('',#7358,#1763);
#1270=LINE('',#7360,#1764);
#1271=LINE('',#7361,#1765);
#1272=LINE('',#7367,#1766);
#1273=LINE('',#7369,#1767);
#1274=LINE('',#7371,#1768);
#1275=LINE('',#7372,#1769);
#1276=LINE('',#7375,#1770);
#1277=LINE('',#7377,#1771);
#1278=LINE('',#7378,#1772);
#1279=LINE('',#7381,#1773);
#1280=LINE('',#7383,#1774);
#1281=LINE('',#7384,#1775);
#1282=LINE('',#7386,#1776);
#1283=LINE('',#7387,#1777);
#1284=LINE('',#7393,#1778);
#1285=LINE('',#7395,#1779);
#1286=LINE('',#7397,#1780);
#1287=LINE('',#7398,#1781);
#1288=LINE('',#7401,#1782);
#1289=LINE('',#7403,#1783);
#1290=LINE('',#7404,#1784);
#1291=LINE('',#7407,#1785);
#1292=LINE('',#7409,#1786);
#1293=LINE('',#7410,#1787);
#1294=LINE('',#7412,#1788);
#1295=LINE('',#7413,#1789);
#1296=LINE('',#7419,#1790);
#1297=LINE('',#7421,#1791);
#1298=LINE('',#7423,#1792);
#1299=LINE('',#7424,#1793);
#1300=LINE('',#7427,#1794);
#1301=LINE('',#7429,#1795);
#1302=LINE('',#7430,#1796);
#1303=LINE('',#7433,#1797);
#1304=LINE('',#7435,#1798);
#1305=LINE('',#7436,#1799);
#1306=LINE('',#7438,#1800);
#1307=LINE('',#7439,#1801);
#1308=LINE('',#7445,#1802);
#1309=LINE('',#7447,#1803);
#1310=LINE('',#7449,#1804);
#1311=LINE('',#7450,#1805);
#1312=LINE('',#7453,#1806);
#1313=LINE('',#7455,#1807);
#1314=LINE('',#7456,#1808);
#1315=LINE('',#7459,#1809);
#1316=LINE('',#7461,#1810);
#1317=LINE('',#7462,#1811);
#1318=LINE('',#7464,#1812);
#1319=LINE('',#7465,#1813);
#1320=LINE('',#7471,#1814);
#1321=LINE('',#7473,#1815);
#1322=LINE('',#7475,#1816);
#1323=LINE('',#7476,#1817);
#1324=LINE('',#7479,#1818);
#1325=LINE('',#7481,#1819);
#1326=LINE('',#7482,#1820);
#1327=LINE('',#7485,#1821);
#1328=LINE('',#7487,#1822);
#1329=LINE('',#7488,#1823);
#1330=LINE('',#7490,#1824);
#1331=LINE('',#7491,#1825);
#1332=LINE('',#7497,#1826);
#1333=LINE('',#7499,#1827);
#1334=LINE('',#7501,#1828);
#1335=LINE('',#7502,#1829);
#1336=LINE('',#7505,#1830);
#1337=LINE('',#7507,#1831);
#1338=LINE('',#7508,#1832);
#1339=LINE('',#7511,#1833);
#1340=LINE('',#7513,#1834);
#1341=LINE('',#7514,#1835);
#1342=LINE('',#7516,#1836);
#1343=LINE('',#7517,#1837);
#1344=LINE('',#7523,#1838);
#1345=LINE('',#7525,#1839);
#1346=LINE('',#7527,#1840);
#1347=LINE('',#7528,#1841);
#1348=LINE('',#7531,#1842);
#1349=LINE('',#7533,#1843);
#1350=LINE('',#7534,#1844);
#1351=LINE('',#7537,#1845);
#1352=LINE('',#7539,#1846);
#1353=LINE('',#7540,#1847);
#1354=LINE('',#7542,#1848);
#1355=LINE('',#7543,#1849);
#1356=LINE('',#7549,#1850);
#1357=LINE('',#7551,#1851);
#1358=LINE('',#7553,#1852);
#1359=LINE('',#7554,#1853);
#1360=LINE('',#7557,#1854);
#1361=LINE('',#7559,#1855);
#1362=LINE('',#7560,#1856);
#1363=LINE('',#7563,#1857);
#1364=LINE('',#7565,#1858);
#1365=LINE('',#7566,#1859);
#1366=LINE('',#7568,#1860);
#1367=LINE('',#7569,#1861);
#1368=LINE('',#7575,#1862);
#1369=LINE('',#7577,#1863);
#1370=LINE('',#7579,#1864);
#1371=LINE('',#7580,#1865);
#1372=LINE('',#7583,#1866);
#1373=LINE('',#7585,#1867);
#1374=LINE('',#7586,#1868);
#1375=LINE('',#7589,#1869);
#1376=LINE('',#7591,#1870);
#1377=LINE('',#7592,#1871);
#1378=LINE('',#7594,#1872);
#1379=LINE('',#7595,#1873);
#1380=LINE('',#7601,#1874);
#1381=LINE('',#7603,#1875);
#1382=LINE('',#7605,#1876);
#1383=LINE('',#7606,#1877);
#1384=LINE('',#7609,#1878);
#1385=LINE('',#7611,#1879);
#1386=LINE('',#7612,#1880);
#1387=LINE('',#7615,#1881);
#1388=LINE('',#7617,#1882);
#1389=LINE('',#7618,#1883);
#1390=LINE('',#7620,#1884);
#1391=LINE('',#7621,#1885);
#1392=LINE('',#7627,#1886);
#1393=LINE('',#7629,#1887);
#1394=LINE('',#7631,#1888);
#1395=LINE('',#7632,#1889);
#1396=LINE('',#7635,#1890);
#1397=LINE('',#7637,#1891);
#1398=LINE('',#7638,#1892);
#1399=LINE('',#7641,#1893);
#1400=LINE('',#7643,#1894);
#1401=LINE('',#7644,#1895);
#1402=LINE('',#7646,#1896);
#1403=LINE('',#7647,#1897);
#1404=LINE('',#7656,#1898);
#1405=LINE('',#7661,#1899);
#1406=LINE('',#7663,#1900);
#1407=LINE('',#7665,#1901);
#1408=LINE('',#7666,#1902);
#1409=LINE('',#7669,#1903);
#1410=LINE('',#7671,#1904);
#1411=LINE('',#7672,#1905);
#1412=LINE('',#7675,#1906);
#1413=LINE('',#7677,#1907);
#1414=LINE('',#7678,#1908);
#1415=LINE('',#7680,#1909);
#1416=LINE('',#7681,#1910);
#1417=LINE('',#7687,#1911);
#1418=LINE('',#7689,#1912);
#1419=LINE('',#7691,#1913);
#1420=LINE('',#7692,#1914);
#1421=LINE('',#7695,#1915);
#1422=LINE('',#7697,#1916);
#1423=LINE('',#7698,#1917);
#1424=LINE('',#7701,#1918);
#1425=LINE('',#7703,#1919);
#1426=LINE('',#7704,#1920);
#1427=LINE('',#7706,#1921);
#1428=LINE('',#7707,#1922);
#1429=LINE('',#7713,#1923);
#1430=LINE('',#7715,#1924);
#1431=LINE('',#7717,#1925);
#1432=LINE('',#7718,#1926);
#1433=LINE('',#7721,#1927);
#1434=LINE('',#7723,#1928);
#1435=LINE('',#7724,#1929);
#1436=LINE('',#7727,#1930);
#1437=LINE('',#7729,#1931);
#1438=LINE('',#7730,#1932);
#1439=LINE('',#7732,#1933);
#1440=LINE('',#7733,#1934);
#1441=LINE('',#7739,#1935);
#1442=LINE('',#7741,#1936);
#1443=LINE('',#7743,#1937);
#1444=LINE('',#7744,#1938);
#1445=LINE('',#7747,#1939);
#1446=LINE('',#7749,#1940);
#1447=LINE('',#7750,#1941);
#1448=LINE('',#7753,#1942);
#1449=LINE('',#7755,#1943);
#1450=LINE('',#7756,#1944);
#1451=LINE('',#7758,#1945);
#1452=LINE('',#7759,#1946);
#1453=LINE('',#7765,#1947);
#1454=LINE('',#7767,#1948);
#1455=LINE('',#7769,#1949);
#1456=LINE('',#7770,#1950);
#1457=LINE('',#7773,#1951);
#1458=LINE('',#7775,#1952);
#1459=LINE('',#7776,#1953);
#1460=LINE('',#7779,#1954);
#1461=LINE('',#7781,#1955);
#1462=LINE('',#7782,#1956);
#1463=LINE('',#7784,#1957);
#1464=LINE('',#7785,#1958);
#1465=LINE('',#7791,#1959);
#1466=LINE('',#7793,#1960);
#1467=LINE('',#7795,#1961);
#1468=LINE('',#7796,#1962);
#1469=LINE('',#7799,#1963);
#1470=LINE('',#7801,#1964);
#1471=LINE('',#7802,#1965);
#1472=LINE('',#7805,#1966);
#1473=LINE('',#7807,#1967);
#1474=LINE('',#7808,#1968);
#1475=LINE('',#7810,#1969);
#1476=LINE('',#7811,#1970);
#1477=LINE('',#7817,#1971);
#1478=LINE('',#7819,#1972);
#1479=LINE('',#7821,#1973);
#1480=LINE('',#7822,#1974);
#1481=LINE('',#7825,#1975);
#1482=LINE('',#7827,#1976);
#1483=LINE('',#7828,#1977);
#1484=LINE('',#7831,#1978);
#1485=LINE('',#7833,#1979);
#1486=LINE('',#7834,#1980);
#1487=LINE('',#7836,#1981);
#1488=LINE('',#7837,#1982);
#1489=LINE('',#7843,#1983);
#1490=LINE('',#7845,#1984);
#1491=LINE('',#7847,#1985);
#1492=LINE('',#7848,#1986);
#1493=LINE('',#7851,#1987);
#1494=LINE('',#7853,#1988);
#1495=LINE('',#7854,#1989);
#1496=LINE('',#7857,#1990);
#1497=LINE('',#7859,#1991);
#1498=LINE('',#7860,#1992);
#1499=LINE('',#7862,#1993);
#1500=LINE('',#7863,#1994);
#1501=LINE('',#7869,#1995);
#1502=LINE('',#7871,#1996);
#1503=LINE('',#7873,#1997);
#1504=LINE('',#7874,#1998);
#1505=LINE('',#7877,#1999);
#1506=LINE('',#7879,#2000);
#1507=LINE('',#7880,#2001);
#1508=LINE('',#7883,#2002);
#1509=LINE('',#7885,#2003);
#1510=LINE('',#7886,#2004);
#1511=LINE('',#7888,#2005);
#1512=LINE('',#7889,#2006);
#1513=LINE('',#7895,#2007);
#1514=LINE('',#7897,#2008);
#1515=LINE('',#7899,#2009);
#1516=LINE('',#7900,#2010);
#1517=LINE('',#7903,#2011);
#1518=LINE('',#7905,#2012);
#1519=LINE('',#7906,#2013);
#1520=LINE('',#7909,#2014);
#1521=LINE('',#7911,#2015);
#1522=LINE('',#7912,#2016);
#1523=LINE('',#7914,#2017);
#1524=LINE('',#7915,#2018);
#1525=VECTOR('',#5254,1.25);
#1526=VECTOR('',#5263,1.25);
#1527=VECTOR('',#5272,1.25);
#1528=VECTOR('',#5281,1.25);
#1529=VECTOR('',#5290,3.00000000000001);
#1530=VECTOR('',#5295,10.);
#1531=VECTOR('',#5298,10.);
#1532=VECTOR('',#5313,10.);
#1533=VECTOR('',#5316,10.);
#1534=VECTOR('',#5319,10.);
#1535=VECTOR('',#5322,10.);
#1536=VECTOR('',#5323,10.);
#1537=VECTOR('',#5326,10.);
#1538=VECTOR('',#5329,10.);
#1539=VECTOR('',#5332,10.);
#1540=VECTOR('',#5351,3.);
#1541=VECTOR('',#5356,10.);
#1542=VECTOR('',#5359,10.);
#1543=VECTOR('',#5370,3.00000000000001);
#1544=VECTOR('',#5375,10.);
#1545=VECTOR('',#5378,10.);
#1546=VECTOR('',#5389,3.);
#1547=VECTOR('',#5394,10.);
#1548=VECTOR('',#5397,10.);
#1549=VECTOR('',#5414,10.);
#1550=VECTOR('',#5415,10.);
#1551=VECTOR('',#5416,10.);
#1552=VECTOR('',#5421,10.);
#1553=VECTOR('',#5424,10.);
#1554=VECTOR('',#5425,10.);
#1555=VECTOR('',#5432,10.);
#1556=VECTOR('',#5433,10.);
#1557=VECTOR('',#5434,10.);
#1558=VECTOR('',#5439,10.);
#1559=VECTOR('',#5442,10.);
#1560=VECTOR('',#5443,10.);
#1561=VECTOR('',#5452,5.50000000000001);
#1562=VECTOR('',#5459,5.5);
#1563=VECTOR('',#5466,6.25);
#1564=VECTOR('',#5473,3.2);
#1565=VECTOR('',#5480,1.25);
#1566=VECTOR('',#5489,1.25);
#1567=VECTOR('',#5498,1.25);
#1568=VECTOR('',#5507,1.25);
#1569=VECTOR('',#5514,10.);
#1570=VECTOR('',#5517,10.);
#1571=VECTOR('',#5524,10.);
#1572=VECTOR('',#5527,10.);
#1573=VECTOR('',#5530,10.);
#1574=VECTOR('',#5533,10.);
#1575=VECTOR('',#5534,10.);
#1576=VECTOR('',#5537,10.);
#1577=VECTOR('',#5540,10.);
#1578=VECTOR('',#5543,10.);
#1579=VECTOR('',#5546,10.);
#1580=VECTOR('',#5547,10.);
#1581=VECTOR('',#5550,10.);
#1582=VECTOR('',#5551,10.);
#1583=VECTOR('',#5556,10.);
#1584=VECTOR('',#5559,10.);
#1585=VECTOR('',#5560,10.);
#1586=VECTOR('',#5565,10.);
#1587=VECTOR('',#5570,10.);
#1588=VECTOR('',#5571,10.);
#1589=VECTOR('',#5578,10.);
#1590=VECTOR('',#5579,10.);
#1591=VECTOR('',#5582,10.);
#1592=VECTOR('',#5585,10.);
#1593=VECTOR('',#5586,10.);
#1594=VECTOR('',#5589,10.);
#1595=VECTOR('',#5592,10.);
#1596=VECTOR('',#5595,10.);
#1597=VECTOR('',#5604,1.6);
#1598=VECTOR('',#5611,1.6);
#1599=VECTOR('',#5618,1.6);
#1600=VECTOR('',#5625,1.6);
#1601=VECTOR('',#5632,1.6);
#1602=VECTOR('',#5639,3.25);
#1603=VECTOR('',#5646,4.5);
#1604=VECTOR('',#5655,9.);
#1605=VECTOR('',#5662,7.5);
#1606=VECTOR('',#5669,11.5);
#1607=VECTOR('',#5676,10.);
#1608=VECTOR('',#5679,10.);
#1609=VECTOR('',#5682,10.);
#1610=VECTOR('',#5683,10.);
#1611=VECTOR('',#5684,10.);
#1612=VECTOR('',#5687,10.);
#1613=VECTOR('',#5690,10.);
#1614=VECTOR('',#5693,10.);
#1615=VECTOR('',#5698,10.);
#1616=VECTOR('',#5701,10.);
#1617=VECTOR('',#5704,10.);
#1618=VECTOR('',#5705,10.);
#1619=VECTOR('',#5710,10.);
#1620=VECTOR('',#5713,10.);
#1621=VECTOR('',#5718,10.);
#1622=VECTOR('',#5721,10.);
#1623=VECTOR('',#5732,7.5);
#1624=VECTOR('',#5737,10.);
#1625=VECTOR('',#5738,10.);
#1626=VECTOR('',#5739,10.);
#1627=VECTOR('',#5740,10.);
#1628=VECTOR('',#5743,10.);
#1629=VECTOR('',#5744,10.);
#1630=VECTOR('',#5745,10.);
#1631=VECTOR('',#5746,10.);
#1632=VECTOR('',#5749,10.);
#1633=VECTOR('',#5750,10.);
#1634=VECTOR('',#5753,10.);
#1635=VECTOR('',#5754,10.);
#1636=VECTOR('',#5755,10.);
#1637=VECTOR('',#5758,10.);
#1638=VECTOR('',#5759,10.);
#1639=VECTOR('',#5760,10.);
#1640=VECTOR('',#5763,10.);
#1641=VECTOR('',#5764,10.);
#1642=VECTOR('',#5765,10.);
#1643=VECTOR('',#5768,10.);
#1644=VECTOR('',#5769,10.);
#1645=VECTOR('',#5772,10.);
#1646=VECTOR('',#5773,10.);
#1647=VECTOR('',#5776,10.);
#1648=VECTOR('',#5783,10.);
#1649=VECTOR('',#5786,10.);
#1650=VECTOR('',#5791,10.);
#1651=VECTOR('',#5794,10.);
#1652=VECTOR('',#5799,10.);
#1653=VECTOR('',#5800,10.);
#1654=VECTOR('',#5801,10.);
#1655=VECTOR('',#5802,10.);
#1656=VECTOR('',#5805,10.);
#1657=VECTOR('',#5806,10.);
#1658=VECTOR('',#5807,10.);
#1659=VECTOR('',#5810,10.);
#1660=VECTOR('',#5811,10.);
#1661=VECTOR('',#5812,10.);
#1662=VECTOR('',#5817,1.6);
#1663=VECTOR('',#5824,1.6);
#1664=VECTOR('',#5831,1.6);
#1665=VECTOR('',#5838,1.6);
#1666=VECTOR('',#5845,10.);
#1667=VECTOR('',#5848,10.);
#1668=VECTOR('',#5853,10.);
#1669=VECTOR('',#5856,10.);
#1670=VECTOR('',#5859,10.);
#1671=VECTOR('',#5860,10.);
#1672=VECTOR('',#5863,10.);
#1673=VECTOR('',#5864,10.);
#1674=VECTOR('',#5867,10.);
#1675=VECTOR('',#5868,10.);
#1676=VECTOR('',#5871,10.);
#1677=VECTOR('',#5872,10.);
#1678=VECTOR('',#5875,10.);
#1679=VECTOR('',#5876,10.);
#1680=VECTOR('',#5885,4.5);
#1681=VECTOR('',#5894,10.);
#1682=VECTOR('',#5895,10.);
#1683=VECTOR('',#5896,10.);
#1684=VECTOR('',#5897,10.);
#1685=VECTOR('',#5900,10.);
#1686=VECTOR('',#5901,10.);
#1687=VECTOR('',#5902,10.);
#1688=VECTOR('',#5905,10.);
#1689=VECTOR('',#5906,10.);
#1690=VECTOR('',#5907,10.);
#1691=VECTOR('',#5910,10.);
#1692=VECTOR('',#5911,10.);
#1693=VECTOR('',#5920,1.5);
#1694=VECTOR('',#5929,10.);
#1695=VECTOR('',#5930,10.);
#1696=VECTOR('',#5931,10.);
#1697=VECTOR('',#5932,10.);
#1698=VECTOR('',#5935,10.);
#1699=VECTOR('',#5936,10.);
#1700=VECTOR('',#5937,10.);
#1701=VECTOR('',#5940,10.);
#1702=VECTOR('',#5941,10.);
#1703=VECTOR('',#5942,10.);
#1704=VECTOR('',#5945,10.);
#1705=VECTOR('',#5946,10.);
#1706=VECTOR('',#5953,10.);
#1707=VECTOR('',#5954,10.);
#1708=VECTOR('',#5955,10.);
#1709=VECTOR('',#5956,10.);
#1710=VECTOR('',#5959,10.);
#1711=VECTOR('',#5960,10.);
#1712=VECTOR('',#5961,10.);
#1713=VECTOR('',#5964,10.);
#1714=VECTOR('',#5965,10.);
#1715=VECTOR('',#5966,10.);
#1716=VECTOR('',#5969,10.);
#1717=VECTOR('',#5970,10.);
#1718=VECTOR('',#5977,10.);
#1719=VECTOR('',#5978,10.);
#1720=VECTOR('',#5979,10.);
#1721=VECTOR('',#5980,10.);
#1722=VECTOR('',#5983,10.);
#1723=VECTOR('',#5984,10.);
#1724=VECTOR('',#5985,10.);
#1725=VECTOR('',#5988,10.);
#1726=VECTOR('',#5989,10.);
#1727=VECTOR('',#5990,10.);
#1728=VECTOR('',#5993,10.);
#1729=VECTOR('',#5994,10.);
#1730=VECTOR('',#6001,10.);
#1731=VECTOR('',#6002,10.);
#1732=VECTOR('',#6003,10.);
#1733=VECTOR('',#6004,10.);
#1734=VECTOR('',#6007,10.);
#1735=VECTOR('',#6008,10.);
#1736=VECTOR('',#6009,10.);
#1737=VECTOR('',#6012,10.);
#1738=VECTOR('',#6013,10.);
#1739=VECTOR('',#6014,10.);
#1740=VECTOR('',#6017,10.);
#1741=VECTOR('',#6018,10.);
#1742=VECTOR('',#6025,10.);
#1743=VECTOR('',#6026,10.);
#1744=VECTOR('',#6027,10.);
#1745=VECTOR('',#6028,10.);
#1746=VECTOR('',#6031,10.);
#1747=VECTOR('',#6032,10.);
#1748=VECTOR('',#6033,10.);
#1749=VECTOR('',#6036,10.);
#1750=VECTOR('',#6037,10.);
#1751=VECTOR('',#6038,10.);
#1752=VECTOR('',#6041,10.);
#1753=VECTOR('',#6042,10.);
#1754=VECTOR('',#6049,10.);
#1755=VECTOR('',#6050,10.);
#1756=VECTOR('',#6051,10.);
#1757=VECTOR('',#6052,10.);
#1758=VECTOR('',#6055,10.);
#1759=VECTOR('',#6056,10.);
#1760=VECTOR('',#6057,10.);
#1761=VECTOR('',#6060,10.);
#1762=VECTOR('',#6061,10.);
#1763=VECTOR('',#6062,10.);
#1764=VECTOR('',#6065,10.);
#1765=VECTOR('',#6066,10.);
#1766=VECTOR('',#6073,10.);
#1767=VECTOR('',#6074,10.);
#1768=VECTOR('',#6075,10.);
#1769=VECTOR('',#6076,10.);
#1770=VECTOR('',#6079,10.);
#1771=VECTOR('',#6080,10.);
#1772=VECTOR('',#6081,10.);
#1773=VECTOR('',#6084,10.);
#1774=VECTOR('',#6085,10.);
#1775=VECTOR('',#6086,10.);
#1776=VECTOR('',#6089,10.);
#1777=VECTOR('',#6090,10.);
#1778=VECTOR('',#6097,10.);
#1779=VECTOR('',#6098,10.);
#1780=VECTOR('',#6099,10.);
#1781=VECTOR('',#6100,10.);
#1782=VECTOR('',#6103,10.);
#1783=VECTOR('',#6104,10.);
#1784=VECTOR('',#6105,10.);
#1785=VECTOR('',#6108,10.);
#1786=VECTOR('',#6109,10.);
#1787=VECTOR('',#6110,10.);
#1788=VECTOR('',#6113,10.);
#1789=VECTOR('',#6114,10.);
#1790=VECTOR('',#6121,10.);
#1791=VECTOR('',#6122,10.);
#1792=VECTOR('',#6123,10.);
#1793=VECTOR('',#6124,10.);
#1794=VECTOR('',#6127,10.);
#1795=VECTOR('',#6128,10.);
#1796=VECTOR('',#6129,10.);
#1797=VECTOR('',#6132,10.);
#1798=VECTOR('',#6133,10.);
#1799=VECTOR('',#6134,10.);
#1800=VECTOR('',#6137,10.);
#1801=VECTOR('',#6138,10.);
#1802=VECTOR('',#6145,10.);
#1803=VECTOR('',#6146,10.);
#1804=VECTOR('',#6147,10.);
#1805=VECTOR('',#6148,10.);
#1806=VECTOR('',#6151,10.);
#1807=VECTOR('',#6152,10.);
#1808=VECTOR('',#6153,10.);
#1809=VECTOR('',#6156,10.);
#1810=VECTOR('',#6157,10.);
#1811=VECTOR('',#6158,10.);
#1812=VECTOR('',#6161,10.);
#1813=VECTOR('',#6162,10.);
#1814=VECTOR('',#6169,10.);
#1815=VECTOR('',#6170,10.);
#1816=VECTOR('',#6171,10.);
#1817=VECTOR('',#6172,10.);
#1818=VECTOR('',#6175,10.);
#1819=VECTOR('',#6176,10.);
#1820=VECTOR('',#6177,10.);
#1821=VECTOR('',#6180,10.);
#1822=VECTOR('',#6181,10.);
#1823=VECTOR('',#6182,10.);
#1824=VECTOR('',#6185,10.);
#1825=VECTOR('',#6186,10.);
#1826=VECTOR('',#6193,10.);
#1827=VECTOR('',#6194,10.);
#1828=VECTOR('',#6195,10.);
#1829=VECTOR('',#6196,10.);
#1830=VECTOR('',#6199,10.);
#1831=VECTOR('',#6200,10.);
#1832=VECTOR('',#6201,10.);
#1833=VECTOR('',#6204,10.);
#1834=VECTOR('',#6205,10.);
#1835=VECTOR('',#6206,10.);
#1836=VECTOR('',#6209,10.);
#1837=VECTOR('',#6210,10.);
#1838=VECTOR('',#6217,10.);
#1839=VECTOR('',#6218,10.);
#1840=VECTOR('',#6219,10.);
#1841=VECTOR('',#6220,10.);
#1842=VECTOR('',#6223,10.);
#1843=VECTOR('',#6224,10.);
#1844=VECTOR('',#6225,10.);
#1845=VECTOR('',#6228,10.);
#1846=VECTOR('',#6229,10.);
#1847=VECTOR('',#6230,10.);
#1848=VECTOR('',#6233,10.);
#1849=VECTOR('',#6234,10.);
#1850=VECTOR('',#6241,10.);
#1851=VECTOR('',#6242,10.);
#1852=VECTOR('',#6243,10.);
#1853=VECTOR('',#6244,10.);
#1854=VECTOR('',#6247,10.);
#1855=VECTOR('',#6248,10.);
#1856=VECTOR('',#6249,10.);
#1857=VECTOR('',#6252,10.);
#1858=VECTOR('',#6253,10.);
#1859=VECTOR('',#6254,10.);
#1860=VECTOR('',#6257,10.);
#1861=VECTOR('',#6258,10.);
#1862=VECTOR('',#6265,10.);
#1863=VECTOR('',#6266,10.);
#1864=VECTOR('',#6267,10.);
#1865=VECTOR('',#6268,10.);
#1866=VECTOR('',#6271,10.);
#1867=VECTOR('',#6272,10.);
#1868=VECTOR('',#6273,10.);
#1869=VECTOR('',#6276,10.);
#1870=VECTOR('',#6277,10.);
#1871=VECTOR('',#6278,10.);
#1872=VECTOR('',#6281,10.);
#1873=VECTOR('',#6282,10.);
#1874=VECTOR('',#6289,10.);
#1875=VECTOR('',#6290,10.);
#1876=VECTOR('',#6291,10.);
#1877=VECTOR('',#6292,10.);
#1878=VECTOR('',#6295,10.);
#1879=VECTOR('',#6296,10.);
#1880=VECTOR('',#6297,10.);
#1881=VECTOR('',#6300,10.);
#1882=VECTOR('',#6301,10.);
#1883=VECTOR('',#6302,10.);
#1884=VECTOR('',#6305,10.);
#1885=VECTOR('',#6306,10.);
#1886=VECTOR('',#6313,10.);
#1887=VECTOR('',#6314,10.);
#1888=VECTOR('',#6315,10.);
#1889=VECTOR('',#6316,10.);
#1890=VECTOR('',#6319,10.);
#1891=VECTOR('',#6320,10.);
#1892=VECTOR('',#6321,10.);
#1893=VECTOR('',#6324,10.);
#1894=VECTOR('',#6325,10.);
#1895=VECTOR('',#6326,10.);
#1896=VECTOR('',#6329,10.);
#1897=VECTOR('',#6330,10.);
#1898=VECTOR('',#6343,10.75);
#1899=VECTOR('',#6348,10.);
#1900=VECTOR('',#6349,10.);
#1901=VECTOR('',#6350,10.);
#1902=VECTOR('',#6351,10.);
#1903=VECTOR('',#6354,10.);
#1904=VECTOR('',#6355,10.);
#1905=VECTOR('',#6356,10.);
#1906=VECTOR('',#6359,10.);
#1907=VECTOR('',#6360,10.);
#1908=VECTOR('',#6361,10.);
#1909=VECTOR('',#6364,10.);
#1910=VECTOR('',#6365,10.);
#1911=VECTOR('',#6372,10.);
#1912=VECTOR('',#6373,10.);
#1913=VECTOR('',#6374,10.);
#1914=VECTOR('',#6375,10.);
#1915=VECTOR('',#6378,10.);
#1916=VECTOR('',#6379,10.);
#1917=VECTOR('',#6380,10.);
#1918=VECTOR('',#6383,10.);
#1919=VECTOR('',#6384,10.);
#1920=VECTOR('',#6385,10.);
#1921=VECTOR('',#6388,10.);
#1922=VECTOR('',#6389,10.);
#1923=VECTOR('',#6396,10.);
#1924=VECTOR('',#6397,10.);
#1925=VECTOR('',#6398,10.);
#1926=VECTOR('',#6399,10.);
#1927=VECTOR('',#6402,10.);
#1928=VECTOR('',#6403,10.);
#1929=VECTOR('',#6404,10.);
#1930=VECTOR('',#6407,10.);
#1931=VECTOR('',#6408,10.);
#1932=VECTOR('',#6409,10.);
#1933=VECTOR('',#6412,10.);
#1934=VECTOR('',#6413,10.);
#1935=VECTOR('',#6420,10.);
#1936=VECTOR('',#6421,10.);
#1937=VECTOR('',#6422,10.);
#1938=VECTOR('',#6423,10.);
#1939=VECTOR('',#6426,10.);
#1940=VECTOR('',#6427,10.);
#1941=VECTOR('',#6428,10.);
#1942=VECTOR('',#6431,10.);
#1943=VECTOR('',#6432,10.);
#1944=VECTOR('',#6433,10.);
#1945=VECTOR('',#6436,10.);
#1946=VECTOR('',#6437,10.);
#1947=VECTOR('',#6444,10.);
#1948=VECTOR('',#6445,10.);
#1949=VECTOR('',#6446,10.);
#1950=VECTOR('',#6447,10.);
#1951=VECTOR('',#6450,10.);
#1952=VECTOR('',#6451,10.);
#1953=VECTOR('',#6452,10.);
#1954=VECTOR('',#6455,10.);
#1955=VECTOR('',#6456,10.);
#1956=VECTOR('',#6457,10.);
#1957=VECTOR('',#6460,10.);
#1958=VECTOR('',#6461,10.);
#1959=VECTOR('',#6468,10.);
#1960=VECTOR('',#6469,10.);
#1961=VECTOR('',#6470,10.);
#1962=VECTOR('',#6471,10.);
#1963=VECTOR('',#6474,10.);
#1964=VECTOR('',#6475,10.);
#1965=VECTOR('',#6476,10.);
#1966=VECTOR('',#6479,10.);
#1967=VECTOR('',#6480,10.);
#1968=VECTOR('',#6481,10.);
#1969=VECTOR('',#6484,10.);
#1970=VECTOR('',#6485,10.);
#1971=VECTOR('',#6492,10.);
#1972=VECTOR('',#6493,10.);
#1973=VECTOR('',#6494,10.);
#1974=VECTOR('',#6495,10.);
#1975=VECTOR('',#6498,10.);
#1976=VECTOR('',#6499,10.);
#1977=VECTOR('',#6500,10.);
#1978=VECTOR('',#6503,10.);
#1979=VECTOR('',#6504,10.);
#1980=VECTOR('',#6505,10.);
#1981=VECTOR('',#6508,10.);
#1982=VECTOR('',#6509,10.);
#1983=VECTOR('',#6516,10.);
#1984=VECTOR('',#6517,10.);
#1985=VECTOR('',#6518,10.);
#1986=VECTOR('',#6519,10.);
#1987=VECTOR('',#6522,10.);
#1988=VECTOR('',#6523,10.);
#1989=VECTOR('',#6524,10.);
#1990=VECTOR('',#6527,10.);
#1991=VECTOR('',#6528,10.);
#1992=VECTOR('',#6529,10.);
#1993=VECTOR('',#6532,10.);
#1994=VECTOR('',#6533,10.);
#1995=VECTOR('',#6540,10.);
#1996=VECTOR('',#6541,10.);
#1997=VECTOR('',#6542,10.);
#1998=VECTOR('',#6543,10.);
#1999=VECTOR('',#6546,10.);
#2000=VECTOR('',#6547,10.);
#2001=VECTOR('',#6548,10.);
#2002=VECTOR('',#6551,10.);
#2003=VECTOR('',#6552,10.);
#2004=VECTOR('',#6553,10.);
#2005=VECTOR('',#6556,10.);
#2006=VECTOR('',#6557,10.);
#2007=VECTOR('',#6564,10.);
#2008=VECTOR('',#6565,10.);
#2009=VECTOR('',#6566,10.);
#2010=VECTOR('',#6567,10.);
#2011=VECTOR('',#6570,10.);
#2012=VECTOR('',#6571,10.);
#2013=VECTOR('',#6572,10.);
#2014=VECTOR('',#6575,10.);
#2015=VECTOR('',#6576,10.);
#2016=VECTOR('',#6577,10.);
#2017=VECTOR('',#6580,10.);
#2018=VECTOR('',#6581,10.);
#2019=CIRCLE('',#4824,1.25);
#2020=CIRCLE('',#4825,1.25);
#2021=CIRCLE('',#4828,1.25);
#2022=CIRCLE('',#4829,1.25);
#2023=CIRCLE('',#4832,1.25);
#2024=CIRCLE('',#4833,1.25);
#2025=CIRCLE('',#4836,1.25);
#2026=CIRCLE('',#4837,1.25);
#2027=CIRCLE('',#4840,3.00000000000001);
#2028=CIRCLE('',#4841,3.00000000000001);
#2029=CIRCLE('',#4843,3.00000000000001);
#2030=CIRCLE('',#4844,3.00000000000001);
#2031=CIRCLE('',#4847,3.5);
#2032=CIRCLE('',#4848,3.5);
#2033=CIRCLE('',#4850,4.);
#2034=CIRCLE('',#4851,4.);
#2035=CIRCLE('',#4852,4.);
#2036=CIRCLE('',#4853,4.);
#2037=CIRCLE('',#4854,2.74999999999999);
#2038=CIRCLE('',#4855,2.75);
#2039=CIRCLE('',#4856,2.74999999999999);
#2040=CIRCLE('',#4857,2.75);
#2041=CIRCLE('',#4858,3.5);
#2042=CIRCLE('',#4859,3.);
#2043=CIRCLE('',#4860,3.5);
#2044=CIRCLE('',#4861,3.00000000000001);
#2045=CIRCLE('',#4862,3.5);
#2046=CIRCLE('',#4863,3.);
#2047=CIRCLE('',#4865,3.);
#2048=CIRCLE('',#4866,3.);
#2049=CIRCLE('',#4868,3.);
#2050=CIRCLE('',#4871,3.5);
#2051=CIRCLE('',#4873,3.00000000000001);
#2052=CIRCLE('',#4874,3.00000000000001);
#2053=CIRCLE('',#4876,3.00000000000001);
#2054=CIRCLE('',#4879,3.5);
#2055=CIRCLE('',#4881,3.);
#2056=CIRCLE('',#4882,3.);
#2057=CIRCLE('',#4884,3.);
#2058=CIRCLE('',#4887,3.5);
#2059=CIRCLE('',#4894,2.74999999999999);
#2060=CIRCLE('',#4897,2.75);
#2061=CIRCLE('',#4900,2.74999999999999);
#2062=CIRCLE('',#4903,2.75);
#2063=CIRCLE('',#4905,5.50000000000001);
#2064=CIRCLE('',#4906,5.50000000000001);
#2065=CIRCLE('',#4908,5.5);
#2066=CIRCLE('',#4909,5.5);
#2067=CIRCLE('',#4911,6.25);
#2068=CIRCLE('',#4912,6.25);
#2069=CIRCLE('',#4914,3.2);
#2070=CIRCLE('',#4915,3.2);
#2071=CIRCLE('',#4917,1.25);
#2072=CIRCLE('',#4918,1.25);
#2073=CIRCLE('',#4921,1.25);
#2074=CIRCLE('',#4922,1.25);
#2075=CIRCLE('',#4925,1.25);
#2076=CIRCLE('',#4926,1.25);
#2077=CIRCLE('',#4929,1.25);
#2078=CIRCLE('',#4930,1.25);
#2079=CIRCLE('',#4933,3.5);
#2080=CIRCLE('',#4934,3.5);
#2081=CIRCLE('',#4936,4.);
#2082=CIRCLE('',#4937,4.);
#2083=CIRCLE('',#4938,4.);
#2084=CIRCLE('',#4939,4.);
#2085=CIRCLE('',#4940,3.5);
#2086=CIRCLE('',#4941,3.5);
#2087=CIRCLE('',#4942,3.5);
#2088=CIRCLE('',#4945,3.5);
#2089=CIRCLE('',#4947,3.5);
#2090=CIRCLE('',#4948,3.5);
#2091=CIRCLE('',#4963,1.6);
#2092=CIRCLE('',#4964,1.6);
#2093=CIRCLE('',#4966,1.6);
#2094=CIRCLE('',#4967,1.6);
#2095=CIRCLE('',#4969,1.6);
#2096=CIRCLE('',#4970,1.6);
#2097=CIRCLE('',#4972,1.6);
#2098=CIRCLE('',#4973,1.6);
#2099=CIRCLE('',#4975,1.6);
#2100=CIRCLE('',#4976,1.6);
#2101=CIRCLE('',#4978,3.25);
#2102=CIRCLE('',#4979,3.25);
#2103=CIRCLE('',#4981,4.5);
#2104=CIRCLE('',#4982,4.5);
#2105=CIRCLE('',#4985,10.5);
#2106=CIRCLE('',#4986,7.5);
#2107=CIRCLE('',#4988,7.5);
#2108=CIRCLE('',#4990,11.5);
#2109=CIRCLE('',#4992,11.5);
#2110=CIRCLE('',#4994,4.);
#2111=CIRCLE('',#4995,4.);
#2112=CIRCLE('',#4998,4.);
#2113=CIRCLE('',#4999,4.);
#2114=CIRCLE('',#5000,4.);
#2115=CIRCLE('',#5002,4.);
#2116=CIRCLE('',#5005,4.);
#2117=CIRCLE('',#5007,4.);
#2118=CIRCLE('',#5012,7.5);
#2119=CIRCLE('',#5014,7.5);
#2120=CIRCLE('',#5028,4.);
#2121=CIRCLE('',#5029,4.);
#2122=CIRCLE('',#5031,4.);
#2123=CIRCLE('',#5032,4.);
#2124=CIRCLE('',#5037,1.6);
#2125=CIRCLE('',#5038,1.6);
#2126=CIRCLE('',#5040,1.6);
#2127=CIRCLE('',#5041,1.6);
#2128=CIRCLE('',#5043,1.6);
#2129=CIRCLE('',#5044,1.6);
#2130=CIRCLE('',#5046,1.6);
#2131=CIRCLE('',#5047,1.6);
#2132=CIRCLE('',#5049,4.);
#2133=CIRCLE('',#5050,4.);
#2134=CIRCLE('',#5052,4.);
#2135=CIRCLE('',#5053,4.);
#2136=CIRCLE('',#5062,4.5);
#2137=CIRCLE('',#5063,4.5);
#2138=CIRCLE('',#5073,1.5);
#2139=CIRCLE('',#5074,1.5);
#2140=CIRCLE('',#5180,10.75);
#2141=CIRCLE('',#5182,10.75);
#2142=VERTEX_POINT('',#6593);
#2143=VERTEX_POINT('',#6595);
#2144=VERTEX_POINT('',#6600);
#2145=VERTEX_POINT('',#6602);
#2146=VERTEX_POINT('',#6607);
#2147=VERTEX_POINT('',#6609);
#2148=VERTEX_POINT('',#6614);
#2149=VERTEX_POINT('',#6616);
#2150=VERTEX_POINT('',#6621);
#2151=VERTEX_POINT('',#6623);
#2152=VERTEX_POINT('',#6627);
#2153=VERTEX_POINT('',#6628);
#2154=VERTEX_POINT('',#6630);
#2155=VERTEX_POINT('',#6632);
#2156=VERTEX_POINT('',#6640);
#2157=VERTEX_POINT('',#6641);
#2158=VERTEX_POINT('',#6643);
#2159=VERTEX_POINT('',#6645);
#2160=VERTEX_POINT('',#6647);
#2161=VERTEX_POINT('',#6649);
#2162=VERTEX_POINT('',#6651);
#2163=VERTEX_POINT('',#6653);
#2164=VERTEX_POINT('',#6656);
#2165=VERTEX_POINT('',#6657);
#2166=VERTEX_POINT('',#6659);
#2167=VERTEX_POINT('',#6661);
#2168=VERTEX_POINT('',#6664);
#2169=VERTEX_POINT('',#6665);
#2170=VERTEX_POINT('',#6667);
#2171=VERTEX_POINT('',#6669);
#2172=VERTEX_POINT('',#6672);
#2173=VERTEX_POINT('',#6673);
#2174=VERTEX_POINT('',#6676);
#2175=VERTEX_POINT('',#6677);
#2176=VERTEX_POINT('',#6680);
#2177=VERTEX_POINT('',#6681);
#2178=VERTEX_POINT('',#6685);
#2179=VERTEX_POINT('',#6687);
#2180=VERTEX_POINT('',#6691);
#2181=VERTEX_POINT('',#6693);
#2182=VERTEX_POINT('',#6700);
#2183=VERTEX_POINT('',#6702);
#2184=VERTEX_POINT('',#6706);
#2185=VERTEX_POINT('',#6708);
#2186=VERTEX_POINT('',#6715);
#2187=VERTEX_POINT('',#6717);
#2188=VERTEX_POINT('',#6721);
#2189=VERTEX_POINT('',#6723);
#2190=VERTEX_POINT('',#6734);
#2191=VERTEX_POINT('',#6735);
#2192=VERTEX_POINT('',#6740);
#2193=VERTEX_POINT('',#6744);
#2194=VERTEX_POINT('',#6750);
#2195=VERTEX_POINT('',#6751);
#2196=VERTEX_POINT('',#6756);
#2197=VERTEX_POINT('',#6760);
#2198=VERTEX_POINT('',#6766);
#2199=VERTEX_POINT('',#6768);
#2200=VERTEX_POINT('',#6772);
#2201=VERTEX_POINT('',#6774);
#2202=VERTEX_POINT('',#6778);
#2203=VERTEX_POINT('',#6780);
#2204=VERTEX_POINT('',#6784);
#2205=VERTEX_POINT('',#6786);
#2206=VERTEX_POINT('',#6790);
#2207=VERTEX_POINT('',#6792);
#2208=VERTEX_POINT('',#6797);
#2209=VERTEX_POINT('',#6799);
#2210=VERTEX_POINT('',#6804);
#2211=VERTEX_POINT('',#6806);
#2212=VERTEX_POINT('',#6811);
#2213=VERTEX_POINT('',#6813);
#2214=VERTEX_POINT('',#6818);
#2215=VERTEX_POINT('',#6819);
#2216=VERTEX_POINT('',#6821);
#2217=VERTEX_POINT('',#6823);
#2218=VERTEX_POINT('',#6827);
#2219=VERTEX_POINT('',#6828);
#2220=VERTEX_POINT('',#6830);
#2221=VERTEX_POINT('',#6832);
#2222=VERTEX_POINT('',#6834);
#2223=VERTEX_POINT('',#6836);
#2224=VERTEX_POINT('',#6838);
#2225=VERTEX_POINT('',#6840);
#2226=VERTEX_POINT('',#6843);
#2227=VERTEX_POINT('',#6845);
#2228=VERTEX_POINT('',#6847);
#2229=VERTEX_POINT('',#6849);
#2230=VERTEX_POINT('',#6851);
#2231=VERTEX_POINT('',#6853);
#2232=VERTEX_POINT('',#6857);
#2233=VERTEX_POINT('',#6861);
#2234=VERTEX_POINT('',#6863);
#2235=VERTEX_POINT('',#6867);
#2236=VERTEX_POINT('',#6869);
#2237=VERTEX_POINT('',#6872);
#2238=VERTEX_POINT('',#6900);
#2239=VERTEX_POINT('',#6902);
#2240=VERTEX_POINT('',#6906);
#2241=VERTEX_POINT('',#6908);
#2242=VERTEX_POINT('',#6912);
#2243=VERTEX_POINT('',#6914);
#2244=VERTEX_POINT('',#6918);
#2245=VERTEX_POINT('',#6920);
#2246=VERTEX_POINT('',#6924);
#2247=VERTEX_POINT('',#6926);
#2248=VERTEX_POINT('',#6930);
#2249=VERTEX_POINT('',#6932);
#2250=VERTEX_POINT('',#6936);
#2251=VERTEX_POINT('',#6938);
#2252=VERTEX_POINT('',#6943);
#2253=VERTEX_POINT('',#6945);
#2254=VERTEX_POINT('',#6949);
#2255=VERTEX_POINT('',#6953);
#2256=VERTEX_POINT('',#6956);
#2257=VERTEX_POINT('',#6960);
#2258=VERTEX_POINT('',#6961);
#2259=VERTEX_POINT('',#6963);
#2260=VERTEX_POINT('',#6965);
#2261=VERTEX_POINT('',#6969);
#2262=VERTEX_POINT('',#6971);
#2263=VERTEX_POINT('',#6975);
#2264=VERTEX_POINT('',#6977);
#2265=VERTEX_POINT('',#6979);
#2266=VERTEX_POINT('',#6981);
#2267=VERTEX_POINT('',#6983);
#2268=VERTEX_POINT('',#6987);
#2269=VERTEX_POINT('',#6989);
#2270=VERTEX_POINT('',#6993);
#2271=VERTEX_POINT('',#6997);
#2272=VERTEX_POINT('',#7001);
#2273=VERTEX_POINT('',#7010);
#2274=VERTEX_POINT('',#7013);
#2275=VERTEX_POINT('',#7018);
#2276=VERTEX_POINT('',#7019);
#2277=VERTEX_POINT('',#7021);
#2278=VERTEX_POINT('',#7023);
#2279=VERTEX_POINT('',#7027);
#2280=VERTEX_POINT('',#7028);
#2281=VERTEX_POINT('',#7030);
#2282=VERTEX_POINT('',#7032);
#2283=VERTEX_POINT('',#7039);
#2284=VERTEX_POINT('',#7041);
#2285=VERTEX_POINT('',#7045);
#2286=VERTEX_POINT('',#7047);
#2287=VERTEX_POINT('',#7051);
#2288=VERTEX_POINT('',#7053);
#2289=VERTEX_POINT('',#7057);
#2290=VERTEX_POINT('',#7061);
#2291=VERTEX_POINT('',#7069);
#2292=VERTEX_POINT('',#7070);
#2293=VERTEX_POINT('',#7072);
#2294=VERTEX_POINT('',#7074);
#2295=VERTEX_POINT('',#7078);
#2296=VERTEX_POINT('',#7079);
#2297=VERTEX_POINT('',#7081);
#2298=VERTEX_POINT('',#7083);
#2299=VERTEX_POINT('',#7087);
#2300=VERTEX_POINT('',#7088);
#2301=VERTEX_POINT('',#7090);
#2302=VERTEX_POINT('',#7092);
#2303=VERTEX_POINT('',#7096);
#2304=VERTEX_POINT('',#7098);
#2305=VERTEX_POINT('',#7102);
#2306=VERTEX_POINT('',#7104);
#2307=VERTEX_POINT('',#7108);
#2308=VERTEX_POINT('',#7110);
#2309=VERTEX_POINT('',#7114);
#2310=VERTEX_POINT('',#7116);
#2311=VERTEX_POINT('',#7120);
#2312=VERTEX_POINT('',#7122);
#2313=VERTEX_POINT('',#7126);
#2314=VERTEX_POINT('',#7128);
#2315=VERTEX_POINT('',#7132);
#2316=VERTEX_POINT('',#7133);
#2317=VERTEX_POINT('',#7135);
#2318=VERTEX_POINT('',#7137);
#2319=VERTEX_POINT('',#7141);
#2320=VERTEX_POINT('',#7142);
#2321=VERTEX_POINT('',#7144);
#2322=VERTEX_POINT('',#7146);
#2323=VERTEX_POINT('',#7167);
#2324=VERTEX_POINT('',#7169);
#2325=VERTEX_POINT('',#7175);
#2326=VERTEX_POINT('',#7176);
#2327=VERTEX_POINT('',#7178);
#2328=VERTEX_POINT('',#7180);
#2329=VERTEX_POINT('',#7184);
#2330=VERTEX_POINT('',#7186);
#2331=VERTEX_POINT('',#7190);
#2332=VERTEX_POINT('',#7192);
#2333=VERTEX_POINT('',#7201);
#2334=VERTEX_POINT('',#7203);
#2335=VERTEX_POINT('',#7209);
#2336=VERTEX_POINT('',#7210);
#2337=VERTEX_POINT('',#7212);
#2338=VERTEX_POINT('',#7214);
#2339=VERTEX_POINT('',#7218);
#2340=VERTEX_POINT('',#7220);
#2341=VERTEX_POINT('',#7224);
#2342=VERTEX_POINT('',#7226);
#2343=VERTEX_POINT('',#7235);
#2344=VERTEX_POINT('',#7236);
#2345=VERTEX_POINT('',#7238);
#2346=VERTEX_POINT('',#7240);
#2347=VERTEX_POINT('',#7244);
#2348=VERTEX_POINT('',#7246);
#2349=VERTEX_POINT('',#7250);
#2350=VERTEX_POINT('',#7252);
#2351=VERTEX_POINT('',#7261);
#2352=VERTEX_POINT('',#7262);
#2353=VERTEX_POINT('',#7264);
#2354=VERTEX_POINT('',#7266);
#2355=VERTEX_POINT('',#7270);
#2356=VERTEX_POINT('',#7272);
#2357=VERTEX_POINT('',#7276);
#2358=VERTEX_POINT('',#7278);
#2359=VERTEX_POINT('',#7287);
#2360=VERTEX_POINT('',#7288);
#2361=VERTEX_POINT('',#7290);
#2362=VERTEX_POINT('',#7292);
#2363=VERTEX_POINT('',#7296);
#2364=VERTEX_POINT('',#7298);
#2365=VERTEX_POINT('',#7302);
#2366=VERTEX_POINT('',#7304);
#2367=VERTEX_POINT('',#7313);
#2368=VERTEX_POINT('',#7314);
#2369=VERTEX_POINT('',#7316);
#2370=VERTEX_POINT('',#7318);
#2371=VERTEX_POINT('',#7322);
#2372=VERTEX_POINT('',#7324);
#2373=VERTEX_POINT('',#7328);
#2374=VERTEX_POINT('',#7330);
#2375=VERTEX_POINT('',#7339);
#2376=VERTEX_POINT('',#7340);
#2377=VERTEX_POINT('',#7342);
#2378=VERTEX_POINT('',#7344);
#2379=VERTEX_POINT('',#7348);
#2380=VERTEX_POINT('',#7350);
#2381=VERTEX_POINT('',#7354);
#2382=VERTEX_POINT('',#7356);
#2383=VERTEX_POINT('',#7365);
#2384=VERTEX_POINT('',#7366);
#2385=VERTEX_POINT('',#7368);
#2386=VERTEX_POINT('',#7370);
#2387=VERTEX_POINT('',#7374);
#2388=VERTEX_POINT('',#7376);
#2389=VERTEX_POINT('',#7380);
#2390=VERTEX_POINT('',#7382);
#2391=VERTEX_POINT('',#7391);
#2392=VERTEX_POINT('',#7392);
#2393=VERTEX_POINT('',#7394);
#2394=VERTEX_POINT('',#7396);
#2395=VERTEX_POINT('',#7400);
#2396=VERTEX_POINT('',#7402);
#2397=VERTEX_POINT('',#7406);
#2398=VERTEX_POINT('',#7408);
#2399=VERTEX_POINT('',#7417);
#2400=VERTEX_POINT('',#7418);
#2401=VERTEX_POINT('',#7420);
#2402=VERTEX_POINT('',#7422);
#2403=VERTEX_POINT('',#7426);
#2404=VERTEX_POINT('',#7428);
#2405=VERTEX_POINT('',#7432);
#2406=VERTEX_POINT('',#7434);
#2407=VERTEX_POINT('',#7443);
#2408=VERTEX_POINT('',#7444);
#2409=VERTEX_POINT('',#7446);
#2410=VERTEX_POINT('',#7448);
#2411=VERTEX_POINT('',#7452);
#2412=VERTEX_POINT('',#7454);
#2413=VERTEX_POINT('',#7458);
#2414=VERTEX_POINT('',#7460);
#2415=VERTEX_POINT('',#7469);
#2416=VERTEX_POINT('',#7470);
#2417=VERTEX_POINT('',#7472);
#2418=VERTEX_POINT('',#7474);
#2419=VERTEX_POINT('',#7478);
#2420=VERTEX_POINT('',#7480);
#2421=VERTEX_POINT('',#7484);
#2422=VERTEX_POINT('',#7486);
#2423=VERTEX_POINT('',#7495);
#2424=VERTEX_POINT('',#7496);
#2425=VERTEX_POINT('',#7498);
#2426=VERTEX_POINT('',#7500);
#2427=VERTEX_POINT('',#7504);
#2428=VERTEX_POINT('',#7506);
#2429=VERTEX_POINT('',#7510);
#2430=VERTEX_POINT('',#7512);
#2431=VERTEX_POINT('',#7521);
#2432=VERTEX_POINT('',#7522);
#2433=VERTEX_POINT('',#7524);
#2434=VERTEX_POINT('',#7526);
#2435=VERTEX_POINT('',#7530);
#2436=VERTEX_POINT('',#7532);
#2437=VERTEX_POINT('',#7536);
#2438=VERTEX_POINT('',#7538);
#2439=VERTEX_POINT('',#7547);
#2440=VERTEX_POINT('',#7548);
#2441=VERTEX_POINT('',#7550);
#2442=VERTEX_POINT('',#7552);
#2443=VERTEX_POINT('',#7556);
#2444=VERTEX_POINT('',#7558);
#2445=VERTEX_POINT('',#7562);
#2446=VERTEX_POINT('',#7564);
#2447=VERTEX_POINT('',#7573);
#2448=VERTEX_POINT('',#7574);
#2449=VERTEX_POINT('',#7576);
#2450=VERTEX_POINT('',#7578);
#2451=VERTEX_POINT('',#7582);
#2452=VERTEX_POINT('',#7584);
#2453=VERTEX_POINT('',#7588);
#2454=VERTEX_POINT('',#7590);
#2455=VERTEX_POINT('',#7599);
#2456=VERTEX_POINT('',#7600);
#2457=VERTEX_POINT('',#7602);
#2458=VERTEX_POINT('',#7604);
#2459=VERTEX_POINT('',#7608);
#2460=VERTEX_POINT('',#7610);
#2461=VERTEX_POINT('',#7614);
#2462=VERTEX_POINT('',#7616);
#2463=VERTEX_POINT('',#7625);
#2464=VERTEX_POINT('',#7626);
#2465=VERTEX_POINT('',#7628);
#2466=VERTEX_POINT('',#7630);
#2467=VERTEX_POINT('',#7634);
#2468=VERTEX_POINT('',#7636);
#2469=VERTEX_POINT('',#7640);
#2470=VERTEX_POINT('',#7642);
#2471=VERTEX_POINT('',#7651);
#2472=VERTEX_POINT('',#7654);
#2473=VERTEX_POINT('',#7659);
#2474=VERTEX_POINT('',#7660);
#2475=VERTEX_POINT('',#7662);
#2476=VERTEX_POINT('',#7664);
#2477=VERTEX_POINT('',#7668);
#2478=VERTEX_POINT('',#7670);
#2479=VERTEX_POINT('',#7674);
#2480=VERTEX_POINT('',#7676);
#2481=VERTEX_POINT('',#7685);
#2482=VERTEX_POINT('',#7686);
#2483=VERTEX_POINT('',#7688);
#2484=VERTEX_POINT('',#7690);
#2485=VERTEX_POINT('',#7694);
#2486=VERTEX_POINT('',#7696);
#2487=VERTEX_POINT('',#7700);
#2488=VERTEX_POINT('',#7702);
#2489=VERTEX_POINT('',#7711);
#2490=VERTEX_POINT('',#7712);
#2491=VERTEX_POINT('',#7714);
#2492=VERTEX_POINT('',#7716);
#2493=VERTEX_POINT('',#7720);
#2494=VERTEX_POINT('',#7722);
#2495=VERTEX_POINT('',#7726);
#2496=VERTEX_POINT('',#7728);
#2497=VERTEX_POINT('',#7737);
#2498=VERTEX_POINT('',#7738);
#2499=VERTEX_POINT('',#7740);
#2500=VERTEX_POINT('',#7742);
#2501=VERTEX_POINT('',#7746);
#2502=VERTEX_POINT('',#7748);
#2503=VERTEX_POINT('',#7752);
#2504=VERTEX_POINT('',#7754);
#2505=VERTEX_POINT('',#7763);
#2506=VERTEX_POINT('',#7764);
#2507=VERTEX_POINT('',#7766);
#2508=VERTEX_POINT('',#7768);
#2509=VERTEX_POINT('',#7772);
#2510=VERTEX_POINT('',#7774);
#2511=VERTEX_POINT('',#7778);
#2512=VERTEX_POINT('',#7780);
#2513=VERTEX_POINT('',#7789);
#2514=VERTEX_POINT('',#7790);
#2515=VERTEX_POINT('',#7792);
#2516=VERTEX_POINT('',#7794);
#2517=VERTEX_POINT('',#7798);
#2518=VERTEX_POINT('',#7800);
#2519=VERTEX_POINT('',#7804);
#2520=VERTEX_POINT('',#7806);
#2521=VERTEX_POINT('',#7815);
#2522=VERTEX_POINT('',#7816);
#2523=VERTEX_POINT('',#7818);
#2524=VERTEX_POINT('',#7820);
#2525=VERTEX_POINT('',#7824);
#2526=VERTEX_POINT('',#7826);
#2527=VERTEX_POINT('',#7830);
#2528=VERTEX_POINT('',#7832);
#2529=VERTEX_POINT('',#7841);
#2530=VERTEX_POINT('',#7842);
#2531=VERTEX_POINT('',#7844);
#2532=VERTEX_POINT('',#7846);
#2533=VERTEX_POINT('',#7850);
#2534=VERTEX_POINT('',#7852);
#2535=VERTEX_POINT('',#7856);
#2536=VERTEX_POINT('',#7858);
#2537=VERTEX_POINT('',#7867);
#2538=VERTEX_POINT('',#7868);
#2539=VERTEX_POINT('',#7870);
#2540=VERTEX_POINT('',#7872);
#2541=VERTEX_POINT('',#7876);
#2542=VERTEX_POINT('',#7878);
#2543=VERTEX_POINT('',#7882);
#2544=VERTEX_POINT('',#7884);
#2545=VERTEX_POINT('',#7893);
#2546=VERTEX_POINT('',#7894);
#2547=VERTEX_POINT('',#7896);
#2548=VERTEX_POINT('',#7898);
#2549=VERTEX_POINT('',#7902);
#2550=VERTEX_POINT('',#7904);
#2551=VERTEX_POINT('',#7908);
#2552=VERTEX_POINT('',#7910);
#2553=EDGE_CURVE('',#2142,#2142,#2019,.T.);
#2554=EDGE_CURVE('',#2142,#2143,#1031,.T.);
#2555=EDGE_CURVE('',#2143,#2143,#2020,.T.);
#2556=EDGE_CURVE('',#2144,#2144,#2021,.T.);
#2557=EDGE_CURVE('',#2144,#2145,#1032,.T.);
#2558=EDGE_CURVE('',#2145,#2145,#2022,.T.);
#2559=EDGE_CURVE('',#2146,#2146,#2023,.T.);
#2560=EDGE_CURVE('',#2146,#2147,#1033,.T.);
#2561=EDGE_CURVE('',#2147,#2147,#2024,.T.);
#2562=EDGE_CURVE('',#2148,#2148,#2025,.T.);
#2563=EDGE_CURVE('',#2148,#2149,#1034,.T.);
#2564=EDGE_CURVE('',#2149,#2149,#2026,.T.);
#2565=EDGE_CURVE('',#2150,#2150,#2027,.T.);
#2566=EDGE_CURVE('',#2150,#2151,#1035,.T.);
#2567=EDGE_CURVE('',#2151,#2151,#2028,.T.);
#2568=EDGE_CURVE('',#2152,#2153,#1036,.T.);
#2569=EDGE_CURVE('',#2154,#2152,#2029,.T.);
#2570=EDGE_CURVE('',#2155,#2154,#1037,.T.);
#2571=EDGE_CURVE('',#2155,#2153,#2030,.T.);
#2572=EDGE_CURVE('',#2155,#2153,#2031,.T.);
#2573=EDGE_CURVE('',#2154,#2152,#2032,.T.);
#2574=EDGE_CURVE('',#2156,#2157,#2033,.T.);
#2575=EDGE_CURVE('',#2158,#2156,#1038,.T.);
#2576=EDGE_CURVE('',#2159,#2158,#2034,.T.);
#2577=EDGE_CURVE('',#2160,#2159,#1039,.T.);
#2578=EDGE_CURVE('',#2161,#2160,#2035,.T.);
#2579=EDGE_CURVE('',#2162,#2161,#1040,.T.);
#2580=EDGE_CURVE('',#2163,#2162,#2036,.T.);
#2581=EDGE_CURVE('',#2157,#2163,#1041,.T.);
#2582=EDGE_CURVE('',#2164,#2165,#1042,.T.);
#2583=EDGE_CURVE('',#2165,#2166,#2037,.T.);
#2584=EDGE_CURVE('',#2166,#2167,#1043,.T.);
#2585=EDGE_CURVE('',#2167,#2164,#2038,.T.);
#2586=EDGE_CURVE('',#2168,#2169,#1044,.T.);
#2587=EDGE_CURVE('',#2169,#2170,#2039,.T.);
#2588=EDGE_CURVE('',#2170,#2171,#1045,.T.);
#2589=EDGE_CURVE('',#2171,#2168,#2040,.T.);
#2590=EDGE_CURVE('',#2172,#2173,#2041,.T.);
#2591=EDGE_CURVE('',#2172,#2173,#2042,.T.);
#2592=EDGE_CURVE('',#2174,#2175,#2043,.T.);
#2593=EDGE_CURVE('',#2174,#2175,#2044,.T.);
#2594=EDGE_CURVE('',#2176,#2177,#2045,.T.);
#2595=EDGE_CURVE('',#2176,#2177,#2046,.T.);
#2596=EDGE_CURVE('',#2178,#2178,#2047,.T.);
#2597=EDGE_CURVE('',#2178,#2179,#1046,.T.);
#2598=EDGE_CURVE('',#2179,#2179,#2048,.T.);
#2599=EDGE_CURVE('',#2180,#2173,#1047,.T.);
#2600=EDGE_CURVE('',#2181,#2180,#2049,.T.);
#2601=EDGE_CURVE('',#2172,#2181,#1048,.T.);
#2602=EDGE_CURVE('',#2181,#2180,#2050,.T.);
#2603=EDGE_CURVE('',#2182,#2182,#2051,.T.);
#2604=EDGE_CURVE('',#2182,#2183,#1049,.T.);
#2605=EDGE_CURVE('',#2183,#2183,#2052,.T.);
#2606=EDGE_CURVE('',#2184,#2175,#1050,.T.);
#2607=EDGE_CURVE('',#2185,#2184,#2053,.T.);
#2608=EDGE_CURVE('',#2174,#2185,#1051,.T.);
#2609=EDGE_CURVE('',#2185,#2184,#2054,.T.);
#2610=EDGE_CURVE('',#2186,#2186,#2055,.T.);
#2611=EDGE_CURVE('',#2186,#2187,#1052,.T.);
#2612=EDGE_CURVE('',#2187,#2187,#2056,.T.);
#2613=EDGE_CURVE('',#2188,#2177,#1053,.T.);
#2614=EDGE_CURVE('',#2189,#2188,#2057,.T.);
#2615=EDGE_CURVE('',#2176,#2189,#1054,.T.);
#2616=EDGE_CURVE('',#2189,#2188,#2058,.T.);
#2617=EDGE_CURVE('',#2190,#2191,#1055,.T.);
#2618=EDGE_CURVE('',#2171,#2190,#1056,.T.);
#2619=EDGE_CURVE('',#2170,#2191,#1057,.T.);
#2620=EDGE_CURVE('',#2191,#2192,#2059,.T.);
#2621=EDGE_CURVE('',#2192,#2169,#1058,.T.);
#2622=EDGE_CURVE('',#2192,#2193,#1059,.T.);
#2623=EDGE_CURVE('',#2168,#2193,#1060,.T.);
#2624=EDGE_CURVE('',#2193,#2190,#2060,.T.);
#2625=EDGE_CURVE('',#2194,#2195,#1061,.T.);
#2626=EDGE_CURVE('',#2167,#2194,#1062,.T.);
#2627=EDGE_CURVE('',#2166,#2195,#1063,.T.);
#2628=EDGE_CURVE('',#2195,#2196,#2061,.T.);
#2629=EDGE_CURVE('',#2196,#2165,#1064,.T.);
#2630=EDGE_CURVE('',#2196,#2197,#1065,.T.);
#2631=EDGE_CURVE('',#2164,#2197,#1066,.T.);
#2632=EDGE_CURVE('',#2197,#2194,#2062,.T.);
#2633=EDGE_CURVE('',#2198,#2198,#2063,.T.);
#2634=EDGE_CURVE('',#2198,#2199,#1067,.T.);
#2635=EDGE_CURVE('',#2199,#2199,#2064,.T.);
#2636=EDGE_CURVE('',#2200,#2200,#2065,.T.);
#2637=EDGE_CURVE('',#2200,#2201,#1068,.T.);
#2638=EDGE_CURVE('',#2201,#2201,#2066,.T.);
#2639=EDGE_CURVE('',#2202,#2202,#2067,.T.);
#2640=EDGE_CURVE('',#2202,#2203,#1069,.T.);
#2641=EDGE_CURVE('',#2203,#2203,#2068,.T.);
#2642=EDGE_CURVE('',#2204,#2204,#2069,.T.);
#2643=EDGE_CURVE('',#2204,#2205,#1070,.T.);
#2644=EDGE_CURVE('',#2205,#2205,#2070,.T.);
#2645=EDGE_CURVE('',#2206,#2206,#2071,.T.);
#2646=EDGE_CURVE('',#2206,#2207,#1071,.T.);
#2647=EDGE_CURVE('',#2207,#2207,#2072,.T.);
#2648=EDGE_CURVE('',#2208,#2208,#2073,.T.);
#2649=EDGE_CURVE('',#2208,#2209,#1072,.T.);
#2650=EDGE_CURVE('',#2209,#2209,#2074,.T.);
#2651=EDGE_CURVE('',#2210,#2210,#2075,.T.);
#2652=EDGE_CURVE('',#2210,#2211,#1073,.T.);
#2653=EDGE_CURVE('',#2211,#2211,#2076,.T.);
#2654=EDGE_CURVE('',#2212,#2212,#2077,.T.);
#2655=EDGE_CURVE('',#2212,#2213,#1074,.T.);
#2656=EDGE_CURVE('',#2213,#2213,#2078,.T.);
#2657=EDGE_CURVE('',#2214,#2215,#1075,.T.);
#2658=EDGE_CURVE('',#2216,#2214,#2079,.T.);
#2659=EDGE_CURVE('',#2217,#2216,#1076,.T.);
#2660=EDGE_CURVE('',#2215,#2217,#2080,.T.);
#2661=EDGE_CURVE('',#2218,#2219,#2081,.T.);
#2662=EDGE_CURVE('',#2218,#2220,#1077,.T.);
#2663=EDGE_CURVE('',#2221,#2220,#2082,.T.);
#2664=EDGE_CURVE('',#2221,#2222,#1078,.T.);
#2665=EDGE_CURVE('',#2223,#2222,#2083,.T.);
#2666=EDGE_CURVE('',#2223,#2224,#1079,.T.);
#2667=EDGE_CURVE('',#2225,#2224,#2084,.T.);
#2668=EDGE_CURVE('',#2225,#2219,#1080,.T.);
#2669=EDGE_CURVE('',#2217,#2226,#1081,.T.);
#2670=EDGE_CURVE('',#2226,#2227,#2085,.T.);
#2671=EDGE_CURVE('',#2227,#2228,#1082,.T.);
#2672=EDGE_CURVE('',#2228,#2229,#2086,.T.);
#2673=EDGE_CURVE('',#2229,#2230,#1083,.T.);
#2674=EDGE_CURVE('',#2230,#2231,#2087,.T.);
#2675=EDGE_CURVE('',#2231,#2215,#1084,.T.);
#2676=EDGE_CURVE('',#2232,#2216,#1085,.F.);
#2677=EDGE_CURVE('',#2232,#2226,#1086,.T.);
#2678=EDGE_CURVE('',#2229,#2233,#1087,.T.);
#2679=EDGE_CURVE('',#2234,#2228,#1088,.T.);
#2680=EDGE_CURVE('',#2233,#2234,#2088,.T.);
#2681=EDGE_CURVE('',#2214,#2235,#1089,.F.);
#2682=EDGE_CURVE('',#2235,#2236,#2089,.T.);
#2683=EDGE_CURVE('',#2236,#2233,#1090,.F.);
#2684=EDGE_CURVE('',#2234,#2237,#1091,.F.);
#2685=EDGE_CURVE('',#2237,#2232,#2090,.T.);
#2686=EDGE_CURVE('',#2227,#2237,#1092,.T.);
#2687=EDGE_CURVE('',#2236,#2230,#1093,.T.);
#2688=EDGE_CURVE('',#2231,#2235,#1094,.T.);
#2689=EDGE_CURVE('',#2219,#2156,#1095,.T.);
#2690=EDGE_CURVE('',#2157,#2218,#1096,.T.);
#2691=EDGE_CURVE('',#2158,#2225,#1097,.T.);
#2692=EDGE_CURVE('',#2220,#2163,#1098,.T.);
#2693=EDGE_CURVE('',#2162,#2221,#1099,.T.);
#2694=EDGE_CURVE('',#2222,#2161,#1100,.T.);
#2695=EDGE_CURVE('',#2160,#2223,#1101,.T.);
#2696=EDGE_CURVE('',#2224,#2159,#1102,.T.);
#2697=EDGE_CURVE('',#2238,#2238,#2091,.T.);
#2698=EDGE_CURVE('',#2238,#2239,#1103,.T.);
#2699=EDGE_CURVE('',#2239,#2239,#2092,.T.);
#2700=EDGE_CURVE('',#2240,#2240,#2093,.T.);
#2701=EDGE_CURVE('',#2240,#2241,#1104,.T.);
#2702=EDGE_CURVE('',#2241,#2241,#2094,.T.);
#2703=EDGE_CURVE('',#2242,#2242,#2095,.T.);
#2704=EDGE_CURVE('',#2242,#2243,#1105,.T.);
#2705=EDGE_CURVE('',#2243,#2243,#2096,.T.);
#2706=EDGE_CURVE('',#2244,#2244,#2097,.T.);
#2707=EDGE_CURVE('',#2244,#2245,#1106,.T.);
#2708=EDGE_CURVE('',#2245,#2245,#2098,.T.);
#2709=EDGE_CURVE('',#2246,#2246,#2099,.T.);
#2710=EDGE_CURVE('',#2246,#2247,#1107,.T.);
#2711=EDGE_CURVE('',#2247,#2247,#2100,.T.);
#2712=EDGE_CURVE('',#2248,#2248,#2101,.T.);
#2713=EDGE_CURVE('',#2248,#2249,#1108,.T.);
#2714=EDGE_CURVE('',#2249,#2249,#2102,.T.);
#2715=EDGE_CURVE('',#2250,#2250,#2103,.T.);
#2716=EDGE_CURVE('',#2250,#2251,#1109,.T.);
#2717=EDGE_CURVE('',#2251,#2251,#2104,.T.);
#2718=EDGE_CURVE('',#2252,#2252,#2105,.T.);
#2719=EDGE_CURVE('',#2252,#2253,#1110,.T.);
#2720=EDGE_CURVE('',#2253,#2253,#2106,.T.);
#2721=EDGE_CURVE('',#2254,#2254,#2107,.T.);
#2722=EDGE_CURVE('',#2254,#2253,#1111,.T.);
#2723=EDGE_CURVE('',#2255,#2255,#2108,.T.);
#2724=EDGE_CURVE('',#2255,#2256,#1112,.T.);
#2725=EDGE_CURVE('',#2256,#2256,#2109,.T.);
#2726=EDGE_CURVE('',#2257,#2258,#2110,.T.);
#2727=EDGE_CURVE('',#2258,#2259,#1113,.T.);
#2728=EDGE_CURVE('',#2259,#2260,#2111,.T.);
#2729=EDGE_CURVE('',#2260,#2257,#1114,.T.);
#2730=EDGE_CURVE('',#2261,#2258,#1115,.T.);
#2731=EDGE_CURVE('',#2262,#2261,#1116,.T.);
#2732=EDGE_CURVE('',#2262,#2259,#1117,.T.);
#2733=EDGE_CURVE('',#2257,#2263,#1118,.T.);
#2734=EDGE_CURVE('',#2264,#2263,#2112,.T.);
#2735=EDGE_CURVE('',#2264,#2265,#1119,.T.);
#2736=EDGE_CURVE('',#2266,#2265,#2113,.T.);
#2737=EDGE_CURVE('',#2266,#2267,#1120,.T.);
#2738=EDGE_CURVE('',#2261,#2267,#2114,.T.);
#2739=EDGE_CURVE('',#2263,#2268,#1121,.T.);
#2740=EDGE_CURVE('',#2268,#2269,#2115,.T.);
#2741=EDGE_CURVE('',#2269,#2264,#1122,.T.);
#2742=EDGE_CURVE('',#2269,#2270,#1123,.T.);
#2743=EDGE_CURVE('',#2265,#2270,#1124,.T.);
#2744=EDGE_CURVE('',#2270,#2271,#2116,.T.);
#2745=EDGE_CURVE('',#2271,#2266,#1125,.T.);
#2746=EDGE_CURVE('',#2267,#2272,#1126,.T.);
#2747=EDGE_CURVE('',#2272,#2262,#2117,.T.);
#2748=EDGE_CURVE('',#2271,#2272,#1127,.T.);
#2749=EDGE_CURVE('',#2260,#2268,#1128,.T.);
#2750=EDGE_CURVE('',#2273,#2273,#2118,.T.);
#2751=EDGE_CURVE('',#2274,#2274,#2119,.T.);
#2752=EDGE_CURVE('',#2274,#2273,#1129,.T.);
#2753=EDGE_CURVE('',#2275,#2276,#1130,.T.);
#2754=EDGE_CURVE('',#2277,#2275,#1131,.T.);
#2755=EDGE_CURVE('',#2277,#2278,#1132,.T.);
#2756=EDGE_CURVE('',#2276,#2278,#1133,.T.);
#2757=EDGE_CURVE('',#2279,#2280,#1134,.T.);
#2758=EDGE_CURVE('',#2281,#2279,#1135,.T.);
#2759=EDGE_CURVE('',#2281,#2282,#1136,.T.);
#2760=EDGE_CURVE('',#2280,#2282,#1137,.T.);
#2761=EDGE_CURVE('',#2278,#2281,#1138,.T.);
#2762=EDGE_CURVE('',#2282,#2277,#1139,.T.);
#2763=EDGE_CURVE('',#2280,#2283,#1140,.T.);
#2764=EDGE_CURVE('',#2283,#2284,#1141,.T.);
#2765=EDGE_CURVE('',#2284,#2279,#1142,.T.);
#2766=EDGE_CURVE('',#2276,#2285,#1143,.T.);
#2767=EDGE_CURVE('',#2285,#2286,#1144,.T.);
#2768=EDGE_CURVE('',#2286,#2275,#1145,.T.);
#2769=EDGE_CURVE('',#2287,#2284,#1146,.T.);
#2770=EDGE_CURVE('',#2288,#2287,#1147,.T.);
#2771=EDGE_CURVE('',#2288,#2285,#1148,.T.);
#2772=EDGE_CURVE('',#2287,#2289,#1149,.T.);
#2773=EDGE_CURVE('',#2289,#2283,#1150,.T.);
#2774=EDGE_CURVE('',#2290,#2286,#1151,.T.);
#2775=EDGE_CURVE('',#2289,#2290,#1152,.T.);
#2776=EDGE_CURVE('',#2290,#2288,#1153,.T.);
#2777=EDGE_CURVE('',#2291,#2292,#1154,.T.);
#2778=EDGE_CURVE('',#2293,#2291,#2120,.T.);
#2779=EDGE_CURVE('',#2294,#2293,#1155,.T.);
#2780=EDGE_CURVE('',#2292,#2294,#2121,.T.);
#2781=EDGE_CURVE('',#2295,#2296,#1156,.T.);
#2782=EDGE_CURVE('',#2297,#2295,#2122,.T.);
#2783=EDGE_CURVE('',#2298,#2297,#1157,.T.);
#2784=EDGE_CURVE('',#2296,#2298,#2123,.T.);
#2785=EDGE_CURVE('',#2299,#2300,#1158,.T.);
#2786=EDGE_CURVE('',#2301,#2299,#1159,.T.);
#2787=EDGE_CURVE('',#2302,#2301,#1160,.T.);
#2788=EDGE_CURVE('',#2300,#2302,#1161,.T.);
#2789=EDGE_CURVE('',#2303,#2299,#1162,.T.);
#2790=EDGE_CURVE('',#2303,#2304,#1163,.T.);
#2791=EDGE_CURVE('',#2301,#2304,#1164,.T.);
#2792=EDGE_CURVE('',#2305,#2303,#1165,.T.);
#2793=EDGE_CURVE('',#2306,#2305,#1166,.T.);
#2794=EDGE_CURVE('',#2304,#2306,#1167,.T.);
#2795=EDGE_CURVE('',#2307,#2307,#2124,.T.);
#2796=EDGE_CURVE('',#2307,#2308,#1168,.T.);
#2797=EDGE_CURVE('',#2308,#2308,#2125,.T.);
#2798=EDGE_CURVE('',#2309,#2309,#2126,.T.);
#2799=EDGE_CURVE('',#2309,#2310,#1169,.T.);
#2800=EDGE_CURVE('',#2310,#2310,#2127,.T.);
#2801=EDGE_CURVE('',#2311,#2311,#2128,.T.);
#2802=EDGE_CURVE('',#2311,#2312,#1170,.T.);
#2803=EDGE_CURVE('',#2312,#2312,#2129,.T.);
#2804=EDGE_CURVE('',#2313,#2313,#2130,.T.);
#2805=EDGE_CURVE('',#2313,#2314,#1171,.T.);
#2806=EDGE_CURVE('',#2314,#2314,#2131,.T.);
#2807=EDGE_CURVE('',#2315,#2316,#2132,.T.);
#2808=EDGE_CURVE('',#2317,#2315,#1172,.T.);
#2809=EDGE_CURVE('',#2318,#2317,#2133,.T.);
#2810=EDGE_CURVE('',#2316,#2318,#1173,.T.);
#2811=EDGE_CURVE('',#2319,#2320,#2134,.T.);
#2812=EDGE_CURVE('',#2321,#2319,#1174,.T.);
#2813=EDGE_CURVE('',#2322,#2321,#2135,.T.);
#2814=EDGE_CURVE('',#2320,#2322,#1175,.T.);
#2815=EDGE_CURVE('',#2302,#2317,#1176,.T.);
#2816=EDGE_CURVE('',#2300,#2315,#1177,.T.);
#2817=EDGE_CURVE('',#2297,#2306,#1178,.T.);
#2818=EDGE_CURVE('',#2298,#2305,#1179,.T.);
#2819=EDGE_CURVE('',#2320,#2293,#1180,.T.);
#2820=EDGE_CURVE('',#2322,#2294,#1181,.T.);
#2821=EDGE_CURVE('',#2291,#2296,#1182,.T.);
#2822=EDGE_CURVE('',#2316,#2319,#1183,.T.);
#2823=EDGE_CURVE('',#2318,#2321,#1184,.T.);
#2824=EDGE_CURVE('',#2292,#2295,#1185,.T.);
#2825=EDGE_CURVE('',#2323,#2323,#2136,.T.);
#2826=EDGE_CURVE('',#2323,#2324,#1186,.T.);
#2827=EDGE_CURVE('',#2324,#2324,#2137,.T.);
#2828=EDGE_CURVE('',#2325,#2326,#1187,.T.);
#2829=EDGE_CURVE('',#2326,#2327,#1188,.T.);
#2830=EDGE_CURVE('',#2328,#2327,#1189,.T.);
#2831=EDGE_CURVE('',#2325,#2328,#1190,.T.);
#2832=EDGE_CURVE('',#2329,#2325,#1191,.T.);
#2833=EDGE_CURVE('',#2330,#2328,#1192,.T.);
#2834=EDGE_CURVE('',#2329,#2330,#1193,.T.);
#2835=EDGE_CURVE('',#2331,#2329,#1194,.T.);
#2836=EDGE_CURVE('',#2332,#2330,#1195,.T.);
#2837=EDGE_CURVE('',#2331,#2332,#1196,.T.);
#2838=EDGE_CURVE('',#2326,#2331,#1197,.T.);
#2839=EDGE_CURVE('',#2327,#2332,#1198,.T.);
#2840=EDGE_CURVE('',#2333,#2333,#2138,.T.);
#2841=EDGE_CURVE('',#2333,#2334,#1199,.T.);
#2842=EDGE_CURVE('',#2334,#2334,#2139,.T.);
#2843=EDGE_CURVE('',#2335,#2336,#1200,.T.);
#2844=EDGE_CURVE('',#2336,#2337,#1201,.T.);
#2845=EDGE_CURVE('',#2338,#2337,#1202,.T.);
#2846=EDGE_CURVE('',#2335,#2338,#1203,.T.);
#2847=EDGE_CURVE('',#2339,#2335,#1204,.T.);
#2848=EDGE_CURVE('',#2340,#2338,#1205,.T.);
#2849=EDGE_CURVE('',#2339,#2340,#1206,.T.);
#2850=EDGE_CURVE('',#2341,#2339,#1207,.T.);
#2851=EDGE_CURVE('',#2342,#2340,#1208,.T.);
#2852=EDGE_CURVE('',#2341,#2342,#1209,.T.);
#2853=EDGE_CURVE('',#2336,#2341,#1210,.T.);
#2854=EDGE_CURVE('',#2337,#2342,#1211,.T.);
#2855=EDGE_CURVE('',#2343,#2344,#1212,.T.);
#2856=EDGE_CURVE('',#2344,#2345,#1213,.T.);
#2857=EDGE_CURVE('',#2346,#2345,#1214,.T.);
#2858=EDGE_CURVE('',#2343,#2346,#1215,.T.);
#2859=EDGE_CURVE('',#2347,#2343,#1216,.T.);
#2860=EDGE_CURVE('',#2348,#2346,#1217,.T.);
#2861=EDGE_CURVE('',#2347,#2348,#1218,.T.);
#2862=EDGE_CURVE('',#2349,#2347,#1219,.T.);
#2863=EDGE_CURVE('',#2350,#2348,#1220,.T.);
#2864=EDGE_CURVE('',#2349,#2350,#1221,.T.);
#2865=EDGE_CURVE('',#2344,#2349,#1222,.T.);
#2866=EDGE_CURVE('',#2345,#2350,#1223,.T.);
#2867=EDGE_CURVE('',#2351,#2352,#1224,.T.);
#2868=EDGE_CURVE('',#2352,#2353,#1225,.T.);
#2869=EDGE_CURVE('',#2354,#2353,#1226,.T.);
#2870=EDGE_CURVE('',#2351,#2354,#1227,.T.);
#2871=EDGE_CURVE('',#2355,#2351,#1228,.T.);
#2872=EDGE_CURVE('',#2356,#2354,#1229,.T.);
#2873=EDGE_CURVE('',#2355,#2356,#1230,.T.);
#2874=EDGE_CURVE('',#2357,#2355,#1231,.T.);
#2875=EDGE_CURVE('',#2358,#2356,#1232,.T.);
#2876=EDGE_CURVE('',#2357,#2358,#1233,.T.);
#2877=EDGE_CURVE('',#2352,#2357,#1234,.T.);
#2878=EDGE_CURVE('',#2353,#2358,#1235,.T.);
#2879=EDGE_CURVE('',#2359,#2360,#1236,.T.);
#2880=EDGE_CURVE('',#2360,#2361,#1237,.T.);
#2881=EDGE_CURVE('',#2362,#2361,#1238,.T.);
#2882=EDGE_CURVE('',#2359,#2362,#1239,.T.);
#2883=EDGE_CURVE('',#2363,#2359,#1240,.T.);
#2884=EDGE_CURVE('',#2364,#2362,#1241,.T.);
#2885=EDGE_CURVE('',#2363,#2364,#1242,.T.);
#2886=EDGE_CURVE('',#2365,#2363,#1243,.T.);
#2887=EDGE_CURVE('',#2366,#2364,#1244,.T.);
#2888=EDGE_CURVE('',#2365,#2366,#1245,.T.);
#2889=EDGE_CURVE('',#2360,#2365,#1246,.T.);
#2890=EDGE_CURVE('',#2361,#2366,#1247,.T.);
#2891=EDGE_CURVE('',#2367,#2368,#1248,.T.);
#2892=EDGE_CURVE('',#2368,#2369,#1249,.T.);
#2893=EDGE_CURVE('',#2370,#2369,#1250,.T.);
#2894=EDGE_CURVE('',#2367,#2370,#1251,.T.);
#2895=EDGE_CURVE('',#2371,#2367,#1252,.T.);
#2896=EDGE_CURVE('',#2372,#2370,#1253,.T.);
#2897=EDGE_CURVE('',#2371,#2372,#1254,.T.);
#2898=EDGE_CURVE('',#2373,#2371,#1255,.T.);
#2899=EDGE_CURVE('',#2374,#2372,#1256,.T.);
#2900=EDGE_CURVE('',#2373,#2374,#1257,.T.);
#2901=EDGE_CURVE('',#2368,#2373,#1258,.T.);
#2902=EDGE_CURVE('',#2369,#2374,#1259,.T.);
#2903=EDGE_CURVE('',#2375,#2376,#1260,.T.);
#2904=EDGE_CURVE('',#2376,#2377,#1261,.T.);
#2905=EDGE_CURVE('',#2378,#2377,#1262,.T.);
#2906=EDGE_CURVE('',#2375,#2378,#1263,.T.);
#2907=EDGE_CURVE('',#2379,#2375,#1264,.T.);
#2908=EDGE_CURVE('',#2380,#2378,#1265,.T.);
#2909=EDGE_CURVE('',#2379,#2380,#1266,.T.);
#2910=EDGE_CURVE('',#2381,#2379,#1267,.T.);
#2911=EDGE_CURVE('',#2382,#2380,#1268,.T.);
#2912=EDGE_CURVE('',#2381,#2382,#1269,.T.);
#2913=EDGE_CURVE('',#2376,#2381,#1270,.T.);
#2914=EDGE_CURVE('',#2377,#2382,#1271,.T.);
#2915=EDGE_CURVE('',#2383,#2384,#1272,.T.);
#2916=EDGE_CURVE('',#2383,#2385,#1273,.T.);
#2917=EDGE_CURVE('',#2386,#2385,#1274,.T.);
#2918=EDGE_CURVE('',#2384,#2386,#1275,.T.);
#2919=EDGE_CURVE('',#2384,#2387,#1276,.T.);
#2920=EDGE_CURVE('',#2388,#2386,#1277,.T.);
#2921=EDGE_CURVE('',#2387,#2388,#1278,.T.);
#2922=EDGE_CURVE('',#2387,#2389,#1279,.T.);
#2923=EDGE_CURVE('',#2390,#2388,#1280,.T.);
#2924=EDGE_CURVE('',#2389,#2390,#1281,.T.);
#2925=EDGE_CURVE('',#2389,#2383,#1282,.T.);
#2926=EDGE_CURVE('',#2385,#2390,#1283,.T.);
#2927=EDGE_CURVE('',#2391,#2392,#1284,.T.);
#2928=EDGE_CURVE('',#2391,#2393,#1285,.T.);
#2929=EDGE_CURVE('',#2394,#2393,#1286,.T.);
#2930=EDGE_CURVE('',#2392,#2394,#1287,.T.);
#2931=EDGE_CURVE('',#2392,#2395,#1288,.T.);
#2932=EDGE_CURVE('',#2396,#2394,#1289,.T.);
#2933=EDGE_CURVE('',#2395,#2396,#1290,.T.);
#2934=EDGE_CURVE('',#2395,#2397,#1291,.T.);
#2935=EDGE_CURVE('',#2398,#2396,#1292,.T.);
#2936=EDGE_CURVE('',#2397,#2398,#1293,.T.);
#2937=EDGE_CURVE('',#2397,#2391,#1294,.T.);
#2938=EDGE_CURVE('',#2393,#2398,#1295,.T.);
#2939=EDGE_CURVE('',#2399,#2400,#1296,.T.);
#2940=EDGE_CURVE('',#2399,#2401,#1297,.T.);
#2941=EDGE_CURVE('',#2402,#2401,#1298,.T.);
#2942=EDGE_CURVE('',#2400,#2402,#1299,.T.);
#2943=EDGE_CURVE('',#2400,#2403,#1300,.T.);
#2944=EDGE_CURVE('',#2404,#2402,#1301,.T.);
#2945=EDGE_CURVE('',#2403,#2404,#1302,.T.);
#2946=EDGE_CURVE('',#2403,#2405,#1303,.T.);
#2947=EDGE_CURVE('',#2406,#2404,#1304,.T.);
#2948=EDGE_CURVE('',#2405,#2406,#1305,.T.);
#2949=EDGE_CURVE('',#2405,#2399,#1306,.T.);
#2950=EDGE_CURVE('',#2401,#2406,#1307,.T.);
#2951=EDGE_CURVE('',#2407,#2408,#1308,.T.);
#2952=EDGE_CURVE('',#2407,#2409,#1309,.T.);
#2953=EDGE_CURVE('',#2410,#2409,#1310,.T.);
#2954=EDGE_CURVE('',#2408,#2410,#1311,.T.);
#2955=EDGE_CURVE('',#2408,#2411,#1312,.T.);
#2956=EDGE_CURVE('',#2412,#2410,#1313,.T.);
#2957=EDGE_CURVE('',#2411,#2412,#1314,.T.);
#2958=EDGE_CURVE('',#2411,#2413,#1315,.T.);
#2959=EDGE_CURVE('',#2414,#2412,#1316,.T.);
#2960=EDGE_CURVE('',#2413,#2414,#1317,.T.);
#2961=EDGE_CURVE('',#2413,#2407,#1318,.T.);
#2962=EDGE_CURVE('',#2409,#2414,#1319,.T.);
#2963=EDGE_CURVE('',#2415,#2416,#1320,.T.);
#2964=EDGE_CURVE('',#2415,#2417,#1321,.T.);
#2965=EDGE_CURVE('',#2418,#2417,#1322,.T.);
#2966=EDGE_CURVE('',#2416,#2418,#1323,.T.);
#2967=EDGE_CURVE('',#2416,#2419,#1324,.T.);
#2968=EDGE_CURVE('',#2420,#2418,#1325,.T.);
#2969=EDGE_CURVE('',#2419,#2420,#1326,.T.);
#2970=EDGE_CURVE('',#2419,#2421,#1327,.T.);
#2971=EDGE_CURVE('',#2422,#2420,#1328,.T.);
#2972=EDGE_CURVE('',#2421,#2422,#1329,.T.);
#2973=EDGE_CURVE('',#2421,#2415,#1330,.T.);
#2974=EDGE_CURVE('',#2417,#2422,#1331,.T.);
#2975=EDGE_CURVE('',#2423,#2424,#1332,.T.);
#2976=EDGE_CURVE('',#2423,#2425,#1333,.T.);
#2977=EDGE_CURVE('',#2426,#2425,#1334,.T.);
#2978=EDGE_CURVE('',#2424,#2426,#1335,.T.);
#2979=EDGE_CURVE('',#2424,#2427,#1336,.T.);
#2980=EDGE_CURVE('',#2428,#2426,#1337,.T.);
#2981=EDGE_CURVE('',#2427,#2428,#1338,.T.);
#2982=EDGE_CURVE('',#2427,#2429,#1339,.T.);
#2983=EDGE_CURVE('',#2430,#2428,#1340,.T.);
#2984=EDGE_CURVE('',#2429,#2430,#1341,.T.);
#2985=EDGE_CURVE('',#2429,#2423,#1342,.T.);
#2986=EDGE_CURVE('',#2425,#2430,#1343,.T.);
#2987=EDGE_CURVE('',#2431,#2432,#1344,.T.);
#2988=EDGE_CURVE('',#2431,#2433,#1345,.T.);
#2989=EDGE_CURVE('',#2434,#2433,#1346,.T.);
#2990=EDGE_CURVE('',#2432,#2434,#1347,.T.);
#2991=EDGE_CURVE('',#2432,#2435,#1348,.T.);
#2992=EDGE_CURVE('',#2436,#2434,#1349,.T.);
#2993=EDGE_CURVE('',#2435,#2436,#1350,.T.);
#2994=EDGE_CURVE('',#2435,#2437,#1351,.T.);
#2995=EDGE_CURVE('',#2438,#2436,#1352,.T.);
#2996=EDGE_CURVE('',#2437,#2438,#1353,.T.);
#2997=EDGE_CURVE('',#2437,#2431,#1354,.T.);
#2998=EDGE_CURVE('',#2433,#2438,#1355,.T.);
#2999=EDGE_CURVE('',#2439,#2440,#1356,.T.);
#3000=EDGE_CURVE('',#2439,#2441,#1357,.T.);
#3001=EDGE_CURVE('',#2442,#2441,#1358,.T.);
#3002=EDGE_CURVE('',#2440,#2442,#1359,.T.);
#3003=EDGE_CURVE('',#2440,#2443,#1360,.T.);
#3004=EDGE_CURVE('',#2444,#2442,#1361,.T.);
#3005=EDGE_CURVE('',#2443,#2444,#1362,.T.);
#3006=EDGE_CURVE('',#2443,#2445,#1363,.T.);
#3007=EDGE_CURVE('',#2446,#2444,#1364,.T.);
#3008=EDGE_CURVE('',#2445,#2446,#1365,.T.);
#3009=EDGE_CURVE('',#2445,#2439,#1366,.T.);
#3010=EDGE_CURVE('',#2441,#2446,#1367,.T.);
#3011=EDGE_CURVE('',#2447,#2448,#1368,.T.);
#3012=EDGE_CURVE('',#2447,#2449,#1369,.T.);
#3013=EDGE_CURVE('',#2450,#2449,#1370,.T.);
#3014=EDGE_CURVE('',#2448,#2450,#1371,.T.);
#3015=EDGE_CURVE('',#2448,#2451,#1372,.T.);
#3016=EDGE_CURVE('',#2452,#2450,#1373,.T.);
#3017=EDGE_CURVE('',#2451,#2452,#1374,.T.);
#3018=EDGE_CURVE('',#2451,#2453,#1375,.T.);
#3019=EDGE_CURVE('',#2454,#2452,#1376,.T.);
#3020=EDGE_CURVE('',#2453,#2454,#1377,.T.);
#3021=EDGE_CURVE('',#2453,#2447,#1378,.T.);
#3022=EDGE_CURVE('',#2449,#2454,#1379,.T.);
#3023=EDGE_CURVE('',#2455,#2456,#1380,.T.);
#3024=EDGE_CURVE('',#2455,#2457,#1381,.T.);
#3025=EDGE_CURVE('',#2458,#2457,#1382,.T.);
#3026=EDGE_CURVE('',#2456,#2458,#1383,.T.);
#3027=EDGE_CURVE('',#2456,#2459,#1384,.T.);
#3028=EDGE_CURVE('',#2460,#2458,#1385,.T.);
#3029=EDGE_CURVE('',#2459,#2460,#1386,.T.);
#3030=EDGE_CURVE('',#2459,#2461,#1387,.T.);
#3031=EDGE_CURVE('',#2462,#2460,#1388,.T.);
#3032=EDGE_CURVE('',#2461,#2462,#1389,.T.);
#3033=EDGE_CURVE('',#2461,#2455,#1390,.T.);
#3034=EDGE_CURVE('',#2457,#2462,#1391,.T.);
#3035=EDGE_CURVE('',#2463,#2464,#1392,.T.);
#3036=EDGE_CURVE('',#2463,#2465,#1393,.T.);
#3037=EDGE_CURVE('',#2466,#2465,#1394,.T.);
#3038=EDGE_CURVE('',#2464,#2466,#1395,.T.);
#3039=EDGE_CURVE('',#2464,#2467,#1396,.T.);
#3040=EDGE_CURVE('',#2468,#2466,#1397,.T.);
#3041=EDGE_CURVE('',#2467,#2468,#1398,.T.);
#3042=EDGE_CURVE('',#2467,#2469,#1399,.T.);
#3043=EDGE_CURVE('',#2470,#2468,#1400,.T.);
#3044=EDGE_CURVE('',#2469,#2470,#1401,.T.);
#3045=EDGE_CURVE('',#2469,#2463,#1402,.T.);
#3046=EDGE_CURVE('',#2465,#2470,#1403,.T.);
#3047=EDGE_CURVE('',#2471,#2471,#2140,.T.);
#3048=EDGE_CURVE('',#2472,#2472,#2141,.T.);
#3049=EDGE_CURVE('',#2472,#2471,#1404,.T.);
#3050=EDGE_CURVE('',#2473,#2474,#1405,.T.);
#3051=EDGE_CURVE('',#2473,#2475,#1406,.T.);
#3052=EDGE_CURVE('',#2476,#2475,#1407,.T.);
#3053=EDGE_CURVE('',#2474,#2476,#1408,.T.);
#3054=EDGE_CURVE('',#2474,#2477,#1409,.T.);
#3055=EDGE_CURVE('',#2478,#2476,#1410,.T.);
#3056=EDGE_CURVE('',#2477,#2478,#1411,.T.);
#3057=EDGE_CURVE('',#2477,#2479,#1412,.T.);
#3058=EDGE_CURVE('',#2480,#2478,#1413,.T.);
#3059=EDGE_CURVE('',#2479,#2480,#1414,.T.);
#3060=EDGE_CURVE('',#2479,#2473,#1415,.T.);
#3061=EDGE_CURVE('',#2475,#2480,#1416,.T.);
#3062=EDGE_CURVE('',#2481,#2482,#1417,.T.);
#3063=EDGE_CURVE('',#2481,#2483,#1418,.T.);
#3064=EDGE_CURVE('',#2484,#2483,#1419,.T.);
#3065=EDGE_CURVE('',#2482,#2484,#1420,.T.);
#3066=EDGE_CURVE('',#2482,#2485,#1421,.T.);
#3067=EDGE_CURVE('',#2486,#2484,#1422,.T.);
#3068=EDGE_CURVE('',#2485,#2486,#1423,.T.);
#3069=EDGE_CURVE('',#2485,#2487,#1424,.T.);
#3070=EDGE_CURVE('',#2488,#2486,#1425,.T.);
#3071=EDGE_CURVE('',#2487,#2488,#1426,.T.);
#3072=EDGE_CURVE('',#2487,#2481,#1427,.T.);
#3073=EDGE_CURVE('',#2483,#2488,#1428,.T.);
#3074=EDGE_CURVE('',#2489,#2490,#1429,.T.);
#3075=EDGE_CURVE('',#2489,#2491,#1430,.T.);
#3076=EDGE_CURVE('',#2492,#2491,#1431,.T.);
#3077=EDGE_CURVE('',#2490,#2492,#1432,.T.);
#3078=EDGE_CURVE('',#2490,#2493,#1433,.T.);
#3079=EDGE_CURVE('',#2494,#2492,#1434,.T.);
#3080=EDGE_CURVE('',#2493,#2494,#1435,.T.);
#3081=EDGE_CURVE('',#2493,#2495,#1436,.T.);
#3082=EDGE_CURVE('',#2496,#2494,#1437,.T.);
#3083=EDGE_CURVE('',#2495,#2496,#1438,.T.);
#3084=EDGE_CURVE('',#2495,#2489,#1439,.T.);
#3085=EDGE_CURVE('',#2491,#2496,#1440,.T.);
#3086=EDGE_CURVE('',#2497,#2498,#1441,.T.);
#3087=EDGE_CURVE('',#2497,#2499,#1442,.T.);
#3088=EDGE_CURVE('',#2500,#2499,#1443,.T.);
#3089=EDGE_CURVE('',#2498,#2500,#1444,.T.);
#3090=EDGE_CURVE('',#2498,#2501,#1445,.T.);
#3091=EDGE_CURVE('',#2502,#2500,#1446,.T.);
#3092=EDGE_CURVE('',#2501,#2502,#1447,.T.);
#3093=EDGE_CURVE('',#2501,#2503,#1448,.T.);
#3094=EDGE_CURVE('',#2504,#2502,#1449,.T.);
#3095=EDGE_CURVE('',#2503,#2504,#1450,.T.);
#3096=EDGE_CURVE('',#2503,#2497,#1451,.T.);
#3097=EDGE_CURVE('',#2499,#2504,#1452,.T.);
#3098=EDGE_CURVE('',#2505,#2506,#1453,.T.);
#3099=EDGE_CURVE('',#2505,#2507,#1454,.T.);
#3100=EDGE_CURVE('',#2508,#2507,#1455,.T.);
#3101=EDGE_CURVE('',#2506,#2508,#1456,.T.);
#3102=EDGE_CURVE('',#2506,#2509,#1457,.T.);
#3103=EDGE_CURVE('',#2510,#2508,#1458,.T.);
#3104=EDGE_CURVE('',#2509,#2510,#1459,.T.);
#3105=EDGE_CURVE('',#2509,#2511,#1460,.T.);
#3106=EDGE_CURVE('',#2512,#2510,#1461,.T.);
#3107=EDGE_CURVE('',#2511,#2512,#1462,.T.);
#3108=EDGE_CURVE('',#2511,#2505,#1463,.T.);
#3109=EDGE_CURVE('',#2507,#2512,#1464,.T.);
#3110=EDGE_CURVE('',#2513,#2514,#1465,.T.);
#3111=EDGE_CURVE('',#2513,#2515,#1466,.T.);
#3112=EDGE_CURVE('',#2516,#2515,#1467,.T.);
#3113=EDGE_CURVE('',#2514,#2516,#1468,.T.);
#3114=EDGE_CURVE('',#2514,#2517,#1469,.T.);
#3115=EDGE_CURVE('',#2518,#2516,#1470,.T.);
#3116=EDGE_CURVE('',#2517,#2518,#1471,.T.);
#3117=EDGE_CURVE('',#2517,#2519,#1472,.T.);
#3118=EDGE_CURVE('',#2520,#2518,#1473,.T.);
#3119=EDGE_CURVE('',#2519,#2520,#1474,.T.);
#3120=EDGE_CURVE('',#2519,#2513,#1475,.T.);
#3121=EDGE_CURVE('',#2515,#2520,#1476,.T.);
#3122=EDGE_CURVE('',#2521,#2522,#1477,.T.);
#3123=EDGE_CURVE('',#2521,#2523,#1478,.T.);
#3124=EDGE_CURVE('',#2524,#2523,#1479,.T.);
#3125=EDGE_CURVE('',#2522,#2524,#1480,.T.);
#3126=EDGE_CURVE('',#2522,#2525,#1481,.T.);
#3127=EDGE_CURVE('',#2526,#2524,#1482,.T.);
#3128=EDGE_CURVE('',#2525,#2526,#1483,.T.);
#3129=EDGE_CURVE('',#2525,#2527,#1484,.T.);
#3130=EDGE_CURVE('',#2528,#2526,#1485,.T.);
#3131=EDGE_CURVE('',#2527,#2528,#1486,.T.);
#3132=EDGE_CURVE('',#2527,#2521,#1487,.T.);
#3133=EDGE_CURVE('',#2523,#2528,#1488,.T.);
#3134=EDGE_CURVE('',#2529,#2530,#1489,.T.);
#3135=EDGE_CURVE('',#2529,#2531,#1490,.T.);
#3136=EDGE_CURVE('',#2532,#2531,#1491,.T.);
#3137=EDGE_CURVE('',#2530,#2532,#1492,.T.);
#3138=EDGE_CURVE('',#2530,#2533,#1493,.T.);
#3139=EDGE_CURVE('',#2534,#2532,#1494,.T.);
#3140=EDGE_CURVE('',#2533,#2534,#1495,.T.);
#3141=EDGE_CURVE('',#2533,#2535,#1496,.T.);
#3142=EDGE_CURVE('',#2536,#2534,#1497,.T.);
#3143=EDGE_CURVE('',#2535,#2536,#1498,.T.);
#3144=EDGE_CURVE('',#2535,#2529,#1499,.T.);
#3145=EDGE_CURVE('',#2531,#2536,#1500,.T.);
#3146=EDGE_CURVE('',#2537,#2538,#1501,.T.);
#3147=EDGE_CURVE('',#2537,#2539,#1502,.T.);
#3148=EDGE_CURVE('',#2540,#2539,#1503,.T.);
#3149=EDGE_CURVE('',#2538,#2540,#1504,.T.);
#3150=EDGE_CURVE('',#2538,#2541,#1505,.T.);
#3151=EDGE_CURVE('',#2542,#2540,#1506,.T.);
#3152=EDGE_CURVE('',#2541,#2542,#1507,.T.);
#3153=EDGE_CURVE('',#2541,#2543,#1508,.T.);
#3154=EDGE_CURVE('',#2544,#2542,#1509,.T.);
#3155=EDGE_CURVE('',#2543,#2544,#1510,.T.);
#3156=EDGE_CURVE('',#2543,#2537,#1511,.T.);
#3157=EDGE_CURVE('',#2539,#2544,#1512,.T.);
#3158=EDGE_CURVE('',#2545,#2546,#1513,.T.);
#3159=EDGE_CURVE('',#2545,#2547,#1514,.T.);
#3160=EDGE_CURVE('',#2548,#2547,#1515,.T.);
#3161=EDGE_CURVE('',#2546,#2548,#1516,.T.);
#3162=EDGE_CURVE('',#2546,#2549,#1517,.T.);
#3163=EDGE_CURVE('',#2550,#2548,#1518,.T.);
#3164=EDGE_CURVE('',#2549,#2550,#1519,.T.);
#3165=EDGE_CURVE('',#2549,#2551,#1520,.T.);
#3166=EDGE_CURVE('',#2552,#2550,#1521,.T.);
#3167=EDGE_CURVE('',#2551,#2552,#1522,.T.);
#3168=EDGE_CURVE('',#2551,#2545,#1523,.T.);
#3169=EDGE_CURVE('',#2547,#2552,#1524,.T.);
#3170=ORIENTED_EDGE('',*,*,#2553,.F.);
#3171=ORIENTED_EDGE('',*,*,#2554,.T.);
#3172=ORIENTED_EDGE('',*,*,#2555,.T.);
#3173=ORIENTED_EDGE('',*,*,#2554,.F.);
#3174=ORIENTED_EDGE('',*,*,#2555,.F.);
#3175=ORIENTED_EDGE('',*,*,#2556,.F.);
#3176=ORIENTED_EDGE('',*,*,#2557,.T.);
#3177=ORIENTED_EDGE('',*,*,#2558,.T.);
#3178=ORIENTED_EDGE('',*,*,#2557,.F.);
#3179=ORIENTED_EDGE('',*,*,#2558,.F.);
#3180=ORIENTED_EDGE('',*,*,#2559,.F.);
#3181=ORIENTED_EDGE('',*,*,#2560,.T.);
#3182=ORIENTED_EDGE('',*,*,#2561,.T.);
#3183=ORIENTED_EDGE('',*,*,#2560,.F.);
#3184=ORIENTED_EDGE('',*,*,#2561,.F.);
#3185=ORIENTED_EDGE('',*,*,#2562,.F.);
#3186=ORIENTED_EDGE('',*,*,#2563,.T.);
#3187=ORIENTED_EDGE('',*,*,#2564,.T.);
#3188=ORIENTED_EDGE('',*,*,#2563,.F.);
#3189=ORIENTED_EDGE('',*,*,#2564,.F.);
#3190=ORIENTED_EDGE('',*,*,#2565,.F.);
#3191=ORIENTED_EDGE('',*,*,#2566,.T.);
#3192=ORIENTED_EDGE('',*,*,#2567,.F.);
#3193=ORIENTED_EDGE('',*,*,#2566,.F.);
#3194=ORIENTED_EDGE('',*,*,#2568,.F.);
#3195=ORIENTED_EDGE('',*,*,#2569,.F.);
#3196=ORIENTED_EDGE('',*,*,#2570,.F.);
#3197=ORIENTED_EDGE('',*,*,#2571,.T.);
#3198=ORIENTED_EDGE('',*,*,#2565,.T.);
#3199=ORIENTED_EDGE('',*,*,#2562,.T.);
#3200=ORIENTED_EDGE('',*,*,#2568,.T.);
#3201=ORIENTED_EDGE('',*,*,#2572,.F.);
#3202=ORIENTED_EDGE('',*,*,#2570,.T.);
#3203=ORIENTED_EDGE('',*,*,#2573,.T.);
#3204=ORIENTED_EDGE('',*,*,#2574,.F.);
#3205=ORIENTED_EDGE('',*,*,#2575,.F.);
#3206=ORIENTED_EDGE('',*,*,#2576,.F.);
#3207=ORIENTED_EDGE('',*,*,#2577,.F.);
#3208=ORIENTED_EDGE('',*,*,#2578,.F.);
#3209=ORIENTED_EDGE('',*,*,#2579,.F.);
#3210=ORIENTED_EDGE('',*,*,#2580,.F.);
#3211=ORIENTED_EDGE('',*,*,#2581,.F.);
#3212=ORIENTED_EDGE('',*,*,#2582,.T.);
#3213=ORIENTED_EDGE('',*,*,#2583,.T.);
#3214=ORIENTED_EDGE('',*,*,#2584,.T.);
#3215=ORIENTED_EDGE('',*,*,#2585,.T.);
#3216=ORIENTED_EDGE('',*,*,#2586,.T.);
#3217=ORIENTED_EDGE('',*,*,#2587,.T.);
#3218=ORIENTED_EDGE('',*,*,#2588,.T.);
#3219=ORIENTED_EDGE('',*,*,#2589,.T.);
#3220=ORIENTED_EDGE('',*,*,#2572,.T.);
#3221=ORIENTED_EDGE('',*,*,#2571,.F.);
#3222=ORIENTED_EDGE('',*,*,#2590,.T.);
#3223=ORIENTED_EDGE('',*,*,#2591,.F.);
#3224=ORIENTED_EDGE('',*,*,#2592,.T.);
#3225=ORIENTED_EDGE('',*,*,#2593,.F.);
#3226=ORIENTED_EDGE('',*,*,#2594,.T.);
#3227=ORIENTED_EDGE('',*,*,#2595,.F.);
#3228=ORIENTED_EDGE('',*,*,#2596,.F.);
#3229=ORIENTED_EDGE('',*,*,#2597,.T.);
#3230=ORIENTED_EDGE('',*,*,#2598,.F.);
#3231=ORIENTED_EDGE('',*,*,#2597,.F.);
#3232=ORIENTED_EDGE('',*,*,#2599,.F.);
#3233=ORIENTED_EDGE('',*,*,#2600,.F.);
#3234=ORIENTED_EDGE('',*,*,#2601,.F.);
#3235=ORIENTED_EDGE('',*,*,#2591,.T.);
#3236=ORIENTED_EDGE('',*,*,#2596,.T.);
#3237=ORIENTED_EDGE('',*,*,#2559,.T.);
#3238=ORIENTED_EDGE('',*,*,#2599,.T.);
#3239=ORIENTED_EDGE('',*,*,#2590,.F.);
#3240=ORIENTED_EDGE('',*,*,#2601,.T.);
#3241=ORIENTED_EDGE('',*,*,#2602,.T.);
#3242=ORIENTED_EDGE('',*,*,#2603,.F.);
#3243=ORIENTED_EDGE('',*,*,#2604,.T.);
#3244=ORIENTED_EDGE('',*,*,#2605,.F.);
#3245=ORIENTED_EDGE('',*,*,#2604,.F.);
#3246=ORIENTED_EDGE('',*,*,#2606,.F.);
#3247=ORIENTED_EDGE('',*,*,#2607,.F.);
#3248=ORIENTED_EDGE('',*,*,#2608,.F.);
#3249=ORIENTED_EDGE('',*,*,#2593,.T.);
#3250=ORIENTED_EDGE('',*,*,#2603,.T.);
#3251=ORIENTED_EDGE('',*,*,#2556,.T.);
#3252=ORIENTED_EDGE('',*,*,#2606,.T.);
#3253=ORIENTED_EDGE('',*,*,#2592,.F.);
#3254=ORIENTED_EDGE('',*,*,#2608,.T.);
#3255=ORIENTED_EDGE('',*,*,#2609,.T.);
#3256=ORIENTED_EDGE('',*,*,#2610,.F.);
#3257=ORIENTED_EDGE('',*,*,#2611,.T.);
#3258=ORIENTED_EDGE('',*,*,#2612,.F.);
#3259=ORIENTED_EDGE('',*,*,#2611,.F.);
#3260=ORIENTED_EDGE('',*,*,#2613,.F.);
#3261=ORIENTED_EDGE('',*,*,#2614,.F.);
#3262=ORIENTED_EDGE('',*,*,#2615,.F.);
#3263=ORIENTED_EDGE('',*,*,#2595,.T.);
#3264=ORIENTED_EDGE('',*,*,#2610,.T.);
#3265=ORIENTED_EDGE('',*,*,#2553,.T.);
#3266=ORIENTED_EDGE('',*,*,#2613,.T.);
#3267=ORIENTED_EDGE('',*,*,#2594,.F.);
#3268=ORIENTED_EDGE('',*,*,#2615,.T.);
#3269=ORIENTED_EDGE('',*,*,#2616,.T.);
#3270=ORIENTED_EDGE('',*,*,#2614,.T.);
#3271=ORIENTED_EDGE('',*,*,#2616,.F.);
#3272=ORIENTED_EDGE('',*,*,#2607,.T.);
#3273=ORIENTED_EDGE('',*,*,#2609,.F.);
#3274=ORIENTED_EDGE('',*,*,#2600,.T.);
#3275=ORIENTED_EDGE('',*,*,#2602,.F.);
#3276=ORIENTED_EDGE('',*,*,#2569,.T.);
#3277=ORIENTED_EDGE('',*,*,#2573,.F.);
#3278=ORIENTED_EDGE('',*,*,#2617,.F.);
#3279=ORIENTED_EDGE('',*,*,#2618,.F.);
#3280=ORIENTED_EDGE('',*,*,#2588,.F.);
#3281=ORIENTED_EDGE('',*,*,#2619,.T.);
#3282=ORIENTED_EDGE('',*,*,#2620,.F.);
#3283=ORIENTED_EDGE('',*,*,#2619,.F.);
#3284=ORIENTED_EDGE('',*,*,#2587,.F.);
#3285=ORIENTED_EDGE('',*,*,#2621,.F.);
#3286=ORIENTED_EDGE('',*,*,#2622,.F.);
#3287=ORIENTED_EDGE('',*,*,#2621,.T.);
#3288=ORIENTED_EDGE('',*,*,#2586,.F.);
#3289=ORIENTED_EDGE('',*,*,#2623,.T.);
#3290=ORIENTED_EDGE('',*,*,#2624,.F.);
#3291=ORIENTED_EDGE('',*,*,#2623,.F.);
#3292=ORIENTED_EDGE('',*,*,#2589,.F.);
#3293=ORIENTED_EDGE('',*,*,#2618,.T.);
#3294=ORIENTED_EDGE('',*,*,#2625,.F.);
#3295=ORIENTED_EDGE('',*,*,#2626,.F.);
#3296=ORIENTED_EDGE('',*,*,#2584,.F.);
#3297=ORIENTED_EDGE('',*,*,#2627,.T.);
#3298=ORIENTED_EDGE('',*,*,#2628,.F.);
#3299=ORIENTED_EDGE('',*,*,#2627,.F.);
#3300=ORIENTED_EDGE('',*,*,#2583,.F.);
#3301=ORIENTED_EDGE('',*,*,#2629,.F.);
#3302=ORIENTED_EDGE('',*,*,#2630,.F.);
#3303=ORIENTED_EDGE('',*,*,#2629,.T.);
#3304=ORIENTED_EDGE('',*,*,#2582,.F.);
#3305=ORIENTED_EDGE('',*,*,#2631,.T.);
#3306=ORIENTED_EDGE('',*,*,#2632,.F.);
#3307=ORIENTED_EDGE('',*,*,#2631,.F.);
#3308=ORIENTED_EDGE('',*,*,#2585,.F.);
#3309=ORIENTED_EDGE('',*,*,#2626,.T.);
#3310=ORIENTED_EDGE('',*,*,#2633,.F.);
#3311=ORIENTED_EDGE('',*,*,#2634,.T.);
#3312=ORIENTED_EDGE('',*,*,#2635,.F.);
#3313=ORIENTED_EDGE('',*,*,#2634,.F.);
#3314=ORIENTED_EDGE('',*,*,#2636,.F.);
#3315=ORIENTED_EDGE('',*,*,#2637,.T.);
#3316=ORIENTED_EDGE('',*,*,#2638,.F.);
#3317=ORIENTED_EDGE('',*,*,#2637,.F.);
#3318=ORIENTED_EDGE('',*,*,#2639,.F.);
#3319=ORIENTED_EDGE('',*,*,#2640,.T.);
#3320=ORIENTED_EDGE('',*,*,#2641,.F.);
#3321=ORIENTED_EDGE('',*,*,#2640,.F.);
#3322=ORIENTED_EDGE('',*,*,#2642,.F.);
#3323=ORIENTED_EDGE('',*,*,#2643,.T.);
#3324=ORIENTED_EDGE('',*,*,#2644,.F.);
#3325=ORIENTED_EDGE('',*,*,#2643,.F.);
#3326=ORIENTED_EDGE('',*,*,#2645,.F.);
#3327=ORIENTED_EDGE('',*,*,#2646,.T.);
#3328=ORIENTED_EDGE('',*,*,#2647,.T.);
#3329=ORIENTED_EDGE('',*,*,#2646,.F.);
#3330=ORIENTED_EDGE('',*,*,#2647,.F.);
#3331=ORIENTED_EDGE('',*,*,#2648,.F.);
#3332=ORIENTED_EDGE('',*,*,#2649,.T.);
#3333=ORIENTED_EDGE('',*,*,#2650,.T.);
#3334=ORIENTED_EDGE('',*,*,#2649,.F.);
#3335=ORIENTED_EDGE('',*,*,#2650,.F.);
#3336=ORIENTED_EDGE('',*,*,#2651,.F.);
#3337=ORIENTED_EDGE('',*,*,#2652,.T.);
#3338=ORIENTED_EDGE('',*,*,#2653,.T.);
#3339=ORIENTED_EDGE('',*,*,#2652,.F.);
#3340=ORIENTED_EDGE('',*,*,#2653,.F.);
#3341=ORIENTED_EDGE('',*,*,#2654,.F.);
#3342=ORIENTED_EDGE('',*,*,#2655,.T.);
#3343=ORIENTED_EDGE('',*,*,#2656,.T.);
#3344=ORIENTED_EDGE('',*,*,#2655,.F.);
#3345=ORIENTED_EDGE('',*,*,#2656,.F.);
#3346=ORIENTED_EDGE('',*,*,#2657,.F.);
#3347=ORIENTED_EDGE('',*,*,#2658,.F.);
#3348=ORIENTED_EDGE('',*,*,#2659,.F.);
#3349=ORIENTED_EDGE('',*,*,#2660,.F.);
#3350=ORIENTED_EDGE('',*,*,#2661,.F.);
#3351=ORIENTED_EDGE('',*,*,#2662,.T.);
#3352=ORIENTED_EDGE('',*,*,#2663,.F.);
#3353=ORIENTED_EDGE('',*,*,#2664,.T.);
#3354=ORIENTED_EDGE('',*,*,#2665,.F.);
#3355=ORIENTED_EDGE('',*,*,#2666,.T.);
#3356=ORIENTED_EDGE('',*,*,#2667,.F.);
#3357=ORIENTED_EDGE('',*,*,#2668,.T.);
#3358=ORIENTED_EDGE('',*,*,#2660,.T.);
#3359=ORIENTED_EDGE('',*,*,#2669,.T.);
#3360=ORIENTED_EDGE('',*,*,#2670,.T.);
#3361=ORIENTED_EDGE('',*,*,#2671,.T.);
#3362=ORIENTED_EDGE('',*,*,#2672,.T.);
#3363=ORIENTED_EDGE('',*,*,#2673,.T.);
#3364=ORIENTED_EDGE('',*,*,#2674,.T.);
#3365=ORIENTED_EDGE('',*,*,#2675,.T.);
#3366=ORIENTED_EDGE('',*,*,#2654,.T.);
#3367=ORIENTED_EDGE('',*,*,#2651,.T.);
#3368=ORIENTED_EDGE('',*,*,#2648,.T.);
#3369=ORIENTED_EDGE('',*,*,#2645,.T.);
#3370=ORIENTED_EDGE('',*,*,#2659,.T.);
#3371=ORIENTED_EDGE('',*,*,#2676,.F.);
#3372=ORIENTED_EDGE('',*,*,#2677,.T.);
#3373=ORIENTED_EDGE('',*,*,#2669,.F.);
#3374=ORIENTED_EDGE('',*,*,#2678,.F.);
#3375=ORIENTED_EDGE('',*,*,#2672,.F.);
#3376=ORIENTED_EDGE('',*,*,#2679,.F.);
#3377=ORIENTED_EDGE('',*,*,#2680,.F.);
#3378=ORIENTED_EDGE('',*,*,#2658,.T.);
#3379=ORIENTED_EDGE('',*,*,#2681,.T.);
#3380=ORIENTED_EDGE('',*,*,#2682,.T.);
#3381=ORIENTED_EDGE('',*,*,#2683,.T.);
#3382=ORIENTED_EDGE('',*,*,#2680,.T.);
#3383=ORIENTED_EDGE('',*,*,#2684,.T.);
#3384=ORIENTED_EDGE('',*,*,#2685,.T.);
#3385=ORIENTED_EDGE('',*,*,#2676,.T.);
#3386=ORIENTED_EDGE('',*,*,#2567,.T.);
#3387=ORIENTED_EDGE('',*,*,#2598,.T.);
#3388=ORIENTED_EDGE('',*,*,#2605,.T.);
#3389=ORIENTED_EDGE('',*,*,#2612,.T.);
#3390=ORIENTED_EDGE('',*,*,#2622,.T.);
#3391=ORIENTED_EDGE('',*,*,#2624,.T.);
#3392=ORIENTED_EDGE('',*,*,#2617,.T.);
#3393=ORIENTED_EDGE('',*,*,#2620,.T.);
#3394=ORIENTED_EDGE('',*,*,#2630,.T.);
#3395=ORIENTED_EDGE('',*,*,#2632,.T.);
#3396=ORIENTED_EDGE('',*,*,#2625,.T.);
#3397=ORIENTED_EDGE('',*,*,#2628,.T.);
#3398=ORIENTED_EDGE('',*,*,#2679,.T.);
#3399=ORIENTED_EDGE('',*,*,#2671,.F.);
#3400=ORIENTED_EDGE('',*,*,#2686,.T.);
#3401=ORIENTED_EDGE('',*,*,#2684,.F.);
#3402=ORIENTED_EDGE('',*,*,#2635,.T.);
#3403=ORIENTED_EDGE('',*,*,#2638,.T.);
#3404=ORIENTED_EDGE('',*,*,#2641,.T.);
#3405=ORIENTED_EDGE('',*,*,#2644,.T.);
#3406=ORIENTED_EDGE('',*,*,#2686,.F.);
#3407=ORIENTED_EDGE('',*,*,#2670,.F.);
#3408=ORIENTED_EDGE('',*,*,#2677,.F.);
#3409=ORIENTED_EDGE('',*,*,#2685,.F.);
#3410=ORIENTED_EDGE('',*,*,#2687,.F.);
#3411=ORIENTED_EDGE('',*,*,#2682,.F.);
#3412=ORIENTED_EDGE('',*,*,#2688,.F.);
#3413=ORIENTED_EDGE('',*,*,#2674,.F.);
#3414=ORIENTED_EDGE('',*,*,#2678,.T.);
#3415=ORIENTED_EDGE('',*,*,#2683,.F.);
#3416=ORIENTED_EDGE('',*,*,#2687,.T.);
#3417=ORIENTED_EDGE('',*,*,#2673,.F.);
#3418=ORIENTED_EDGE('',*,*,#2657,.T.);
#3419=ORIENTED_EDGE('',*,*,#2675,.F.);
#3420=ORIENTED_EDGE('',*,*,#2688,.T.);
#3421=ORIENTED_EDGE('',*,*,#2681,.F.);
#3422=ORIENTED_EDGE('',*,*,#2661,.T.);
#3423=ORIENTED_EDGE('',*,*,#2689,.T.);
#3424=ORIENTED_EDGE('',*,*,#2574,.T.);
#3425=ORIENTED_EDGE('',*,*,#2690,.T.);
#3426=ORIENTED_EDGE('',*,*,#2689,.F.);
#3427=ORIENTED_EDGE('',*,*,#2668,.F.);
#3428=ORIENTED_EDGE('',*,*,#2691,.F.);
#3429=ORIENTED_EDGE('',*,*,#2575,.T.);
#3430=ORIENTED_EDGE('',*,*,#2663,.T.);
#3431=ORIENTED_EDGE('',*,*,#2692,.T.);
#3432=ORIENTED_EDGE('',*,*,#2580,.T.);
#3433=ORIENTED_EDGE('',*,*,#2693,.T.);
#3434=ORIENTED_EDGE('',*,*,#2693,.F.);
#3435=ORIENTED_EDGE('',*,*,#2579,.T.);
#3436=ORIENTED_EDGE('',*,*,#2694,.F.);
#3437=ORIENTED_EDGE('',*,*,#2664,.F.);
#3438=ORIENTED_EDGE('',*,*,#2665,.T.);
#3439=ORIENTED_EDGE('',*,*,#2694,.T.);
#3440=ORIENTED_EDGE('',*,*,#2578,.T.);
#3441=ORIENTED_EDGE('',*,*,#2695,.T.);
#3442=ORIENTED_EDGE('',*,*,#2667,.T.);
#3443=ORIENTED_EDGE('',*,*,#2696,.T.);
#3444=ORIENTED_EDGE('',*,*,#2576,.T.);
#3445=ORIENTED_EDGE('',*,*,#2691,.T.);
#3446=ORIENTED_EDGE('',*,*,#2695,.F.);
#3447=ORIENTED_EDGE('',*,*,#2577,.T.);
#3448=ORIENTED_EDGE('',*,*,#2696,.F.);
#3449=ORIENTED_EDGE('',*,*,#2666,.F.);
#3450=ORIENTED_EDGE('',*,*,#2690,.F.);
#3451=ORIENTED_EDGE('',*,*,#2581,.T.);
#3452=ORIENTED_EDGE('',*,*,#2692,.F.);
#3453=ORIENTED_EDGE('',*,*,#2662,.F.);
#3454=ORIENTED_EDGE('',*,*,#2633,.T.);
#3455=ORIENTED_EDGE('',*,*,#2636,.T.);
#3456=ORIENTED_EDGE('',*,*,#2639,.T.);
#3457=ORIENTED_EDGE('',*,*,#2642,.T.);
#3458=ORIENTED_EDGE('',*,*,#2697,.F.);
#3459=ORIENTED_EDGE('',*,*,#2698,.T.);
#3460=ORIENTED_EDGE('',*,*,#2699,.F.);
#3461=ORIENTED_EDGE('',*,*,#2698,.F.);
#3462=ORIENTED_EDGE('',*,*,#2700,.F.);
#3463=ORIENTED_EDGE('',*,*,#2701,.T.);
#3464=ORIENTED_EDGE('',*,*,#2702,.F.);
#3465=ORIENTED_EDGE('',*,*,#2701,.F.);
#3466=ORIENTED_EDGE('',*,*,#2703,.F.);
#3467=ORIENTED_EDGE('',*,*,#2704,.T.);
#3468=ORIENTED_EDGE('',*,*,#2705,.F.);
#3469=ORIENTED_EDGE('',*,*,#2704,.F.);
#3470=ORIENTED_EDGE('',*,*,#2706,.F.);
#3471=ORIENTED_EDGE('',*,*,#2707,.T.);
#3472=ORIENTED_EDGE('',*,*,#2708,.F.);
#3473=ORIENTED_EDGE('',*,*,#2707,.F.);
#3474=ORIENTED_EDGE('',*,*,#2709,.F.);
#3475=ORIENTED_EDGE('',*,*,#2710,.T.);
#3476=ORIENTED_EDGE('',*,*,#2711,.F.);
#3477=ORIENTED_EDGE('',*,*,#2710,.F.);
#3478=ORIENTED_EDGE('',*,*,#2712,.F.);
#3479=ORIENTED_EDGE('',*,*,#2713,.T.);
#3480=ORIENTED_EDGE('',*,*,#2714,.F.);
#3481=ORIENTED_EDGE('',*,*,#2713,.F.);
#3482=ORIENTED_EDGE('',*,*,#2715,.F.);
#3483=ORIENTED_EDGE('',*,*,#2716,.T.);
#3484=ORIENTED_EDGE('',*,*,#2717,.F.);
#3485=ORIENTED_EDGE('',*,*,#2716,.F.);
#3486=ORIENTED_EDGE('',*,*,#2715,.T.);
#3487=ORIENTED_EDGE('',*,*,#2714,.T.);
#3488=ORIENTED_EDGE('',*,*,#2718,.T.);
#3489=ORIENTED_EDGE('',*,*,#2719,.T.);
#3490=ORIENTED_EDGE('',*,*,#2720,.T.);
#3491=ORIENTED_EDGE('',*,*,#2719,.F.);
#3492=ORIENTED_EDGE('',*,*,#2721,.F.);
#3493=ORIENTED_EDGE('',*,*,#2722,.T.);
#3494=ORIENTED_EDGE('',*,*,#2720,.F.);
#3495=ORIENTED_EDGE('',*,*,#2722,.F.);
#3496=ORIENTED_EDGE('',*,*,#2723,.T.);
#3497=ORIENTED_EDGE('',*,*,#2718,.F.);
#3498=ORIENTED_EDGE('',*,*,#2723,.F.);
#3499=ORIENTED_EDGE('',*,*,#2724,.T.);
#3500=ORIENTED_EDGE('',*,*,#2725,.F.);
#3501=ORIENTED_EDGE('',*,*,#2724,.F.);
#3502=ORIENTED_EDGE('',*,*,#2726,.T.);
#3503=ORIENTED_EDGE('',*,*,#2727,.T.);
#3504=ORIENTED_EDGE('',*,*,#2728,.T.);
#3505=ORIENTED_EDGE('',*,*,#2729,.T.);
#3506=ORIENTED_EDGE('',*,*,#2727,.F.);
#3507=ORIENTED_EDGE('',*,*,#2730,.F.);
#3508=ORIENTED_EDGE('',*,*,#2731,.F.);
#3509=ORIENTED_EDGE('',*,*,#2732,.T.);
#3510=ORIENTED_EDGE('',*,*,#2726,.F.);
#3511=ORIENTED_EDGE('',*,*,#2733,.T.);
#3512=ORIENTED_EDGE('',*,*,#2734,.F.);
#3513=ORIENTED_EDGE('',*,*,#2735,.T.);
#3514=ORIENTED_EDGE('',*,*,#2736,.F.);
#3515=ORIENTED_EDGE('',*,*,#2737,.T.);
#3516=ORIENTED_EDGE('',*,*,#2738,.F.);
#3517=ORIENTED_EDGE('',*,*,#2730,.T.);
#3518=ORIENTED_EDGE('',*,*,#2725,.T.);
#3519=ORIENTED_EDGE('',*,*,#2717,.T.);
#3520=ORIENTED_EDGE('',*,*,#2711,.T.);
#3521=ORIENTED_EDGE('',*,*,#2708,.T.);
#3522=ORIENTED_EDGE('',*,*,#2705,.T.);
#3523=ORIENTED_EDGE('',*,*,#2702,.T.);
#3524=ORIENTED_EDGE('',*,*,#2699,.T.);
#3525=ORIENTED_EDGE('',*,*,#2734,.T.);
#3526=ORIENTED_EDGE('',*,*,#2739,.T.);
#3527=ORIENTED_EDGE('',*,*,#2740,.T.);
#3528=ORIENTED_EDGE('',*,*,#2741,.T.);
#3529=ORIENTED_EDGE('',*,*,#2741,.F.);
#3530=ORIENTED_EDGE('',*,*,#2742,.T.);
#3531=ORIENTED_EDGE('',*,*,#2743,.F.);
#3532=ORIENTED_EDGE('',*,*,#2735,.F.);
#3533=ORIENTED_EDGE('',*,*,#2736,.T.);
#3534=ORIENTED_EDGE('',*,*,#2743,.T.);
#3535=ORIENTED_EDGE('',*,*,#2744,.T.);
#3536=ORIENTED_EDGE('',*,*,#2745,.T.);
#3537=ORIENTED_EDGE('',*,*,#2738,.T.);
#3538=ORIENTED_EDGE('',*,*,#2746,.T.);
#3539=ORIENTED_EDGE('',*,*,#2747,.T.);
#3540=ORIENTED_EDGE('',*,*,#2731,.T.);
#3541=ORIENTED_EDGE('',*,*,#2745,.F.);
#3542=ORIENTED_EDGE('',*,*,#2748,.T.);
#3543=ORIENTED_EDGE('',*,*,#2746,.F.);
#3544=ORIENTED_EDGE('',*,*,#2737,.F.);
#3545=ORIENTED_EDGE('',*,*,#2729,.F.);
#3546=ORIENTED_EDGE('',*,*,#2749,.T.);
#3547=ORIENTED_EDGE('',*,*,#2739,.F.);
#3548=ORIENTED_EDGE('',*,*,#2733,.F.);
#3549=ORIENTED_EDGE('',*,*,#2728,.F.);
#3550=ORIENTED_EDGE('',*,*,#2732,.F.);
#3551=ORIENTED_EDGE('',*,*,#2747,.F.);
#3552=ORIENTED_EDGE('',*,*,#2748,.F.);
#3553=ORIENTED_EDGE('',*,*,#2744,.F.);
#3554=ORIENTED_EDGE('',*,*,#2742,.F.);
#3555=ORIENTED_EDGE('',*,*,#2740,.F.);
#3556=ORIENTED_EDGE('',*,*,#2749,.F.);
#3557=ORIENTED_EDGE('',*,*,#2721,.T.);
#3558=ORIENTED_EDGE('',*,*,#2712,.T.);
#3559=ORIENTED_EDGE('',*,*,#2709,.T.);
#3560=ORIENTED_EDGE('',*,*,#2706,.T.);
#3561=ORIENTED_EDGE('',*,*,#2703,.T.);
#3562=ORIENTED_EDGE('',*,*,#2700,.T.);
#3563=ORIENTED_EDGE('',*,*,#2697,.T.);
#3564=ORIENTED_EDGE('',*,*,#2750,.T.);
#3565=ORIENTED_EDGE('',*,*,#2751,.F.);
#3566=ORIENTED_EDGE('',*,*,#2752,.T.);
#3567=ORIENTED_EDGE('',*,*,#2750,.F.);
#3568=ORIENTED_EDGE('',*,*,#2752,.F.);
#3569=ORIENTED_EDGE('',*,*,#2751,.T.);
#3570=ORIENTED_EDGE('',*,*,#2753,.F.);
#3571=ORIENTED_EDGE('',*,*,#2754,.F.);
#3572=ORIENTED_EDGE('',*,*,#2755,.T.);
#3573=ORIENTED_EDGE('',*,*,#2756,.F.);
#3574=ORIENTED_EDGE('',*,*,#2757,.F.);
#3575=ORIENTED_EDGE('',*,*,#2758,.F.);
#3576=ORIENTED_EDGE('',*,*,#2759,.T.);
#3577=ORIENTED_EDGE('',*,*,#2760,.F.);
#3578=ORIENTED_EDGE('',*,*,#2761,.F.);
#3579=ORIENTED_EDGE('',*,*,#2755,.F.);
#3580=ORIENTED_EDGE('',*,*,#2762,.F.);
#3581=ORIENTED_EDGE('',*,*,#2759,.F.);
#3582=ORIENTED_EDGE('',*,*,#2757,.T.);
#3583=ORIENTED_EDGE('',*,*,#2763,.T.);
#3584=ORIENTED_EDGE('',*,*,#2764,.T.);
#3585=ORIENTED_EDGE('',*,*,#2765,.T.);
#3586=ORIENTED_EDGE('',*,*,#2753,.T.);
#3587=ORIENTED_EDGE('',*,*,#2766,.T.);
#3588=ORIENTED_EDGE('',*,*,#2767,.T.);
#3589=ORIENTED_EDGE('',*,*,#2768,.T.);
#3590=ORIENTED_EDGE('',*,*,#2756,.T.);
#3591=ORIENTED_EDGE('',*,*,#2761,.T.);
#3592=ORIENTED_EDGE('',*,*,#2758,.T.);
#3593=ORIENTED_EDGE('',*,*,#2765,.F.);
#3594=ORIENTED_EDGE('',*,*,#2769,.F.);
#3595=ORIENTED_EDGE('',*,*,#2770,.F.);
#3596=ORIENTED_EDGE('',*,*,#2771,.T.);
#3597=ORIENTED_EDGE('',*,*,#2766,.F.);
#3598=ORIENTED_EDGE('',*,*,#2772,.F.);
#3599=ORIENTED_EDGE('',*,*,#2769,.T.);
#3600=ORIENTED_EDGE('',*,*,#2764,.F.);
#3601=ORIENTED_EDGE('',*,*,#2773,.F.);
#3602=ORIENTED_EDGE('',*,*,#2754,.T.);
#3603=ORIENTED_EDGE('',*,*,#2768,.F.);
#3604=ORIENTED_EDGE('',*,*,#2774,.F.);
#3605=ORIENTED_EDGE('',*,*,#2775,.F.);
#3606=ORIENTED_EDGE('',*,*,#2773,.T.);
#3607=ORIENTED_EDGE('',*,*,#2763,.F.);
#3608=ORIENTED_EDGE('',*,*,#2760,.T.);
#3609=ORIENTED_EDGE('',*,*,#2762,.T.);
#3610=ORIENTED_EDGE('',*,*,#2776,.F.);
#3611=ORIENTED_EDGE('',*,*,#2774,.T.);
#3612=ORIENTED_EDGE('',*,*,#2767,.F.);
#3613=ORIENTED_EDGE('',*,*,#2771,.F.);
#3614=ORIENTED_EDGE('',*,*,#2770,.T.);
#3615=ORIENTED_EDGE('',*,*,#2772,.T.);
#3616=ORIENTED_EDGE('',*,*,#2775,.T.);
#3617=ORIENTED_EDGE('',*,*,#2776,.T.);
#3618=ORIENTED_EDGE('',*,*,#2777,.F.);
#3619=ORIENTED_EDGE('',*,*,#2778,.F.);
#3620=ORIENTED_EDGE('',*,*,#2779,.F.);
#3621=ORIENTED_EDGE('',*,*,#2780,.F.);
#3622=ORIENTED_EDGE('',*,*,#2781,.F.);
#3623=ORIENTED_EDGE('',*,*,#2782,.F.);
#3624=ORIENTED_EDGE('',*,*,#2783,.F.);
#3625=ORIENTED_EDGE('',*,*,#2784,.F.);
#3626=ORIENTED_EDGE('',*,*,#2785,.F.);
#3627=ORIENTED_EDGE('',*,*,#2786,.F.);
#3628=ORIENTED_EDGE('',*,*,#2787,.F.);
#3629=ORIENTED_EDGE('',*,*,#2788,.F.);
#3630=ORIENTED_EDGE('',*,*,#2789,.F.);
#3631=ORIENTED_EDGE('',*,*,#2790,.T.);
#3632=ORIENTED_EDGE('',*,*,#2791,.F.);
#3633=ORIENTED_EDGE('',*,*,#2786,.T.);
#3634=ORIENTED_EDGE('',*,*,#2792,.F.);
#3635=ORIENTED_EDGE('',*,*,#2793,.F.);
#3636=ORIENTED_EDGE('',*,*,#2794,.F.);
#3637=ORIENTED_EDGE('',*,*,#2790,.F.);
#3638=ORIENTED_EDGE('',*,*,#2795,.F.);
#3639=ORIENTED_EDGE('',*,*,#2796,.T.);
#3640=ORIENTED_EDGE('',*,*,#2797,.F.);
#3641=ORIENTED_EDGE('',*,*,#2796,.F.);
#3642=ORIENTED_EDGE('',*,*,#2798,.F.);
#3643=ORIENTED_EDGE('',*,*,#2799,.T.);
#3644=ORIENTED_EDGE('',*,*,#2800,.F.);
#3645=ORIENTED_EDGE('',*,*,#2799,.F.);
#3646=ORIENTED_EDGE('',*,*,#2801,.F.);
#3647=ORIENTED_EDGE('',*,*,#2802,.T.);
#3648=ORIENTED_EDGE('',*,*,#2803,.F.);
#3649=ORIENTED_EDGE('',*,*,#2802,.F.);
#3650=ORIENTED_EDGE('',*,*,#2804,.F.);
#3651=ORIENTED_EDGE('',*,*,#2805,.T.);
#3652=ORIENTED_EDGE('',*,*,#2806,.F.);
#3653=ORIENTED_EDGE('',*,*,#2805,.F.);
#3654=ORIENTED_EDGE('',*,*,#2807,.F.);
#3655=ORIENTED_EDGE('',*,*,#2808,.F.);
#3656=ORIENTED_EDGE('',*,*,#2809,.F.);
#3657=ORIENTED_EDGE('',*,*,#2810,.F.);
#3658=ORIENTED_EDGE('',*,*,#2811,.F.);
#3659=ORIENTED_EDGE('',*,*,#2812,.F.);
#3660=ORIENTED_EDGE('',*,*,#2813,.F.);
#3661=ORIENTED_EDGE('',*,*,#2814,.F.);
#3662=ORIENTED_EDGE('',*,*,#2788,.T.);
#3663=ORIENTED_EDGE('',*,*,#2815,.T.);
#3664=ORIENTED_EDGE('',*,*,#2808,.T.);
#3665=ORIENTED_EDGE('',*,*,#2816,.F.);
#3666=ORIENTED_EDGE('',*,*,#2783,.T.);
#3667=ORIENTED_EDGE('',*,*,#2817,.T.);
#3668=ORIENTED_EDGE('',*,*,#2793,.T.);
#3669=ORIENTED_EDGE('',*,*,#2818,.F.);
#3670=ORIENTED_EDGE('',*,*,#2779,.T.);
#3671=ORIENTED_EDGE('',*,*,#2819,.F.);
#3672=ORIENTED_EDGE('',*,*,#2814,.T.);
#3673=ORIENTED_EDGE('',*,*,#2820,.T.);
#3674=ORIENTED_EDGE('',*,*,#2778,.T.);
#3675=ORIENTED_EDGE('',*,*,#2821,.T.);
#3676=ORIENTED_EDGE('',*,*,#2784,.T.);
#3677=ORIENTED_EDGE('',*,*,#2818,.T.);
#3678=ORIENTED_EDGE('',*,*,#2792,.T.);
#3679=ORIENTED_EDGE('',*,*,#2789,.T.);
#3680=ORIENTED_EDGE('',*,*,#2785,.T.);
#3681=ORIENTED_EDGE('',*,*,#2816,.T.);
#3682=ORIENTED_EDGE('',*,*,#2807,.T.);
#3683=ORIENTED_EDGE('',*,*,#2822,.T.);
#3684=ORIENTED_EDGE('',*,*,#2811,.T.);
#3685=ORIENTED_EDGE('',*,*,#2819,.T.);
#3686=ORIENTED_EDGE('',*,*,#2806,.T.);
#3687=ORIENTED_EDGE('',*,*,#2803,.T.);
#3688=ORIENTED_EDGE('',*,*,#2800,.T.);
#3689=ORIENTED_EDGE('',*,*,#2797,.T.);
#3690=ORIENTED_EDGE('',*,*,#2780,.T.);
#3691=ORIENTED_EDGE('',*,*,#2820,.F.);
#3692=ORIENTED_EDGE('',*,*,#2813,.T.);
#3693=ORIENTED_EDGE('',*,*,#2823,.F.);
#3694=ORIENTED_EDGE('',*,*,#2809,.T.);
#3695=ORIENTED_EDGE('',*,*,#2815,.F.);
#3696=ORIENTED_EDGE('',*,*,#2787,.T.);
#3697=ORIENTED_EDGE('',*,*,#2791,.T.);
#3698=ORIENTED_EDGE('',*,*,#2794,.T.);
#3699=ORIENTED_EDGE('',*,*,#2817,.F.);
#3700=ORIENTED_EDGE('',*,*,#2782,.T.);
#3701=ORIENTED_EDGE('',*,*,#2824,.F.);
#3702=ORIENTED_EDGE('',*,*,#2804,.T.);
#3703=ORIENTED_EDGE('',*,*,#2801,.T.);
#3704=ORIENTED_EDGE('',*,*,#2798,.T.);
#3705=ORIENTED_EDGE('',*,*,#2795,.T.);
#3706=ORIENTED_EDGE('',*,*,#2777,.T.);
#3707=ORIENTED_EDGE('',*,*,#2824,.T.);
#3708=ORIENTED_EDGE('',*,*,#2781,.T.);
#3709=ORIENTED_EDGE('',*,*,#2821,.F.);
#3710=ORIENTED_EDGE('',*,*,#2810,.T.);
#3711=ORIENTED_EDGE('',*,*,#2823,.T.);
#3712=ORIENTED_EDGE('',*,*,#2812,.T.);
#3713=ORIENTED_EDGE('',*,*,#2822,.F.);
#3714=ORIENTED_EDGE('',*,*,#2825,.F.);
#3715=ORIENTED_EDGE('',*,*,#2826,.T.);
#3716=ORIENTED_EDGE('',*,*,#2827,.T.);
#3717=ORIENTED_EDGE('',*,*,#2826,.F.);
#3718=ORIENTED_EDGE('',*,*,#2825,.T.);
#3719=ORIENTED_EDGE('',*,*,#2827,.F.);
#3720=ORIENTED_EDGE('',*,*,#2828,.T.);
#3721=ORIENTED_EDGE('',*,*,#2829,.T.);
#3722=ORIENTED_EDGE('',*,*,#2830,.F.);
#3723=ORIENTED_EDGE('',*,*,#2831,.F.);
#3724=ORIENTED_EDGE('',*,*,#2832,.T.);
#3725=ORIENTED_EDGE('',*,*,#2831,.T.);
#3726=ORIENTED_EDGE('',*,*,#2833,.F.);
#3727=ORIENTED_EDGE('',*,*,#2834,.F.);
#3728=ORIENTED_EDGE('',*,*,#2835,.T.);
#3729=ORIENTED_EDGE('',*,*,#2834,.T.);
#3730=ORIENTED_EDGE('',*,*,#2836,.F.);
#3731=ORIENTED_EDGE('',*,*,#2837,.F.);
#3732=ORIENTED_EDGE('',*,*,#2838,.T.);
#3733=ORIENTED_EDGE('',*,*,#2837,.T.);
#3734=ORIENTED_EDGE('',*,*,#2839,.F.);
#3735=ORIENTED_EDGE('',*,*,#2829,.F.);
#3736=ORIENTED_EDGE('',*,*,#2839,.T.);
#3737=ORIENTED_EDGE('',*,*,#2836,.T.);
#3738=ORIENTED_EDGE('',*,*,#2833,.T.);
#3739=ORIENTED_EDGE('',*,*,#2830,.T.);
#3740=ORIENTED_EDGE('',*,*,#2838,.F.);
#3741=ORIENTED_EDGE('',*,*,#2828,.F.);
#3742=ORIENTED_EDGE('',*,*,#2832,.F.);
#3743=ORIENTED_EDGE('',*,*,#2835,.F.);
#3744=ORIENTED_EDGE('',*,*,#2840,.F.);
#3745=ORIENTED_EDGE('',*,*,#2841,.T.);
#3746=ORIENTED_EDGE('',*,*,#2842,.T.);
#3747=ORIENTED_EDGE('',*,*,#2841,.F.);
#3748=ORIENTED_EDGE('',*,*,#2840,.T.);
#3749=ORIENTED_EDGE('',*,*,#2842,.F.);
#3750=ORIENTED_EDGE('',*,*,#2843,.T.);
#3751=ORIENTED_EDGE('',*,*,#2844,.T.);
#3752=ORIENTED_EDGE('',*,*,#2845,.F.);
#3753=ORIENTED_EDGE('',*,*,#2846,.F.);
#3754=ORIENTED_EDGE('',*,*,#2847,.T.);
#3755=ORIENTED_EDGE('',*,*,#2846,.T.);
#3756=ORIENTED_EDGE('',*,*,#2848,.F.);
#3757=ORIENTED_EDGE('',*,*,#2849,.F.);
#3758=ORIENTED_EDGE('',*,*,#2850,.T.);
#3759=ORIENTED_EDGE('',*,*,#2849,.T.);
#3760=ORIENTED_EDGE('',*,*,#2851,.F.);
#3761=ORIENTED_EDGE('',*,*,#2852,.F.);
#3762=ORIENTED_EDGE('',*,*,#2853,.T.);
#3763=ORIENTED_EDGE('',*,*,#2852,.T.);
#3764=ORIENTED_EDGE('',*,*,#2854,.F.);
#3765=ORIENTED_EDGE('',*,*,#2844,.F.);
#3766=ORIENTED_EDGE('',*,*,#2854,.T.);
#3767=ORIENTED_EDGE('',*,*,#2851,.T.);
#3768=ORIENTED_EDGE('',*,*,#2848,.T.);
#3769=ORIENTED_EDGE('',*,*,#2845,.T.);
#3770=ORIENTED_EDGE('',*,*,#2853,.F.);
#3771=ORIENTED_EDGE('',*,*,#2843,.F.);
#3772=ORIENTED_EDGE('',*,*,#2847,.F.);
#3773=ORIENTED_EDGE('',*,*,#2850,.F.);
#3774=ORIENTED_EDGE('',*,*,#2855,.T.);
#3775=ORIENTED_EDGE('',*,*,#2856,.T.);
#3776=ORIENTED_EDGE('',*,*,#2857,.F.);
#3777=ORIENTED_EDGE('',*,*,#2858,.F.);
#3778=ORIENTED_EDGE('',*,*,#2859,.T.);
#3779=ORIENTED_EDGE('',*,*,#2858,.T.);
#3780=ORIENTED_EDGE('',*,*,#2860,.F.);
#3781=ORIENTED_EDGE('',*,*,#2861,.F.);
#3782=ORIENTED_EDGE('',*,*,#2862,.T.);
#3783=ORIENTED_EDGE('',*,*,#2861,.T.);
#3784=ORIENTED_EDGE('',*,*,#2863,.F.);
#3785=ORIENTED_EDGE('',*,*,#2864,.F.);
#3786=ORIENTED_EDGE('',*,*,#2865,.T.);
#3787=ORIENTED_EDGE('',*,*,#2864,.T.);
#3788=ORIENTED_EDGE('',*,*,#2866,.F.);
#3789=ORIENTED_EDGE('',*,*,#2856,.F.);
#3790=ORIENTED_EDGE('',*,*,#2866,.T.);
#3791=ORIENTED_EDGE('',*,*,#2863,.T.);
#3792=ORIENTED_EDGE('',*,*,#2860,.T.);
#3793=ORIENTED_EDGE('',*,*,#2857,.T.);
#3794=ORIENTED_EDGE('',*,*,#2865,.F.);
#3795=ORIENTED_EDGE('',*,*,#2855,.F.);
#3796=ORIENTED_EDGE('',*,*,#2859,.F.);
#3797=ORIENTED_EDGE('',*,*,#2862,.F.);
#3798=ORIENTED_EDGE('',*,*,#2867,.T.);
#3799=ORIENTED_EDGE('',*,*,#2868,.T.);
#3800=ORIENTED_EDGE('',*,*,#2869,.F.);
#3801=ORIENTED_EDGE('',*,*,#2870,.F.);
#3802=ORIENTED_EDGE('',*,*,#2871,.T.);
#3803=ORIENTED_EDGE('',*,*,#2870,.T.);
#3804=ORIENTED_EDGE('',*,*,#2872,.F.);
#3805=ORIENTED_EDGE('',*,*,#2873,.F.);
#3806=ORIENTED_EDGE('',*,*,#2874,.T.);
#3807=ORIENTED_EDGE('',*,*,#2873,.T.);
#3808=ORIENTED_EDGE('',*,*,#2875,.F.);
#3809=ORIENTED_EDGE('',*,*,#2876,.F.);
#3810=ORIENTED_EDGE('',*,*,#2877,.T.);
#3811=ORIENTED_EDGE('',*,*,#2876,.T.);
#3812=ORIENTED_EDGE('',*,*,#2878,.F.);
#3813=ORIENTED_EDGE('',*,*,#2868,.F.);
#3814=ORIENTED_EDGE('',*,*,#2878,.T.);
#3815=ORIENTED_EDGE('',*,*,#2875,.T.);
#3816=ORIENTED_EDGE('',*,*,#2872,.T.);
#3817=ORIENTED_EDGE('',*,*,#2869,.T.);
#3818=ORIENTED_EDGE('',*,*,#2877,.F.);
#3819=ORIENTED_EDGE('',*,*,#2867,.F.);
#3820=ORIENTED_EDGE('',*,*,#2871,.F.);
#3821=ORIENTED_EDGE('',*,*,#2874,.F.);
#3822=ORIENTED_EDGE('',*,*,#2879,.T.);
#3823=ORIENTED_EDGE('',*,*,#2880,.T.);
#3824=ORIENTED_EDGE('',*,*,#2881,.F.);
#3825=ORIENTED_EDGE('',*,*,#2882,.F.);
#3826=ORIENTED_EDGE('',*,*,#2883,.T.);
#3827=ORIENTED_EDGE('',*,*,#2882,.T.);
#3828=ORIENTED_EDGE('',*,*,#2884,.F.);
#3829=ORIENTED_EDGE('',*,*,#2885,.F.);
#3830=ORIENTED_EDGE('',*,*,#2886,.T.);
#3831=ORIENTED_EDGE('',*,*,#2885,.T.);
#3832=ORIENTED_EDGE('',*,*,#2887,.F.);
#3833=ORIENTED_EDGE('',*,*,#2888,.F.);
#3834=ORIENTED_EDGE('',*,*,#2889,.T.);
#3835=ORIENTED_EDGE('',*,*,#2888,.T.);
#3836=ORIENTED_EDGE('',*,*,#2890,.F.);
#3837=ORIENTED_EDGE('',*,*,#2880,.F.);
#3838=ORIENTED_EDGE('',*,*,#2890,.T.);
#3839=ORIENTED_EDGE('',*,*,#2887,.T.);
#3840=ORIENTED_EDGE('',*,*,#2884,.T.);
#3841=ORIENTED_EDGE('',*,*,#2881,.T.);
#3842=ORIENTED_EDGE('',*,*,#2889,.F.);
#3843=ORIENTED_EDGE('',*,*,#2879,.F.);
#3844=ORIENTED_EDGE('',*,*,#2883,.F.);
#3845=ORIENTED_EDGE('',*,*,#2886,.F.);
#3846=ORIENTED_EDGE('',*,*,#2891,.T.);
#3847=ORIENTED_EDGE('',*,*,#2892,.T.);
#3848=ORIENTED_EDGE('',*,*,#2893,.F.);
#3849=ORIENTED_EDGE('',*,*,#2894,.F.);
#3850=ORIENTED_EDGE('',*,*,#2895,.T.);
#3851=ORIENTED_EDGE('',*,*,#2894,.T.);
#3852=ORIENTED_EDGE('',*,*,#2896,.F.);
#3853=ORIENTED_EDGE('',*,*,#2897,.F.);
#3854=ORIENTED_EDGE('',*,*,#2898,.T.);
#3855=ORIENTED_EDGE('',*,*,#2897,.T.);
#3856=ORIENTED_EDGE('',*,*,#2899,.F.);
#3857=ORIENTED_EDGE('',*,*,#2900,.F.);
#3858=ORIENTED_EDGE('',*,*,#2901,.T.);
#3859=ORIENTED_EDGE('',*,*,#2900,.T.);
#3860=ORIENTED_EDGE('',*,*,#2902,.F.);
#3861=ORIENTED_EDGE('',*,*,#2892,.F.);
#3862=ORIENTED_EDGE('',*,*,#2902,.T.);
#3863=ORIENTED_EDGE('',*,*,#2899,.T.);
#3864=ORIENTED_EDGE('',*,*,#2896,.T.);
#3865=ORIENTED_EDGE('',*,*,#2893,.T.);
#3866=ORIENTED_EDGE('',*,*,#2901,.F.);
#3867=ORIENTED_EDGE('',*,*,#2891,.F.);
#3868=ORIENTED_EDGE('',*,*,#2895,.F.);
#3869=ORIENTED_EDGE('',*,*,#2898,.F.);
#3870=ORIENTED_EDGE('',*,*,#2903,.T.);
#3871=ORIENTED_EDGE('',*,*,#2904,.T.);
#3872=ORIENTED_EDGE('',*,*,#2905,.F.);
#3873=ORIENTED_EDGE('',*,*,#2906,.F.);
#3874=ORIENTED_EDGE('',*,*,#2907,.T.);
#3875=ORIENTED_EDGE('',*,*,#2906,.T.);
#3876=ORIENTED_EDGE('',*,*,#2908,.F.);
#3877=ORIENTED_EDGE('',*,*,#2909,.F.);
#3878=ORIENTED_EDGE('',*,*,#2910,.T.);
#3879=ORIENTED_EDGE('',*,*,#2909,.T.);
#3880=ORIENTED_EDGE('',*,*,#2911,.F.);
#3881=ORIENTED_EDGE('',*,*,#2912,.F.);
#3882=ORIENTED_EDGE('',*,*,#2913,.T.);
#3883=ORIENTED_EDGE('',*,*,#2912,.T.);
#3884=ORIENTED_EDGE('',*,*,#2914,.F.);
#3885=ORIENTED_EDGE('',*,*,#2904,.F.);
#3886=ORIENTED_EDGE('',*,*,#2914,.T.);
#3887=ORIENTED_EDGE('',*,*,#2911,.T.);
#3888=ORIENTED_EDGE('',*,*,#2908,.T.);
#3889=ORIENTED_EDGE('',*,*,#2905,.T.);
#3890=ORIENTED_EDGE('',*,*,#2913,.F.);
#3891=ORIENTED_EDGE('',*,*,#2903,.F.);
#3892=ORIENTED_EDGE('',*,*,#2907,.F.);
#3893=ORIENTED_EDGE('',*,*,#2910,.F.);
#3894=ORIENTED_EDGE('',*,*,#2915,.F.);
#3895=ORIENTED_EDGE('',*,*,#2916,.T.);
#3896=ORIENTED_EDGE('',*,*,#2917,.F.);
#3897=ORIENTED_EDGE('',*,*,#2918,.F.);
#3898=ORIENTED_EDGE('',*,*,#2919,.F.);
#3899=ORIENTED_EDGE('',*,*,#2918,.T.);
#3900=ORIENTED_EDGE('',*,*,#2920,.F.);
#3901=ORIENTED_EDGE('',*,*,#2921,.F.);
#3902=ORIENTED_EDGE('',*,*,#2922,.F.);
#3903=ORIENTED_EDGE('',*,*,#2921,.T.);
#3904=ORIENTED_EDGE('',*,*,#2923,.F.);
#3905=ORIENTED_EDGE('',*,*,#2924,.F.);
#3906=ORIENTED_EDGE('',*,*,#2925,.F.);
#3907=ORIENTED_EDGE('',*,*,#2924,.T.);
#3908=ORIENTED_EDGE('',*,*,#2926,.F.);
#3909=ORIENTED_EDGE('',*,*,#2916,.F.);
#3910=ORIENTED_EDGE('',*,*,#2925,.T.);
#3911=ORIENTED_EDGE('',*,*,#2915,.T.);
#3912=ORIENTED_EDGE('',*,*,#2919,.T.);
#3913=ORIENTED_EDGE('',*,*,#2922,.T.);
#3914=ORIENTED_EDGE('',*,*,#2926,.T.);
#3915=ORIENTED_EDGE('',*,*,#2923,.T.);
#3916=ORIENTED_EDGE('',*,*,#2920,.T.);
#3917=ORIENTED_EDGE('',*,*,#2917,.T.);
#3918=ORIENTED_EDGE('',*,*,#2927,.F.);
#3919=ORIENTED_EDGE('',*,*,#2928,.T.);
#3920=ORIENTED_EDGE('',*,*,#2929,.F.);
#3921=ORIENTED_EDGE('',*,*,#2930,.F.);
#3922=ORIENTED_EDGE('',*,*,#2931,.F.);
#3923=ORIENTED_EDGE('',*,*,#2930,.T.);
#3924=ORIENTED_EDGE('',*,*,#2932,.F.);
#3925=ORIENTED_EDGE('',*,*,#2933,.F.);
#3926=ORIENTED_EDGE('',*,*,#2934,.F.);
#3927=ORIENTED_EDGE('',*,*,#2933,.T.);
#3928=ORIENTED_EDGE('',*,*,#2935,.F.);
#3929=ORIENTED_EDGE('',*,*,#2936,.F.);
#3930=ORIENTED_EDGE('',*,*,#2937,.F.);
#3931=ORIENTED_EDGE('',*,*,#2936,.T.);
#3932=ORIENTED_EDGE('',*,*,#2938,.F.);
#3933=ORIENTED_EDGE('',*,*,#2928,.F.);
#3934=ORIENTED_EDGE('',*,*,#2937,.T.);
#3935=ORIENTED_EDGE('',*,*,#2927,.T.);
#3936=ORIENTED_EDGE('',*,*,#2931,.T.);
#3937=ORIENTED_EDGE('',*,*,#2934,.T.);
#3938=ORIENTED_EDGE('',*,*,#2938,.T.);
#3939=ORIENTED_EDGE('',*,*,#2935,.T.);
#3940=ORIENTED_EDGE('',*,*,#2932,.T.);
#3941=ORIENTED_EDGE('',*,*,#2929,.T.);
#3942=ORIENTED_EDGE('',*,*,#2939,.F.);
#3943=ORIENTED_EDGE('',*,*,#2940,.T.);
#3944=ORIENTED_EDGE('',*,*,#2941,.F.);
#3945=ORIENTED_EDGE('',*,*,#2942,.F.);
#3946=ORIENTED_EDGE('',*,*,#2943,.F.);
#3947=ORIENTED_EDGE('',*,*,#2942,.T.);
#3948=ORIENTED_EDGE('',*,*,#2944,.F.);
#3949=ORIENTED_EDGE('',*,*,#2945,.F.);
#3950=ORIENTED_EDGE('',*,*,#2946,.F.);
#3951=ORIENTED_EDGE('',*,*,#2945,.T.);
#3952=ORIENTED_EDGE('',*,*,#2947,.F.);
#3953=ORIENTED_EDGE('',*,*,#2948,.F.);
#3954=ORIENTED_EDGE('',*,*,#2949,.F.);
#3955=ORIENTED_EDGE('',*,*,#2948,.T.);
#3956=ORIENTED_EDGE('',*,*,#2950,.F.);
#3957=ORIENTED_EDGE('',*,*,#2940,.F.);
#3958=ORIENTED_EDGE('',*,*,#2949,.T.);
#3959=ORIENTED_EDGE('',*,*,#2939,.T.);
#3960=ORIENTED_EDGE('',*,*,#2943,.T.);
#3961=ORIENTED_EDGE('',*,*,#2946,.T.);
#3962=ORIENTED_EDGE('',*,*,#2950,.T.);
#3963=ORIENTED_EDGE('',*,*,#2947,.T.);
#3964=ORIENTED_EDGE('',*,*,#2944,.T.);
#3965=ORIENTED_EDGE('',*,*,#2941,.T.);
#3966=ORIENTED_EDGE('',*,*,#2951,.F.);
#3967=ORIENTED_EDGE('',*,*,#2952,.T.);
#3968=ORIENTED_EDGE('',*,*,#2953,.F.);
#3969=ORIENTED_EDGE('',*,*,#2954,.F.);
#3970=ORIENTED_EDGE('',*,*,#2955,.F.);
#3971=ORIENTED_EDGE('',*,*,#2954,.T.);
#3972=ORIENTED_EDGE('',*,*,#2956,.F.);
#3973=ORIENTED_EDGE('',*,*,#2957,.F.);
#3974=ORIENTED_EDGE('',*,*,#2958,.F.);
#3975=ORIENTED_EDGE('',*,*,#2957,.T.);
#3976=ORIENTED_EDGE('',*,*,#2959,.F.);
#3977=ORIENTED_EDGE('',*,*,#2960,.F.);
#3978=ORIENTED_EDGE('',*,*,#2961,.F.);
#3979=ORIENTED_EDGE('',*,*,#2960,.T.);
#3980=ORIENTED_EDGE('',*,*,#2962,.F.);
#3981=ORIENTED_EDGE('',*,*,#2952,.F.);
#3982=ORIENTED_EDGE('',*,*,#2961,.T.);
#3983=ORIENTED_EDGE('',*,*,#2951,.T.);
#3984=ORIENTED_EDGE('',*,*,#2955,.T.);
#3985=ORIENTED_EDGE('',*,*,#2958,.T.);
#3986=ORIENTED_EDGE('',*,*,#2962,.T.);
#3987=ORIENTED_EDGE('',*,*,#2959,.T.);
#3988=ORIENTED_EDGE('',*,*,#2956,.T.);
#3989=ORIENTED_EDGE('',*,*,#2953,.T.);
#3990=ORIENTED_EDGE('',*,*,#2963,.F.);
#3991=ORIENTED_EDGE('',*,*,#2964,.T.);
#3992=ORIENTED_EDGE('',*,*,#2965,.F.);
#3993=ORIENTED_EDGE('',*,*,#2966,.F.);
#3994=ORIENTED_EDGE('',*,*,#2967,.F.);
#3995=ORIENTED_EDGE('',*,*,#2966,.T.);
#3996=ORIENTED_EDGE('',*,*,#2968,.F.);
#3997=ORIENTED_EDGE('',*,*,#2969,.F.);
#3998=ORIENTED_EDGE('',*,*,#2970,.F.);
#3999=ORIENTED_EDGE('',*,*,#2969,.T.);
#4000=ORIENTED_EDGE('',*,*,#2971,.F.);
#4001=ORIENTED_EDGE('',*,*,#2972,.F.);
#4002=ORIENTED_EDGE('',*,*,#2973,.F.);
#4003=ORIENTED_EDGE('',*,*,#2972,.T.);
#4004=ORIENTED_EDGE('',*,*,#2974,.F.);
#4005=ORIENTED_EDGE('',*,*,#2964,.F.);
#4006=ORIENTED_EDGE('',*,*,#2973,.T.);
#4007=ORIENTED_EDGE('',*,*,#2963,.T.);
#4008=ORIENTED_EDGE('',*,*,#2967,.T.);
#4009=ORIENTED_EDGE('',*,*,#2970,.T.);
#4010=ORIENTED_EDGE('',*,*,#2974,.T.);
#4011=ORIENTED_EDGE('',*,*,#2971,.T.);
#4012=ORIENTED_EDGE('',*,*,#2968,.T.);
#4013=ORIENTED_EDGE('',*,*,#2965,.T.);
#4014=ORIENTED_EDGE('',*,*,#2975,.F.);
#4015=ORIENTED_EDGE('',*,*,#2976,.T.);
#4016=ORIENTED_EDGE('',*,*,#2977,.F.);
#4017=ORIENTED_EDGE('',*,*,#2978,.F.);
#4018=ORIENTED_EDGE('',*,*,#2979,.F.);
#4019=ORIENTED_EDGE('',*,*,#2978,.T.);
#4020=ORIENTED_EDGE('',*,*,#2980,.F.);
#4021=ORIENTED_EDGE('',*,*,#2981,.F.);
#4022=ORIENTED_EDGE('',*,*,#2982,.F.);
#4023=ORIENTED_EDGE('',*,*,#2981,.T.);
#4024=ORIENTED_EDGE('',*,*,#2983,.F.);
#4025=ORIENTED_EDGE('',*,*,#2984,.F.);
#4026=ORIENTED_EDGE('',*,*,#2985,.F.);
#4027=ORIENTED_EDGE('',*,*,#2984,.T.);
#4028=ORIENTED_EDGE('',*,*,#2986,.F.);
#4029=ORIENTED_EDGE('',*,*,#2976,.F.);
#4030=ORIENTED_EDGE('',*,*,#2985,.T.);
#4031=ORIENTED_EDGE('',*,*,#2975,.T.);
#4032=ORIENTED_EDGE('',*,*,#2979,.T.);
#4033=ORIENTED_EDGE('',*,*,#2982,.T.);
#4034=ORIENTED_EDGE('',*,*,#2986,.T.);
#4035=ORIENTED_EDGE('',*,*,#2983,.T.);
#4036=ORIENTED_EDGE('',*,*,#2980,.T.);
#4037=ORIENTED_EDGE('',*,*,#2977,.T.);
#4038=ORIENTED_EDGE('',*,*,#2987,.F.);
#4039=ORIENTED_EDGE('',*,*,#2988,.T.);
#4040=ORIENTED_EDGE('',*,*,#2989,.F.);
#4041=ORIENTED_EDGE('',*,*,#2990,.F.);
#4042=ORIENTED_EDGE('',*,*,#2991,.F.);
#4043=ORIENTED_EDGE('',*,*,#2990,.T.);
#4044=ORIENTED_EDGE('',*,*,#2992,.F.);
#4045=ORIENTED_EDGE('',*,*,#2993,.F.);
#4046=ORIENTED_EDGE('',*,*,#2994,.F.);
#4047=ORIENTED_EDGE('',*,*,#2993,.T.);
#4048=ORIENTED_EDGE('',*,*,#2995,.F.);
#4049=ORIENTED_EDGE('',*,*,#2996,.F.);
#4050=ORIENTED_EDGE('',*,*,#2997,.F.);
#4051=ORIENTED_EDGE('',*,*,#2996,.T.);
#4052=ORIENTED_EDGE('',*,*,#2998,.F.);
#4053=ORIENTED_EDGE('',*,*,#2988,.F.);
#4054=ORIENTED_EDGE('',*,*,#2997,.T.);
#4055=ORIENTED_EDGE('',*,*,#2987,.T.);
#4056=ORIENTED_EDGE('',*,*,#2991,.T.);
#4057=ORIENTED_EDGE('',*,*,#2994,.T.);
#4058=ORIENTED_EDGE('',*,*,#2998,.T.);
#4059=ORIENTED_EDGE('',*,*,#2995,.T.);
#4060=ORIENTED_EDGE('',*,*,#2992,.T.);
#4061=ORIENTED_EDGE('',*,*,#2989,.T.);
#4062=ORIENTED_EDGE('',*,*,#2999,.F.);
#4063=ORIENTED_EDGE('',*,*,#3000,.T.);
#4064=ORIENTED_EDGE('',*,*,#3001,.F.);
#4065=ORIENTED_EDGE('',*,*,#3002,.F.);
#4066=ORIENTED_EDGE('',*,*,#3003,.F.);
#4067=ORIENTED_EDGE('',*,*,#3002,.T.);
#4068=ORIENTED_EDGE('',*,*,#3004,.F.);
#4069=ORIENTED_EDGE('',*,*,#3005,.F.);
#4070=ORIENTED_EDGE('',*,*,#3006,.F.);
#4071=ORIENTED_EDGE('',*,*,#3005,.T.);
#4072=ORIENTED_EDGE('',*,*,#3007,.F.);
#4073=ORIENTED_EDGE('',*,*,#3008,.F.);
#4074=ORIENTED_EDGE('',*,*,#3009,.F.);
#4075=ORIENTED_EDGE('',*,*,#3008,.T.);
#4076=ORIENTED_EDGE('',*,*,#3010,.F.);
#4077=ORIENTED_EDGE('',*,*,#3000,.F.);
#4078=ORIENTED_EDGE('',*,*,#3009,.T.);
#4079=ORIENTED_EDGE('',*,*,#2999,.T.);
#4080=ORIENTED_EDGE('',*,*,#3003,.T.);
#4081=ORIENTED_EDGE('',*,*,#3006,.T.);
#4082=ORIENTED_EDGE('',*,*,#3010,.T.);
#4083=ORIENTED_EDGE('',*,*,#3007,.T.);
#4084=ORIENTED_EDGE('',*,*,#3004,.T.);
#4085=ORIENTED_EDGE('',*,*,#3001,.T.);
#4086=ORIENTED_EDGE('',*,*,#3011,.F.);
#4087=ORIENTED_EDGE('',*,*,#3012,.T.);
#4088=ORIENTED_EDGE('',*,*,#3013,.F.);
#4089=ORIENTED_EDGE('',*,*,#3014,.F.);
#4090=ORIENTED_EDGE('',*,*,#3015,.F.);
#4091=ORIENTED_EDGE('',*,*,#3014,.T.);
#4092=ORIENTED_EDGE('',*,*,#3016,.F.);
#4093=ORIENTED_EDGE('',*,*,#3017,.F.);
#4094=ORIENTED_EDGE('',*,*,#3018,.F.);
#4095=ORIENTED_EDGE('',*,*,#3017,.T.);
#4096=ORIENTED_EDGE('',*,*,#3019,.F.);
#4097=ORIENTED_EDGE('',*,*,#3020,.F.);
#4098=ORIENTED_EDGE('',*,*,#3021,.F.);
#4099=ORIENTED_EDGE('',*,*,#3020,.T.);
#4100=ORIENTED_EDGE('',*,*,#3022,.F.);
#4101=ORIENTED_EDGE('',*,*,#3012,.F.);
#4102=ORIENTED_EDGE('',*,*,#3021,.T.);
#4103=ORIENTED_EDGE('',*,*,#3011,.T.);
#4104=ORIENTED_EDGE('',*,*,#3015,.T.);
#4105=ORIENTED_EDGE('',*,*,#3018,.T.);
#4106=ORIENTED_EDGE('',*,*,#3022,.T.);
#4107=ORIENTED_EDGE('',*,*,#3019,.T.);
#4108=ORIENTED_EDGE('',*,*,#3016,.T.);
#4109=ORIENTED_EDGE('',*,*,#3013,.T.);
#4110=ORIENTED_EDGE('',*,*,#3023,.F.);
#4111=ORIENTED_EDGE('',*,*,#3024,.T.);
#4112=ORIENTED_EDGE('',*,*,#3025,.F.);
#4113=ORIENTED_EDGE('',*,*,#3026,.F.);
#4114=ORIENTED_EDGE('',*,*,#3027,.F.);
#4115=ORIENTED_EDGE('',*,*,#3026,.T.);
#4116=ORIENTED_EDGE('',*,*,#3028,.F.);
#4117=ORIENTED_EDGE('',*,*,#3029,.F.);
#4118=ORIENTED_EDGE('',*,*,#3030,.F.);
#4119=ORIENTED_EDGE('',*,*,#3029,.T.);
#4120=ORIENTED_EDGE('',*,*,#3031,.F.);
#4121=ORIENTED_EDGE('',*,*,#3032,.F.);
#4122=ORIENTED_EDGE('',*,*,#3033,.F.);
#4123=ORIENTED_EDGE('',*,*,#3032,.T.);
#4124=ORIENTED_EDGE('',*,*,#3034,.F.);
#4125=ORIENTED_EDGE('',*,*,#3024,.F.);
#4126=ORIENTED_EDGE('',*,*,#3033,.T.);
#4127=ORIENTED_EDGE('',*,*,#3023,.T.);
#4128=ORIENTED_EDGE('',*,*,#3027,.T.);
#4129=ORIENTED_EDGE('',*,*,#3030,.T.);
#4130=ORIENTED_EDGE('',*,*,#3034,.T.);
#4131=ORIENTED_EDGE('',*,*,#3031,.T.);
#4132=ORIENTED_EDGE('',*,*,#3028,.T.);
#4133=ORIENTED_EDGE('',*,*,#3025,.T.);
#4134=ORIENTED_EDGE('',*,*,#3035,.F.);
#4135=ORIENTED_EDGE('',*,*,#3036,.T.);
#4136=ORIENTED_EDGE('',*,*,#3037,.F.);
#4137=ORIENTED_EDGE('',*,*,#3038,.F.);
#4138=ORIENTED_EDGE('',*,*,#3039,.F.);
#4139=ORIENTED_EDGE('',*,*,#3038,.T.);
#4140=ORIENTED_EDGE('',*,*,#3040,.F.);
#4141=ORIENTED_EDGE('',*,*,#3041,.F.);
#4142=ORIENTED_EDGE('',*,*,#3042,.F.);
#4143=ORIENTED_EDGE('',*,*,#3041,.T.);
#4144=ORIENTED_EDGE('',*,*,#3043,.F.);
#4145=ORIENTED_EDGE('',*,*,#3044,.F.);
#4146=ORIENTED_EDGE('',*,*,#3045,.F.);
#4147=ORIENTED_EDGE('',*,*,#3044,.T.);
#4148=ORIENTED_EDGE('',*,*,#3046,.F.);
#4149=ORIENTED_EDGE('',*,*,#3036,.F.);
#4150=ORIENTED_EDGE('',*,*,#3045,.T.);
#4151=ORIENTED_EDGE('',*,*,#3035,.T.);
#4152=ORIENTED_EDGE('',*,*,#3039,.T.);
#4153=ORIENTED_EDGE('',*,*,#3042,.T.);
#4154=ORIENTED_EDGE('',*,*,#3046,.T.);
#4155=ORIENTED_EDGE('',*,*,#3043,.T.);
#4156=ORIENTED_EDGE('',*,*,#3040,.T.);
#4157=ORIENTED_EDGE('',*,*,#3037,.T.);
#4158=ORIENTED_EDGE('',*,*,#3047,.T.);
#4159=ORIENTED_EDGE('',*,*,#3048,.F.);
#4160=ORIENTED_EDGE('',*,*,#3049,.T.);
#4161=ORIENTED_EDGE('',*,*,#3047,.F.);
#4162=ORIENTED_EDGE('',*,*,#3049,.F.);
#4163=ORIENTED_EDGE('',*,*,#3048,.T.);
#4164=ORIENTED_EDGE('',*,*,#3050,.F.);
#4165=ORIENTED_EDGE('',*,*,#3051,.T.);
#4166=ORIENTED_EDGE('',*,*,#3052,.F.);
#4167=ORIENTED_EDGE('',*,*,#3053,.F.);
#4168=ORIENTED_EDGE('',*,*,#3054,.F.);
#4169=ORIENTED_EDGE('',*,*,#3053,.T.);
#4170=ORIENTED_EDGE('',*,*,#3055,.F.);
#4171=ORIENTED_EDGE('',*,*,#3056,.F.);
#4172=ORIENTED_EDGE('',*,*,#3057,.F.);
#4173=ORIENTED_EDGE('',*,*,#3056,.T.);
#4174=ORIENTED_EDGE('',*,*,#3058,.F.);
#4175=ORIENTED_EDGE('',*,*,#3059,.F.);
#4176=ORIENTED_EDGE('',*,*,#3060,.F.);
#4177=ORIENTED_EDGE('',*,*,#3059,.T.);
#4178=ORIENTED_EDGE('',*,*,#3061,.F.);
#4179=ORIENTED_EDGE('',*,*,#3051,.F.);
#4180=ORIENTED_EDGE('',*,*,#3060,.T.);
#4181=ORIENTED_EDGE('',*,*,#3050,.T.);
#4182=ORIENTED_EDGE('',*,*,#3054,.T.);
#4183=ORIENTED_EDGE('',*,*,#3057,.T.);
#4184=ORIENTED_EDGE('',*,*,#3061,.T.);
#4185=ORIENTED_EDGE('',*,*,#3058,.T.);
#4186=ORIENTED_EDGE('',*,*,#3055,.T.);
#4187=ORIENTED_EDGE('',*,*,#3052,.T.);
#4188=ORIENTED_EDGE('',*,*,#3062,.F.);
#4189=ORIENTED_EDGE('',*,*,#3063,.T.);
#4190=ORIENTED_EDGE('',*,*,#3064,.F.);
#4191=ORIENTED_EDGE('',*,*,#3065,.F.);
#4192=ORIENTED_EDGE('',*,*,#3066,.F.);
#4193=ORIENTED_EDGE('',*,*,#3065,.T.);
#4194=ORIENTED_EDGE('',*,*,#3067,.F.);
#4195=ORIENTED_EDGE('',*,*,#3068,.F.);
#4196=ORIENTED_EDGE('',*,*,#3069,.F.);
#4197=ORIENTED_EDGE('',*,*,#3068,.T.);
#4198=ORIENTED_EDGE('',*,*,#3070,.F.);
#4199=ORIENTED_EDGE('',*,*,#3071,.F.);
#4200=ORIENTED_EDGE('',*,*,#3072,.F.);
#4201=ORIENTED_EDGE('',*,*,#3071,.T.);
#4202=ORIENTED_EDGE('',*,*,#3073,.F.);
#4203=ORIENTED_EDGE('',*,*,#3063,.F.);
#4204=ORIENTED_EDGE('',*,*,#3072,.T.);
#4205=ORIENTED_EDGE('',*,*,#3062,.T.);
#4206=ORIENTED_EDGE('',*,*,#3066,.T.);
#4207=ORIENTED_EDGE('',*,*,#3069,.T.);
#4208=ORIENTED_EDGE('',*,*,#3073,.T.);
#4209=ORIENTED_EDGE('',*,*,#3070,.T.);
#4210=ORIENTED_EDGE('',*,*,#3067,.T.);
#4211=ORIENTED_EDGE('',*,*,#3064,.T.);
#4212=ORIENTED_EDGE('',*,*,#3074,.F.);
#4213=ORIENTED_EDGE('',*,*,#3075,.T.);
#4214=ORIENTED_EDGE('',*,*,#3076,.F.);
#4215=ORIENTED_EDGE('',*,*,#3077,.F.);
#4216=ORIENTED_EDGE('',*,*,#3078,.F.);
#4217=ORIENTED_EDGE('',*,*,#3077,.T.);
#4218=ORIENTED_EDGE('',*,*,#3079,.F.);
#4219=ORIENTED_EDGE('',*,*,#3080,.F.);
#4220=ORIENTED_EDGE('',*,*,#3081,.F.);
#4221=ORIENTED_EDGE('',*,*,#3080,.T.);
#4222=ORIENTED_EDGE('',*,*,#3082,.F.);
#4223=ORIENTED_EDGE('',*,*,#3083,.F.);
#4224=ORIENTED_EDGE('',*,*,#3084,.F.);
#4225=ORIENTED_EDGE('',*,*,#3083,.T.);
#4226=ORIENTED_EDGE('',*,*,#3085,.F.);
#4227=ORIENTED_EDGE('',*,*,#3075,.F.);
#4228=ORIENTED_EDGE('',*,*,#3084,.T.);
#4229=ORIENTED_EDGE('',*,*,#3074,.T.);
#4230=ORIENTED_EDGE('',*,*,#3078,.T.);
#4231=ORIENTED_EDGE('',*,*,#3081,.T.);
#4232=ORIENTED_EDGE('',*,*,#3085,.T.);
#4233=ORIENTED_EDGE('',*,*,#3082,.T.);
#4234=ORIENTED_EDGE('',*,*,#3079,.T.);
#4235=ORIENTED_EDGE('',*,*,#3076,.T.);
#4236=ORIENTED_EDGE('',*,*,#3086,.F.);
#4237=ORIENTED_EDGE('',*,*,#3087,.T.);
#4238=ORIENTED_EDGE('',*,*,#3088,.F.);
#4239=ORIENTED_EDGE('',*,*,#3089,.F.);
#4240=ORIENTED_EDGE('',*,*,#3090,.F.);
#4241=ORIENTED_EDGE('',*,*,#3089,.T.);
#4242=ORIENTED_EDGE('',*,*,#3091,.F.);
#4243=ORIENTED_EDGE('',*,*,#3092,.F.);
#4244=ORIENTED_EDGE('',*,*,#3093,.F.);
#4245=ORIENTED_EDGE('',*,*,#3092,.T.);
#4246=ORIENTED_EDGE('',*,*,#3094,.F.);
#4247=ORIENTED_EDGE('',*,*,#3095,.F.);
#4248=ORIENTED_EDGE('',*,*,#3096,.F.);
#4249=ORIENTED_EDGE('',*,*,#3095,.T.);
#4250=ORIENTED_EDGE('',*,*,#3097,.F.);
#4251=ORIENTED_EDGE('',*,*,#3087,.F.);
#4252=ORIENTED_EDGE('',*,*,#3096,.T.);
#4253=ORIENTED_EDGE('',*,*,#3086,.T.);
#4254=ORIENTED_EDGE('',*,*,#3090,.T.);
#4255=ORIENTED_EDGE('',*,*,#3093,.T.);
#4256=ORIENTED_EDGE('',*,*,#3097,.T.);
#4257=ORIENTED_EDGE('',*,*,#3094,.T.);
#4258=ORIENTED_EDGE('',*,*,#3091,.T.);
#4259=ORIENTED_EDGE('',*,*,#3088,.T.);
#4260=ORIENTED_EDGE('',*,*,#3098,.F.);
#4261=ORIENTED_EDGE('',*,*,#3099,.T.);
#4262=ORIENTED_EDGE('',*,*,#3100,.F.);
#4263=ORIENTED_EDGE('',*,*,#3101,.F.);
#4264=ORIENTED_EDGE('',*,*,#3102,.F.);
#4265=ORIENTED_EDGE('',*,*,#3101,.T.);
#4266=ORIENTED_EDGE('',*,*,#3103,.F.);
#4267=ORIENTED_EDGE('',*,*,#3104,.F.);
#4268=ORIENTED_EDGE('',*,*,#3105,.F.);
#4269=ORIENTED_EDGE('',*,*,#3104,.T.);
#4270=ORIENTED_EDGE('',*,*,#3106,.F.);
#4271=ORIENTED_EDGE('',*,*,#3107,.F.);
#4272=ORIENTED_EDGE('',*,*,#3108,.F.);
#4273=ORIENTED_EDGE('',*,*,#3107,.T.);
#4274=ORIENTED_EDGE('',*,*,#3109,.F.);
#4275=ORIENTED_EDGE('',*,*,#3099,.F.);
#4276=ORIENTED_EDGE('',*,*,#3108,.T.);
#4277=ORIENTED_EDGE('',*,*,#3098,.T.);
#4278=ORIENTED_EDGE('',*,*,#3102,.T.);
#4279=ORIENTED_EDGE('',*,*,#3105,.T.);
#4280=ORIENTED_EDGE('',*,*,#3109,.T.);
#4281=ORIENTED_EDGE('',*,*,#3106,.T.);
#4282=ORIENTED_EDGE('',*,*,#3103,.T.);
#4283=ORIENTED_EDGE('',*,*,#3100,.T.);
#4284=ORIENTED_EDGE('',*,*,#3110,.F.);
#4285=ORIENTED_EDGE('',*,*,#3111,.T.);
#4286=ORIENTED_EDGE('',*,*,#3112,.F.);
#4287=ORIENTED_EDGE('',*,*,#3113,.F.);
#4288=ORIENTED_EDGE('',*,*,#3114,.F.);
#4289=ORIENTED_EDGE('',*,*,#3113,.T.);
#4290=ORIENTED_EDGE('',*,*,#3115,.F.);
#4291=ORIENTED_EDGE('',*,*,#3116,.F.);
#4292=ORIENTED_EDGE('',*,*,#3117,.F.);
#4293=ORIENTED_EDGE('',*,*,#3116,.T.);
#4294=ORIENTED_EDGE('',*,*,#3118,.F.);
#4295=ORIENTED_EDGE('',*,*,#3119,.F.);
#4296=ORIENTED_EDGE('',*,*,#3120,.F.);
#4297=ORIENTED_EDGE('',*,*,#3119,.T.);
#4298=ORIENTED_EDGE('',*,*,#3121,.F.);
#4299=ORIENTED_EDGE('',*,*,#3111,.F.);
#4300=ORIENTED_EDGE('',*,*,#3120,.T.);
#4301=ORIENTED_EDGE('',*,*,#3110,.T.);
#4302=ORIENTED_EDGE('',*,*,#3114,.T.);
#4303=ORIENTED_EDGE('',*,*,#3117,.T.);
#4304=ORIENTED_EDGE('',*,*,#3121,.T.);
#4305=ORIENTED_EDGE('',*,*,#3118,.T.);
#4306=ORIENTED_EDGE('',*,*,#3115,.T.);
#4307=ORIENTED_EDGE('',*,*,#3112,.T.);
#4308=ORIENTED_EDGE('',*,*,#3122,.F.);
#4309=ORIENTED_EDGE('',*,*,#3123,.T.);
#4310=ORIENTED_EDGE('',*,*,#3124,.F.);
#4311=ORIENTED_EDGE('',*,*,#3125,.F.);
#4312=ORIENTED_EDGE('',*,*,#3126,.F.);
#4313=ORIENTED_EDGE('',*,*,#3125,.T.);
#4314=ORIENTED_EDGE('',*,*,#3127,.F.);
#4315=ORIENTED_EDGE('',*,*,#3128,.F.);
#4316=ORIENTED_EDGE('',*,*,#3129,.F.);
#4317=ORIENTED_EDGE('',*,*,#3128,.T.);
#4318=ORIENTED_EDGE('',*,*,#3130,.F.);
#4319=ORIENTED_EDGE('',*,*,#3131,.F.);
#4320=ORIENTED_EDGE('',*,*,#3132,.F.);
#4321=ORIENTED_EDGE('',*,*,#3131,.T.);
#4322=ORIENTED_EDGE('',*,*,#3133,.F.);
#4323=ORIENTED_EDGE('',*,*,#3123,.F.);
#4324=ORIENTED_EDGE('',*,*,#3132,.T.);
#4325=ORIENTED_EDGE('',*,*,#3122,.T.);
#4326=ORIENTED_EDGE('',*,*,#3126,.T.);
#4327=ORIENTED_EDGE('',*,*,#3129,.T.);
#4328=ORIENTED_EDGE('',*,*,#3133,.T.);
#4329=ORIENTED_EDGE('',*,*,#3130,.T.);
#4330=ORIENTED_EDGE('',*,*,#3127,.T.);
#4331=ORIENTED_EDGE('',*,*,#3124,.T.);
#4332=ORIENTED_EDGE('',*,*,#3134,.F.);
#4333=ORIENTED_EDGE('',*,*,#3135,.T.);
#4334=ORIENTED_EDGE('',*,*,#3136,.F.);
#4335=ORIENTED_EDGE('',*,*,#3137,.F.);
#4336=ORIENTED_EDGE('',*,*,#3138,.F.);
#4337=ORIENTED_EDGE('',*,*,#3137,.T.);
#4338=ORIENTED_EDGE('',*,*,#3139,.F.);
#4339=ORIENTED_EDGE('',*,*,#3140,.F.);
#4340=ORIENTED_EDGE('',*,*,#3141,.F.);
#4341=ORIENTED_EDGE('',*,*,#3140,.T.);
#4342=ORIENTED_EDGE('',*,*,#3142,.F.);
#4343=ORIENTED_EDGE('',*,*,#3143,.F.);
#4344=ORIENTED_EDGE('',*,*,#3144,.F.);
#4345=ORIENTED_EDGE('',*,*,#3143,.T.);
#4346=ORIENTED_EDGE('',*,*,#3145,.F.);
#4347=ORIENTED_EDGE('',*,*,#3135,.F.);
#4348=ORIENTED_EDGE('',*,*,#3144,.T.);
#4349=ORIENTED_EDGE('',*,*,#3134,.T.);
#4350=ORIENTED_EDGE('',*,*,#3138,.T.);
#4351=ORIENTED_EDGE('',*,*,#3141,.T.);
#4352=ORIENTED_EDGE('',*,*,#3145,.T.);
#4353=ORIENTED_EDGE('',*,*,#3142,.T.);
#4354=ORIENTED_EDGE('',*,*,#3139,.T.);
#4355=ORIENTED_EDGE('',*,*,#3136,.T.);
#4356=ORIENTED_EDGE('',*,*,#3146,.F.);
#4357=ORIENTED_EDGE('',*,*,#3147,.T.);
#4358=ORIENTED_EDGE('',*,*,#3148,.F.);
#4359=ORIENTED_EDGE('',*,*,#3149,.F.);
#4360=ORIENTED_EDGE('',*,*,#3150,.F.);
#4361=ORIENTED_EDGE('',*,*,#3149,.T.);
#4362=ORIENTED_EDGE('',*,*,#3151,.F.);
#4363=ORIENTED_EDGE('',*,*,#3152,.F.);
#4364=ORIENTED_EDGE('',*,*,#3153,.F.);
#4365=ORIENTED_EDGE('',*,*,#3152,.T.);
#4366=ORIENTED_EDGE('',*,*,#3154,.F.);
#4367=ORIENTED_EDGE('',*,*,#3155,.F.);
#4368=ORIENTED_EDGE('',*,*,#3156,.F.);
#4369=ORIENTED_EDGE('',*,*,#3155,.T.);
#4370=ORIENTED_EDGE('',*,*,#3157,.F.);
#4371=ORIENTED_EDGE('',*,*,#3147,.F.);
#4372=ORIENTED_EDGE('',*,*,#3156,.T.);
#4373=ORIENTED_EDGE('',*,*,#3146,.T.);
#4374=ORIENTED_EDGE('',*,*,#3150,.T.);
#4375=ORIENTED_EDGE('',*,*,#3153,.T.);
#4376=ORIENTED_EDGE('',*,*,#3157,.T.);
#4377=ORIENTED_EDGE('',*,*,#3154,.T.);
#4378=ORIENTED_EDGE('',*,*,#3151,.T.);
#4379=ORIENTED_EDGE('',*,*,#3148,.T.);
#4380=ORIENTED_EDGE('',*,*,#3158,.F.);
#4381=ORIENTED_EDGE('',*,*,#3159,.T.);
#4382=ORIENTED_EDGE('',*,*,#3160,.F.);
#4383=ORIENTED_EDGE('',*,*,#3161,.F.);
#4384=ORIENTED_EDGE('',*,*,#3162,.F.);
#4385=ORIENTED_EDGE('',*,*,#3161,.T.);
#4386=ORIENTED_EDGE('',*,*,#3163,.F.);
#4387=ORIENTED_EDGE('',*,*,#3164,.F.);
#4388=ORIENTED_EDGE('',*,*,#3165,.F.);
#4389=ORIENTED_EDGE('',*,*,#3164,.T.);
#4390=ORIENTED_EDGE('',*,*,#3166,.F.);
#4391=ORIENTED_EDGE('',*,*,#3167,.F.);
#4392=ORIENTED_EDGE('',*,*,#3168,.F.);
#4393=ORIENTED_EDGE('',*,*,#3167,.T.);
#4394=ORIENTED_EDGE('',*,*,#3169,.F.);
#4395=ORIENTED_EDGE('',*,*,#3159,.F.);
#4396=ORIENTED_EDGE('',*,*,#3168,.T.);
#4397=ORIENTED_EDGE('',*,*,#3158,.T.);
#4398=ORIENTED_EDGE('',*,*,#3162,.T.);
#4399=ORIENTED_EDGE('',*,*,#3165,.T.);
#4400=ORIENTED_EDGE('',*,*,#3169,.T.);
#4401=ORIENTED_EDGE('',*,*,#3166,.T.);
#4402=ORIENTED_EDGE('',*,*,#3163,.T.);
#4403=ORIENTED_EDGE('',*,*,#3160,.T.);
#4404=CYLINDRICAL_SURFACE('',#4823,1.25);
#4405=CYLINDRICAL_SURFACE('',#4827,1.25);
#4406=CYLINDRICAL_SURFACE('',#4831,1.25);
#4407=CYLINDRICAL_SURFACE('',#4835,1.25);
#4408=CYLINDRICAL_SURFACE('',#4839,3.00000000000001);
#4409=CYLINDRICAL_SURFACE('',#4842,3.00000000000001);
#4410=CYLINDRICAL_SURFACE('',#4846,3.5);
#4411=CYLINDRICAL_SURFACE('',#4864,3.);
#4412=CYLINDRICAL_SURFACE('',#4867,3.);
#4413=CYLINDRICAL_SURFACE('',#4870,3.5);
#4414=CYLINDRICAL_SURFACE('',#4872,3.00000000000001);
#4415=CYLINDRICAL_SURFACE('',#4875,3.00000000000001);
#4416=CYLINDRICAL_SURFACE('',#4878,3.5);
#4417=CYLINDRICAL_SURFACE('',#4880,3.);
#4418=CYLINDRICAL_SURFACE('',#4883,3.);
#4419=CYLINDRICAL_SURFACE('',#4886,3.5);
#4420=CYLINDRICAL_SURFACE('',#4893,2.74999999999999);
#4421=CYLINDRICAL_SURFACE('',#4896,2.75);
#4422=CYLINDRICAL_SURFACE('',#4899,2.74999999999999);
#4423=CYLINDRICAL_SURFACE('',#4902,2.75);
#4424=CYLINDRICAL_SURFACE('',#4904,5.50000000000001);
#4425=CYLINDRICAL_SURFACE('',#4907,5.5);
#4426=CYLINDRICAL_SURFACE('',#4910,6.25);
#4427=CYLINDRICAL_SURFACE('',#4913,3.2);
#4428=CYLINDRICAL_SURFACE('',#4916,1.25);
#4429=CYLINDRICAL_SURFACE('',#4920,1.25);
#4430=CYLINDRICAL_SURFACE('',#4924,1.25);
#4431=CYLINDRICAL_SURFACE('',#4928,1.25);
#4432=CYLINDRICAL_SURFACE('',#4932,3.5);
#4433=CYLINDRICAL_SURFACE('',#4944,3.5);
#4434=CYLINDRICAL_SURFACE('',#4950,3.5);
#4435=CYLINDRICAL_SURFACE('',#4951,3.5);
#4436=CYLINDRICAL_SURFACE('',#4954,4.);
#4437=CYLINDRICAL_SURFACE('',#4956,4.);
#4438=CYLINDRICAL_SURFACE('',#4958,4.);
#4439=CYLINDRICAL_SURFACE('',#4959,4.);
#4440=CYLINDRICAL_SURFACE('',#4962,1.6);
#4441=CYLINDRICAL_SURFACE('',#4965,1.6);
#4442=CYLINDRICAL_SURFACE('',#4968,1.6);
#4443=CYLINDRICAL_SURFACE('',#4971,1.6);
#4444=CYLINDRICAL_SURFACE('',#4974,1.6);
#4445=CYLINDRICAL_SURFACE('',#4977,3.25);
#4446=CYLINDRICAL_SURFACE('',#4980,4.5);
#4447=CYLINDRICAL_SURFACE('',#4987,7.5);
#4448=CYLINDRICAL_SURFACE('',#4991,11.5);
#4449=CYLINDRICAL_SURFACE('',#4993,4.);
#4450=CYLINDRICAL_SURFACE('',#5001,4.);
#4451=CYLINDRICAL_SURFACE('',#5004,4.);
#4452=CYLINDRICAL_SURFACE('',#5006,4.);
#4453=CYLINDRICAL_SURFACE('',#5013,7.5);
#4454=CYLINDRICAL_SURFACE('',#5027,4.);
#4455=CYLINDRICAL_SURFACE('',#5030,4.);
#4456=CYLINDRICAL_SURFACE('',#5036,1.6);
#4457=CYLINDRICAL_SURFACE('',#5039,1.6);
#4458=CYLINDRICAL_SURFACE('',#5042,1.6);
#4459=CYLINDRICAL_SURFACE('',#5045,1.6);
#4460=CYLINDRICAL_SURFACE('',#5048,4.);
#4461=CYLINDRICAL_SURFACE('',#5051,4.);
#4462=CYLINDRICAL_SURFACE('',#5061,4.5);
#4463=CYLINDRICAL_SURFACE('',#5072,1.5);
#4464=CYLINDRICAL_SURFACE('',#5181,10.75);
#4465=ADVANCED_FACE('',(#384),#4404,.F.);
#4466=ADVANCED_FACE('',(#385),#149,.T.);
#4467=ADVANCED_FACE('',(#386),#4405,.F.);
#4468=ADVANCED_FACE('',(#387),#150,.T.);
#4469=ADVANCED_FACE('',(#388),#4406,.F.);
#4470=ADVANCED_FACE('',(#389),#151,.T.);
#4471=ADVANCED_FACE('',(#390),#4407,.F.);
#4472=ADVANCED_FACE('',(#391),#152,.T.);
#4473=ADVANCED_FACE('',(#392),#4408,.T.);
#4474=ADVANCED_FACE('',(#393),#4409,.T.);
#4475=ADVANCED_FACE('',(#394,#96),#153,.T.);
#4476=ADVANCED_FACE('',(#395),#4410,.F.);
#4477=ADVANCED_FACE('',(#396,#97,#98,#99,#100,#101,#102),#154,.F.);
#4478=ADVANCED_FACE('',(#397),#4411,.T.);
#4479=ADVANCED_FACE('',(#398),#4412,.T.);
#4480=ADVANCED_FACE('',(#399,#103),#155,.T.);
#4481=ADVANCED_FACE('',(#400),#4413,.F.);
#4482=ADVANCED_FACE('',(#401),#4414,.T.);
#4483=ADVANCED_FACE('',(#402),#4415,.T.);
#4484=ADVANCED_FACE('',(#403,#104),#156,.T.);
#4485=ADVANCED_FACE('',(#404),#4416,.F.);
#4486=ADVANCED_FACE('',(#405),#4417,.T.);
#4487=ADVANCED_FACE('',(#406),#4418,.T.);
#4488=ADVANCED_FACE('',(#407,#105),#157,.T.);
#4489=ADVANCED_FACE('',(#408),#4419,.F.);
#4490=ADVANCED_FACE('',(#409),#158,.F.);
#4491=ADVANCED_FACE('',(#410),#159,.F.);
#4492=ADVANCED_FACE('',(#411),#160,.F.);
#4493=ADVANCED_FACE('',(#412),#161,.F.);
#4494=ADVANCED_FACE('',(#413),#162,.F.);
#4495=ADVANCED_FACE('',(#414),#4420,.F.);
#4496=ADVANCED_FACE('',(#415),#163,.F.);
#4497=ADVANCED_FACE('',(#416),#4421,.F.);
#4498=ADVANCED_FACE('',(#417),#164,.F.);
#4499=ADVANCED_FACE('',(#418),#4422,.F.);
#4500=ADVANCED_FACE('',(#419),#165,.F.);
#4501=ADVANCED_FACE('',(#420),#4423,.F.);
#4502=ADVANCED_FACE('',(#421),#4424,.F.);
#4503=ADVANCED_FACE('',(#422),#4425,.F.);
#4504=ADVANCED_FACE('',(#423),#4426,.F.);
#4505=ADVANCED_FACE('',(#424),#4427,.F.);
#4506=ADVANCED_FACE('',(#425),#4428,.F.);
#4507=ADVANCED_FACE('',(#426),#166,.T.);
#4508=ADVANCED_FACE('',(#427),#4429,.F.);
#4509=ADVANCED_FACE('',(#428),#167,.T.);
#4510=ADVANCED_FACE('',(#429),#4430,.F.);
#4511=ADVANCED_FACE('',(#430),#168,.T.);
#4512=ADVANCED_FACE('',(#431),#4431,.F.);
#4513=ADVANCED_FACE('',(#432),#169,.T.);
#4514=ADVANCED_FACE('',(#433),#4432,.T.);
#4515=ADVANCED_FACE('',(#434,#106,#107,#108,#109,#110),#170,.T.);
#4516=ADVANCED_FACE('',(#435),#171,.F.);
#4517=ADVANCED_FACE('',(#436),#4433,.T.);
#4518=ADVANCED_FACE('',(#437,#111,#112,#113,#114,#115,#116),#172,.T.);
#4519=ADVANCED_FACE('',(#438,#117,#118,#119,#120),#173,.F.);
#4520=ADVANCED_FACE('',(#439),#4434,.T.);
#4521=ADVANCED_FACE('',(#440),#4435,.T.);
#4522=ADVANCED_FACE('',(#441),#174,.F.);
#4523=ADVANCED_FACE('',(#442),#175,.F.);
#4524=ADVANCED_FACE('',(#443),#4436,.T.);
#4525=ADVANCED_FACE('',(#444),#176,.T.);
#4526=ADVANCED_FACE('',(#445),#4437,.T.);
#4527=ADVANCED_FACE('',(#446),#177,.T.);
#4528=ADVANCED_FACE('',(#447),#4438,.T.);
#4529=ADVANCED_FACE('',(#448),#4439,.T.);
#4530=ADVANCED_FACE('',(#449),#178,.T.);
#4531=ADVANCED_FACE('',(#450,#121,#122,#123,#124),#179,.T.);
#4532=ADVANCED_FACE('',(#451),#4440,.F.);
#4533=ADVANCED_FACE('',(#452),#4441,.F.);
#4534=ADVANCED_FACE('',(#453),#4442,.F.);
#4535=ADVANCED_FACE('',(#454),#4443,.F.);
#4536=ADVANCED_FACE('',(#455),#4444,.F.);
#4537=ADVANCED_FACE('',(#456),#4445,.F.);
#4538=ADVANCED_FACE('',(#457),#4446,.T.);
#4539=ADVANCED_FACE('',(#458,#125),#180,.T.);
#4540=ADVANCED_FACE('',(#459),#23,.F.);
#4541=ADVANCED_FACE('',(#460),#4447,.F.);
#4542=ADVANCED_FACE('',(#461,#126),#181,.T.);
#4543=ADVANCED_FACE('',(#462),#4448,.T.);
#4544=ADVANCED_FACE('',(#463),#4449,.T.);
#4545=ADVANCED_FACE('',(#464),#182,.T.);
#4546=ADVANCED_FACE('',(#465,#127,#128,#129,#130,#131,#132,#133),#183,.T.);
#4547=ADVANCED_FACE('',(#466),#4450,.T.);
#4548=ADVANCED_FACE('',(#467),#184,.T.);
#4549=ADVANCED_FACE('',(#468),#4451,.T.);
#4550=ADVANCED_FACE('',(#469),#4452,.T.);
#4551=ADVANCED_FACE('',(#470),#185,.T.);
#4552=ADVANCED_FACE('',(#471),#186,.T.);
#4553=ADVANCED_FACE('',(#472,#134,#135,#136,#137,#138,#139,#140),#187,.F.);
#4554=ADVANCED_FACE('',(#473),#188,.F.);
#4555=ADVANCED_FACE('',(#474),#4453,.T.);
#4556=ADVANCED_FACE('',(#475),#189,.T.);
#4557=ADVANCED_FACE('',(#476),#190,.F.);
#4558=ADVANCED_FACE('',(#477),#191,.F.);
#4559=ADVANCED_FACE('',(#478),#192,.F.);
#4560=ADVANCED_FACE('',(#479),#193,.T.);
#4561=ADVANCED_FACE('',(#480),#194,.T.);
#4562=ADVANCED_FACE('',(#481),#195,.T.);
#4563=ADVANCED_FACE('',(#482),#196,.T.);
#4564=ADVANCED_FACE('',(#483),#197,.T.);
#4565=ADVANCED_FACE('',(#484),#198,.T.);
#4566=ADVANCED_FACE('',(#485),#199,.T.);
#4567=ADVANCED_FACE('',(#486),#4454,.F.);
#4568=ADVANCED_FACE('',(#487),#4455,.F.);
#4569=ADVANCED_FACE('',(#488),#200,.F.);
#4570=ADVANCED_FACE('',(#489),#201,.F.);
#4571=ADVANCED_FACE('',(#490),#202,.F.);
#4572=ADVANCED_FACE('',(#491),#4456,.F.);
#4573=ADVANCED_FACE('',(#492),#4457,.F.);
#4574=ADVANCED_FACE('',(#493),#4458,.F.);
#4575=ADVANCED_FACE('',(#494),#4459,.F.);
#4576=ADVANCED_FACE('',(#495),#4460,.F.);
#4577=ADVANCED_FACE('',(#496),#4461,.F.);
#4578=ADVANCED_FACE('',(#497),#203,.T.);
#4579=ADVANCED_FACE('',(#498),#204,.T.);
#4580=ADVANCED_FACE('',(#499),#205,.T.);
#4581=ADVANCED_FACE('',(#500,#141,#142,#143,#144),#206,.T.);
#4582=ADVANCED_FACE('',(#501,#145,#146,#147,#148),#207,.F.);
#4583=ADVANCED_FACE('',(#502),#208,.T.);
#4584=ADVANCED_FACE('',(#503),#209,.T.);
#4585=ADVANCED_FACE('',(#504),#4462,.T.);
#4586=ADVANCED_FACE('',(#505),#210,.T.);
#4587=ADVANCED_FACE('',(#506),#211,.F.);
#4588=ADVANCED_FACE('',(#507),#212,.T.);
#4589=ADVANCED_FACE('',(#508),#213,.T.);
#4590=ADVANCED_FACE('',(#509),#214,.T.);
#4591=ADVANCED_FACE('',(#510),#215,.T.);
#4592=ADVANCED_FACE('',(#511),#216,.T.);
#4593=ADVANCED_FACE('',(#512),#217,.F.);
#4594=ADVANCED_FACE('',(#513),#4463,.T.);
#4595=ADVANCED_FACE('',(#514),#218,.T.);
#4596=ADVANCED_FACE('',(#515),#219,.F.);
#4597=ADVANCED_FACE('',(#516),#220,.T.);
#4598=ADVANCED_FACE('',(#517),#221,.T.);
#4599=ADVANCED_FACE('',(#518),#222,.T.);
#4600=ADVANCED_FACE('',(#519),#223,.T.);
#4601=ADVANCED_FACE('',(#520),#224,.T.);
#4602=ADVANCED_FACE('',(#521),#225,.F.);
#4603=ADVANCED_FACE('',(#522),#226,.T.);
#4604=ADVANCED_FACE('',(#523),#227,.T.);
#4605=ADVANCED_FACE('',(#524),#228,.T.);
#4606=ADVANCED_FACE('',(#525),#229,.T.);
#4607=ADVANCED_FACE('',(#526),#230,.T.);
#4608=ADVANCED_FACE('',(#527),#231,.F.);
#4609=ADVANCED_FACE('',(#528),#232,.T.);
#4610=ADVANCED_FACE('',(#529),#233,.T.);
#4611=ADVANCED_FACE('',(#530),#234,.T.);
#4612=ADVANCED_FACE('',(#531),#235,.T.);
#4613=ADVANCED_FACE('',(#532),#236,.T.);
#4614=ADVANCED_FACE('',(#533),#237,.F.);
#4615=ADVANCED_FACE('',(#534),#238,.T.);
#4616=ADVANCED_FACE('',(#535),#239,.T.);
#4617=ADVANCED_FACE('',(#536),#240,.T.);
#4618=ADVANCED_FACE('',(#537),#241,.T.);
#4619=ADVANCED_FACE('',(#538),#242,.T.);
#4620=ADVANCED_FACE('',(#539),#243,.F.);
#4621=ADVANCED_FACE('',(#540),#244,.T.);
#4622=ADVANCED_FACE('',(#541),#245,.T.);
#4623=ADVANCED_FACE('',(#542),#246,.T.);
#4624=ADVANCED_FACE('',(#543),#247,.T.);
#4625=ADVANCED_FACE('',(#544),#248,.T.);
#4626=ADVANCED_FACE('',(#545),#249,.F.);
#4627=ADVANCED_FACE('',(#546),#250,.T.);
#4628=ADVANCED_FACE('',(#547),#251,.T.);
#4629=ADVANCED_FACE('',(#548),#252,.T.);
#4630=ADVANCED_FACE('',(#549),#253,.T.);
#4631=ADVANCED_FACE('',(#550),#254,.T.);
#4632=ADVANCED_FACE('',(#551),#255,.F.);
#4633=ADVANCED_FACE('',(#552),#256,.T.);
#4634=ADVANCED_FACE('',(#553),#257,.T.);
#4635=ADVANCED_FACE('',(#554),#258,.T.);
#4636=ADVANCED_FACE('',(#555),#259,.T.);
#4637=ADVANCED_FACE('',(#556),#260,.T.);
#4638=ADVANCED_FACE('',(#557),#261,.T.);
#4639=ADVANCED_FACE('',(#558),#262,.T.);
#4640=ADVANCED_FACE('',(#559),#263,.T.);
#4641=ADVANCED_FACE('',(#560),#264,.T.);
#4642=ADVANCED_FACE('',(#561),#265,.T.);
#4643=ADVANCED_FACE('',(#562),#266,.T.);
#4644=ADVANCED_FACE('',(#563),#267,.T.);
#4645=ADVANCED_FACE('',(#564),#268,.T.);
#4646=ADVANCED_FACE('',(#565),#269,.T.);
#4647=ADVANCED_FACE('',(#566),#270,.T.);
#4648=ADVANCED_FACE('',(#567),#271,.T.);
#4649=ADVANCED_FACE('',(#568),#272,.T.);
#4650=ADVANCED_FACE('',(#569),#273,.T.);
#4651=ADVANCED_FACE('',(#570),#274,.T.);
#4652=ADVANCED_FACE('',(#571),#275,.T.);
#4653=ADVANCED_FACE('',(#572),#276,.T.);
#4654=ADVANCED_FACE('',(#573),#277,.T.);
#4655=ADVANCED_FACE('',(#574),#278,.T.);
#4656=ADVANCED_FACE('',(#575),#279,.T.);
#4657=ADVANCED_FACE('',(#576),#280,.T.);
#4658=ADVANCED_FACE('',(#577),#281,.T.);
#4659=ADVANCED_FACE('',(#578),#282,.T.);
#4660=ADVANCED_FACE('',(#579),#283,.T.);
#4661=ADVANCED_FACE('',(#580),#284,.T.);
#4662=ADVANCED_FACE('',(#581),#285,.T.);
#4663=ADVANCED_FACE('',(#582),#286,.T.);
#4664=ADVANCED_FACE('',(#583),#287,.T.);
#4665=ADVANCED_FACE('',(#584),#288,.T.);
#4666=ADVANCED_FACE('',(#585),#289,.T.);
#4667=ADVANCED_FACE('',(#586),#290,.T.);
#4668=ADVANCED_FACE('',(#587),#291,.T.);
#4669=ADVANCED_FACE('',(#588),#292,.T.);
#4670=ADVANCED_FACE('',(#589),#293,.T.);
#4671=ADVANCED_FACE('',(#590),#294,.T.);
#4672=ADVANCED_FACE('',(#591),#295,.T.);
#4673=ADVANCED_FACE('',(#592),#296,.T.);
#4674=ADVANCED_FACE('',(#593),#297,.T.);
#4675=ADVANCED_FACE('',(#594),#298,.T.);
#4676=ADVANCED_FACE('',(#595),#299,.T.);
#4677=ADVANCED_FACE('',(#596),#300,.T.);
#4678=ADVANCED_FACE('',(#597),#301,.T.);
#4679=ADVANCED_FACE('',(#598),#302,.T.);
#4680=ADVANCED_FACE('',(#599),#303,.T.);
#4681=ADVANCED_FACE('',(#600),#304,.T.);
#4682=ADVANCED_FACE('',(#601),#305,.T.);
#4683=ADVANCED_FACE('',(#602),#306,.T.);
#4684=ADVANCED_FACE('',(#603),#307,.T.);
#4685=ADVANCED_FACE('',(#604),#308,.T.);
#4686=ADVANCED_FACE('',(#605),#309,.T.);
#4687=ADVANCED_FACE('',(#606),#310,.T.);
#4688=ADVANCED_FACE('',(#607),#311,.T.);
#4689=ADVANCED_FACE('',(#608),#312,.T.);
#4690=ADVANCED_FACE('',(#609),#313,.T.);
#4691=ADVANCED_FACE('',(#610),#314,.T.);
#4692=ADVANCED_FACE('',(#611),#315,.T.);
#4693=ADVANCED_FACE('',(#612),#316,.T.);
#4694=ADVANCED_FACE('',(#613),#317,.T.);
#4695=ADVANCED_FACE('',(#614),#318,.T.);
#4696=ADVANCED_FACE('',(#615),#319,.T.);
#4697=ADVANCED_FACE('',(#616),#320,.T.);
#4698=ADVANCED_FACE('',(#617),#321,.T.);
#4699=ADVANCED_FACE('',(#618),#322,.F.);
#4700=ADVANCED_FACE('',(#619),#4464,.T.);
#4701=ADVANCED_FACE('',(#620),#323,.T.);
#4702=ADVANCED_FACE('',(#621),#324,.T.);
#4703=ADVANCED_FACE('',(#622),#325,.T.);
#4704=ADVANCED_FACE('',(#623),#326,.T.);
#4705=ADVANCED_FACE('',(#624),#327,.T.);
#4706=ADVANCED_FACE('',(#625),#328,.T.);
#4707=ADVANCED_FACE('',(#626),#329,.T.);
#4708=ADVANCED_FACE('',(#627),#330,.T.);
#4709=ADVANCED_FACE('',(#628),#331,.T.);
#4710=ADVANCED_FACE('',(#629),#332,.T.);
#4711=ADVANCED_FACE('',(#630),#333,.T.);
#4712=ADVANCED_FACE('',(#631),#334,.T.);
#4713=ADVANCED_FACE('',(#632),#335,.T.);
#4714=ADVANCED_FACE('',(#633),#336,.T.);
#4715=ADVANCED_FACE('',(#634),#337,.T.);
#4716=ADVANCED_FACE('',(#635),#338,.T.);
#4717=ADVANCED_FACE('',(#636),#339,.T.);
#4718=ADVANCED_FACE('',(#637),#340,.T.);
#4719=ADVANCED_FACE('',(#638),#341,.T.);
#4720=ADVANCED_FACE('',(#639),#342,.T.);
#4721=ADVANCED_FACE('',(#640),#343,.T.);
#4722=ADVANCED_FACE('',(#641),#344,.T.);
#4723=ADVANCED_FACE('',(#642),#345,.T.);
#4724=ADVANCED_FACE('',(#643),#346,.T.);
#4725=ADVANCED_FACE('',(#644),#347,.T.);
#4726=ADVANCED_FACE('',(#645),#348,.T.);
#4727=ADVANCED_FACE('',(#646),#349,.T.);
#4728=ADVANCED_FACE('',(#647),#350,.T.);
#4729=ADVANCED_FACE('',(#648),#351,.T.);
#4730=ADVANCED_FACE('',(#649),#352,.T.);
#4731=ADVANCED_FACE('',(#650),#353,.T.);
#4732=ADVANCED_FACE('',(#651),#354,.T.);
#4733=ADVANCED_FACE('',(#652),#355,.T.);
#4734=ADVANCED_FACE('',(#653),#356,.T.);
#4735=ADVANCED_FACE('',(#654),#357,.T.);
#4736=ADVANCED_FACE('',(#655),#358,.T.);
#4737=ADVANCED_FACE('',(#656),#359,.T.);
#4738=ADVANCED_FACE('',(#657),#360,.T.);
#4739=ADVANCED_FACE('',(#658),#361,.T.);
#4740=ADVANCED_FACE('',(#659),#362,.T.);
#4741=ADVANCED_FACE('',(#660),#363,.T.);
#4742=ADVANCED_FACE('',(#661),#364,.T.);
#4743=ADVANCED_FACE('',(#662),#365,.T.);
#4744=ADVANCED_FACE('',(#663),#366,.T.);
#4745=ADVANCED_FACE('',(#664),#367,.T.);
#4746=ADVANCED_FACE('',(#665),#368,.T.);
#4747=ADVANCED_FACE('',(#666),#369,.T.);
#4748=ADVANCED_FACE('',(#667),#370,.T.);
#4749=ADVANCED_FACE('',(#668),#371,.T.);
#4750=ADVANCED_FACE('',(#669),#372,.T.);
#4751=ADVANCED_FACE('',(#670),#373,.T.);
#4752=ADVANCED_FACE('',(#671),#374,.T.);
#4753=ADVANCED_FACE('',(#672),#375,.T.);
#4754=ADVANCED_FACE('',(#673),#376,.T.);
#4755=ADVANCED_FACE('',(#674),#377,.T.);
#4756=ADVANCED_FACE('',(#675),#378,.T.);
#4757=ADVANCED_FACE('',(#676),#379,.T.);
#4758=ADVANCED_FACE('',(#677),#380,.T.);
#4759=ADVANCED_FACE('',(#678),#381,.T.);
#4760=ADVANCED_FACE('',(#679),#382,.T.);
#4761=ADVANCED_FACE('',(#680),#383,.T.);
#4762=CLOSED_SHELL('',(#4465,#4466,#4467,#4468,#4469,#4470,#4471,#4472,
#4473,#4474,#4475,#4476,#4477,#4478,#4479,#4480,#4481,#4482,#4483,#4484,
#4485,#4486,#4487,#4488,#4489,#4490,#4491,#4492,#4493,#4494,#4495,#4496,
#4497,#4498,#4499,#4500,#4501,#4502,#4503,#4504,#4505,#4506,#4507,#4508,
#4509,#4510,#4511,#4512,#4513,#4514,#4515,#4516,#4517,#4518,#4519,#4520,
#4521,#4522,#4523,#4524,#4525,#4526,#4527,#4528,#4529,#4530,#4531));
#4763=CLOSED_SHELL('',(#4532,#4533,#4534,#4535,#4536,#4537,#4538,#4539,
#4540,#4541,#4542,#4543,#4544,#4545,#4546,#4547,#4548,#4549,#4550,#4551,
#4552,#4553));
#4764=CLOSED_SHELL('',(#4554,#4555,#4556));
#4765=CLOSED_SHELL('',(#4557,#4558,#4559,#4560,#4561,#4562,#4563,#4564,
#4565,#4566));
#4766=CLOSED_SHELL('',(#4567,#4568,#4569,#4570,#4571,#4572,#4573,#4574,
#4575,#4576,#4577,#4578,#4579,#4580,#4581,#4582,#4583,#4584));
#4767=CLOSED_SHELL('',(#4585,#4586,#4587));
#4768=CLOSED_SHELL('',(#4588,#4589,#4590,#4591,#4592,#4593));
#4769=CLOSED_SHELL('',(#4594,#4595,#4596));
#4770=CLOSED_SHELL('',(#4597,#4598,#4599,#4600,#4601,#4602));
#4771=CLOSED_SHELL('',(#4603,#4604,#4605,#4606,#4607,#4608));
#4772=CLOSED_SHELL('',(#4609,#4610,#4611,#4612,#4613,#4614));
#4773=CLOSED_SHELL('',(#4615,#4616,#4617,#4618,#4619,#4620));
#4774=CLOSED_SHELL('',(#4621,#4622,#4623,#4624,#4625,#4626));
#4775=CLOSED_SHELL('',(#4627,#4628,#4629,#4630,#4631,#4632));
#4776=CLOSED_SHELL('',(#4633,#4634,#4635,#4636,#4637,#4638));
#4777=CLOSED_SHELL('',(#4639,#4640,#4641,#4642,#4643,#4644));
#4778=CLOSED_SHELL('',(#4645,#4646,#4647,#4648,#4649,#4650));
#4779=CLOSED_SHELL('',(#4651,#4652,#4653,#4654,#4655,#4656));
#4780=CLOSED_SHELL('',(#4657,#4658,#4659,#4660,#4661,#4662));
#4781=CLOSED_SHELL('',(#4663,#4664,#4665,#4666,#4667,#4668));
#4782=CLOSED_SHELL('',(#4669,#4670,#4671,#4672,#4673,#4674));
#4783=CLOSED_SHELL('',(#4675,#4676,#4677,#4678,#4679,#4680));
#4784=CLOSED_SHELL('',(#4681,#4682,#4683,#4684,#4685,#4686));
#4785=CLOSED_SHELL('',(#4687,#4688,#4689,#4690,#4691,#4692));
#4786=CLOSED_SHELL('',(#4693,#4694,#4695,#4696,#4697,#4698));
#4787=CLOSED_SHELL('',(#4699,#4700,#4701));
#4788=CLOSED_SHELL('',(#4702,#4703,#4704,#4705,#4706,#4707));
#4789=CLOSED_SHELL('',(#4708,#4709,#4710,#4711,#4712,#4713));
#4790=CLOSED_SHELL('',(#4714,#4715,#4716,#4717,#4718,#4719));
#4791=CLOSED_SHELL('',(#4720,#4721,#4722,#4723,#4724,#4725));
#4792=CLOSED_SHELL('',(#4726,#4727,#4728,#4729,#4730,#4731));
#4793=CLOSED_SHELL('',(#4732,#4733,#4734,#4735,#4736,#4737));
#4794=CLOSED_SHELL('',(#4738,#4739,#4740,#4741,#4742,#4743));
#4795=CLOSED_SHELL('',(#4744,#4745,#4746,#4747,#4748,#4749));
#4796=CLOSED_SHELL('',(#4750,#4751,#4752,#4753,#4754,#4755));
#4797=CLOSED_SHELL('',(#4756,#4757,#4758,#4759,#4760,#4761));
#4798=DERIVED_UNIT_ELEMENT(#4802,1.);
#4799=DERIVED_UNIT_ELEMENT(#7929,-3.);
#4800=DERIVED_UNIT_ELEMENT(#4802,1.);
#4801=DERIVED_UNIT_ELEMENT(#7929,-3.);
#4802=(
MASS_UNIT()
NAMED_UNIT(*)
SI_UNIT(.KILO.,.GRAM.)
);
#4803=DERIVED_UNIT((#4798,#4799));
#4804=DERIVED_UNIT((#4800,#4801));
#4805=MEASURE_REPRESENTATION_ITEM('density measure',
POSITIVE_RATIO_MEASURE(7850.),#4803);
#4806=MEASURE_REPRESENTATION_ITEM('density measure',
POSITIVE_RATIO_MEASURE(7850.),#4804);
#4807=PROPERTY_DEFINITION_REPRESENTATION(#4817,#4811);
#4808=PROPERTY_DEFINITION_REPRESENTATION(#4818,#4812);
#4809=PROPERTY_DEFINITION_REPRESENTATION(#4819,#4813);
#4810=PROPERTY_DEFINITION_REPRESENTATION(#4820,#4814);
#4811=REPRESENTATION('material name',(#4815),#7925);
#4812=REPRESENTATION('density',(#4805),#7925);
#4813=REPRESENTATION('material name',(#4816),#7926);
#4814=REPRESENTATION('density',(#4806),#7926);
#4815=DESCRIPTIVE_REPRESENTATION_ITEM('\X\C7elik','\X\C7elik');
#4816=DESCRIPTIVE_REPRESENTATION_ITEM('\X\C7elik','\X\C7elik');
#4817=PROPERTY_DEFINITION('material property','material name',#7945);
#4818=PROPERTY_DEFINITION('material property','density of part',#7945);
#4819=PROPERTY_DEFINITION('material property','material name',#7946);
#4820=PROPERTY_DEFINITION('material property','density of part',#7946);
#4821=AXIS2_PLACEMENT_3D('',#6590,#5246,#5247);
#4822=AXIS2_PLACEMENT_3D('',#6591,#5248,#5249);
#4823=AXIS2_PLACEMENT_3D('',#6592,#5250,#5251);
#4824=AXIS2_PLACEMENT_3D('',#6594,#5252,#5253);
#4825=AXIS2_PLACEMENT_3D('',#6597,#5255,#5256);
#4826=AXIS2_PLACEMENT_3D('',#6598,#5257,#5258);
#4827=AXIS2_PLACEMENT_3D('',#6599,#5259,#5260);
#4828=AXIS2_PLACEMENT_3D('',#6601,#5261,#5262);
#4829=AXIS2_PLACEMENT_3D('',#6604,#5264,#5265);
#4830=AXIS2_PLACEMENT_3D('',#6605,#5266,#5267);
#4831=AXIS2_PLACEMENT_3D('',#6606,#5268,#5269);
#4832=AXIS2_PLACEMENT_3D('',#6608,#5270,#5271);
#4833=AXIS2_PLACEMENT_3D('',#6611,#5273,#5274);
#4834=AXIS2_PLACEMENT_3D('',#6612,#5275,#5276);
#4835=AXIS2_PLACEMENT_3D('',#6613,#5277,#5278);
#4836=AXIS2_PLACEMENT_3D('',#6615,#5279,#5280);
#4837=AXIS2_PLACEMENT_3D('',#6618,#5282,#5283);
#4838=AXIS2_PLACEMENT_3D('',#6619,#5284,#5285);
#4839=AXIS2_PLACEMENT_3D('',#6620,#5286,#5287);
#4840=AXIS2_PLACEMENT_3D('',#6622,#5288,#5289);
#4841=AXIS2_PLACEMENT_3D('',#6625,#5291,#5292);
#4842=AXIS2_PLACEMENT_3D('',#6626,#5293,#5294);
#4843=AXIS2_PLACEMENT_3D('',#6631,#5296,#5297);
#4844=AXIS2_PLACEMENT_3D('',#6634,#5299,#5300);
#4845=AXIS2_PLACEMENT_3D('',#6635,#5301,#5302);
#4846=AXIS2_PLACEMENT_3D('',#6636,#5303,#5304);
#4847=AXIS2_PLACEMENT_3D('',#6637,#5305,#5306);
#4848=AXIS2_PLACEMENT_3D('',#6638,#5307,#5308);
#4849=AXIS2_PLACEMENT_3D('',#6639,#5309,#5310);
#4850=AXIS2_PLACEMENT_3D('',#6642,#5311,#5312);
#4851=AXIS2_PLACEMENT_3D('',#6646,#5314,#5315);
#4852=AXIS2_PLACEMENT_3D('',#6650,#5317,#5318);
#4853=AXIS2_PLACEMENT_3D('',#6654,#5320,#5321);
#4854=AXIS2_PLACEMENT_3D('',#6660,#5324,#5325);
#4855=AXIS2_PLACEMENT_3D('',#6663,#5327,#5328);
#4856=AXIS2_PLACEMENT_3D('',#6668,#5330,#5331);
#4857=AXIS2_PLACEMENT_3D('',#6671,#5333,#5334);
#4858=AXIS2_PLACEMENT_3D('',#6674,#5335,#5336);
#4859=AXIS2_PLACEMENT_3D('',#6675,#5337,#5338);
#4860=AXIS2_PLACEMENT_3D('',#6678,#5339,#5340);
#4861=AXIS2_PLACEMENT_3D('',#6679,#5341,#5342);
#4862=AXIS2_PLACEMENT_3D('',#6682,#5343,#5344);
#4863=AXIS2_PLACEMENT_3D('',#6683,#5345,#5346);
#4864=AXIS2_PLACEMENT_3D('',#6684,#5347,#5348);
#4865=AXIS2_PLACEMENT_3D('',#6686,#5349,#5350);
#4866=AXIS2_PLACEMENT_3D('',#6689,#5352,#5353);
#4867=AXIS2_PLACEMENT_3D('',#6690,#5354,#5355);
#4868=AXIS2_PLACEMENT_3D('',#6694,#5357,#5358);
#4869=AXIS2_PLACEMENT_3D('',#6696,#5360,#5361);
#4870=AXIS2_PLACEMENT_3D('',#6697,#5362,#5363);
#4871=AXIS2_PLACEMENT_3D('',#6698,#5364,#5365);
#4872=AXIS2_PLACEMENT_3D('',#6699,#5366,#5367);
#4873=AXIS2_PLACEMENT_3D('',#6701,#5368,#5369);
#4874=AXIS2_PLACEMENT_3D('',#6704,#5371,#5372);
#4875=AXIS2_PLACEMENT_3D('',#6705,#5373,#5374);
#4876=AXIS2_PLACEMENT_3D('',#6709,#5376,#5377);
#4877=AXIS2_PLACEMENT_3D('',#6711,#5379,#5380);
#4878=AXIS2_PLACEMENT_3D('',#6712,#5381,#5382);
#4879=AXIS2_PLACEMENT_3D('',#6713,#5383,#5384);
#4880=AXIS2_PLACEMENT_3D('',#6714,#5385,#5386);
#4881=AXIS2_PLACEMENT_3D('',#6716,#5387,#5388);
#4882=AXIS2_PLACEMENT_3D('',#6719,#5390,#5391);
#4883=AXIS2_PLACEMENT_3D('',#6720,#5392,#5393);
#4884=AXIS2_PLACEMENT_3D('',#6724,#5395,#5396);
#4885=AXIS2_PLACEMENT_3D('',#6726,#5398,#5399);
#4886=AXIS2_PLACEMENT_3D('',#6727,#5400,#5401);
#4887=AXIS2_PLACEMENT_3D('',#6728,#5402,#5403);
#4888=AXIS2_PLACEMENT_3D('',#6729,#5404,#5405);
#4889=AXIS2_PLACEMENT_3D('',#6730,#5406,#5407);
#4890=AXIS2_PLACEMENT_3D('',#6731,#5408,#5409);
#4891=AXIS2_PLACEMENT_3D('',#6732,#5410,#5411);
#4892=AXIS2_PLACEMENT_3D('',#6733,#5412,#5413);
#4893=AXIS2_PLACEMENT_3D('',#6739,#5417,#5418);
#4894=AXIS2_PLACEMENT_3D('',#6741,#5419,#5420);
#4895=AXIS2_PLACEMENT_3D('',#6743,#5422,#5423);
#4896=AXIS2_PLACEMENT_3D('',#6747,#5426,#5427);
#4897=AXIS2_PLACEMENT_3D('',#6748,#5428,#5429);
#4898=AXIS2_PLACEMENT_3D('',#6749,#5430,#5431);
#4899=AXIS2_PLACEMENT_3D('',#6755,#5435,#5436);
#4900=AXIS2_PLACEMENT_3D('',#6757,#5437,#5438);
#4901=AXIS2_PLACEMENT_3D('',#6759,#5440,#5441);
#4902=AXIS2_PLACEMENT_3D('',#6763,#5444,#5445);
#4903=AXIS2_PLACEMENT_3D('',#6764,#5446,#5447);
#4904=AXIS2_PLACEMENT_3D('',#6765,#5448,#5449);
#4905=AXIS2_PLACEMENT_3D('',#6767,#5450,#5451);
#4906=AXIS2_PLACEMENT_3D('',#6770,#5453,#5454);
#4907=AXIS2_PLACEMENT_3D('',#6771,#5455,#5456);
#4908=AXIS2_PLACEMENT_3D('',#6773,#5457,#5458);
#4909=AXIS2_PLACEMENT_3D('',#6776,#5460,#5461);
#4910=AXIS2_PLACEMENT_3D('',#6777,#5462,#5463);
#4911=AXIS2_PLACEMENT_3D('',#6779,#5464,#5465);
#4912=AXIS2_PLACEMENT_3D('',#6782,#5467,#5468);
#4913=AXIS2_PLACEMENT_3D('',#6783,#5469,#5470);
#4914=AXIS2_PLACEMENT_3D('',#6785,#5471,#5472);
#4915=AXIS2_PLACEMENT_3D('',#6788,#5474,#5475);
#4916=AXIS2_PLACEMENT_3D('',#6789,#5476,#5477);
#4917=AXIS2_PLACEMENT_3D('',#6791,#5478,#5479);
#4918=AXIS2_PLACEMENT_3D('',#6794,#5481,#5482);
#4919=AXIS2_PLACEMENT_3D('',#6795,#5483,#5484);
#4920=AXIS2_PLACEMENT_3D('',#6796,#5485,#5486);
#4921=AXIS2_PLACEMENT_3D('',#6798,#5487,#5488);
#4922=AXIS2_PLACEMENT_3D('',#6801,#5490,#5491);
#4923=AXIS2_PLACEMENT_3D('',#6802,#5492,#5493);
#4924=AXIS2_PLACEMENT_3D('',#6803,#5494,#5495);
#4925=AXIS2_PLACEMENT_3D('',#6805,#5496,#5497);
#4926=AXIS2_PLACEMENT_3D('',#6808,#5499,#5500);
#4927=AXIS2_PLACEMENT_3D('',#6809,#5501,#5502);
#4928=AXIS2_PLACEMENT_3D('',#6810,#5503,#5504);
#4929=AXIS2_PLACEMENT_3D('',#6812,#5505,#5506);
#4930=AXIS2_PLACEMENT_3D('',#6815,#5508,#5509);
#4931=AXIS2_PLACEMENT_3D('',#6816,#5510,#5511);
#4932=AXIS2_PLACEMENT_3D('',#6817,#5512,#5513);
#4933=AXIS2_PLACEMENT_3D('',#6822,#5515,#5516);
#4934=AXIS2_PLACEMENT_3D('',#6825,#5518,#5519);
#4935=AXIS2_PLACEMENT_3D('',#6826,#5520,#5521);
#4936=AXIS2_PLACEMENT_3D('',#6829,#5522,#5523);
#4937=AXIS2_PLACEMENT_3D('',#6833,#5525,#5526);
#4938=AXIS2_PLACEMENT_3D('',#6837,#5528,#5529);
#4939=AXIS2_PLACEMENT_3D('',#6841,#5531,#5532);
#4940=AXIS2_PLACEMENT_3D('',#6846,#5535,#5536);
#4941=AXIS2_PLACEMENT_3D('',#6850,#5538,#5539);
#4942=AXIS2_PLACEMENT_3D('',#6854,#5541,#5542);
#4943=AXIS2_PLACEMENT_3D('',#6856,#5544,#5545);
#4944=AXIS2_PLACEMENT_3D('',#6860,#5548,#5549);
#4945=AXIS2_PLACEMENT_3D('',#6865,#5552,#5553);
#4946=AXIS2_PLACEMENT_3D('',#6866,#5554,#5555);
#4947=AXIS2_PLACEMENT_3D('',#6870,#5557,#5558);
#4948=AXIS2_PLACEMENT_3D('',#6874,#5561,#5562);
#4949=AXIS2_PLACEMENT_3D('',#6875,#5563,#5564);
#4950=AXIS2_PLACEMENT_3D('',#6877,#5566,#5567);
#4951=AXIS2_PLACEMENT_3D('',#6878,#5568,#5569);
#4952=AXIS2_PLACEMENT_3D('',#6881,#5572,#5573);
#4953=AXIS2_PLACEMENT_3D('',#6882,#5574,#5575);
#4954=AXIS2_PLACEMENT_3D('',#6883,#5576,#5577);
#4955=AXIS2_PLACEMENT_3D('',#6886,#5580,#5581);
#4956=AXIS2_PLACEMENT_3D('',#6888,#5583,#5584);
#4957=AXIS2_PLACEMENT_3D('',#6891,#5587,#5588);
#4958=AXIS2_PLACEMENT_3D('',#6893,#5590,#5591);
#4959=AXIS2_PLACEMENT_3D('',#6895,#5593,#5594);
#4960=AXIS2_PLACEMENT_3D('',#6897,#5596,#5597);
#4961=AXIS2_PLACEMENT_3D('',#6898,#5598,#5599);
#4962=AXIS2_PLACEMENT_3D('',#6899,#5600,#5601);
#4963=AXIS2_PLACEMENT_3D('',#6901,#5602,#5603);
#4964=AXIS2_PLACEMENT_3D('',#6904,#5605,#5606);
#4965=AXIS2_PLACEMENT_3D('',#6905,#5607,#5608);
#4966=AXIS2_PLACEMENT_3D('',#6907,#5609,#5610);
#4967=AXIS2_PLACEMENT_3D('',#6910,#5612,#5613);
#4968=AXIS2_PLACEMENT_3D('',#6911,#5614,#5615);
#4969=AXIS2_PLACEMENT_3D('',#6913,#5616,#5617);
#4970=AXIS2_PLACEMENT_3D('',#6916,#5619,#5620);
#4971=AXIS2_PLACEMENT_3D('',#6917,#5621,#5622);
#4972=AXIS2_PLACEMENT_3D('',#6919,#5623,#5624);
#4973=AXIS2_PLACEMENT_3D('',#6922,#5626,#5627);
#4974=AXIS2_PLACEMENT_3D('',#6923,#5628,#5629);
#4975=AXIS2_PLACEMENT_3D('',#6925,#5630,#5631);
#4976=AXIS2_PLACEMENT_3D('',#6928,#5633,#5634);
#4977=AXIS2_PLACEMENT_3D('',#6929,#5635,#5636);
#4978=AXIS2_PLACEMENT_3D('',#6931,#5637,#5638);
#4979=AXIS2_PLACEMENT_3D('',#6934,#5640,#5641);
#4980=AXIS2_PLACEMENT_3D('',#6935,#5642,#5643);
#4981=AXIS2_PLACEMENT_3D('',#6937,#5644,#5645);
#4982=AXIS2_PLACEMENT_3D('',#6940,#5647,#5648);
#4983=AXIS2_PLACEMENT_3D('',#6941,#5649,#5650);
#4984=AXIS2_PLACEMENT_3D('',#6942,#5651,#5652);
#4985=AXIS2_PLACEMENT_3D('',#6944,#5653,#5654);
#4986=AXIS2_PLACEMENT_3D('',#6947,#5656,#5657);
#4987=AXIS2_PLACEMENT_3D('',#6948,#5658,#5659);
#4988=AXIS2_PLACEMENT_3D('',#6950,#5660,#5661);
#4989=AXIS2_PLACEMENT_3D('',#6952,#5663,#5664);
#4990=AXIS2_PLACEMENT_3D('',#6954,#5665,#5666);
#4991=AXIS2_PLACEMENT_3D('',#6955,#5667,#5668);
#4992=AXIS2_PLACEMENT_3D('',#6958,#5670,#5671);
#4993=AXIS2_PLACEMENT_3D('',#6959,#5672,#5673);
#4994=AXIS2_PLACEMENT_3D('',#6962,#5674,#5675);
#4995=AXIS2_PLACEMENT_3D('',#6966,#5677,#5678);
#4996=AXIS2_PLACEMENT_3D('',#6968,#5680,#5681);
#4997=AXIS2_PLACEMENT_3D('',#6974,#5685,#5686);
#4998=AXIS2_PLACEMENT_3D('',#6978,#5688,#5689);
#4999=AXIS2_PLACEMENT_3D('',#6982,#5691,#5692);
#5000=AXIS2_PLACEMENT_3D('',#6985,#5694,#5695);
#5001=AXIS2_PLACEMENT_3D('',#6986,#5696,#5697);
#5002=AXIS2_PLACEMENT_3D('',#6990,#5699,#5700);
#5003=AXIS2_PLACEMENT_3D('',#6992,#5702,#5703);
#5004=AXIS2_PLACEMENT_3D('',#6996,#5706,#5707);
#5005=AXIS2_PLACEMENT_3D('',#6998,#5708,#5709);
#5006=AXIS2_PLACEMENT_3D('',#7000,#5711,#5712);
#5007=AXIS2_PLACEMENT_3D('',#7003,#5714,#5715);
#5008=AXIS2_PLACEMENT_3D('',#7004,#5716,#5717);
#5009=AXIS2_PLACEMENT_3D('',#7006,#5719,#5720);
#5010=AXIS2_PLACEMENT_3D('',#7008,#5722,#5723);
#5011=AXIS2_PLACEMENT_3D('',#7009,#5724,#5725);
#5012=AXIS2_PLACEMENT_3D('',#7011,#5726,#5727);
#5013=AXIS2_PLACEMENT_3D('',#7012,#5728,#5729);
#5014=AXIS2_PLACEMENT_3D('',#7014,#5730,#5731);
#5015=AXIS2_PLACEMENT_3D('',#7016,#5733,#5734);
#5016=AXIS2_PLACEMENT_3D('',#7017,#5735,#5736);
#5017=AXIS2_PLACEMENT_3D('',#7026,#5741,#5742);
#5018=AXIS2_PLACEMENT_3D('',#7035,#5747,#5748);
#5019=AXIS2_PLACEMENT_3D('',#7038,#5751,#5752);
#5020=AXIS2_PLACEMENT_3D('',#7044,#5756,#5757);
#5021=AXIS2_PLACEMENT_3D('',#7050,#5761,#5762);
#5022=AXIS2_PLACEMENT_3D('',#7056,#5766,#5767);
#5023=AXIS2_PLACEMENT_3D('',#7060,#5770,#5771);
#5024=AXIS2_PLACEMENT_3D('',#7064,#5774,#5775);
#5025=AXIS2_PLACEMENT_3D('',#7066,#5777,#5778);
#5026=AXIS2_PLACEMENT_3D('',#7067,#5779,#5780);
#5027=AXIS2_PLACEMENT_3D('',#7068,#5781,#5782);
#5028=AXIS2_PLACEMENT_3D('',#7073,#5784,#5785);
#5029=AXIS2_PLACEMENT_3D('',#7076,#5787,#5788);
#5030=AXIS2_PLACEMENT_3D('',#7077,#5789,#5790);
#5031=AXIS2_PLACEMENT_3D('',#7082,#5792,#5793);
#5032=AXIS2_PLACEMENT_3D('',#7085,#5795,#5796);
#5033=AXIS2_PLACEMENT_3D('',#7086,#5797,#5798);
#5034=AXIS2_PLACEMENT_3D('',#7095,#5803,#5804);
#5035=AXIS2_PLACEMENT_3D('',#7101,#5808,#5809);
#5036=AXIS2_PLACEMENT_3D('',#7107,#5813,#5814);
#5037=AXIS2_PLACEMENT_3D('',#7109,#5815,#5816);
#5038=AXIS2_PLACEMENT_3D('',#7112,#5818,#5819);
#5039=AXIS2_PLACEMENT_3D('',#7113,#5820,#5821);
#5040=AXIS2_PLACEMENT_3D('',#7115,#5822,#5823);
#5041=AXIS2_PLACEMENT_3D('',#7118,#5825,#5826);
#5042=AXIS2_PLACEMENT_3D('',#7119,#5827,#5828);
#5043=AXIS2_PLACEMENT_3D('',#7121,#5829,#5830);
#5044=AXIS2_PLACEMENT_3D('',#7124,#5832,#5833);
#5045=AXIS2_PLACEMENT_3D('',#7125,#5834,#5835);
#5046=AXIS2_PLACEMENT_3D('',#7127,#5836,#5837);
#5047=AXIS2_PLACEMENT_3D('',#7130,#5839,#5840);
#5048=AXIS2_PLACEMENT_3D('',#7131,#5841,#5842);
#5049=AXIS2_PLACEMENT_3D('',#7134,#5843,#5844);
#5050=AXIS2_PLACEMENT_3D('',#7138,#5846,#5847);
#5051=AXIS2_PLACEMENT_3D('',#7140,#5849,#5850);
#5052=AXIS2_PLACEMENT_3D('',#7143,#5851,#5852);
#5053=AXIS2_PLACEMENT_3D('',#7147,#5854,#5855);
#5054=AXIS2_PLACEMENT_3D('',#7149,#5857,#5858);
#5055=AXIS2_PLACEMENT_3D('',#7152,#5861,#5862);
#5056=AXIS2_PLACEMENT_3D('',#7155,#5865,#5866);
#5057=AXIS2_PLACEMENT_3D('',#7158,#5869,#5870);
#5058=AXIS2_PLACEMENT_3D('',#7161,#5873,#5874);
#5059=AXIS2_PLACEMENT_3D('',#7164,#5877,#5878);
#5060=AXIS2_PLACEMENT_3D('',#7165,#5879,#5880);
#5061=AXIS2_PLACEMENT_3D('',#7166,#5881,#5882);
#5062=AXIS2_PLACEMENT_3D('',#7168,#5883,#5884);
#5063=AXIS2_PLACEMENT_3D('',#7171,#5886,#5887);
#5064=AXIS2_PLACEMENT_3D('',#7172,#5888,#5889);
#5065=AXIS2_PLACEMENT_3D('',#7173,#5890,#5891);
#5066=AXIS2_PLACEMENT_3D('',#7174,#5892,#5893);
#5067=AXIS2_PLACEMENT_3D('',#7183,#5898,#5899);
#5068=AXIS2_PLACEMENT_3D('',#7189,#5903,#5904);
#5069=AXIS2_PLACEMENT_3D('',#7195,#5908,#5909);
#5070=AXIS2_PLACEMENT_3D('',#7198,#5912,#5913);
#5071=AXIS2_PLACEMENT_3D('',#7199,#5914,#5915);
#5072=AXIS2_PLACEMENT_3D('',#7200,#5916,#5917);
#5073=AXIS2_PLACEMENT_3D('',#7202,#5918,#5919);
#5074=AXIS2_PLACEMENT_3D('',#7205,#5921,#5922);
#5075=AXIS2_PLACEMENT_3D('',#7206,#5923,#5924);
#5076=AXIS2_PLACEMENT_3D('',#7207,#5925,#5926);
#5077=AXIS2_PLACEMENT_3D('',#7208,#5927,#5928);
#5078=AXIS2_PLACEMENT_3D('',#7217,#5933,#5934);
#5079=AXIS2_PLACEMENT_3D('',#7223,#5938,#5939);
#5080=AXIS2_PLACEMENT_3D('',#7229,#5943,#5944);
#5081=AXIS2_PLACEMENT_3D('',#7232,#5947,#5948);
#5082=AXIS2_PLACEMENT_3D('',#7233,#5949,#5950);
#5083=AXIS2_PLACEMENT_3D('',#7234,#5951,#5952);
#5084=AXIS2_PLACEMENT_3D('',#7243,#5957,#5958);
#5085=AXIS2_PLACEMENT_3D('',#7249,#5962,#5963);
#5086=AXIS2_PLACEMENT_3D('',#7255,#5967,#5968);
#5087=AXIS2_PLACEMENT_3D('',#7258,#5971,#5972);
#5088=AXIS2_PLACEMENT_3D('',#7259,#5973,#5974);
#5089=AXIS2_PLACEMENT_3D('',#7260,#5975,#5976);
#5090=AXIS2_PLACEMENT_3D('',#7269,#5981,#5982);
#5091=AXIS2_PLACEMENT_3D('',#7275,#5986,#5987);
#5092=AXIS2_PLACEMENT_3D('',#7281,#5991,#5992);
#5093=AXIS2_PLACEMENT_3D('',#7284,#5995,#5996);
#5094=AXIS2_PLACEMENT_3D('',#7285,#5997,#5998);
#5095=AXIS2_PLACEMENT_3D('',#7286,#5999,#6000);
#5096=AXIS2_PLACEMENT_3D('',#7295,#6005,#6006);
#5097=AXIS2_PLACEMENT_3D('',#7301,#6010,#6011);
#5098=AXIS2_PLACEMENT_3D('',#7307,#6015,#6016);
#5099=AXIS2_PLACEMENT_3D('',#7310,#6019,#6020);
#5100=AXIS2_PLACEMENT_3D('',#7311,#6021,#6022);
#5101=AXIS2_PLACEMENT_3D('',#7312,#6023,#6024);
#5102=AXIS2_PLACEMENT_3D('',#7321,#6029,#6030);
#5103=AXIS2_PLACEMENT_3D('',#7327,#6034,#6035);
#5104=AXIS2_PLACEMENT_3D('',#7333,#6039,#6040);
#5105=AXIS2_PLACEMENT_3D('',#7336,#6043,#6044);
#5106=AXIS2_PLACEMENT_3D('',#7337,#6045,#6046);
#5107=AXIS2_PLACEMENT_3D('',#7338,#6047,#6048);
#5108=AXIS2_PLACEMENT_3D('',#7347,#6053,#6054);
#5109=AXIS2_PLACEMENT_3D('',#7353,#6058,#6059);
#5110=AXIS2_PLACEMENT_3D('',#7359,#6063,#6064);
#5111=AXIS2_PLACEMENT_3D('',#7362,#6067,#6068);
#5112=AXIS2_PLACEMENT_3D('',#7363,#6069,#6070);
#5113=AXIS2_PLACEMENT_3D('',#7364,#6071,#6072);
#5114=AXIS2_PLACEMENT_3D('',#7373,#6077,#6078);
#5115=AXIS2_PLACEMENT_3D('',#7379,#6082,#6083);
#5116=AXIS2_PLACEMENT_3D('',#7385,#6087,#6088);
#5117=AXIS2_PLACEMENT_3D('',#7388,#6091,#6092);
#5118=AXIS2_PLACEMENT_3D('',#7389,#6093,#6094);
#5119=AXIS2_PLACEMENT_3D('',#7390,#6095,#6096);
#5120=AXIS2_PLACEMENT_3D('',#7399,#6101,#6102);
#5121=AXIS2_PLACEMENT_3D('',#7405,#6106,#6107);
#5122=AXIS2_PLACEMENT_3D('',#7411,#6111,#6112);
#5123=AXIS2_PLACEMENT_3D('',#7414,#6115,#6116);
#5124=AXIS2_PLACEMENT_3D('',#7415,#6117,#6118);
#5125=AXIS2_PLACEMENT_3D('',#7416,#6119,#6120);
#5126=AXIS2_PLACEMENT_3D('',#7425,#6125,#6126);
#5127=AXIS2_PLACEMENT_3D('',#7431,#6130,#6131);
#5128=AXIS2_PLACEMENT_3D('',#7437,#6135,#6136);
#5129=AXIS2_PLACEMENT_3D('',#7440,#6139,#6140);
#5130=AXIS2_PLACEMENT_3D('',#7441,#6141,#6142);
#5131=AXIS2_PLACEMENT_3D('',#7442,#6143,#6144);
#5132=AXIS2_PLACEMENT_3D('',#7451,#6149,#6150);
#5133=AXIS2_PLACEMENT_3D('',#7457,#6154,#6155);
#5134=AXIS2_PLACEMENT_3D('',#7463,#6159,#6160);
#5135=AXIS2_PLACEMENT_3D('',#7466,#6163,#6164);
#5136=AXIS2_PLACEMENT_3D('',#7467,#6165,#6166);
#5137=AXIS2_PLACEMENT_3D('',#7468,#6167,#6168);
#5138=AXIS2_PLACEMENT_3D('',#7477,#6173,#6174);
#5139=AXIS2_PLACEMENT_3D('',#7483,#6178,#6179);
#5140=AXIS2_PLACEMENT_3D('',#7489,#6183,#6184);
#5141=AXIS2_PLACEMENT_3D('',#7492,#6187,#6188);
#5142=AXIS2_PLACEMENT_3D('',#7493,#6189,#6190);
#5143=AXIS2_PLACEMENT_3D('',#7494,#6191,#6192);
#5144=AXIS2_PLACEMENT_3D('',#7503,#6197,#6198);
#5145=AXIS2_PLACEMENT_3D('',#7509,#6202,#6203);
#5146=AXIS2_PLACEMENT_3D('',#7515,#6207,#6208);
#5147=AXIS2_PLACEMENT_3D('',#7518,#6211,#6212);
#5148=AXIS2_PLACEMENT_3D('',#7519,#6213,#6214);
#5149=AXIS2_PLACEMENT_3D('',#7520,#6215,#6216);
#5150=AXIS2_PLACEMENT_3D('',#7529,#6221,#6222);
#5151=AXIS2_PLACEMENT_3D('',#7535,#6226,#6227);
#5152=AXIS2_PLACEMENT_3D('',#7541,#6231,#6232);
#5153=AXIS2_PLACEMENT_3D('',#7544,#6235,#6236);
#5154=AXIS2_PLACEMENT_3D('',#7545,#6237,#6238);
#5155=AXIS2_PLACEMENT_3D('',#7546,#6239,#6240);
#5156=AXIS2_PLACEMENT_3D('',#7555,#6245,#6246);
#5157=AXIS2_PLACEMENT_3D('',#7561,#6250,#6251);
#5158=AXIS2_PLACEMENT_3D('',#7567,#6255,#6256);
#5159=AXIS2_PLACEMENT_3D('',#7570,#6259,#6260);
#5160=AXIS2_PLACEMENT_3D('',#7571,#6261,#6262);
#5161=AXIS2_PLACEMENT_3D('',#7572,#6263,#6264);
#5162=AXIS2_PLACEMENT_3D('',#7581,#6269,#6270);
#5163=AXIS2_PLACEMENT_3D('',#7587,#6274,#6275);
#5164=AXIS2_PLACEMENT_3D('',#7593,#6279,#6280);
#5165=AXIS2_PLACEMENT_3D('',#7596,#6283,#6284);
#5166=AXIS2_PLACEMENT_3D('',#7597,#6285,#6286);
#5167=AXIS2_PLACEMENT_3D('',#7598,#6287,#6288);
#5168=AXIS2_PLACEMENT_3D('',#7607,#6293,#6294);
#5169=AXIS2_PLACEMENT_3D('',#7613,#6298,#6299);
#5170=AXIS2_PLACEMENT_3D('',#7619,#6303,#6304);
#5171=AXIS2_PLACEMENT_3D('',#7622,#6307,#6308);
#5172=AXIS2_PLACEMENT_3D('',#7623,#6309,#6310);
#5173=AXIS2_PLACEMENT_3D('',#7624,#6311,#6312);
#5174=AXIS2_PLACEMENT_3D('',#7633,#6317,#6318);
#5175=AXIS2_PLACEMENT_3D('',#7639,#6322,#6323);
#5176=AXIS2_PLACEMENT_3D('',#7645,#6327,#6328);
#5177=AXIS2_PLACEMENT_3D('',#7648,#6331,#6332);
#5178=AXIS2_PLACEMENT_3D('',#7649,#6333,#6334);
#5179=AXIS2_PLACEMENT_3D('',#7650,#6335,#6336);
#5180=AXIS2_PLACEMENT_3D('',#7652,#6337,#6338);
#5181=AXIS2_PLACEMENT_3D('',#7653,#6339,#6340);
#5182=AXIS2_PLACEMENT_3D('',#7655,#6341,#6342);
#5183=AXIS2_PLACEMENT_3D('',#7657,#6344,#6345);
#5184=AXIS2_PLACEMENT_3D('',#7658,#6346,#6347);
#5185=AXIS2_PLACEMENT_3D('',#7667,#6352,#6353);
#5186=AXIS2_PLACEMENT_3D('',#7673,#6357,#6358);
#5187=AXIS2_PLACEMENT_3D('',#7679,#6362,#6363);
#5188=AXIS2_PLACEMENT_3D('',#7682,#6366,#6367);
#5189=AXIS2_PLACEMENT_3D('',#7683,#6368,#6369);
#5190=AXIS2_PLACEMENT_3D('',#7684,#6370,#6371);
#5191=AXIS2_PLACEMENT_3D('',#7693,#6376,#6377);
#5192=AXIS2_PLACEMENT_3D('',#7699,#6381,#6382);
#5193=AXIS2_PLACEMENT_3D('',#7705,#6386,#6387);
#5194=AXIS2_PLACEMENT_3D('',#7708,#6390,#6391);
#5195=AXIS2_PLACEMENT_3D('',#7709,#6392,#6393);
#5196=AXIS2_PLACEMENT_3D('',#7710,#6394,#6395);
#5197=AXIS2_PLACEMENT_3D('',#7719,#6400,#6401);
#5198=AXIS2_PLACEMENT_3D('',#7725,#6405,#6406);
#5199=AXIS2_PLACEMENT_3D('',#7731,#6410,#6411);
#5200=AXIS2_PLACEMENT_3D('',#7734,#6414,#6415);
#5201=AXIS2_PLACEMENT_3D('',#7735,#6416,#6417);
#5202=AXIS2_PLACEMENT_3D('',#7736,#6418,#6419);
#5203=AXIS2_PLACEMENT_3D('',#7745,#6424,#6425);
#5204=AXIS2_PLACEMENT_3D('',#7751,#6429,#6430);
#5205=AXIS2_PLACEMENT_3D('',#7757,#6434,#6435);
#5206=AXIS2_PLACEMENT_3D('',#7760,#6438,#6439);
#5207=AXIS2_PLACEMENT_3D('',#7761,#6440,#6441);
#5208=AXIS2_PLACEMENT_3D('',#7762,#6442,#6443);
#5209=AXIS2_PLACEMENT_3D('',#7771,#6448,#6449);
#5210=AXIS2_PLACEMENT_3D('',#7777,#6453,#6454);
#5211=AXIS2_PLACEMENT_3D('',#7783,#6458,#6459);
#5212=AXIS2_PLACEMENT_3D('',#7786,#6462,#6463);
#5213=AXIS2_PLACEMENT_3D('',#7787,#6464,#6465);
#5214=AXIS2_PLACEMENT_3D('',#7788,#6466,#6467);
#5215=AXIS2_PLACEMENT_3D('',#7797,#6472,#6473);
#5216=AXIS2_PLACEMENT_3D('',#7803,#6477,#6478);
#5217=AXIS2_PLACEMENT_3D('',#7809,#6482,#6483);
#5218=AXIS2_PLACEMENT_3D('',#7812,#6486,#6487);
#5219=AXIS2_PLACEMENT_3D('',#7813,#6488,#6489);
#5220=AXIS2_PLACEMENT_3D('',#7814,#6490,#6491);
#5221=AXIS2_PLACEMENT_3D('',#7823,#6496,#6497);
#5222=AXIS2_PLACEMENT_3D('',#7829,#6501,#6502);
#5223=AXIS2_PLACEMENT_3D('',#7835,#6506,#6507);
#5224=AXIS2_PLACEMENT_3D('',#7838,#6510,#6511);
#5225=AXIS2_PLACEMENT_3D('',#7839,#6512,#6513);
#5226=AXIS2_PLACEMENT_3D('',#7840,#6514,#6515);
#5227=AXIS2_PLACEMENT_3D('',#7849,#6520,#6521);
#5228=AXIS2_PLACEMENT_3D('',#7855,#6525,#6526);
#5229=AXIS2_PLACEMENT_3D('',#7861,#6530,#6531);
#5230=AXIS2_PLACEMENT_3D('',#7864,#6534,#6535);
#5231=AXIS2_PLACEMENT_3D('',#7865,#6536,#6537);
#5232=AXIS2_PLACEMENT_3D('',#7866,#6538,#6539);
#5233=AXIS2_PLACEMENT_3D('',#7875,#6544,#6545);
#5234=AXIS2_PLACEMENT_3D('',#7881,#6549,#6550);
#5235=AXIS2_PLACEMENT_3D('',#7887,#6554,#6555);
#5236=AXIS2_PLACEMENT_3D('',#7890,#6558,#6559);
#5237=AXIS2_PLACEMENT_3D('',#7891,#6560,#6561);
#5238=AXIS2_PLACEMENT_3D('',#7892,#6562,#6563);
#5239=AXIS2_PLACEMENT_3D('',#7901,#6568,#6569);
#5240=AXIS2_PLACEMENT_3D('',#7907,#6573,#6574);
#5241=AXIS2_PLACEMENT_3D('',#7913,#6578,#6579);
#5242=AXIS2_PLACEMENT_3D('',#7916,#6582,#6583);
#5243=AXIS2_PLACEMENT_3D('',#7917,#6584,#6585);
#5244=AXIS2_PLACEMENT_3D('',#7918,#6586,#6587);
#5245=AXIS2_PLACEMENT_3D('',#7919,#6588,#6589);
#5246=DIRECTION('axis',(0.,0.,1.));
#5247=DIRECTION('refdir',(1.,0.,0.));
#5248=DIRECTION('axis',(0.,0.,1.));
#5249=DIRECTION('refdir',(1.,0.,0.));
#5250=DIRECTION('center_axis',(0.,0.,-1.));
#5251=DIRECTION('ref_axis',(1.,0.,0.));
#5252=DIRECTION('center_axis',(0.,0.,-1.));
#5253=DIRECTION('ref_axis',(1.,0.,0.));
#5254=DIRECTION('',(0.,0.,-1.));
#5255=DIRECTION('center_axis',(0.,0.,-1.));
#5256=DIRECTION('ref_axis',(1.,0.,0.));
#5257=DIRECTION('center_axis',(0.,0.,1.));
#5258=DIRECTION('ref_axis',(1.,0.,0.));
#5259=DIRECTION('center_axis',(0.,0.,-1.));
#5260=DIRECTION('ref_axis',(1.,0.,0.));
#5261=DIRECTION('center_axis',(0.,0.,-1.));
#5262=DIRECTION('ref_axis',(1.,0.,0.));
#5263=DIRECTION('',(0.,0.,-1.));
#5264=DIRECTION('center_axis',(0.,0.,-1.));
#5265=DIRECTION('ref_axis',(1.,0.,0.));
#5266=DIRECTION('center_axis',(0.,0.,1.));
#5267=DIRECTION('ref_axis',(1.,0.,0.));
#5268=DIRECTION('center_axis',(0.,0.,-1.));
#5269=DIRECTION('ref_axis',(1.,0.,0.));
#5270=DIRECTION('center_axis',(0.,0.,-1.));
#5271=DIRECTION('ref_axis',(1.,0.,0.));
#5272=DIRECTION('',(0.,0.,-1.));
#5273=DIRECTION('center_axis',(0.,0.,-1.));
#5274=DIRECTION('ref_axis',(1.,0.,0.));
#5275=DIRECTION('center_axis',(0.,0.,1.));
#5276=DIRECTION('ref_axis',(1.,0.,0.));
#5277=DIRECTION('center_axis',(0.,0.,-1.));
#5278=DIRECTION('ref_axis',(1.,0.,0.));
#5279=DIRECTION('center_axis',(0.,0.,-1.));
#5280=DIRECTION('ref_axis',(1.,0.,0.));
#5281=DIRECTION('',(0.,0.,-1.));
#5282=DIRECTION('center_axis',(0.,0.,-1.));
#5283=DIRECTION('ref_axis',(1.,0.,0.));
#5284=DIRECTION('center_axis',(0.,0.,1.));
#5285=DIRECTION('ref_axis',(1.,0.,0.));
#5286=DIRECTION('center_axis',(0.,0.,1.));
#5287=DIRECTION('ref_axis',(1.,0.,0.));
#5288=DIRECTION('center_axis',(0.,0.,1.));
#5289=DIRECTION('ref_axis',(1.,0.,0.));
#5290=DIRECTION('',(0.,0.,-1.));
#5291=DIRECTION('center_axis',(0.,0.,-1.));
#5292=DIRECTION('ref_axis',(1.,0.,0.));
#5293=DIRECTION('center_axis',(0.,0.,1.));
#5294=DIRECTION('ref_axis',(1.,0.,0.));
#5295=DIRECTION('',(0.,0.,-1.));
#5296=DIRECTION('center_axis',(0.,0.,1.));
#5297=DIRECTION('ref_axis',(1.,0.,0.));
#5298=DIRECTION('',(0.,0.,1.));
#5299=DIRECTION('center_axis',(0.,0.,1.));
#5300=DIRECTION('ref_axis',(1.,0.,0.));
#5301=DIRECTION('center_axis',(0.,0.,1.));
#5302=DIRECTION('ref_axis',(1.,0.,0.));
#5303=DIRECTION('center_axis',(0.,0.,1.));
#5304=DIRECTION('ref_axis',(0.707106781186544,0.707106781186551,0.));
#5305=DIRECTION('center_axis',(0.,0.,1.));
#5306=DIRECTION('ref_axis',(1.,0.,0.));
#5307=DIRECTION('center_axis',(0.,0.,1.));
#5308=DIRECTION('ref_axis',(1.,0.,0.));
#5309=DIRECTION('center_axis',(0.,0.,1.));
#5310=DIRECTION('ref_axis',(1.,0.,0.));
#5311=DIRECTION('center_axis',(0.,0.,1.));
#5312=DIRECTION('ref_axis',(-0.707106781186548,-0.707106781186547,0.));
#5313=DIRECTION('',(0.,-1.,0.));
#5314=DIRECTION('center_axis',(0.,0.,1.));
#5315=DIRECTION('ref_axis',(-0.707106781186548,0.707106781186548,0.));
#5316=DIRECTION('',(-1.,0.,0.));
#5317=DIRECTION('center_axis',(0.,0.,1.));
#5318=DIRECTION('ref_axis',(0.707106781186546,0.707106781186549,0.));
#5319=DIRECTION('',(0.,1.,0.));
#5320=DIRECTION('center_axis',(0.,0.,1.));
#5321=DIRECTION('ref_axis',(0.707106781186549,-0.707106781186546,0.));
#5322=DIRECTION('',(1.,0.,0.));
#5323=DIRECTION('',(-1.,0.,0.));
#5324=DIRECTION('center_axis',(0.,0.,1.));
#5325=DIRECTION('ref_axis',(0.,1.,0.));
#5326=DIRECTION('',(1.,0.,0.));
#5327=DIRECTION('center_axis',(0.,0.,1.));
#5328=DIRECTION('ref_axis',(0.,-1.,0.));
#5329=DIRECTION('',(-1.,0.,0.));
#5330=DIRECTION('center_axis',(0.,0.,1.));
#5331=DIRECTION('ref_axis',(0.,1.,0.));
#5332=DIRECTION('',(1.,0.,0.));
#5333=DIRECTION('center_axis',(0.,0.,1.));
#5334=DIRECTION('ref_axis',(0.,-1.,0.));
#5335=DIRECTION('center_axis',(0.,0.,1.));
#5336=DIRECTION('ref_axis',(1.,0.,0.));
#5337=DIRECTION('center_axis',(0.,0.,1.));
#5338=DIRECTION('ref_axis',(1.,0.,0.));
#5339=DIRECTION('center_axis',(0.,0.,1.));
#5340=DIRECTION('ref_axis',(1.,0.,0.));
#5341=DIRECTION('center_axis',(0.,0.,1.));
#5342=DIRECTION('ref_axis',(1.,0.,0.));
#5343=DIRECTION('center_axis',(0.,0.,1.));
#5344=DIRECTION('ref_axis',(1.,0.,0.));
#5345=DIRECTION('center_axis',(0.,0.,1.));
#5346=DIRECTION('ref_axis',(1.,0.,0.));
#5347=DIRECTION('center_axis',(0.,0.,1.));
#5348=DIRECTION('ref_axis',(1.,0.,0.));
#5349=DIRECTION('center_axis',(0.,0.,1.));
#5350=DIRECTION('ref_axis',(1.,0.,0.));
#5351=DIRECTION('',(0.,0.,-1.));
#5352=DIRECTION('center_axis',(0.,0.,-1.));
#5353=DIRECTION('ref_axis',(1.,0.,0.));
#5354=DIRECTION('center_axis',(0.,0.,1.));
#5355=DIRECTION('ref_axis',(1.,0.,0.));
#5356=DIRECTION('',(0.,0.,-1.));
#5357=DIRECTION('center_axis',(0.,0.,1.));
#5358=DIRECTION('ref_axis',(1.,0.,0.));
#5359=DIRECTION('',(0.,0.,1.));
#5360=DIRECTION('center_axis',(0.,0.,1.));
#5361=DIRECTION('ref_axis',(1.,0.,0.));
#5362=DIRECTION('center_axis',(0.,0.,1.));
#5363=DIRECTION('ref_axis',(-0.707106781186548,-0.707106781186548,0.));
#5364=DIRECTION('center_axis',(0.,0.,1.));
#5365=DIRECTION('ref_axis',(1.,0.,0.));
#5366=DIRECTION('center_axis',(0.,0.,1.));
#5367=DIRECTION('ref_axis',(1.,0.,0.));
#5368=DIRECTION('center_axis',(0.,0.,1.));
#5369=DIRECTION('ref_axis',(1.,0.,0.));
#5370=DIRECTION('',(0.,0.,-1.));
#5371=DIRECTION('center_axis',(0.,0.,-1.));
#5372=DIRECTION('ref_axis',(1.,0.,0.));
#5373=DIRECTION('center_axis',(0.,0.,1.));
#5374=DIRECTION('ref_axis',(1.,0.,0.));
#5375=DIRECTION('',(0.,0.,-1.));
#5376=DIRECTION('center_axis',(0.,0.,1.));
#5377=DIRECTION('ref_axis',(1.,0.,0.));
#5378=DIRECTION('',(0.,0.,1.));
#5379=DIRECTION('center_axis',(0.,0.,1.));
#5380=DIRECTION('ref_axis',(1.,0.,0.));
#5381=DIRECTION('center_axis',(0.,0.,1.));
#5382=DIRECTION('ref_axis',(0.707106781186546,-0.707106781186549,0.));
#5383=DIRECTION('center_axis',(0.,0.,1.));
#5384=DIRECTION('ref_axis',(1.,0.,0.));
#5385=DIRECTION('center_axis',(0.,0.,1.));
#5386=DIRECTION('ref_axis',(1.,0.,0.));
#5387=DIRECTION('center_axis',(0.,0.,1.));
#5388=DIRECTION('ref_axis',(1.,0.,0.));
#5389=DIRECTION('',(0.,0.,-1.));
#5390=DIRECTION('center_axis',(0.,0.,-1.));
#5391=DIRECTION('ref_axis',(1.,0.,0.));
#5392=DIRECTION('center_axis',(0.,0.,1.));
#5393=DIRECTION('ref_axis',(1.,0.,0.));
#5394=DIRECTION('',(0.,0.,-1.));
#5395=DIRECTION('center_axis',(0.,0.,1.));
#5396=DIRECTION('ref_axis',(1.,0.,0.));
#5397=DIRECTION('',(0.,0.,1.));
#5398=DIRECTION('center_axis',(0.,0.,1.));
#5399=DIRECTION('ref_axis',(1.,0.,0.));
#5400=DIRECTION('center_axis',(0.,0.,1.));
#5401=DIRECTION('ref_axis',(-0.707106781186548,0.707106781186547,0.));
#5402=DIRECTION('center_axis',(0.,0.,1.));
#5403=DIRECTION('ref_axis',(1.,0.,0.));
#5404=DIRECTION('center_axis',(0.,0.,1.));
#5405=DIRECTION('ref_axis',(1.,0.,0.));
#5406=DIRECTION('center_axis',(0.,0.,1.));
#5407=DIRECTION('ref_axis',(1.,0.,0.));
#5408=DIRECTION('center_axis',(0.,0.,1.));
#5409=DIRECTION('ref_axis',(1.,0.,0.));
#5410=DIRECTION('center_axis',(0.,0.,1.));
#5411=DIRECTION('ref_axis',(1.,0.,0.));
#5412=DIRECTION('center_axis',(0.,-1.,0.));
#5413=DIRECTION('ref_axis',(1.,0.,0.));
#5414=DIRECTION('',(-1.,0.,0.));
#5415=DIRECTION('',(0.,0.,1.));
#5416=DIRECTION('',(0.,0.,1.));
#5417=DIRECTION('center_axis',(0.,0.,1.));
#5418=DIRECTION('ref_axis',(0.,1.,0.));
#5419=DIRECTION('center_axis',(0.,0.,-1.));
#5420=DIRECTION('ref_axis',(0.,1.,0.));
#5421=DIRECTION('',(0.,0.,-1.));
#5422=DIRECTION('center_axis',(0.,1.,0.));
#5423=DIRECTION('ref_axis',(-1.,0.,0.));
#5424=DIRECTION('',(1.,0.,0.));
#5425=DIRECTION('',(0.,0.,1.));
#5426=DIRECTION('center_axis',(0.,0.,1.));
#5427=DIRECTION('ref_axis',(0.,-1.,0.));
#5428=DIRECTION('center_axis',(0.,0.,-1.));
#5429=DIRECTION('ref_axis',(0.,-1.,0.));
#5430=DIRECTION('center_axis',(0.,-1.,0.));
#5431=DIRECTION('ref_axis',(1.,0.,0.));
#5432=DIRECTION('',(-1.,0.,0.));
#5433=DIRECTION('',(0.,0.,1.));
#5434=DIRECTION('',(0.,0.,1.));
#5435=DIRECTION('center_axis',(0.,0.,1.));
#5436=DIRECTION('ref_axis',(0.,1.,0.));
#5437=DIRECTION('center_axis',(0.,0.,-1.));
#5438=DIRECTION('ref_axis',(0.,1.,0.));
#5439=DIRECTION('',(0.,0.,-1.));
#5440=DIRECTION('center_axis',(0.,1.,0.));
#5441=DIRECTION('ref_axis',(-1.,0.,0.));
#5442=DIRECTION('',(1.,0.,0.));
#5443=DIRECTION('',(0.,0.,1.));
#5444=DIRECTION('center_axis',(0.,0.,1.));
#5445=DIRECTION('ref_axis',(0.,-1.,0.));
#5446=DIRECTION('center_axis',(0.,0.,-1.));
#5447=DIRECTION('ref_axis',(0.,-1.,0.));
#5448=DIRECTION('center_axis',(0.,1.,0.));
#5449=DIRECTION('ref_axis',(1.,0.,0.));
#5450=DIRECTION('center_axis',(0.,1.,0.));
#5451=DIRECTION('ref_axis',(1.,0.,0.));
#5452=DIRECTION('',(0.,1.,0.));
#5453=DIRECTION('center_axis',(0.,-1.,0.));
#5454=DIRECTION('ref_axis',(1.,0.,0.));
#5455=DIRECTION('center_axis',(0.,1.,0.));
#5456=DIRECTION('ref_axis',(1.,0.,0.));
#5457=DIRECTION('center_axis',(0.,1.,0.));
#5458=DIRECTION('ref_axis',(1.,0.,0.));
#5459=DIRECTION('',(0.,1.,0.));
#5460=DIRECTION('center_axis',(0.,-1.,0.));
#5461=DIRECTION('ref_axis',(1.,0.,0.));
#5462=DIRECTION('center_axis',(0.,1.,0.));
#5463=DIRECTION('ref_axis',(1.,0.,0.));
#5464=DIRECTION('center_axis',(0.,1.,0.));
#5465=DIRECTION('ref_axis',(1.,0.,0.));
#5466=DIRECTION('',(0.,1.,0.));
#5467=DIRECTION('center_axis',(0.,-1.,0.));
#5468=DIRECTION('ref_axis',(1.,0.,0.));
#5469=DIRECTION('center_axis',(0.,1.,0.));
#5470=DIRECTION('ref_axis',(1.,0.,0.));
#5471=DIRECTION('center_axis',(0.,1.,0.));
#5472=DIRECTION('ref_axis',(1.,0.,0.));
#5473=DIRECTION('',(0.,1.,0.));
#5474=DIRECTION('center_axis',(0.,-1.,0.));
#5475=DIRECTION('ref_axis',(1.,0.,0.));
#5476=DIRECTION('center_axis',(0.,0.,-1.));
#5477=DIRECTION('ref_axis',(1.,0.,0.));
#5478=DIRECTION('center_axis',(0.,0.,-1.));
#5479=DIRECTION('ref_axis',(1.,0.,0.));
#5480=DIRECTION('',(0.,0.,-1.));
#5481=DIRECTION('center_axis',(0.,0.,-1.));
#5482=DIRECTION('ref_axis',(1.,0.,0.));
#5483=DIRECTION('center_axis',(0.,0.,1.));
#5484=DIRECTION('ref_axis',(1.,0.,0.));
#5485=DIRECTION('center_axis',(0.,0.,-1.));
#5486=DIRECTION('ref_axis',(1.,0.,0.));
#5487=DIRECTION('center_axis',(0.,0.,-1.));
#5488=DIRECTION('ref_axis',(1.,0.,0.));
#5489=DIRECTION('',(0.,0.,-1.));
#5490=DIRECTION('center_axis',(0.,0.,-1.));
#5491=DIRECTION('ref_axis',(1.,0.,0.));
#5492=DIRECTION('center_axis',(0.,0.,1.));
#5493=DIRECTION('ref_axis',(1.,0.,0.));
#5494=DIRECTION('center_axis',(0.,0.,-1.));
#5495=DIRECTION('ref_axis',(1.,0.,0.));
#5496=DIRECTION('center_axis',(0.,0.,-1.));
#5497=DIRECTION('ref_axis',(1.,0.,0.));
#5498=DIRECTION('',(0.,0.,-1.));
#5499=DIRECTION('center_axis',(0.,0.,-1.));
#5500=DIRECTION('ref_axis',(1.,0.,0.));
#5501=DIRECTION('center_axis',(0.,0.,1.));
#5502=DIRECTION('ref_axis',(1.,0.,0.));
#5503=DIRECTION('center_axis',(0.,0.,-1.));
#5504=DIRECTION('ref_axis',(1.,0.,0.));
#5505=DIRECTION('center_axis',(0.,0.,-1.));
#5506=DIRECTION('ref_axis',(1.,0.,0.));
#5507=DIRECTION('',(0.,0.,-1.));
#5508=DIRECTION('center_axis',(0.,0.,-1.));
#5509=DIRECTION('ref_axis',(1.,0.,0.));
#5510=DIRECTION('center_axis',(0.,0.,1.));
#5511=DIRECTION('ref_axis',(1.,0.,0.));
#5512=DIRECTION('center_axis',(0.,0.,1.));
#5513=DIRECTION('ref_axis',(-0.707106781186548,-0.707106781186547,0.));
#5514=DIRECTION('',(0.,0.,1.));
#5515=DIRECTION('center_axis',(0.,0.,-1.));
#5516=DIRECTION('ref_axis',(1.,0.,0.));
#5517=DIRECTION('',(0.,0.,-1.));
#5518=DIRECTION('center_axis',(0.,0.,1.));
#5519=DIRECTION('ref_axis',(1.,0.,0.));
#5520=DIRECTION('center_axis',(0.,0.,1.));
#5521=DIRECTION('ref_axis',(1.,0.,0.));
#5522=DIRECTION('center_axis',(0.,0.,-1.));
#5523=DIRECTION('ref_axis',(-0.707106781186548,-0.707106781186547,0.));
#5524=DIRECTION('',(1.,0.,0.));
#5525=DIRECTION('center_axis',(0.,0.,-1.));
#5526=DIRECTION('ref_axis',(0.707106781186549,-0.707106781186546,0.));
#5527=DIRECTION('',(0.,1.,0.));
#5528=DIRECTION('center_axis',(0.,0.,-1.));
#5529=DIRECTION('ref_axis',(0.707106781186546,0.707106781186549,0.));
#5530=DIRECTION('',(-1.,0.,0.));
#5531=DIRECTION('center_axis',(0.,0.,-1.));
#5532=DIRECTION('ref_axis',(-0.707106781186548,0.707106781186548,0.));
#5533=DIRECTION('',(0.,-1.,0.));
#5534=DIRECTION('',(0.,-1.,0.));
#5535=DIRECTION('center_axis',(0.,0.,1.));
#5536=DIRECTION('ref_axis',(1.,0.,0.));
#5537=DIRECTION('',(-1.,0.,0.));
#5538=DIRECTION('center_axis',(0.,0.,1.));
#5539=DIRECTION('ref_axis',(1.,0.,0.));
#5540=DIRECTION('',(0.,1.,0.));
#5541=DIRECTION('center_axis',(0.,0.,1.));
#5542=DIRECTION('ref_axis',(1.,0.,0.));
#5543=DIRECTION('',(1.,0.,0.));
#5544=DIRECTION('center_axis',(1.,0.,0.));
#5545=DIRECTION('ref_axis',(0.,1.,0.));
#5546=DIRECTION('',(0.,-1.,0.));
#5547=DIRECTION('',(0.,0.,1.));
#5548=DIRECTION('center_axis',(0.,0.,1.));
#5549=DIRECTION('ref_axis',(1.,0.,0.));
#5550=DIRECTION('',(0.,0.,-1.));
#5551=DIRECTION('',(0.,0.,1.));
#5552=DIRECTION('center_axis',(0.,0.,-1.));
#5553=DIRECTION('ref_axis',(1.,0.,0.));
#5554=DIRECTION('center_axis',(0.,0.,1.));
#5555=DIRECTION('ref_axis',(1.,0.,0.));
#5556=DIRECTION('',(1.,0.,0.));
#5557=DIRECTION('center_axis',(0.,0.,-1.));
#5558=DIRECTION('ref_axis',(1.,0.,0.));
#5559=DIRECTION('',(0.,1.,0.));
#5560=DIRECTION('',(-1.,0.,0.));
#5561=DIRECTION('center_axis',(0.,0.,-1.));
#5562=DIRECTION('ref_axis',(1.,0.,0.));
#5563=DIRECTION('center_axis',(0.,-1.,0.));
#5564=DIRECTION('ref_axis',(1.,0.,0.));
#5565=DIRECTION('',(0.,0.,-1.));
#5566=DIRECTION('center_axis',(0.,0.,1.));
#5567=DIRECTION('ref_axis',(-0.707106781186546,0.707106781186549,0.));
#5568=DIRECTION('center_axis',(0.,0.,1.));
#5569=DIRECTION('ref_axis',(1.,0.,0.));
#5570=DIRECTION('',(0.,0.,1.));
#5571=DIRECTION('',(0.,0.,-1.));
#5572=DIRECTION('center_axis',(-1.,0.,0.));
#5573=DIRECTION('ref_axis',(0.,-1.,0.));
#5574=DIRECTION('center_axis',(0.,1.,0.));
#5575=DIRECTION('ref_axis',(-1.,0.,0.));
#5576=DIRECTION('center_axis',(0.,0.,1.));
#5577=DIRECTION('ref_axis',(-0.707106781186548,-0.707106781186547,0.));
#5578=DIRECTION('',(0.,0.,-1.));
#5579=DIRECTION('',(0.,0.,1.));
#5580=DIRECTION('center_axis',(-1.,0.,0.));
#5581=DIRECTION('ref_axis',(0.,-1.,0.));
#5582=DIRECTION('',(0.,0.,1.));
#5583=DIRECTION('center_axis',(0.,0.,1.));
#5584=DIRECTION('ref_axis',(0.707106781186549,-0.707106781186546,0.));
#5585=DIRECTION('',(0.,0.,-1.));
#5586=DIRECTION('',(0.,0.,1.));
#5587=DIRECTION('center_axis',(1.,0.,0.));
#5588=DIRECTION('ref_axis',(0.,1.,0.));
#5589=DIRECTION('',(0.,0.,-1.));
#5590=DIRECTION('center_axis',(0.,0.,1.));
#5591=DIRECTION('ref_axis',(0.707106781186546,0.707106781186549,0.));
#5592=DIRECTION('',(0.,0.,1.));
#5593=DIRECTION('center_axis',(0.,0.,1.));
#5594=DIRECTION('ref_axis',(-0.707106781186548,0.707106781186548,0.));
#5595=DIRECTION('',(0.,0.,-1.));
#5596=DIRECTION('center_axis',(0.,1.,0.));
#5597=DIRECTION('ref_axis',(-1.,0.,0.));
#5598=DIRECTION('center_axis',(0.,-1.,0.));
#5599=DIRECTION('ref_axis',(1.,0.,0.));
#5600=DIRECTION('center_axis',(0.,0.,1.));
#5601=DIRECTION('ref_axis',(1.,0.,0.));
#5602=DIRECTION('center_axis',(0.,0.,1.));
#5603=DIRECTION('ref_axis',(1.,0.,0.));
#5604=DIRECTION('',(0.,0.,1.));
#5605=DIRECTION('center_axis',(0.,0.,-1.));
#5606=DIRECTION('ref_axis',(1.,0.,0.));
#5607=DIRECTION('center_axis',(0.,0.,1.));
#5608=DIRECTION('ref_axis',(1.,0.,0.));
#5609=DIRECTION('center_axis',(0.,0.,1.));
#5610=DIRECTION('ref_axis',(1.,0.,0.));
#5611=DIRECTION('',(0.,0.,1.));
#5612=DIRECTION('center_axis',(0.,0.,-1.));
#5613=DIRECTION('ref_axis',(1.,0.,0.));
#5614=DIRECTION('center_axis',(0.,0.,1.));
#5615=DIRECTION('ref_axis',(1.,0.,0.));
#5616=DIRECTION('center_axis',(0.,0.,1.));
#5617=DIRECTION('ref_axis',(1.,0.,0.));
#5618=DIRECTION('',(0.,0.,1.));
#5619=DIRECTION('center_axis',(0.,0.,-1.));
#5620=DIRECTION('ref_axis',(1.,0.,0.));
#5621=DIRECTION('center_axis',(0.,0.,1.));
#5622=DIRECTION('ref_axis',(1.,0.,0.));
#5623=DIRECTION('center_axis',(0.,0.,1.));
#5624=DIRECTION('ref_axis',(1.,0.,0.));
#5625=DIRECTION('',(0.,0.,1.));
#5626=DIRECTION('center_axis',(0.,0.,-1.));
#5627=DIRECTION('ref_axis',(1.,0.,0.));
#5628=DIRECTION('center_axis',(0.,0.,1.));
#5629=DIRECTION('ref_axis',(1.,0.,0.));
#5630=DIRECTION('center_axis',(0.,0.,1.));
#5631=DIRECTION('ref_axis',(1.,0.,0.));
#5632=DIRECTION('',(0.,0.,1.));
#5633=DIRECTION('center_axis',(0.,0.,-1.));
#5634=DIRECTION('ref_axis',(1.,0.,0.));
#5635=DIRECTION('center_axis',(0.,0.,1.));
#5636=DIRECTION('ref_axis',(1.,0.,0.));
#5637=DIRECTION('center_axis',(0.,0.,1.));
#5638=DIRECTION('ref_axis',(1.,0.,0.));
#5639=DIRECTION('',(0.,0.,1.));
#5640=DIRECTION('center_axis',(0.,0.,-1.));
#5641=DIRECTION('ref_axis',(1.,0.,0.));
#5642=DIRECTION('center_axis',(0.,0.,1.));
#5643=DIRECTION('ref_axis',(1.,0.,0.));
#5644=DIRECTION('center_axis',(0.,0.,1.));
#5645=DIRECTION('ref_axis',(1.,0.,0.));
#5646=DIRECTION('',(0.,0.,-1.));
#5647=DIRECTION('center_axis',(0.,0.,-1.));
#5648=DIRECTION('ref_axis',(1.,0.,0.));
#5649=DIRECTION('center_axis',(0.,0.,1.));
#5650=DIRECTION('ref_axis',(1.,0.,0.));
#5651=DIRECTION('center_axis',(0.,0.,1.));
#5652=DIRECTION('ref_axis',(1.,0.,0.));
#5653=DIRECTION('center_axis',(0.,0.,1.));
#5654=DIRECTION('ref_axis',(1.,0.,0.));
#5655=DIRECTION('',(0.707106781186547,8.65956056235493E-17,-0.707106781186547));
#5656=DIRECTION('center_axis',(0.,0.,-1.));
#5657=DIRECTION('ref_axis',(1.,0.,0.));
#5658=DIRECTION('center_axis',(0.,0.,1.));
#5659=DIRECTION('ref_axis',(1.,0.,0.));
#5660=DIRECTION('center_axis',(0.,0.,1.));
#5661=DIRECTION('ref_axis',(1.,0.,0.));
#5662=DIRECTION('',(0.,0.,1.));
#5663=DIRECTION('center_axis',(0.,0.,1.));
#5664=DIRECTION('ref_axis',(1.,0.,0.));
#5665=DIRECTION('center_axis',(0.,0.,1.));
#5666=DIRECTION('ref_axis',(1.,0.,0.));
#5667=DIRECTION('center_axis',(0.,0.,1.));
#5668=DIRECTION('ref_axis',(1.,0.,0.));
#5669=DIRECTION('',(0.,0.,-1.));
#5670=DIRECTION('center_axis',(0.,0.,-1.));
#5671=DIRECTION('ref_axis',(1.,0.,0.));
#5672=DIRECTION('center_axis',(0.,0.,1.));
#5673=DIRECTION('ref_axis',(-0.707106781186548,-0.707106781186547,0.));
#5674=DIRECTION('center_axis',(0.,0.,-1.));
#5675=DIRECTION('ref_axis',(-0.707106781186548,-0.707106781186547,0.));
#5676=DIRECTION('',(0.,0.,-1.));
#5677=DIRECTION('center_axis',(0.,0.,1.));
#5678=DIRECTION('ref_axis',(-0.707106781186548,-0.707106781186547,0.));
#5679=DIRECTION('',(0.,0.,1.));
#5680=DIRECTION('center_axis',(-1.,0.,0.));
#5681=DIRECTION('ref_axis',(0.,-1.,0.));
#5682=DIRECTION('',(0.,-1.,0.));
#5683=DIRECTION('',(0.,0.,1.));
#5684=DIRECTION('',(0.,-1.,0.));
#5685=DIRECTION('center_axis',(0.,0.,1.));
#5686=DIRECTION('ref_axis',(1.,0.,0.));
#5687=DIRECTION('',(1.,0.,0.));
#5688=DIRECTION('center_axis',(0.,0.,-1.));
#5689=DIRECTION('ref_axis',(0.707106781186549,-0.707106781186546,0.));
#5690=DIRECTION('',(0.,1.,0.));
#5691=DIRECTION('center_axis',(0.,0.,-1.));
#5692=DIRECTION('ref_axis',(0.707106781186546,0.707106781186549,0.));
#5693=DIRECTION('',(-1.,0.,0.));
#5694=DIRECTION('center_axis',(0.,0.,-1.));
#5695=DIRECTION('ref_axis',(-0.707106781186548,0.707106781186548,0.));
#5696=DIRECTION('center_axis',(0.,0.,1.));
#5697=DIRECTION('ref_axis',(0.707106781186549,-0.707106781186546,0.));
#5698=DIRECTION('',(0.,0.,-1.));
#5699=DIRECTION('center_axis',(0.,0.,1.));
#5700=DIRECTION('ref_axis',(0.707106781186549,-0.707106781186546,0.));
#5701=DIRECTION('',(0.,0.,1.));
#5702=DIRECTION('center_axis',(1.,0.,0.));
#5703=DIRECTION('ref_axis',(0.,1.,0.));
#5704=DIRECTION('',(0.,1.,0.));
#5705=DIRECTION('',(0.,0.,-1.));
#5706=DIRECTION('center_axis',(0.,0.,1.));
#5707=DIRECTION('ref_axis',(0.707106781186546,0.707106781186549,0.));
#5708=DIRECTION('center_axis',(0.,0.,1.));
#5709=DIRECTION('ref_axis',(0.707106781186546,0.707106781186549,0.));
#5710=DIRECTION('',(0.,0.,1.));
#5711=DIRECTION('center_axis',(0.,0.,1.));
#5712=DIRECTION('ref_axis',(-0.707106781186548,0.707106781186548,0.));
#5713=DIRECTION('',(0.,0.,-1.));
#5714=DIRECTION('center_axis',(0.,0.,1.));
#5715=DIRECTION('ref_axis',(-0.707106781186548,0.707106781186548,0.));
#5716=DIRECTION('center_axis',(0.,1.,0.));
#5717=DIRECTION('ref_axis',(-1.,0.,0.));
#5718=DIRECTION('',(-1.,0.,0.));
#5719=DIRECTION('center_axis',(0.,-1.,0.));
#5720=DIRECTION('ref_axis',(1.,0.,0.));
#5721=DIRECTION('',(1.,0.,0.));
#5722=DIRECTION('center_axis',(0.,0.,1.));
#5723=DIRECTION('ref_axis',(1.,0.,0.));
#5724=DIRECTION('center_axis',(0.,0.,1.));
#5725=DIRECTION('ref_axis',(1.,0.,0.));
#5726=DIRECTION('center_axis',(0.,0.,-1.));
#5727=DIRECTION('ref_axis',(1.,0.,0.));
#5728=DIRECTION('center_axis',(0.,0.,1.));
#5729=DIRECTION('ref_axis',(1.,0.,0.));
#5730=DIRECTION('center_axis',(0.,0.,1.));
#5731=DIRECTION('ref_axis',(1.,0.,0.));
#5732=DIRECTION('',(0.,0.,-1.));
#5733=DIRECTION('center_axis',(0.,0.,1.));
#5734=DIRECTION('ref_axis',(1.,0.,0.));
#5735=DIRECTION('center_axis',(0.,1.,0.));
#5736=DIRECTION('ref_axis',(-1.,0.,0.));
#5737=DIRECTION('',(-1.,0.,0.));
#5738=DIRECTION('',(0.,0.,-1.));
#5739=DIRECTION('',(-1.,0.,0.));
#5740=DIRECTION('',(0.,0.,1.));
#5741=DIRECTION('center_axis',(0.,-1.,0.));
#5742=DIRECTION('ref_axis',(1.,0.,0.));
#5743=DIRECTION('',(1.,0.,0.));
#5744=DIRECTION('',(0.,0.,-1.));
#5745=DIRECTION('',(1.,0.,0.));
#5746=DIRECTION('',(0.,0.,1.));
#5747=DIRECTION('center_axis',(0.,0.,1.));
#5748=DIRECTION('ref_axis',(1.,0.,0.));
#5749=DIRECTION('',(0.,-1.,0.));
#5750=DIRECTION('',(0.,1.,0.));
#5751=DIRECTION('center_axis',(0.,0.,-1.));
#5752=DIRECTION('ref_axis',(-1.,0.,0.));
#5753=DIRECTION('',(0.,-1.,0.));
#5754=DIRECTION('',(-1.,0.,0.));
#5755=DIRECTION('',(0.,1.,0.));
#5756=DIRECTION('center_axis',(0.,0.,-1.));
#5757=DIRECTION('ref_axis',(-1.,0.,0.));
#5758=DIRECTION('',(0.,1.,0.));
#5759=DIRECTION('',(1.,0.,0.));
#5760=DIRECTION('',(0.,-1.,0.));
#5761=DIRECTION('center_axis',(-1.,0.,0.));
#5762=DIRECTION('ref_axis',(0.,1.,0.));
#5763=DIRECTION('',(0.,0.,-1.));
#5764=DIRECTION('',(0.,-1.,0.));
#5765=DIRECTION('',(0.,0.,-1.));
#5766=DIRECTION('center_axis',(0.,-1.,0.));
#5767=DIRECTION('ref_axis',(-1.,0.,0.));
#5768=DIRECTION('',(1.,0.,0.));
#5769=DIRECTION('',(0.,0.,-1.));
#5770=DIRECTION('center_axis',(1.,0.,0.));
#5771=DIRECTION('ref_axis',(0.,-1.,0.));
#5772=DIRECTION('',(0.,0.,-1.));
#5773=DIRECTION('',(0.,1.,0.));
#5774=DIRECTION('center_axis',(0.,1.,0.));
#5775=DIRECTION('ref_axis',(1.,0.,0.));
#5776=DIRECTION('',(-1.,0.,0.));
#5777=DIRECTION('center_axis',(0.,0.,1.));
#5778=DIRECTION('ref_axis',(1.,0.,0.));
#5779=DIRECTION('axis',(0.,0.,1.));
#5780=DIRECTION('refdir',(1.,0.,0.));
#5781=DIRECTION('center_axis',(0.,0.,1.));
#5782=DIRECTION('ref_axis',(1.,0.,0.));
#5783=DIRECTION('',(0.,0.,-1.));
#5784=DIRECTION('center_axis',(0.,0.,-1.));
#5785=DIRECTION('ref_axis',(1.,0.,0.));
#5786=DIRECTION('',(0.,0.,1.));
#5787=DIRECTION('center_axis',(0.,0.,1.));
#5788=DIRECTION('ref_axis',(1.,0.,0.));
#5789=DIRECTION('center_axis',(0.,0.,1.));
#5790=DIRECTION('ref_axis',(1.,0.,0.));
#5791=DIRECTION('',(0.,0.,1.));
#5792=DIRECTION('center_axis',(0.,0.,1.));
#5793=DIRECTION('ref_axis',(1.,0.,0.));
#5794=DIRECTION('',(0.,0.,-1.));
#5795=DIRECTION('center_axis',(0.,0.,-1.));
#5796=DIRECTION('ref_axis',(1.,0.,0.));
#5797=DIRECTION('center_axis',(1.,0.,0.));
#5798=DIRECTION('ref_axis',(0.,1.,0.));
#5799=DIRECTION('',(0.,-1.,0.));
#5800=DIRECTION('',(0.,0.,1.));
#5801=DIRECTION('',(0.,1.,0.));
#5802=DIRECTION('',(0.,0.,-1.));
#5803=DIRECTION('center_axis',(-4.44089209850064E-15,1.,0.));
#5804=DIRECTION('ref_axis',(-1.,-4.44089209850064E-15,0.));
#5805=DIRECTION('',(1.,4.44089209850064E-15,0.));
#5806=DIRECTION('',(0.,0.,-1.));
#5807=DIRECTION('',(-1.,-4.44089209850064E-15,0.));
#5808=DIRECTION('center_axis',(-1.,0.,0.));
#5809=DIRECTION('ref_axis',(0.,-1.,0.));
#5810=DIRECTION('',(0.,1.,0.));
#5811=DIRECTION('',(0.,0.,1.));
#5812=DIRECTION('',(0.,-1.,0.));
#5813=DIRECTION('center_axis',(0.,0.,1.));
#5814=DIRECTION('ref_axis',(1.,0.,0.));
#5815=DIRECTION('center_axis',(0.,0.,1.));
#5816=DIRECTION('ref_axis',(1.,0.,0.));
#5817=DIRECTION('',(0.,0.,1.));
#5818=DIRECTION('center_axis',(0.,0.,-1.));
#5819=DIRECTION('ref_axis',(1.,0.,0.));
#5820=DIRECTION('center_axis',(0.,0.,1.));
#5821=DIRECTION('ref_axis',(1.,0.,0.));
#5822=DIRECTION('center_axis',(0.,0.,1.));
#5823=DIRECTION('ref_axis',(1.,0.,0.));
#5824=DIRECTION('',(0.,0.,1.));
#5825=DIRECTION('center_axis',(0.,0.,-1.));
#5826=DIRECTION('ref_axis',(1.,0.,0.));
#5827=DIRECTION('center_axis',(0.,0.,1.));
#5828=DIRECTION('ref_axis',(1.,0.,0.));
#5829=DIRECTION('center_axis',(0.,0.,1.));
#5830=DIRECTION('ref_axis',(1.,0.,0.));
#5831=DIRECTION('',(0.,0.,1.));
#5832=DIRECTION('center_axis',(0.,0.,-1.));
#5833=DIRECTION('ref_axis',(1.,0.,0.));
#5834=DIRECTION('center_axis',(0.,0.,1.));
#5835=DIRECTION('ref_axis',(1.,0.,0.));
#5836=DIRECTION('center_axis',(0.,0.,1.));
#5837=DIRECTION('ref_axis',(1.,0.,0.));
#5838=DIRECTION('',(0.,0.,1.));
#5839=DIRECTION('center_axis',(0.,0.,-1.));
#5840=DIRECTION('ref_axis',(1.,0.,0.));
#5841=DIRECTION('center_axis',(0.,0.,1.));
#5842=DIRECTION('ref_axis',(1.,0.,0.));
#5843=DIRECTION('center_axis',(0.,0.,-1.));
#5844=DIRECTION('ref_axis',(1.,0.,0.));
#5845=DIRECTION('',(0.,0.,1.));
#5846=DIRECTION('center_axis',(0.,0.,1.));
#5847=DIRECTION('ref_axis',(1.,0.,0.));
#5848=DIRECTION('',(0.,0.,-1.));
#5849=DIRECTION('center_axis',(0.,0.,1.));
#5850=DIRECTION('ref_axis',(1.,0.,0.));
#5851=DIRECTION('center_axis',(0.,0.,-1.));
#5852=DIRECTION('ref_axis',(1.,0.,0.));
#5853=DIRECTION('',(0.,0.,1.));
#5854=DIRECTION('center_axis',(0.,0.,1.));
#5855=DIRECTION('ref_axis',(1.,0.,0.));
#5856=DIRECTION('',(0.,0.,-1.));
#5857=DIRECTION('center_axis',(0.,-1.,0.));
#5858=DIRECTION('ref_axis',(1.,0.,0.));
#5859=DIRECTION('',(1.,0.,0.));
#5860=DIRECTION('',(1.,0.,0.));
#5861=DIRECTION('center_axis',(0.,-1.,0.));
#5862=DIRECTION('ref_axis',(1.,0.,0.));
#5863=DIRECTION('',(1.,0.,0.));
#5864=DIRECTION('',(1.,0.,0.));
#5865=DIRECTION('center_axis',(0.,1.,0.));
#5866=DIRECTION('ref_axis',(-1.,0.,0.));
#5867=DIRECTION('',(-1.,0.,0.));
#5868=DIRECTION('',(-1.,0.,0.));
#5869=DIRECTION('center_axis',(0.,0.,1.));
#5870=DIRECTION('ref_axis',(1.,0.,0.));
#5871=DIRECTION('',(0.,-1.,0.));
#5872=DIRECTION('',(0.,1.,0.));
#5873=DIRECTION('center_axis',(0.,0.,1.));
#5874=DIRECTION('ref_axis',(1.,0.,0.));
#5875=DIRECTION('',(0.,1.,0.));
#5876=DIRECTION('',(0.,-1.,0.));
#5877=DIRECTION('center_axis',(-1.,0.,0.));
#5878=DIRECTION('ref_axis',(0.,-1.,0.));
#5879=DIRECTION('center_axis',(1.,0.,0.));
#5880=DIRECTION('ref_axis',(0.,1.,0.));
#5881=DIRECTION('center_axis',(0.,0.,1.));
#5882=DIRECTION('ref_axis',(1.,0.,0.));
#5883=DIRECTION('center_axis',(0.,0.,1.));
#5884=DIRECTION('ref_axis',(1.,0.,0.));
#5885=DIRECTION('',(0.,0.,-1.));
#5886=DIRECTION('center_axis',(0.,0.,1.));
#5887=DIRECTION('ref_axis',(1.,0.,0.));
#5888=DIRECTION('center_axis',(0.,0.,1.));
#5889=DIRECTION('ref_axis',(1.,0.,0.));
#5890=DIRECTION('center_axis',(0.,0.,1.));
#5891=DIRECTION('ref_axis',(1.,0.,0.));
#5892=DIRECTION('center_axis',(0.,1.,0.));
#5893=DIRECTION('ref_axis',(-1.,0.,0.));
#5894=DIRECTION('',(-1.,0.,0.));
#5895=DIRECTION('',(0.,0.,1.));
#5896=DIRECTION('',(-1.,0.,0.));
#5897=DIRECTION('',(0.,0.,1.));
#5898=DIRECTION('center_axis',(1.,0.,0.));
#5899=DIRECTION('ref_axis',(0.,1.,0.));
#5900=DIRECTION('',(0.,1.,0.));
#5901=DIRECTION('',(0.,1.,0.));
#5902=DIRECTION('',(0.,0.,1.));
#5903=DIRECTION('center_axis',(0.,-1.,0.));
#5904=DIRECTION('ref_axis',(1.,0.,0.));
#5905=DIRECTION('',(1.,0.,0.));
#5906=DIRECTION('',(1.,0.,0.));
#5907=DIRECTION('',(0.,0.,1.));
#5908=DIRECTION('center_axis',(-1.,0.,0.));
#5909=DIRECTION('ref_axis',(0.,-1.,0.));
#5910=DIRECTION('',(0.,-1.,0.));
#5911=DIRECTION('',(0.,-1.,0.));
#5912=DIRECTION('center_axis',(0.,0.,1.));
#5913=DIRECTION('ref_axis',(1.,0.,0.));
#5914=DIRECTION('center_axis',(0.,0.,1.));
#5915=DIRECTION('ref_axis',(1.,0.,0.));
#5916=DIRECTION('center_axis',(0.,0.,1.));
#5917=DIRECTION('ref_axis',(1.,0.,0.));
#5918=DIRECTION('center_axis',(0.,0.,1.));
#5919=DIRECTION('ref_axis',(1.,0.,0.));
#5920=DIRECTION('',(0.,0.,-1.));
#5921=DIRECTION('center_axis',(0.,0.,1.));
#5922=DIRECTION('ref_axis',(1.,0.,0.));
#5923=DIRECTION('center_axis',(0.,0.,1.));
#5924=DIRECTION('ref_axis',(1.,0.,0.));
#5925=DIRECTION('center_axis',(0.,0.,1.));
#5926=DIRECTION('ref_axis',(1.,0.,0.));
#5927=DIRECTION('center_axis',(0.,1.,0.));
#5928=DIRECTION('ref_axis',(-1.,0.,0.));
#5929=DIRECTION('',(-1.,0.,0.));
#5930=DIRECTION('',(0.,0.,1.));
#5931=DIRECTION('',(-1.,0.,0.));
#5932=DIRECTION('',(0.,0.,1.));
#5933=DIRECTION('center_axis',(1.,0.,0.));
#5934=DIRECTION('ref_axis',(0.,1.,0.));
#5935=DIRECTION('',(0.,1.,0.));
#5936=DIRECTION('',(0.,1.,0.));
#5937=DIRECTION('',(0.,0.,1.));
#5938=DIRECTION('center_axis',(0.,-1.,0.));
#5939=DIRECTION('ref_axis',(1.,0.,0.));
#5940=DIRECTION('',(1.,0.,0.));
#5941=DIRECTION('',(1.,0.,0.));
#5942=DIRECTION('',(0.,0.,1.));
#5943=DIRECTION('center_axis',(-1.,0.,0.));
#5944=DIRECTION('ref_axis',(0.,-1.,0.));
#5945=DIRECTION('',(0.,-1.,0.));
#5946=DIRECTION('',(0.,-1.,0.));
#5947=DIRECTION('center_axis',(0.,0.,1.));
#5948=DIRECTION('ref_axis',(1.,0.,0.));
#5949=DIRECTION('center_axis',(0.,0.,1.));
#5950=DIRECTION('ref_axis',(1.,0.,0.));
#5951=DIRECTION('center_axis',(0.,1.,0.));
#5952=DIRECTION('ref_axis',(-1.,0.,0.));
#5953=DIRECTION('',(-1.,0.,0.));
#5954=DIRECTION('',(0.,0.,1.));
#5955=DIRECTION('',(-1.,0.,0.));
#5956=DIRECTION('',(0.,0.,1.));
#5957=DIRECTION('center_axis',(1.,0.,0.));
#5958=DIRECTION('ref_axis',(0.,1.,0.));
#5959=DIRECTION('',(0.,1.,0.));
#5960=DIRECTION('',(0.,1.,0.));
#5961=DIRECTION('',(0.,0.,1.));
#5962=DIRECTION('center_axis',(0.,-1.,0.));
#5963=DIRECTION('ref_axis',(1.,0.,0.));
#5964=DIRECTION('',(1.,0.,0.));
#5965=DIRECTION('',(1.,0.,0.));
#5966=DIRECTION('',(0.,0.,1.));
#5967=DIRECTION('center_axis',(-1.,0.,0.));
#5968=DIRECTION('ref_axis',(0.,-1.,0.));
#5969=DIRECTION('',(0.,-1.,0.));
#5970=DIRECTION('',(0.,-1.,0.));
#5971=DIRECTION('center_axis',(0.,0.,1.));
#5972=DIRECTION('ref_axis',(1.,0.,0.));
#5973=DIRECTION('center_axis',(0.,0.,1.));
#5974=DIRECTION('ref_axis',(1.,0.,0.));
#5975=DIRECTION('center_axis',(0.,1.,0.));
#5976=DIRECTION('ref_axis',(-1.,0.,0.));
#5977=DIRECTION('',(-1.,0.,0.));
#5978=DIRECTION('',(0.,0.,1.));
#5979=DIRECTION('',(-1.,0.,0.));
#5980=DIRECTION('',(0.,0.,1.));
#5981=DIRECTION('center_axis',(1.,0.,0.));
#5982=DIRECTION('ref_axis',(0.,1.,0.));
#5983=DIRECTION('',(0.,1.,0.));
#5984=DIRECTION('',(0.,1.,0.));
#5985=DIRECTION('',(0.,0.,1.));
#5986=DIRECTION('center_axis',(0.,-1.,0.));
#5987=DIRECTION('ref_axis',(1.,0.,0.));
#5988=DIRECTION('',(1.,0.,0.));
#5989=DIRECTION('',(1.,0.,0.));
#5990=DIRECTION('',(0.,0.,1.));
#5991=DIRECTION('center_axis',(-1.,0.,0.));
#5992=DIRECTION('ref_axis',(0.,-1.,0.));
#5993=DIRECTION('',(0.,-1.,0.));
#5994=DIRECTION('',(0.,-1.,0.));
#5995=DIRECTION('center_axis',(0.,0.,1.));
#5996=DIRECTION('ref_axis',(1.,0.,0.));
#5997=DIRECTION('center_axis',(0.,0.,1.));
#5998=DIRECTION('ref_axis',(1.,0.,0.));
#5999=DIRECTION('center_axis',(0.,1.,0.));
#6000=DIRECTION('ref_axis',(-1.,0.,0.));
#6001=DIRECTION('',(-1.,0.,0.));
#6002=DIRECTION('',(0.,0.,1.));
#6003=DIRECTION('',(-1.,0.,0.));
#6004=DIRECTION('',(0.,0.,1.));
#6005=DIRECTION('center_axis',(1.,0.,0.));
#6006=DIRECTION('ref_axis',(0.,1.,0.));
#6007=DIRECTION('',(0.,1.,0.));
#6008=DIRECTION('',(0.,1.,0.));
#6009=DIRECTION('',(0.,0.,1.));
#6010=DIRECTION('center_axis',(0.,-1.,0.));
#6011=DIRECTION('ref_axis',(1.,0.,0.));
#6012=DIRECTION('',(1.,0.,0.));
#6013=DIRECTION('',(1.,0.,0.));
#6014=DIRECTION('',(0.,0.,1.));
#6015=DIRECTION('center_axis',(-1.,0.,0.));
#6016=DIRECTION('ref_axis',(0.,-1.,0.));
#6017=DIRECTION('',(0.,-1.,0.));
#6018=DIRECTION('',(0.,-1.,0.));
#6019=DIRECTION('center_axis',(0.,0.,1.));
#6020=DIRECTION('ref_axis',(1.,0.,0.));
#6021=DIRECTION('center_axis',(0.,0.,1.));
#6022=DIRECTION('ref_axis',(1.,0.,0.));
#6023=DIRECTION('center_axis',(0.,1.,0.));
#6024=DIRECTION('ref_axis',(-1.,0.,0.));
#6025=DIRECTION('',(-1.,0.,0.));
#6026=DIRECTION('',(0.,0.,1.));
#6027=DIRECTION('',(-1.,0.,0.));
#6028=DIRECTION('',(0.,0.,1.));
#6029=DIRECTION('center_axis',(1.,0.,0.));
#6030=DIRECTION('ref_axis',(0.,1.,0.));
#6031=DIRECTION('',(0.,1.,0.));
#6032=DIRECTION('',(0.,1.,0.));
#6033=DIRECTION('',(0.,0.,1.));
#6034=DIRECTION('center_axis',(0.,-1.,0.));
#6035=DIRECTION('ref_axis',(1.,0.,0.));
#6036=DIRECTION('',(1.,0.,0.));
#6037=DIRECTION('',(1.,0.,0.));
#6038=DIRECTION('',(0.,0.,1.));
#6039=DIRECTION('center_axis',(-1.,0.,0.));
#6040=DIRECTION('ref_axis',(0.,-1.,0.));
#6041=DIRECTION('',(0.,-1.,0.));
#6042=DIRECTION('',(0.,-1.,0.));
#6043=DIRECTION('center_axis',(0.,0.,1.));
#6044=DIRECTION('ref_axis',(1.,0.,0.));
#6045=DIRECTION('center_axis',(0.,0.,1.));
#6046=DIRECTION('ref_axis',(1.,0.,0.));
#6047=DIRECTION('center_axis',(0.,1.,0.));
#6048=DIRECTION('ref_axis',(-1.,0.,0.));
#6049=DIRECTION('',(-1.,0.,0.));
#6050=DIRECTION('',(0.,0.,1.));
#6051=DIRECTION('',(-1.,0.,0.));
#6052=DIRECTION('',(0.,0.,1.));
#6053=DIRECTION('center_axis',(1.,0.,0.));
#6054=DIRECTION('ref_axis',(0.,1.,0.));
#6055=DIRECTION('',(0.,1.,0.));
#6056=DIRECTION('',(0.,1.,0.));
#6057=DIRECTION('',(0.,0.,1.));
#6058=DIRECTION('center_axis',(0.,-1.,0.));
#6059=DIRECTION('ref_axis',(1.,0.,0.));
#6060=DIRECTION('',(1.,0.,0.));
#6061=DIRECTION('',(1.,0.,0.));
#6062=DIRECTION('',(0.,0.,1.));
#6063=DIRECTION('center_axis',(-1.,0.,0.));
#6064=DIRECTION('ref_axis',(0.,-1.,0.));
#6065=DIRECTION('',(0.,-1.,0.));
#6066=DIRECTION('',(0.,-1.,0.));
#6067=DIRECTION('center_axis',(0.,0.,1.));
#6068=DIRECTION('ref_axis',(1.,0.,0.));
#6069=DIRECTION('center_axis',(0.,0.,1.));
#6070=DIRECTION('ref_axis',(1.,0.,0.));
#6071=DIRECTION('center_axis',(0.,-1.,0.));
#6072=DIRECTION('ref_axis',(-1.,0.,0.));
#6073=DIRECTION('',(1.,0.,0.));
#6074=DIRECTION('',(0.,0.,-1.));
#6075=DIRECTION('',(-1.,0.,0.));
#6076=DIRECTION('',(0.,0.,-1.));
#6077=DIRECTION('center_axis',(1.,0.,0.));
#6078=DIRECTION('ref_axis',(0.,-1.,0.));
#6079=DIRECTION('',(0.,1.,0.));
#6080=DIRECTION('',(0.,-1.,0.));
#6081=DIRECTION('',(0.,0.,-1.));
#6082=DIRECTION('center_axis',(0.,1.,0.));
#6083=DIRECTION('ref_axis',(1.,0.,0.));
#6084=DIRECTION('',(-1.,0.,0.));
#6085=DIRECTION('',(1.,0.,0.));
#6086=DIRECTION('',(0.,0.,-1.));
#6087=DIRECTION('center_axis',(-1.,0.,0.));
#6088=DIRECTION('ref_axis',(0.,1.,0.));
#6089=DIRECTION('',(0.,-1.,0.));
#6090=DIRECTION('',(0.,1.,0.));
#6091=DIRECTION('center_axis',(0.,0.,1.));
#6092=DIRECTION('ref_axis',(1.,0.,0.));
#6093=DIRECTION('center_axis',(0.,0.,-1.));
#6094=DIRECTION('ref_axis',(-1.,0.,0.));
#6095=DIRECTION('center_axis',(0.,-1.,0.));
#6096=DIRECTION('ref_axis',(-1.,0.,0.));
#6097=DIRECTION('',(1.,0.,0.));
#6098=DIRECTION('',(0.,0.,-1.));
#6099=DIRECTION('',(-1.,0.,0.));
#6100=DIRECTION('',(0.,0.,-1.));
#6101=DIRECTION('center_axis',(1.,0.,0.));
#6102=DIRECTION('ref_axis',(0.,-1.,0.));
#6103=DIRECTION('',(0.,1.,0.));
#6104=DIRECTION('',(0.,-1.,0.));
#6105=DIRECTION('',(0.,0.,-1.));
#6106=DIRECTION('center_axis',(0.,1.,0.));
#6107=DIRECTION('ref_axis',(1.,0.,0.));
#6108=DIRECTION('',(-1.,0.,0.));
#6109=DIRECTION('',(1.,0.,0.));
#6110=DIRECTION('',(0.,0.,-1.));
#6111=DIRECTION('center_axis',(-1.,0.,0.));
#6112=DIRECTION('ref_axis',(0.,1.,0.));
#6113=DIRECTION('',(0.,-1.,0.));
#6114=DIRECTION('',(0.,1.,0.));
#6115=DIRECTION('center_axis',(0.,0.,1.));
#6116=DIRECTION('ref_axis',(1.,0.,0.));
#6117=DIRECTION('center_axis',(0.,0.,-1.));
#6118=DIRECTION('ref_axis',(-1.,0.,0.));
#6119=DIRECTION('center_axis',(0.,-1.,0.));
#6120=DIRECTION('ref_axis',(-1.,0.,0.));
#6121=DIRECTION('',(1.,0.,0.));
#6122=DIRECTION('',(0.,0.,-1.));
#6123=DIRECTION('',(-1.,0.,0.));
#6124=DIRECTION('',(0.,0.,-1.));
#6125=DIRECTION('center_axis',(1.,0.,0.));
#6126=DIRECTION('ref_axis',(0.,-1.,0.));
#6127=DIRECTION('',(0.,1.,0.));
#6128=DIRECTION('',(0.,-1.,0.));
#6129=DIRECTION('',(0.,0.,-1.));
#6130=DIRECTION('center_axis',(0.,1.,0.));
#6131=DIRECTION('ref_axis',(1.,0.,0.));
#6132=DIRECTION('',(-1.,0.,0.));
#6133=DIRECTION('',(1.,0.,0.));
#6134=DIRECTION('',(0.,0.,-1.));
#6135=DIRECTION('center_axis',(-1.,0.,0.));
#6136=DIRECTION('ref_axis',(0.,1.,0.));
#6137=DIRECTION('',(0.,-1.,0.));
#6138=DIRECTION('',(0.,1.,0.));
#6139=DIRECTION('center_axis',(0.,0.,1.));
#6140=DIRECTION('ref_axis',(1.,0.,0.));
#6141=DIRECTION('center_axis',(0.,0.,-1.));
#6142=DIRECTION('ref_axis',(-1.,0.,0.));
#6143=DIRECTION('center_axis',(0.,-1.,0.));
#6144=DIRECTION('ref_axis',(-1.,0.,0.));
#6145=DIRECTION('',(1.,0.,0.));
#6146=DIRECTION('',(0.,0.,-1.));
#6147=DIRECTION('',(-1.,0.,0.));
#6148=DIRECTION('',(0.,0.,-1.));
#6149=DIRECTION('center_axis',(1.,0.,0.));
#6150=DIRECTION('ref_axis',(0.,-1.,0.));
#6151=DIRECTION('',(0.,1.,0.));
#6152=DIRECTION('',(0.,-1.,0.));
#6153=DIRECTION('',(0.,0.,-1.));
#6154=DIRECTION('center_axis',(0.,1.,0.));
#6155=DIRECTION('ref_axis',(1.,0.,0.));
#6156=DIRECTION('',(-1.,0.,0.));
#6157=DIRECTION('',(1.,0.,0.));
#6158=DIRECTION('',(0.,0.,-1.));
#6159=DIRECTION('center_axis',(-1.,0.,0.));
#6160=DIRECTION('ref_axis',(0.,1.,0.));
#6161=DIRECTION('',(0.,-1.,0.));
#6162=DIRECTION('',(0.,1.,0.));
#6163=DIRECTION('center_axis',(0.,0.,1.));
#6164=DIRECTION('ref_axis',(1.,0.,0.));
#6165=DIRECTION('center_axis',(0.,0.,-1.));
#6166=DIRECTION('ref_axis',(-1.,0.,0.));
#6167=DIRECTION('center_axis',(0.,-1.,0.));
#6168=DIRECTION('ref_axis',(-1.,0.,0.));
#6169=DIRECTION('',(1.,0.,0.));
#6170=DIRECTION('',(0.,0.,-1.));
#6171=DIRECTION('',(-1.,0.,0.));
#6172=DIRECTION('',(0.,0.,-1.));
#6173=DIRECTION('center_axis',(1.,0.,0.));
#6174=DIRECTION('ref_axis',(0.,-1.,0.));
#6175=DIRECTION('',(0.,1.,0.));
#6176=DIRECTION('',(0.,-1.,0.));
#6177=DIRECTION('',(0.,0.,-1.));
#6178=DIRECTION('center_axis',(0.,1.,0.));
#6179=DIRECTION('ref_axis',(1.,0.,0.));
#6180=DIRECTION('',(-1.,0.,0.));
#6181=DIRECTION('',(1.,0.,0.));
#6182=DIRECTION('',(0.,0.,-1.));
#6183=DIRECTION('center_axis',(-1.,0.,0.));
#6184=DIRECTION('ref_axis',(0.,1.,0.));
#6185=DIRECTION('',(0.,-1.,0.));
#6186=DIRECTION('',(0.,1.,0.));
#6187=DIRECTION('center_axis',(0.,0.,1.));
#6188=DIRECTION('ref_axis',(1.,0.,0.));
#6189=DIRECTION('center_axis',(0.,0.,-1.));
#6190=DIRECTION('ref_axis',(-1.,0.,0.));
#6191=DIRECTION('center_axis',(0.,-1.,0.));
#6192=DIRECTION('ref_axis',(-1.,0.,0.));
#6193=DIRECTION('',(1.,0.,0.));
#6194=DIRECTION('',(0.,0.,-1.));
#6195=DIRECTION('',(-1.,0.,0.));
#6196=DIRECTION('',(0.,0.,-1.));
#6197=DIRECTION('center_axis',(1.,0.,0.));
#6198=DIRECTION('ref_axis',(0.,-1.,0.));
#6199=DIRECTION('',(0.,1.,0.));
#6200=DIRECTION('',(0.,-1.,0.));
#6201=DIRECTION('',(0.,0.,-1.));
#6202=DIRECTION('center_axis',(0.,1.,0.));
#6203=DIRECTION('ref_axis',(1.,0.,0.));
#6204=DIRECTION('',(-1.,0.,0.));
#6205=DIRECTION('',(1.,0.,0.));
#6206=DIRECTION('',(0.,0.,-1.));
#6207=DIRECTION('center_axis',(-1.,0.,0.));
#6208=DIRECTION('ref_axis',(0.,1.,0.));
#6209=DIRECTION('',(0.,-1.,0.));
#6210=DIRECTION('',(0.,1.,0.));
#6211=DIRECTION('center_axis',(0.,0.,1.));
#6212=DIRECTION('ref_axis',(1.,0.,0.));
#6213=DIRECTION('center_axis',(0.,0.,-1.));
#6214=DIRECTION('ref_axis',(-1.,0.,0.));
#6215=DIRECTION('center_axis',(0.,-1.,0.));
#6216=DIRECTION('ref_axis',(-1.,0.,0.));
#6217=DIRECTION('',(1.,0.,0.));
#6218=DIRECTION('',(0.,0.,-1.));
#6219=DIRECTION('',(-1.,0.,0.));
#6220=DIRECTION('',(0.,0.,-1.));
#6221=DIRECTION('center_axis',(1.,0.,0.));
#6222=DIRECTION('ref_axis',(0.,-1.,0.));
#6223=DIRECTION('',(0.,1.,0.));
#6224=DIRECTION('',(0.,-1.,0.));
#6225=DIRECTION('',(0.,0.,-1.));
#6226=DIRECTION('center_axis',(0.,1.,0.));
#6227=DIRECTION('ref_axis',(1.,0.,0.));
#6228=DIRECTION('',(-1.,0.,0.));
#6229=DIRECTION('',(1.,0.,0.));
#6230=DIRECTION('',(0.,0.,-1.));
#6231=DIRECTION('center_axis',(-1.,0.,0.));
#6232=DIRECTION('ref_axis',(0.,1.,0.));
#6233=DIRECTION('',(0.,-1.,0.));
#6234=DIRECTION('',(0.,1.,0.));
#6235=DIRECTION('center_axis',(0.,0.,1.));
#6236=DIRECTION('ref_axis',(1.,0.,0.));
#6237=DIRECTION('center_axis',(0.,0.,-1.));
#6238=DIRECTION('ref_axis',(-1.,0.,0.));
#6239=DIRECTION('center_axis',(0.,-1.,0.));
#6240=DIRECTION('ref_axis',(-1.,0.,0.));
#6241=DIRECTION('',(1.,0.,0.));
#6242=DIRECTION('',(0.,0.,-1.));
#6243=DIRECTION('',(-1.,0.,0.));
#6244=DIRECTION('',(0.,0.,-1.));
#6245=DIRECTION('center_axis',(1.,0.,0.));
#6246=DIRECTION('ref_axis',(0.,-1.,0.));
#6247=DIRECTION('',(0.,1.,0.));
#6248=DIRECTION('',(0.,-1.,0.));
#6249=DIRECTION('',(0.,0.,-1.));
#6250=DIRECTION('center_axis',(0.,1.,0.));
#6251=DIRECTION('ref_axis',(1.,0.,0.));
#6252=DIRECTION('',(-1.,0.,0.));
#6253=DIRECTION('',(1.,0.,0.));
#6254=DIRECTION('',(0.,0.,-1.));
#6255=DIRECTION('center_axis',(-1.,0.,0.));
#6256=DIRECTION('ref_axis',(0.,1.,0.));
#6257=DIRECTION('',(0.,-1.,0.));
#6258=DIRECTION('',(0.,1.,0.));
#6259=DIRECTION('center_axis',(0.,0.,1.));
#6260=DIRECTION('ref_axis',(1.,0.,0.));
#6261=DIRECTION('center_axis',(0.,0.,-1.));
#6262=DIRECTION('ref_axis',(-1.,0.,0.));
#6263=DIRECTION('center_axis',(0.,-1.,0.));
#6264=DIRECTION('ref_axis',(-1.,0.,0.));
#6265=DIRECTION('',(1.,0.,0.));
#6266=DIRECTION('',(0.,0.,-1.));
#6267=DIRECTION('',(-1.,0.,0.));
#6268=DIRECTION('',(0.,0.,-1.));
#6269=DIRECTION('center_axis',(1.,0.,0.));
#6270=DIRECTION('ref_axis',(0.,-1.,0.));
#6271=DIRECTION('',(0.,1.,0.));
#6272=DIRECTION('',(0.,-1.,0.));
#6273=DIRECTION('',(0.,0.,-1.));
#6274=DIRECTION('center_axis',(0.,1.,0.));
#6275=DIRECTION('ref_axis',(1.,0.,0.));
#6276=DIRECTION('',(-1.,0.,0.));
#6277=DIRECTION('',(1.,0.,0.));
#6278=DIRECTION('',(0.,0.,-1.));
#6279=DIRECTION('center_axis',(-1.,0.,0.));
#6280=DIRECTION('ref_axis',(0.,1.,0.));
#6281=DIRECTION('',(0.,-1.,0.));
#6282=DIRECTION('',(0.,1.,0.));
#6283=DIRECTION('center_axis',(0.,0.,1.));
#6284=DIRECTION('ref_axis',(1.,0.,0.));
#6285=DIRECTION('center_axis',(0.,0.,-1.));
#6286=DIRECTION('ref_axis',(-1.,0.,0.));
#6287=DIRECTION('center_axis',(0.,-1.,0.));
#6288=DIRECTION('ref_axis',(-1.,0.,0.));
#6289=DIRECTION('',(1.,0.,0.));
#6290=DIRECTION('',(0.,0.,-1.));
#6291=DIRECTION('',(-1.,0.,0.));
#6292=DIRECTION('',(0.,0.,-1.));
#6293=DIRECTION('center_axis',(1.,0.,0.));
#6294=DIRECTION('ref_axis',(0.,-1.,0.));
#6295=DIRECTION('',(0.,1.,0.));
#6296=DIRECTION('',(0.,-1.,0.));
#6297=DIRECTION('',(0.,0.,-1.));
#6298=DIRECTION('center_axis',(0.,1.,0.));
#6299=DIRECTION('ref_axis',(1.,0.,0.));
#6300=DIRECTION('',(-1.,0.,0.));
#6301=DIRECTION('',(1.,0.,0.));
#6302=DIRECTION('',(0.,0.,-1.));
#6303=DIRECTION('center_axis',(-1.,0.,0.));
#6304=DIRECTION('ref_axis',(0.,1.,0.));
#6305=DIRECTION('',(0.,-1.,0.));
#6306=DIRECTION('',(0.,1.,0.));
#6307=DIRECTION('center_axis',(0.,0.,1.));
#6308=DIRECTION('ref_axis',(1.,0.,0.));
#6309=DIRECTION('center_axis',(0.,0.,-1.));
#6310=DIRECTION('ref_axis',(-1.,0.,0.));
#6311=DIRECTION('center_axis',(0.,-1.,0.));
#6312=DIRECTION('ref_axis',(-1.,0.,0.));
#6313=DIRECTION('',(1.,0.,0.));
#6314=DIRECTION('',(0.,0.,-1.));
#6315=DIRECTION('',(-1.,0.,0.));
#6316=DIRECTION('',(0.,0.,-1.));
#6317=DIRECTION('center_axis',(1.,0.,0.));
#6318=DIRECTION('ref_axis',(0.,-1.,0.));
#6319=DIRECTION('',(0.,1.,0.));
#6320=DIRECTION('',(0.,-1.,0.));
#6321=DIRECTION('',(0.,0.,-1.));
#6322=DIRECTION('center_axis',(0.,1.,0.));
#6323=DIRECTION('ref_axis',(1.,0.,0.));
#6324=DIRECTION('',(-1.,0.,0.));
#6325=DIRECTION('',(1.,0.,0.));
#6326=DIRECTION('',(0.,0.,-1.));
#6327=DIRECTION('center_axis',(-1.,0.,0.));
#6328=DIRECTION('ref_axis',(0.,1.,0.));
#6329=DIRECTION('',(0.,-1.,0.));
#6330=DIRECTION('',(0.,1.,0.));
#6331=DIRECTION('center_axis',(0.,0.,1.));
#6332=DIRECTION('ref_axis',(1.,0.,0.));
#6333=DIRECTION('center_axis',(0.,0.,-1.));
#6334=DIRECTION('ref_axis',(-1.,0.,0.));
#6335=DIRECTION('center_axis',(0.,1.,0.));
#6336=DIRECTION('ref_axis',(1.,0.,0.));
#6337=DIRECTION('center_axis',(0.,-1.,0.));
#6338=DIRECTION('ref_axis',(1.,0.,0.));
#6339=DIRECTION('center_axis',(0.,1.,0.));
#6340=DIRECTION('ref_axis',(1.,0.,0.));
#6341=DIRECTION('center_axis',(0.,1.,0.));
#6342=DIRECTION('ref_axis',(1.,0.,0.));
#6343=DIRECTION('',(0.,-1.,0.));
#6344=DIRECTION('center_axis',(0.,1.,0.));
#6345=DIRECTION('ref_axis',(1.,0.,0.));
#6346=DIRECTION('center_axis',(0.,-1.,0.));
#6347=DIRECTION('ref_axis',(-1.,0.,0.));
#6348=DIRECTION('',(1.,0.,0.));
#6349=DIRECTION('',(0.,0.,-1.));
#6350=DIRECTION('',(-1.,0.,0.));
#6351=DIRECTION('',(0.,0.,-1.));
#6352=DIRECTION('center_axis',(1.,0.,0.));
#6353=DIRECTION('ref_axis',(0.,-1.,0.));
#6354=DIRECTION('',(0.,1.,0.));
#6355=DIRECTION('',(0.,-1.,0.));
#6356=DIRECTION('',(0.,0.,-1.));
#6357=DIRECTION('center_axis',(0.,1.,0.));
#6358=DIRECTION('ref_axis',(1.,0.,0.));
#6359=DIRECTION('',(-1.,0.,0.));
#6360=DIRECTION('',(1.,0.,0.));
#6361=DIRECTION('',(0.,0.,-1.));
#6362=DIRECTION('center_axis',(-1.,0.,0.));
#6363=DIRECTION('ref_axis',(0.,1.,0.));
#6364=DIRECTION('',(0.,-1.,0.));
#6365=DIRECTION('',(0.,1.,0.));
#6366=DIRECTION('center_axis',(0.,0.,1.));
#6367=DIRECTION('ref_axis',(1.,0.,0.));
#6368=DIRECTION('center_axis',(0.,0.,-1.));
#6369=DIRECTION('ref_axis',(-1.,0.,0.));
#6370=DIRECTION('center_axis',(0.,-1.,0.));
#6371=DIRECTION('ref_axis',(-1.,0.,0.));
#6372=DIRECTION('',(1.,0.,0.));
#6373=DIRECTION('',(0.,0.,-1.));
#6374=DIRECTION('',(-1.,0.,0.));
#6375=DIRECTION('',(0.,0.,-1.));
#6376=DIRECTION('center_axis',(1.,0.,0.));
#6377=DIRECTION('ref_axis',(0.,-1.,0.));
#6378=DIRECTION('',(0.,1.,0.));
#6379=DIRECTION('',(0.,-1.,0.));
#6380=DIRECTION('',(0.,0.,-1.));
#6381=DIRECTION('center_axis',(0.,1.,0.));
#6382=DIRECTION('ref_axis',(1.,0.,0.));
#6383=DIRECTION('',(-1.,0.,0.));
#6384=DIRECTION('',(1.,0.,0.));
#6385=DIRECTION('',(0.,0.,-1.));
#6386=DIRECTION('center_axis',(-1.,0.,0.));
#6387=DIRECTION('ref_axis',(0.,1.,0.));
#6388=DIRECTION('',(0.,-1.,0.));
#6389=DIRECTION('',(0.,1.,0.));
#6390=DIRECTION('center_axis',(0.,0.,1.));
#6391=DIRECTION('ref_axis',(1.,0.,0.));
#6392=DIRECTION('center_axis',(0.,0.,-1.));
#6393=DIRECTION('ref_axis',(-1.,0.,0.));
#6394=DIRECTION('center_axis',(0.,-1.,0.));
#6395=DIRECTION('ref_axis',(-1.,0.,0.));
#6396=DIRECTION('',(1.,0.,0.));
#6397=DIRECTION('',(0.,0.,-1.));
#6398=DIRECTION('',(-1.,0.,0.));
#6399=DIRECTION('',(0.,0.,-1.));
#6400=DIRECTION('center_axis',(1.,0.,0.));
#6401=DIRECTION('ref_axis',(0.,-1.,0.));
#6402=DIRECTION('',(0.,1.,0.));
#6403=DIRECTION('',(0.,-1.,0.));
#6404=DIRECTION('',(0.,0.,-1.));
#6405=DIRECTION('center_axis',(0.,1.,0.));
#6406=DIRECTION('ref_axis',(1.,0.,0.));
#6407=DIRECTION('',(-1.,0.,0.));
#6408=DIRECTION('',(1.,0.,0.));
#6409=DIRECTION('',(0.,0.,-1.));
#6410=DIRECTION('center_axis',(-1.,0.,0.));
#6411=DIRECTION('ref_axis',(0.,1.,0.));
#6412=DIRECTION('',(0.,-1.,0.));
#6413=DIRECTION('',(0.,1.,0.));
#6414=DIRECTION('center_axis',(0.,0.,1.));
#6415=DIRECTION('ref_axis',(1.,0.,0.));
#6416=DIRECTION('center_axis',(0.,0.,-1.));
#6417=DIRECTION('ref_axis',(-1.,0.,0.));
#6418=DIRECTION('center_axis',(0.,-1.,0.));
#6419=DIRECTION('ref_axis',(-1.,0.,0.));
#6420=DIRECTION('',(1.,0.,0.));
#6421=DIRECTION('',(0.,0.,-1.));
#6422=DIRECTION('',(-1.,0.,0.));
#6423=DIRECTION('',(0.,0.,-1.));
#6424=DIRECTION('center_axis',(1.,0.,0.));
#6425=DIRECTION('ref_axis',(0.,-1.,0.));
#6426=DIRECTION('',(0.,1.,0.));
#6427=DIRECTION('',(0.,-1.,0.));
#6428=DIRECTION('',(0.,0.,-1.));
#6429=DIRECTION('center_axis',(0.,1.,0.));
#6430=DIRECTION('ref_axis',(1.,0.,0.));
#6431=DIRECTION('',(-1.,0.,0.));
#6432=DIRECTION('',(1.,0.,0.));
#6433=DIRECTION('',(0.,0.,-1.));
#6434=DIRECTION('center_axis',(-1.,0.,0.));
#6435=DIRECTION('ref_axis',(0.,1.,0.));
#6436=DIRECTION('',(0.,-1.,0.));
#6437=DIRECTION('',(0.,1.,0.));
#6438=DIRECTION('center_axis',(0.,0.,1.));
#6439=DIRECTION('ref_axis',(1.,0.,0.));
#6440=DIRECTION('center_axis',(0.,0.,-1.));
#6441=DIRECTION('ref_axis',(-1.,0.,0.));
#6442=DIRECTION('center_axis',(0.,-1.,0.));
#6443=DIRECTION('ref_axis',(-1.,0.,0.));
#6444=DIRECTION('',(1.,0.,0.));
#6445=DIRECTION('',(0.,0.,-1.));
#6446=DIRECTION('',(-1.,0.,0.));
#6447=DIRECTION('',(0.,0.,-1.));
#6448=DIRECTION('center_axis',(1.,0.,0.));
#6449=DIRECTION('ref_axis',(0.,-1.,0.));
#6450=DIRECTION('',(0.,1.,0.));
#6451=DIRECTION('',(0.,-1.,0.));
#6452=DIRECTION('',(0.,0.,-1.));
#6453=DIRECTION('center_axis',(0.,1.,0.));
#6454=DIRECTION('ref_axis',(1.,0.,0.));
#6455=DIRECTION('',(-1.,0.,0.));
#6456=DIRECTION('',(1.,0.,0.));
#6457=DIRECTION('',(0.,0.,-1.));
#6458=DIRECTION('center_axis',(-1.,0.,0.));
#6459=DIRECTION('ref_axis',(0.,1.,0.));
#6460=DIRECTION('',(0.,-1.,0.));
#6461=DIRECTION('',(0.,1.,0.));
#6462=DIRECTION('center_axis',(0.,0.,1.));
#6463=DIRECTION('ref_axis',(1.,0.,0.));
#6464=DIRECTION('center_axis',(0.,0.,-1.));
#6465=DIRECTION('ref_axis',(-1.,0.,0.));
#6466=DIRECTION('center_axis',(0.,-1.,0.));
#6467=DIRECTION('ref_axis',(-1.,0.,0.));
#6468=DIRECTION('',(1.,0.,0.));
#6469=DIRECTION('',(0.,0.,-1.));
#6470=DIRECTION('',(-1.,0.,0.));
#6471=DIRECTION('',(0.,0.,-1.));
#6472=DIRECTION('center_axis',(1.,0.,0.));
#6473=DIRECTION('ref_axis',(0.,-1.,0.));
#6474=DIRECTION('',(0.,1.,0.));
#6475=DIRECTION('',(0.,-1.,0.));
#6476=DIRECTION('',(0.,0.,-1.));
#6477=DIRECTION('center_axis',(0.,1.,0.));
#6478=DIRECTION('ref_axis',(1.,0.,0.));
#6479=DIRECTION('',(-1.,0.,0.));
#6480=DIRECTION('',(1.,0.,0.));
#6481=DIRECTION('',(0.,0.,-1.));
#6482=DIRECTION('center_axis',(-1.,0.,0.));
#6483=DIRECTION('ref_axis',(0.,1.,0.));
#6484=DIRECTION('',(0.,-1.,0.));
#6485=DIRECTION('',(0.,1.,0.));
#6486=DIRECTION('center_axis',(0.,0.,1.));
#6487=DIRECTION('ref_axis',(1.,0.,0.));
#6488=DIRECTION('center_axis',(0.,0.,-1.));
#6489=DIRECTION('ref_axis',(-1.,0.,0.));
#6490=DIRECTION('center_axis',(0.,-1.,0.));
#6491=DIRECTION('ref_axis',(-1.,0.,0.));
#6492=DIRECTION('',(1.,0.,0.));
#6493=DIRECTION('',(0.,0.,-1.));
#6494=DIRECTION('',(-1.,0.,0.));
#6495=DIRECTION('',(0.,0.,-1.));
#6496=DIRECTION('center_axis',(1.,0.,0.));
#6497=DIRECTION('ref_axis',(0.,-1.,0.));
#6498=DIRECTION('',(0.,1.,0.));
#6499=DIRECTION('',(0.,-1.,0.));
#6500=DIRECTION('',(0.,0.,-1.));
#6501=DIRECTION('center_axis',(0.,1.,0.));
#6502=DIRECTION('ref_axis',(1.,0.,0.));
#6503=DIRECTION('',(-1.,0.,0.));
#6504=DIRECTION('',(1.,0.,0.));
#6505=DIRECTION('',(0.,0.,-1.));
#6506=DIRECTION('center_axis',(-1.,0.,0.));
#6507=DIRECTION('ref_axis',(0.,1.,0.));
#6508=DIRECTION('',(0.,-1.,0.));
#6509=DIRECTION('',(0.,1.,0.));
#6510=DIRECTION('center_axis',(0.,0.,1.));
#6511=DIRECTION('ref_axis',(1.,0.,0.));
#6512=DIRECTION('center_axis',(0.,0.,-1.));
#6513=DIRECTION('ref_axis',(-1.,0.,0.));
#6514=DIRECTION('center_axis',(0.,-1.,0.));
#6515=DIRECTION('ref_axis',(-1.,0.,0.));
#6516=DIRECTION('',(1.,0.,0.));
#6517=DIRECTION('',(0.,0.,-1.));
#6518=DIRECTION('',(-1.,0.,0.));
#6519=DIRECTION('',(0.,0.,-1.));
#6520=DIRECTION('center_axis',(1.,0.,0.));
#6521=DIRECTION('ref_axis',(0.,-1.,0.));
#6522=DIRECTION('',(0.,1.,0.));
#6523=DIRECTION('',(0.,-1.,0.));
#6524=DIRECTION('',(0.,0.,-1.));
#6525=DIRECTION('center_axis',(0.,1.,0.));
#6526=DIRECTION('ref_axis',(1.,0.,0.));
#6527=DIRECTION('',(-1.,0.,0.));
#6528=DIRECTION('',(1.,0.,0.));
#6529=DIRECTION('',(0.,0.,-1.));
#6530=DIRECTION('center_axis',(-1.,0.,0.));
#6531=DIRECTION('ref_axis',(0.,1.,0.));
#6532=DIRECTION('',(0.,-1.,0.));
#6533=DIRECTION('',(0.,1.,0.));
#6534=DIRECTION('center_axis',(0.,0.,1.));
#6535=DIRECTION('ref_axis',(1.,0.,0.));
#6536=DIRECTION('center_axis',(0.,0.,-1.));
#6537=DIRECTION('ref_axis',(-1.,0.,0.));
#6538=DIRECTION('center_axis',(0.,-1.,0.));
#6539=DIRECTION('ref_axis',(-1.,0.,0.));
#6540=DIRECTION('',(1.,0.,0.));
#6541=DIRECTION('',(0.,0.,-1.));
#6542=DIRECTION('',(-1.,0.,0.));
#6543=DIRECTION('',(0.,0.,-1.));
#6544=DIRECTION('center_axis',(1.,0.,0.));
#6545=DIRECTION('ref_axis',(0.,-1.,0.));
#6546=DIRECTION('',(0.,1.,0.));
#6547=DIRECTION('',(0.,-1.,0.));
#6548=DIRECTION('',(0.,0.,-1.));
#6549=DIRECTION('center_axis',(0.,1.,0.));
#6550=DIRECTION('ref_axis',(1.,0.,0.));
#6551=DIRECTION('',(-1.,0.,0.));
#6552=DIRECTION('',(1.,0.,0.));
#6553=DIRECTION('',(0.,0.,-1.));
#6554=DIRECTION('center_axis',(-1.,0.,0.));
#6555=DIRECTION('ref_axis',(0.,1.,0.));
#6556=DIRECTION('',(0.,-1.,0.));
#6557=DIRECTION('',(0.,1.,0.));
#6558=DIRECTION('center_axis',(0.,0.,1.));
#6559=DIRECTION('ref_axis',(1.,0.,0.));
#6560=DIRECTION('center_axis',(0.,0.,-1.));
#6561=DIRECTION('ref_axis',(-1.,0.,0.));
#6562=DIRECTION('center_axis',(0.,-1.,0.));
#6563=DIRECTION('ref_axis',(-1.,0.,0.));
#6564=DIRECTION('',(1.,0.,0.));
#6565=DIRECTION('',(0.,0.,-1.));
#6566=DIRECTION('',(-1.,0.,0.));
#6567=DIRECTION('',(0.,0.,-1.));
#6568=DIRECTION('center_axis',(1.,0.,0.));
#6569=DIRECTION('ref_axis',(0.,-1.,0.));
#6570=DIRECTION('',(0.,1.,0.));
#6571=DIRECTION('',(0.,-1.,0.));
#6572=DIRECTION('',(0.,0.,-1.));
#6573=DIRECTION('center_axis',(0.,1.,0.));
#6574=DIRECTION('ref_axis',(1.,0.,0.));
#6575=DIRECTION('',(-1.,0.,0.));
#6576=DIRECTION('',(1.,0.,0.));
#6577=DIRECTION('',(0.,0.,-1.));
#6578=DIRECTION('center_axis',(-1.,0.,0.));
#6579=DIRECTION('ref_axis',(0.,1.,0.));
#6580=DIRECTION('',(0.,-1.,0.));
#6581=DIRECTION('',(0.,1.,0.));
#6582=DIRECTION('center_axis',(0.,0.,1.));
#6583=DIRECTION('ref_axis',(1.,0.,0.));
#6584=DIRECTION('center_axis',(0.,0.,-1.));
#6585=DIRECTION('ref_axis',(-1.,0.,0.));
#6586=DIRECTION('',(0.,0.,1.));
#6587=DIRECTION('',(1.,0.,0.));
#6588=DIRECTION('',(0.,0.,1.));
#6589=DIRECTION('',(1.,0.,0.));
#6590=CARTESIAN_POINT('',(0.,0.,0.));
#6591=CARTESIAN_POINT('',(0.,0.,0.));
#6592=CARTESIAN_POINT('Origin',(12.,68.,39.4));
#6593=CARTESIAN_POINT('',(10.75,68.,39.4));
#6594=CARTESIAN_POINT('Origin',(12.,68.,39.4));
#6595=CARTESIAN_POINT('',(10.75,68.,31.4));
#6596=CARTESIAN_POINT('',(10.75,68.,39.4));
#6597=CARTESIAN_POINT('Origin',(12.,68.,31.4));
#6598=CARTESIAN_POINT('Origin',(12.,68.,31.4));
#6599=CARTESIAN_POINT('Origin',(108.,12.,39.4));
#6600=CARTESIAN_POINT('',(106.75,12.,39.4));
#6601=CARTESIAN_POINT('Origin',(108.,12.,39.4));
#6602=CARTESIAN_POINT('',(106.75,12.,31.4));
#6603=CARTESIAN_POINT('',(106.75,12.,39.4));
#6604=CARTESIAN_POINT('Origin',(108.,12.,31.4));
#6605=CARTESIAN_POINT('Origin',(108.,12.,31.4));
#6606=CARTESIAN_POINT('Origin',(12.,12.,39.4));
#6607=CARTESIAN_POINT('',(10.75,12.,39.4));
#6608=CARTESIAN_POINT('Origin',(12.,12.,39.4));
#6609=CARTESIAN_POINT('',(10.75,12.,31.4));
#6610=CARTESIAN_POINT('',(10.75,12.,39.4));
#6611=CARTESIAN_POINT('Origin',(12.,12.,31.4));
#6612=CARTESIAN_POINT('Origin',(12.,12.,31.4));
#6613=CARTESIAN_POINT('Origin',(108.,68.,39.4));
#6614=CARTESIAN_POINT('',(106.75,68.,39.4));
#6615=CARTESIAN_POINT('Origin',(108.,68.,39.4));
#6616=CARTESIAN_POINT('',(106.75,68.,31.4));
#6617=CARTESIAN_POINT('',(106.75,68.,39.4));
#6618=CARTESIAN_POINT('Origin',(108.,68.,31.4));
#6619=CARTESIAN_POINT('Origin',(108.,68.,31.4));
#6620=CARTESIAN_POINT('Origin',(108.,68.,0.));
#6621=CARTESIAN_POINT('',(105.,68.,39.4));
#6622=CARTESIAN_POINT('Origin',(108.,68.,39.4));
#6623=CARTESIAN_POINT('',(105.,68.,2.));
#6624=CARTESIAN_POINT('',(105.,68.,0.));
#6625=CARTESIAN_POINT('Origin',(108.,68.,2.));
#6626=CARTESIAN_POINT('Origin',(108.,68.,0.));
#6627=CARTESIAN_POINT('',(109.603183046345,70.5357058425443,1.));
#6628=CARTESIAN_POINT('',(109.603183046345,70.5357058425443,0.));
#6629=CARTESIAN_POINT('',(109.603183046345,70.5357058425443,0.));
#6630=CARTESIAN_POINT('',(110.535705842544,69.6031830463446,1.));
#6631=CARTESIAN_POINT('Origin',(108.,68.,1.));
#6632=CARTESIAN_POINT('',(110.535705842544,69.6031830463446,0.));
#6633=CARTESIAN_POINT('',(110.535705842544,69.6031830463446,0.));
#6634=CARTESIAN_POINT('Origin',(108.,68.,0.));
#6635=CARTESIAN_POINT('Origin',(108.,68.,39.4));
#6636=CARTESIAN_POINT('Origin',(112.5,72.5,0.));
#6637=CARTESIAN_POINT('Origin',(112.5,72.5,0.));
#6638=CARTESIAN_POINT('Origin',(112.5,72.5,1.));
#6639=CARTESIAN_POINT('Origin',(60.,40.,0.));
#6640=CARTESIAN_POINT('',(0.,4.,0.));
#6641=CARTESIAN_POINT('',(4.,0.,0.));
#6642=CARTESIAN_POINT('Origin',(4.,4.,0.));
#6643=CARTESIAN_POINT('',(0.,76.,0.));
#6644=CARTESIAN_POINT('',(0.,80.,0.));
#6645=CARTESIAN_POINT('',(4.,80.,0.));
#6646=CARTESIAN_POINT('Origin',(4.,76.,0.));
#6647=CARTESIAN_POINT('',(116.,80.,0.));
#6648=CARTESIAN_POINT('',(120.,80.,0.));
#6649=CARTESIAN_POINT('',(120.,76.,0.));
#6650=CARTESIAN_POINT('Origin',(116.,76.,0.));
#6651=CARTESIAN_POINT('',(120.,4.,0.));
#6652=CARTESIAN_POINT('',(120.,0.,0.));
#6653=CARTESIAN_POINT('',(116.,0.,0.));
#6654=CARTESIAN_POINT('Origin',(116.,4.,0.));
#6655=CARTESIAN_POINT('',(0.,0.,0.));
#6656=CARTESIAN_POINT('',(107.25,48.,0.));
#6657=CARTESIAN_POINT('',(97.75,48.,0.));
#6658=CARTESIAN_POINT('',(83.625,48.,0.));
#6659=CARTESIAN_POINT('',(97.75,42.5,0.));
#6660=CARTESIAN_POINT('Origin',(97.75,45.25,0.));
#6661=CARTESIAN_POINT('',(107.25,42.5,0.));
#6662=CARTESIAN_POINT('',(78.875,42.5,0.));
#6663=CARTESIAN_POINT('Origin',(107.25,45.25,0.));
#6664=CARTESIAN_POINT('',(22.25,48.,0.));
#6665=CARTESIAN_POINT('',(12.75,48.,0.));
#6666=CARTESIAN_POINT('',(41.125,48.,0.));
#6667=CARTESIAN_POINT('',(12.75,42.5,0.));
#6668=CARTESIAN_POINT('Origin',(12.75,45.25,0.));
#6669=CARTESIAN_POINT('',(22.25,42.5,0.));
#6670=CARTESIAN_POINT('',(36.375,42.5,0.));
#6671=CARTESIAN_POINT('Origin',(22.25,45.25,0.));
#6672=CARTESIAN_POINT('',(9.4642941574557,10.3968169536554,0.));
#6673=CARTESIAN_POINT('',(10.3968169536554,9.4642941574557,0.));
#6674=CARTESIAN_POINT('Origin',(7.5,7.5,0.));
#6675=CARTESIAN_POINT('Origin',(12.,12.,0.));
#6676=CARTESIAN_POINT('',(109.603183046345,9.46429415745569,0.));
#6677=CARTESIAN_POINT('',(110.535705842544,10.3968169536554,0.));
#6678=CARTESIAN_POINT('Origin',(112.5,7.5,0.));
#6679=CARTESIAN_POINT('Origin',(108.,12.,0.));
#6680=CARTESIAN_POINT('',(10.3968169536554,70.5357058425443,0.));
#6681=CARTESIAN_POINT('',(9.46429415745571,69.6031830463446,0.));
#6682=CARTESIAN_POINT('Origin',(7.5,72.5,0.));
#6683=CARTESIAN_POINT('Origin',(12.,68.,0.));
#6684=CARTESIAN_POINT('Origin',(12.,12.,0.));
#6685=CARTESIAN_POINT('',(9.,12.,39.4));
#6686=CARTESIAN_POINT('Origin',(12.,12.,39.4));
#6687=CARTESIAN_POINT('',(9.,12.,2.));
#6688=CARTESIAN_POINT('',(9.,12.,0.));
#6689=CARTESIAN_POINT('Origin',(12.,12.,2.));
#6690=CARTESIAN_POINT('Origin',(12.,12.,0.));
#6691=CARTESIAN_POINT('',(10.3968169536554,9.4642941574557,1.));
#6692=CARTESIAN_POINT('',(10.3968169536554,9.46429415745571,0.));
#6693=CARTESIAN_POINT('',(9.4642941574557,10.3968169536554,1.));
#6694=CARTESIAN_POINT('Origin',(12.,12.,1.));
#6695=CARTESIAN_POINT('',(9.46429415745571,10.3968169536554,0.));
#6696=CARTESIAN_POINT('Origin',(12.,12.,39.4));
#6697=CARTESIAN_POINT('Origin',(7.5,7.5,0.));
#6698=CARTESIAN_POINT('Origin',(7.5,7.5,1.));
#6699=CARTESIAN_POINT('Origin',(108.,12.,0.));
#6700=CARTESIAN_POINT('',(105.,12.,39.4));
#6701=CARTESIAN_POINT('Origin',(108.,12.,39.4));
#6702=CARTESIAN_POINT('',(105.,12.,2.));
#6703=CARTESIAN_POINT('',(105.,12.,0.));
#6704=CARTESIAN_POINT('Origin',(108.,12.,2.));
#6705=CARTESIAN_POINT('Origin',(108.,12.,0.));
#6706=CARTESIAN_POINT('',(110.535705842544,10.3968169536554,1.));
#6707=CARTESIAN_POINT('',(110.535705842544,10.3968169536554,0.));
#6708=CARTESIAN_POINT('',(109.603183046345,9.46429415745569,1.));
#6709=CARTESIAN_POINT('Origin',(108.,12.,1.));
#6710=CARTESIAN_POINT('',(109.603183046345,9.46429415745569,0.));
#6711=CARTESIAN_POINT('Origin',(108.,12.,39.4));
#6712=CARTESIAN_POINT('Origin',(112.5,7.5,0.));
#6713=CARTESIAN_POINT('Origin',(112.5,7.5,1.));
#6714=CARTESIAN_POINT('Origin',(12.,68.,0.));
#6715=CARTESIAN_POINT('',(9.,68.,39.4));
#6716=CARTESIAN_POINT('Origin',(12.,68.,39.4));
#6717=CARTESIAN_POINT('',(9.,68.,2.));
#6718=CARTESIAN_POINT('',(9.,68.,0.));
#6719=CARTESIAN_POINT('Origin',(12.,68.,2.));
#6720=CARTESIAN_POINT('Origin',(12.,68.,0.));
#6721=CARTESIAN_POINT('',(9.46429415745571,69.6031830463446,1.));
#6722=CARTESIAN_POINT('',(9.46429415745571,69.6031830463446,0.));
#6723=CARTESIAN_POINT('',(10.3968169536554,70.5357058425443,1.));
#6724=CARTESIAN_POINT('Origin',(12.,68.,1.));
#6725=CARTESIAN_POINT('',(10.3968169536554,70.5357058425443,0.));
#6726=CARTESIAN_POINT('Origin',(12.,68.,39.4));
#6727=CARTESIAN_POINT('Origin',(7.5,72.5,0.));
#6728=CARTESIAN_POINT('Origin',(7.5,72.5,1.));
#6729=CARTESIAN_POINT('Origin',(7.5,72.5,1.));
#6730=CARTESIAN_POINT('Origin',(112.5,7.5,1.));
#6731=CARTESIAN_POINT('Origin',(7.5,7.5,1.));
#6732=CARTESIAN_POINT('Origin',(112.5,72.5,1.));
#6733=CARTESIAN_POINT('Origin',(12.75,42.5,0.));
#6734=CARTESIAN_POINT('',(22.25,42.5,2.));
#6735=CARTESIAN_POINT('',(12.75,42.5,2.));
#6736=CARTESIAN_POINT('',(36.375,42.5,2.));
#6737=CARTESIAN_POINT('',(22.25,42.5,0.));
#6738=CARTESIAN_POINT('',(12.75,42.5,0.));
#6739=CARTESIAN_POINT('Origin',(12.75,45.25,0.));
#6740=CARTESIAN_POINT('',(12.75,48.,2.));
#6741=CARTESIAN_POINT('Origin',(12.75,45.25,2.));
#6742=CARTESIAN_POINT('',(12.75,48.,0.));
#6743=CARTESIAN_POINT('Origin',(22.25,48.,0.));
#6744=CARTESIAN_POINT('',(22.25,48.,2.));
#6745=CARTESIAN_POINT('',(41.125,48.,2.));
#6746=CARTESIAN_POINT('',(22.25,48.,0.));
#6747=CARTESIAN_POINT('Origin',(22.25,45.25,0.));
#6748=CARTESIAN_POINT('Origin',(22.25,45.25,2.));
#6749=CARTESIAN_POINT('Origin',(97.75,42.5,0.));
#6750=CARTESIAN_POINT('',(107.25,42.5,2.));
#6751=CARTESIAN_POINT('',(97.75,42.5,2.));
#6752=CARTESIAN_POINT('',(78.875,42.5,2.));
#6753=CARTESIAN_POINT('',(107.25,42.5,0.));
#6754=CARTESIAN_POINT('',(97.75,42.5,0.));
#6755=CARTESIAN_POINT('Origin',(97.75,45.25,0.));
#6756=CARTESIAN_POINT('',(97.75,48.,2.));
#6757=CARTESIAN_POINT('Origin',(97.75,45.25,2.));
#6758=CARTESIAN_POINT('',(97.75,48.,0.));
#6759=CARTESIAN_POINT('Origin',(107.25,48.,0.));
#6760=CARTESIAN_POINT('',(107.25,48.,2.));
#6761=CARTESIAN_POINT('',(83.625,48.,2.));
#6762=CARTESIAN_POINT('',(107.25,48.,0.));
#6763=CARTESIAN_POINT('Origin',(107.25,45.25,0.));
#6764=CARTESIAN_POINT('Origin',(107.25,45.25,2.));
#6765=CARTESIAN_POINT('Origin',(75.,0.,23.));
#6766=CARTESIAN_POINT('',(69.5,0.,23.));
#6767=CARTESIAN_POINT('Origin',(75.,0.,23.));
#6768=CARTESIAN_POINT('',(69.5,2.,23.));
#6769=CARTESIAN_POINT('',(69.5,0.,23.));
#6770=CARTESIAN_POINT('Origin',(75.,2.,23.));
#6771=CARTESIAN_POINT('Origin',(47.5,0.,23.));
#6772=CARTESIAN_POINT('',(42.,0.,23.));
#6773=CARTESIAN_POINT('Origin',(47.5,0.,23.));
#6774=CARTESIAN_POINT('',(42.,2.,23.));
#6775=CARTESIAN_POINT('',(42.,0.,23.));
#6776=CARTESIAN_POINT('Origin',(47.5,2.,23.));
#6777=CARTESIAN_POINT('Origin',(17.5,0.,23.));
#6778=CARTESIAN_POINT('',(11.25,0.,23.));
#6779=CARTESIAN_POINT('Origin',(17.5,0.,23.));
#6780=CARTESIAN_POINT('',(11.25,2.,23.));
#6781=CARTESIAN_POINT('',(11.25,0.,23.));
#6782=CARTESIAN_POINT('Origin',(17.5,2.,23.));
#6783=CARTESIAN_POINT('Origin',(102.5,0.,23.));
#6784=CARTESIAN_POINT('',(99.3,0.,23.));
#6785=CARTESIAN_POINT('Origin',(102.5,0.,23.));
#6786=CARTESIAN_POINT('',(99.3,2.,23.));
#6787=CARTESIAN_POINT('',(99.3,0.,23.));
#6788=CARTESIAN_POINT('Origin',(102.5,2.,23.));
#6789=CARTESIAN_POINT('Origin',(5.,75.,50.));
#6790=CARTESIAN_POINT('',(3.75,75.,46.));
#6791=CARTESIAN_POINT('Origin',(5.,75.,46.));
#6792=CARTESIAN_POINT('',(3.75,75.,34.));
#6793=CARTESIAN_POINT('',(3.75,75.,50.));
#6794=CARTESIAN_POINT('Origin',(5.,75.,34.));
#6795=CARTESIAN_POINT('Origin',(5.,75.,34.));
#6796=CARTESIAN_POINT('Origin',(115.,5.,50.));
#6797=CARTESIAN_POINT('',(113.75,5.,46.));
#6798=CARTESIAN_POINT('Origin',(115.,5.,46.));
#6799=CARTESIAN_POINT('',(113.75,5.,34.));
#6800=CARTESIAN_POINT('',(113.75,5.,50.));
#6801=CARTESIAN_POINT('Origin',(115.,5.,34.));
#6802=CARTESIAN_POINT('Origin',(115.,5.,34.));
#6803=CARTESIAN_POINT('Origin',(5.,5.,50.));
#6804=CARTESIAN_POINT('',(3.75,5.,46.));
#6805=CARTESIAN_POINT('Origin',(5.,5.,46.));
#6806=CARTESIAN_POINT('',(3.75,5.,34.));
#6807=CARTESIAN_POINT('',(3.75,5.,50.));
#6808=CARTESIAN_POINT('Origin',(5.,5.,34.));
#6809=CARTESIAN_POINT('Origin',(5.,5.,34.));
#6810=CARTESIAN_POINT('Origin',(115.,75.,50.));
#6811=CARTESIAN_POINT('',(113.75,75.,46.));
#6812=CARTESIAN_POINT('Origin',(115.,75.,46.));
#6813=CARTESIAN_POINT('',(113.75,75.,34.));
#6814=CARTESIAN_POINT('',(113.75,75.,50.));
#6815=CARTESIAN_POINT('Origin',(115.,75.,34.));
#6816=CARTESIAN_POINT('Origin',(115.,75.,34.));
#6817=CARTESIAN_POINT('Origin',(115.,75.,0.));
#6818=CARTESIAN_POINT('',(113.197224362268,78.,2.));
#6819=CARTESIAN_POINT('',(113.197224362268,78.,46.));
#6820=CARTESIAN_POINT('',(113.197224362268,78.,0.));
#6821=CARTESIAN_POINT('',(118.,73.197224362268,2.));
#6822=CARTESIAN_POINT('Origin',(115.,75.,2.));
#6823=CARTESIAN_POINT('',(118.,73.197224362268,46.));
#6824=CARTESIAN_POINT('',(118.,73.197224362268,0.));
#6825=CARTESIAN_POINT('Origin',(115.,75.,46.));
#6826=CARTESIAN_POINT('Origin',(60.,40.,46.));
#6827=CARTESIAN_POINT('',(4.,0.,46.));
#6828=CARTESIAN_POINT('',(0.,4.,46.));
#6829=CARTESIAN_POINT('Origin',(4.,4.,46.));
#6830=CARTESIAN_POINT('',(116.,0.,46.));
#6831=CARTESIAN_POINT('',(0.,0.,46.));
#6832=CARTESIAN_POINT('',(120.,4.,46.));
#6833=CARTESIAN_POINT('Origin',(116.,4.,46.));
#6834=CARTESIAN_POINT('',(120.,76.,46.));
#6835=CARTESIAN_POINT('',(120.,0.,46.));
#6836=CARTESIAN_POINT('',(116.,80.,46.));
#6837=CARTESIAN_POINT('Origin',(116.,76.,46.));
#6838=CARTESIAN_POINT('',(4.,80.,46.));
#6839=CARTESIAN_POINT('',(120.,80.,46.));
#6840=CARTESIAN_POINT('',(0.,76.,46.));
#6841=CARTESIAN_POINT('Origin',(4.,76.,46.));
#6842=CARTESIAN_POINT('',(0.,80.,46.));
#6843=CARTESIAN_POINT('',(118.,6.80277563773198,46.));
#6844=CARTESIAN_POINT('',(118.,20.,46.));
#6845=CARTESIAN_POINT('',(113.197224362268,2.,46.));
#6846=CARTESIAN_POINT('Origin',(115.,5.,46.));
#6847=CARTESIAN_POINT('',(6.802775637732,2.,46.));
#6848=CARTESIAN_POINT('',(30.,2.,46.));
#6849=CARTESIAN_POINT('',(2.,6.802775637732,46.));
#6850=CARTESIAN_POINT('Origin',(5.,5.,46.));
#6851=CARTESIAN_POINT('',(2.,73.197224362268,46.));
#6852=CARTESIAN_POINT('',(2.,60.,46.));
#6853=CARTESIAN_POINT('',(6.802775637732,78.,46.));
#6854=CARTESIAN_POINT('Origin',(5.,75.,46.));
#6855=CARTESIAN_POINT('',(90.,78.,46.));
#6856=CARTESIAN_POINT('Origin',(118.,0.,0.));
#6857=CARTESIAN_POINT('',(118.,6.80277563773198,2.));
#6858=CARTESIAN_POINT('',(118.,20.,2.));
#6859=CARTESIAN_POINT('',(118.,6.80277563773198,0.));
#6860=CARTESIAN_POINT('Origin',(5.,5.,0.));
#6861=CARTESIAN_POINT('',(2.,6.802775637732,2.));
#6862=CARTESIAN_POINT('',(2.,6.80277563773199,0.));
#6863=CARTESIAN_POINT('',(6.802775637732,2.,2.));
#6864=CARTESIAN_POINT('',(6.80277563773199,2.,0.));
#6865=CARTESIAN_POINT('Origin',(5.,5.,2.));
#6866=CARTESIAN_POINT('Origin',(60.,40.,2.));
#6867=CARTESIAN_POINT('',(6.80277563773198,78.,2.));
#6868=CARTESIAN_POINT('',(90.,78.,2.));
#6869=CARTESIAN_POINT('',(2.,73.197224362268,2.));
#6870=CARTESIAN_POINT('Origin',(5.,75.,2.));
#6871=CARTESIAN_POINT('',(2.,60.,2.));
#6872=CARTESIAN_POINT('',(113.197224362268,2.,2.));
#6873=CARTESIAN_POINT('',(30.,2.,2.));
#6874=CARTESIAN_POINT('Origin',(115.,5.,2.));
#6875=CARTESIAN_POINT('Origin',(0.,2.,0.));
#6876=CARTESIAN_POINT('',(113.197224362268,2.,0.));
#6877=CARTESIAN_POINT('Origin',(115.,5.,0.));
#6878=CARTESIAN_POINT('Origin',(5.,75.,0.));
#6879=CARTESIAN_POINT('',(2.,73.197224362268,0.));
#6880=CARTESIAN_POINT('',(6.802775637732,78.,0.));
#6881=CARTESIAN_POINT('Origin',(2.,80.,0.));
#6882=CARTESIAN_POINT('Origin',(120.,78.,0.));
#6883=CARTESIAN_POINT('Origin',(4.,4.,0.));
#6884=CARTESIAN_POINT('',(0.,4.,0.));
#6885=CARTESIAN_POINT('',(4.,0.,0.));
#6886=CARTESIAN_POINT('Origin',(0.,80.,0.));
#6887=CARTESIAN_POINT('',(0.,76.,0.));
#6888=CARTESIAN_POINT('Origin',(116.,4.,0.));
#6889=CARTESIAN_POINT('',(116.,0.,0.));
#6890=CARTESIAN_POINT('',(120.,4.,0.));
#6891=CARTESIAN_POINT('Origin',(120.,0.,0.));
#6892=CARTESIAN_POINT('',(120.,76.,0.));
#6893=CARTESIAN_POINT('Origin',(116.,76.,0.));
#6894=CARTESIAN_POINT('',(116.,80.,0.));
#6895=CARTESIAN_POINT('Origin',(4.,76.,0.));
#6896=CARTESIAN_POINT('',(4.,80.,0.));
#6897=CARTESIAN_POINT('Origin',(120.,80.,0.));
#6898=CARTESIAN_POINT('Origin',(0.,0.,0.));
#6899=CARTESIAN_POINT('Origin',(5.,75.,50.));
#6900=CARTESIAN_POINT('',(3.4,75.,46.));
#6901=CARTESIAN_POINT('Origin',(5.,75.,46.));
#6902=CARTESIAN_POINT('',(3.4,75.,50.));
#6903=CARTESIAN_POINT('',(3.4,75.,50.));
#6904=CARTESIAN_POINT('Origin',(5.,75.,50.));
#6905=CARTESIAN_POINT('Origin',(115.,5.,50.));
#6906=CARTESIAN_POINT('',(113.4,5.,46.));
#6907=CARTESIAN_POINT('Origin',(115.,5.,46.));
#6908=CARTESIAN_POINT('',(113.4,5.,50.));
#6909=CARTESIAN_POINT('',(113.4,5.,50.));
#6910=CARTESIAN_POINT('Origin',(115.,5.,50.));
#6911=CARTESIAN_POINT('Origin',(5.,5.,50.));
#6912=CARTESIAN_POINT('',(3.4,5.,46.));
#6913=CARTESIAN_POINT('Origin',(5.,5.,46.));
#6914=CARTESIAN_POINT('',(3.4,5.,50.));
#6915=CARTESIAN_POINT('',(3.4,5.,50.));
#6916=CARTESIAN_POINT('Origin',(5.,5.,50.));
#6917=CARTESIAN_POINT('Origin',(115.,75.,50.));
#6918=CARTESIAN_POINT('',(113.4,75.,46.));
#6919=CARTESIAN_POINT('Origin',(115.,75.,46.));
#6920=CARTESIAN_POINT('',(113.4,75.,50.));
#6921=CARTESIAN_POINT('',(113.4,75.,50.));
#6922=CARTESIAN_POINT('Origin',(115.,75.,50.));
#6923=CARTESIAN_POINT('Origin',(30.,70.,50.));
#6924=CARTESIAN_POINT('',(28.4,70.,46.));
#6925=CARTESIAN_POINT('Origin',(30.,70.,46.));
#6926=CARTESIAN_POINT('',(28.4,70.,50.));
#6927=CARTESIAN_POINT('',(28.4,70.,50.));
#6928=CARTESIAN_POINT('Origin',(30.,70.,50.));
#6929=CARTESIAN_POINT('Origin',(12.,36.,50.));
#6930=CARTESIAN_POINT('',(8.75,36.,46.));
#6931=CARTESIAN_POINT('Origin',(12.,36.,46.));
#6932=CARTESIAN_POINT('',(8.75,36.,51.5));
#6933=CARTESIAN_POINT('',(8.75,36.,50.));
#6934=CARTESIAN_POINT('Origin',(12.,36.,51.5));
#6935=CARTESIAN_POINT('Origin',(12.,36.,50.));
#6936=CARTESIAN_POINT('',(7.5,36.,51.5));
#6937=CARTESIAN_POINT('Origin',(12.,36.,51.5));
#6938=CARTESIAN_POINT('',(7.5,36.,50.));
#6939=CARTESIAN_POINT('',(7.5,36.,50.));
#6940=CARTESIAN_POINT('Origin',(12.,36.,50.));
#6941=CARTESIAN_POINT('Origin',(12.,36.,51.5));
#6942=CARTESIAN_POINT('Origin',(60.,42.5,50.5));
#6943=CARTESIAN_POINT('',(49.5,42.5,52.));
#6944=CARTESIAN_POINT('Origin',(60.,42.5,52.));
#6945=CARTESIAN_POINT('',(52.5,42.5,49.));
#6946=CARTESIAN_POINT('',(51.,42.5,50.5));
#6947=CARTESIAN_POINT('Origin',(60.,42.5,49.));
#6948=CARTESIAN_POINT('Origin',(60.,42.5,50.));
#6949=CARTESIAN_POINT('',(52.5,42.5,46.));
#6950=CARTESIAN_POINT('Origin',(60.,42.5,46.));
#6951=CARTESIAN_POINT('',(52.5,42.5,50.));
#6952=CARTESIAN_POINT('Origin',(60.,42.5,52.));
#6953=CARTESIAN_POINT('',(48.5,42.5,52.));
#6954=CARTESIAN_POINT('Origin',(60.,42.5,52.));
#6955=CARTESIAN_POINT('Origin',(60.,42.5,50.));
#6956=CARTESIAN_POINT('',(48.5,42.5,50.));
#6957=CARTESIAN_POINT('',(48.5,42.5,50.));
#6958=CARTESIAN_POINT('Origin',(60.,42.5,50.));
#6959=CARTESIAN_POINT('Origin',(4.,4.,46.));
#6960=CARTESIAN_POINT('',(4.,0.,50.));
#6961=CARTESIAN_POINT('',(0.,4.,50.));
#6962=CARTESIAN_POINT('Origin',(4.,4.,50.));
#6963=CARTESIAN_POINT('',(0.,4.,46.));
#6964=CARTESIAN_POINT('',(0.,4.,46.));
#6965=CARTESIAN_POINT('',(4.,0.,46.));
#6966=CARTESIAN_POINT('Origin',(4.,4.,46.));
#6967=CARTESIAN_POINT('',(4.,0.,46.));
#6968=CARTESIAN_POINT('Origin',(0.,80.,46.));
#6969=CARTESIAN_POINT('',(0.,76.,50.));
#6970=CARTESIAN_POINT('',(0.,80.,50.));
#6971=CARTESIAN_POINT('',(0.,76.,46.));
#6972=CARTESIAN_POINT('',(0.,76.,46.));
#6973=CARTESIAN_POINT('',(0.,80.,46.));
#6974=CARTESIAN_POINT('Origin',(60.,40.,50.));
#6975=CARTESIAN_POINT('',(116.,0.,50.));
#6976=CARTESIAN_POINT('',(0.,0.,50.));
#6977=CARTESIAN_POINT('',(120.,4.,50.));
#6978=CARTESIAN_POINT('Origin',(116.,4.,50.));
#6979=CARTESIAN_POINT('',(120.,76.,50.));
#6980=CARTESIAN_POINT('',(120.,0.,50.));
#6981=CARTESIAN_POINT('',(116.,80.,50.));
#6982=CARTESIAN_POINT('Origin',(116.,76.,50.));
#6983=CARTESIAN_POINT('',(4.,80.,50.));
#6984=CARTESIAN_POINT('',(120.,80.,50.));
#6985=CARTESIAN_POINT('Origin',(4.,76.,50.));
#6986=CARTESIAN_POINT('Origin',(116.,4.,46.));
#6987=CARTESIAN_POINT('',(116.,0.,46.));
#6988=CARTESIAN_POINT('',(116.,0.,46.));
#6989=CARTESIAN_POINT('',(120.,4.,46.));
#6990=CARTESIAN_POINT('Origin',(116.,4.,46.));
#6991=CARTESIAN_POINT('',(120.,4.,46.));
#6992=CARTESIAN_POINT('Origin',(120.,0.,46.));
#6993=CARTESIAN_POINT('',(120.,76.,46.));
#6994=CARTESIAN_POINT('',(120.,0.,46.));
#6995=CARTESIAN_POINT('',(120.,76.,46.));
#6996=CARTESIAN_POINT('Origin',(116.,76.,46.));
#6997=CARTESIAN_POINT('',(116.,80.,46.));
#6998=CARTESIAN_POINT('Origin',(116.,76.,46.));
#6999=CARTESIAN_POINT('',(116.,80.,46.));
#7000=CARTESIAN_POINT('Origin',(4.,76.,46.));
#7001=CARTESIAN_POINT('',(4.,80.,46.));
#7002=CARTESIAN_POINT('',(4.,80.,46.));
#7003=CARTESIAN_POINT('Origin',(4.,76.,46.));
#7004=CARTESIAN_POINT('Origin',(120.,80.,46.));
#7005=CARTESIAN_POINT('',(120.,80.,46.));
#7006=CARTESIAN_POINT('Origin',(0.,0.,46.));
#7007=CARTESIAN_POINT('',(0.,0.,46.));
#7008=CARTESIAN_POINT('Origin',(60.,40.,46.));
#7009=CARTESIAN_POINT('Origin',(60.,42.5,47.));
#7010=CARTESIAN_POINT('',(52.5,42.5,47.));
#7011=CARTESIAN_POINT('Origin',(60.,42.5,47.));
#7012=CARTESIAN_POINT('Origin',(60.,42.5,47.5));
#7013=CARTESIAN_POINT('',(52.5,42.5,48.));
#7014=CARTESIAN_POINT('Origin',(60.,42.5,48.));
#7015=CARTESIAN_POINT('',(52.5,42.5,47.5));
#7016=CARTESIAN_POINT('Origin',(60.,42.5,48.));
#7017=CARTESIAN_POINT('Origin',(77.5,58.75,-5.));
#7018=CARTESIAN_POINT('',(77.5,58.75,-5.));
#7019=CARTESIAN_POINT('',(42.5,58.75,-5.));
#7020=CARTESIAN_POINT('',(68.75,58.75,-5.));
#7021=CARTESIAN_POINT('',(77.5,58.75,-2.));
#7022=CARTESIAN_POINT('',(77.5,58.75,-2.5));
#7023=CARTESIAN_POINT('',(42.5,58.75,-2.));
#7024=CARTESIAN_POINT('',(77.5,58.75,-2.));
#7025=CARTESIAN_POINT('',(42.5,58.75,-2.5));
#7026=CARTESIAN_POINT('Origin',(42.5,23.25,-5.));
#7027=CARTESIAN_POINT('',(42.5,23.25,-5.));
#7028=CARTESIAN_POINT('',(77.5,23.25,-5.));
#7029=CARTESIAN_POINT('',(51.25,23.25,-5.));
#7030=CARTESIAN_POINT('',(42.5,23.25,-2.));
#7031=CARTESIAN_POINT('',(42.5,23.25,-2.5));
#7032=CARTESIAN_POINT('',(77.5,23.25,-2.));
#7033=CARTESIAN_POINT('',(42.5,23.25,-2.));
#7034=CARTESIAN_POINT('',(77.5,23.25,-2.5));
#7035=CARTESIAN_POINT('Origin',(60.,41.,-2.));
#7036=CARTESIAN_POINT('',(42.5,30.5,-2.));
#7037=CARTESIAN_POINT('',(77.5,51.5,-2.));
#7038=CARTESIAN_POINT('Origin',(60.,41.,-5.));
#7039=CARTESIAN_POINT('',(77.5,20.,-5.));
#7040=CARTESIAN_POINT('',(77.5,20.,-5.));
#7041=CARTESIAN_POINT('',(42.5,20.,-5.));
#7042=CARTESIAN_POINT('',(42.5,20.,-5.));
#7043=CARTESIAN_POINT('',(42.5,62.,-5.));
#7044=CARTESIAN_POINT('Origin',(60.,41.,-5.));
#7045=CARTESIAN_POINT('',(42.5,62.,-5.));
#7046=CARTESIAN_POINT('',(42.5,62.,-5.));
#7047=CARTESIAN_POINT('',(77.5,62.,-5.));
#7048=CARTESIAN_POINT('',(77.5,62.,-5.));
#7049=CARTESIAN_POINT('',(77.5,20.,-5.));
#7050=CARTESIAN_POINT('Origin',(42.5,20.,0.));
#7051=CARTESIAN_POINT('',(42.5,20.,0.));
#7052=CARTESIAN_POINT('',(42.5,20.,0.));
#7053=CARTESIAN_POINT('',(42.5,62.,0.));
#7054=CARTESIAN_POINT('',(42.5,62.,0.));
#7055=CARTESIAN_POINT('',(42.5,62.,0.));
#7056=CARTESIAN_POINT('Origin',(77.5,20.,0.));
#7057=CARTESIAN_POINT('',(77.5,20.,0.));
#7058=CARTESIAN_POINT('',(42.5,20.,0.));
#7059=CARTESIAN_POINT('',(77.5,20.,0.));
#7060=CARTESIAN_POINT('Origin',(77.5,62.,0.));
#7061=CARTESIAN_POINT('',(77.5,62.,0.));
#7062=CARTESIAN_POINT('',(77.5,62.,0.));
#7063=CARTESIAN_POINT('',(77.5,20.,0.));
#7064=CARTESIAN_POINT('Origin',(42.5,62.,0.));
#7065=CARTESIAN_POINT('',(77.5,62.,0.));
#7066=CARTESIAN_POINT('Origin',(60.,41.,0.));
#7067=CARTESIAN_POINT('',(0.,0.,0.));
#7068=CARTESIAN_POINT('Origin',(0.,70.,0.));
#7069=CARTESIAN_POINT('',(0.,66.,1.6));
#7070=CARTESIAN_POINT('',(0.,66.,0.));
#7071=CARTESIAN_POINT('',(0.,66.,0.));
#7072=CARTESIAN_POINT('',(4.,70.,1.6));
#7073=CARTESIAN_POINT('Origin',(0.,70.,1.6));
#7074=CARTESIAN_POINT('',(4.,70.,0.));
#7075=CARTESIAN_POINT('',(4.,70.,0.));
#7076=CARTESIAN_POINT('Origin',(0.,70.,0.));
#7077=CARTESIAN_POINT('Origin',(0.,0.,0.));
#7078=CARTESIAN_POINT('',(0.,4.,0.));
#7079=CARTESIAN_POINT('',(0.,4.,1.6));
#7080=CARTESIAN_POINT('',(0.,4.,0.));
#7081=CARTESIAN_POINT('',(4.,0.,0.));
#7082=CARTESIAN_POINT('Origin',(0.,0.,0.));
#7083=CARTESIAN_POINT('',(4.,0.,1.6));
#7084=CARTESIAN_POINT('',(4.,0.,0.));
#7085=CARTESIAN_POINT('Origin',(0.,0.,1.6));
#7086=CARTESIAN_POINT('Origin',(82.5,-1.,0.));
#7087=CARTESIAN_POINT('',(82.5,40.,1.6));
#7088=CARTESIAN_POINT('',(82.5,0.,1.6));
#7089=CARTESIAN_POINT('',(82.5,17.,1.6));
#7090=CARTESIAN_POINT('',(82.5,40.,0.));
#7091=CARTESIAN_POINT('',(82.5,40.,0.));
#7092=CARTESIAN_POINT('',(82.5,0.,0.));
#7093=CARTESIAN_POINT('',(82.5,17.,0.));
#7094=CARTESIAN_POINT('',(82.5,0.,0.));
#7095=CARTESIAN_POINT('Origin',(82.5,40.,0.));
#7096=CARTESIAN_POINT('',(81.5,40.,1.6));
#7097=CARTESIAN_POINT('',(68.75,39.9999999999999,1.6));
#7098=CARTESIAN_POINT('',(81.5,40.,0.));
#7099=CARTESIAN_POINT('',(81.5,40.,0.));
#7100=CARTESIAN_POINT('',(68.75,39.9999999999999,0.));
#7101=CARTESIAN_POINT('Origin',(81.5,40.,0.));
#7102=CARTESIAN_POINT('',(81.5,0.,1.6));
#7103=CARTESIAN_POINT('',(81.5,37.5,1.6));
#7104=CARTESIAN_POINT('',(81.5,0.,0.));
#7105=CARTESIAN_POINT('',(81.5,0.,0.));
#7106=CARTESIAN_POINT('',(81.5,37.5,0.));
#7107=CARTESIAN_POINT('Origin',(7.,63.,0.));
#7108=CARTESIAN_POINT('',(5.4,63.,0.));
#7109=CARTESIAN_POINT('Origin',(7.,63.,0.));
#7110=CARTESIAN_POINT('',(5.4,63.,1.6));
#7111=CARTESIAN_POINT('',(5.4,63.,0.));
#7112=CARTESIAN_POINT('Origin',(7.,63.,1.6));
#7113=CARTESIAN_POINT('Origin',(103.,7.,0.));
#7114=CARTESIAN_POINT('',(101.4,7.,0.));
#7115=CARTESIAN_POINT('Origin',(103.,7.,0.));
#7116=CARTESIAN_POINT('',(101.4,7.,1.6));
#7117=CARTESIAN_POINT('',(101.4,7.,0.));
#7118=CARTESIAN_POINT('Origin',(103.,7.,1.6));
#7119=CARTESIAN_POINT('Origin',(103.,63.,0.));
#7120=CARTESIAN_POINT('',(101.4,63.,0.));
#7121=CARTESIAN_POINT('Origin',(103.,63.,0.));
#7122=CARTESIAN_POINT('',(101.4,63.,1.6));
#7123=CARTESIAN_POINT('',(101.4,63.,0.));
#7124=CARTESIAN_POINT('Origin',(103.,63.,1.6));
#7125=CARTESIAN_POINT('Origin',(7.,7.,0.));
#7126=CARTESIAN_POINT('',(5.4,7.,0.));
#7127=CARTESIAN_POINT('Origin',(7.,7.,0.));
#7128=CARTESIAN_POINT('',(5.4,7.,1.6));
#7129=CARTESIAN_POINT('',(5.4,7.,0.));
#7130=CARTESIAN_POINT('Origin',(7.,7.,1.6));
#7131=CARTESIAN_POINT('Origin',(110.,0.,0.));
#7132=CARTESIAN_POINT('',(106.,0.,1.6));
#7133=CARTESIAN_POINT('',(110.,4.,1.6));
#7134=CARTESIAN_POINT('Origin',(110.,0.,1.6));
#7135=CARTESIAN_POINT('',(106.,0.,0.));
#7136=CARTESIAN_POINT('',(106.,0.,0.));
#7137=CARTESIAN_POINT('',(110.,4.,0.));
#7138=CARTESIAN_POINT('Origin',(110.,0.,0.));
#7139=CARTESIAN_POINT('',(110.,4.,0.));
#7140=CARTESIAN_POINT('Origin',(110.,70.,0.));
#7141=CARTESIAN_POINT('',(110.,66.,1.6));
#7142=CARTESIAN_POINT('',(106.,70.,1.6));
#7143=CARTESIAN_POINT('Origin',(110.,70.,1.6));
#7144=CARTESIAN_POINT('',(110.,66.,0.));
#7145=CARTESIAN_POINT('',(110.,66.,0.));
#7146=CARTESIAN_POINT('',(106.,70.,0.));
#7147=CARTESIAN_POINT('Origin',(110.,70.,0.));
#7148=CARTESIAN_POINT('',(106.,70.,0.));
#7149=CARTESIAN_POINT('Origin',(0.,0.,0.));
#7150=CARTESIAN_POINT('',(0.,0.,0.));
#7151=CARTESIAN_POINT('',(0.,0.,1.6));
#7152=CARTESIAN_POINT('Origin',(0.,0.,0.));
#7153=CARTESIAN_POINT('',(0.,0.,0.));
#7154=CARTESIAN_POINT('',(0.,0.,1.6));
#7155=CARTESIAN_POINT('Origin',(110.,70.,0.));
#7156=CARTESIAN_POINT('',(110.,70.,1.6));
#7157=CARTESIAN_POINT('',(110.,70.,0.));
#7158=CARTESIAN_POINT('Origin',(55.,35.,1.6));
#7159=CARTESIAN_POINT('',(0.,70.,1.6));
#7160=CARTESIAN_POINT('',(110.,0.,1.6));
#7161=CARTESIAN_POINT('Origin',(55.,35.,0.));
#7162=CARTESIAN_POINT('',(110.,0.,0.));
#7163=CARTESIAN_POINT('',(0.,70.,0.));
#7164=CARTESIAN_POINT('Origin',(0.,70.,0.));
#7165=CARTESIAN_POINT('Origin',(110.,0.,0.));
#7166=CARTESIAN_POINT('Origin',(55.,37.5,1.6));
#7167=CARTESIAN_POINT('',(50.5,37.5,7.6));
#7168=CARTESIAN_POINT('Origin',(55.,37.5,7.6));
#7169=CARTESIAN_POINT('',(50.5,37.5,1.6));
#7170=CARTESIAN_POINT('',(50.5,37.5,1.6));
#7171=CARTESIAN_POINT('Origin',(55.,37.5,1.6));
#7172=CARTESIAN_POINT('Origin',(55.,37.5,7.6));
#7173=CARTESIAN_POINT('Origin',(55.,37.5,1.6));
#7174=CARTESIAN_POINT('Origin',(8.25,32.25,1.6));
#7175=CARTESIAN_POINT('',(8.25,32.25,1.6));
#7176=CARTESIAN_POINT('',(5.75,32.25,1.6));
#7177=CARTESIAN_POINT('',(8.25,32.25,1.6));
#7178=CARTESIAN_POINT('',(5.75,32.25,2.5));
#7179=CARTESIAN_POINT('',(5.75,32.25,1.6));
#7180=CARTESIAN_POINT('',(8.25,32.25,2.5));
#7181=CARTESIAN_POINT('',(8.25,32.25,2.5));
#7182=CARTESIAN_POINT('',(8.25,32.25,1.6));
#7183=CARTESIAN_POINT('Origin',(8.25,29.75,1.6));
#7184=CARTESIAN_POINT('',(8.25,29.75,1.6));
#7185=CARTESIAN_POINT('',(8.25,29.75,1.6));
#7186=CARTESIAN_POINT('',(8.25,29.75,2.5));
#7187=CARTESIAN_POINT('',(8.25,29.75,2.5));
#7188=CARTESIAN_POINT('',(8.25,29.75,1.6));
#7189=CARTESIAN_POINT('Origin',(5.75,29.75,1.6));
#7190=CARTESIAN_POINT('',(5.75,29.75,1.6));
#7191=CARTESIAN_POINT('',(5.75,29.75,1.6));
#7192=CARTESIAN_POINT('',(5.75,29.75,2.5));
#7193=CARTESIAN_POINT('',(5.75,29.75,2.5));
#7194=CARTESIAN_POINT('',(5.75,29.75,1.6));
#7195=CARTESIAN_POINT('Origin',(5.75,32.25,1.6));
#7196=CARTESIAN_POINT('',(5.75,32.25,1.6));
#7197=CARTESIAN_POINT('',(5.75,32.25,2.5));
#7198=CARTESIAN_POINT('Origin',(7.,31.,2.5));
#7199=CARTESIAN_POINT('Origin',(7.,31.,1.6));
#7200=CARTESIAN_POINT('Origin',(25.,65.,1.6));
#7201=CARTESIAN_POINT('',(23.5,65.,3.1));
#7202=CARTESIAN_POINT('Origin',(25.,65.,3.1));
#7203=CARTESIAN_POINT('',(23.5,65.,1.6));
#7204=CARTESIAN_POINT('',(23.5,65.,1.6));
#7205=CARTESIAN_POINT('Origin',(25.,65.,1.6));
#7206=CARTESIAN_POINT('Origin',(25.,65.,3.1));
#7207=CARTESIAN_POINT('Origin',(25.,65.,1.6));
#7208=CARTESIAN_POINT('Origin',(39.5,46.5,1.6));
#7209=CARTESIAN_POINT('',(39.5,46.5,1.6));
#7210=CARTESIAN_POINT('',(37.5,46.5,1.6));
#7211=CARTESIAN_POINT('',(39.5,46.5,1.6));
#7212=CARTESIAN_POINT('',(37.5,46.5,2.2));
#7213=CARTESIAN_POINT('',(37.5,46.5,1.6));
#7214=CARTESIAN_POINT('',(39.5,46.5,2.2));
#7215=CARTESIAN_POINT('',(39.5,46.5,2.2));
#7216=CARTESIAN_POINT('',(39.5,46.5,1.6));
#7217=CARTESIAN_POINT('Origin',(39.5,45.5,1.6));
#7218=CARTESIAN_POINT('',(39.5,45.5,1.6));
#7219=CARTESIAN_POINT('',(39.5,45.5,1.6));
#7220=CARTESIAN_POINT('',(39.5,45.5,2.2));
#7221=CARTESIAN_POINT('',(39.5,45.5,2.2));
#7222=CARTESIAN_POINT('',(39.5,45.5,1.6));
#7223=CARTESIAN_POINT('Origin',(37.5,45.5,1.6));
#7224=CARTESIAN_POINT('',(37.5,45.5,1.6));
#7225=CARTESIAN_POINT('',(37.5,45.5,1.6));
#7226=CARTESIAN_POINT('',(37.5,45.5,2.2));
#7227=CARTESIAN_POINT('',(37.5,45.5,2.2));
#7228=CARTESIAN_POINT('',(37.5,45.5,1.6));
#7229=CARTESIAN_POINT('Origin',(37.5,46.5,1.6));
#7230=CARTESIAN_POINT('',(37.5,46.5,1.6));
#7231=CARTESIAN_POINT('',(37.5,46.5,2.2));
#7232=CARTESIAN_POINT('Origin',(38.5,46.,2.2));
#7233=CARTESIAN_POINT('Origin',(38.5,46.,1.6));
#7234=CARTESIAN_POINT('Origin',(39.5,44.75,1.6));
#7235=CARTESIAN_POINT('',(39.5,44.75,1.6));
#7236=CARTESIAN_POINT('',(37.5,44.75,1.6));
#7237=CARTESIAN_POINT('',(39.5,44.75,1.6));
#7238=CARTESIAN_POINT('',(37.5,44.75,2.2));
#7239=CARTESIAN_POINT('',(37.5,44.75,1.6));
#7240=CARTESIAN_POINT('',(39.5,44.75,2.2));
#7241=CARTESIAN_POINT('',(39.5,44.75,2.2));
#7242=CARTESIAN_POINT('',(39.5,44.75,1.6));
#7243=CARTESIAN_POINT('Origin',(39.5,43.75,1.6));
#7244=CARTESIAN_POINT('',(39.5,43.75,1.6));
#7245=CARTESIAN_POINT('',(39.5,43.75,1.6));
#7246=CARTESIAN_POINT('',(39.5,43.75,2.2));
#7247=CARTESIAN_POINT('',(39.5,43.75,2.2));
#7248=CARTESIAN_POINT('',(39.5,43.75,1.6));
#7249=CARTESIAN_POINT('Origin',(37.5,43.75,1.6));
#7250=CARTESIAN_POINT('',(37.5,43.75,1.6));
#7251=CARTESIAN_POINT('',(37.5,43.75,1.6));
#7252=CARTESIAN_POINT('',(37.5,43.75,2.2));
#7253=CARTESIAN_POINT('',(37.5,43.75,2.2));
#7254=CARTESIAN_POINT('',(37.5,43.75,1.6));
#7255=CARTESIAN_POINT('Origin',(37.5,44.75,1.6));
#7256=CARTESIAN_POINT('',(37.5,44.75,1.6));
#7257=CARTESIAN_POINT('',(37.5,44.75,2.2));
#7258=CARTESIAN_POINT('Origin',(38.5,44.25,2.2));
#7259=CARTESIAN_POINT('Origin',(38.5,44.25,1.6));
#7260=CARTESIAN_POINT('Origin',(38.75,43.,1.6));
#7261=CARTESIAN_POINT('',(38.75,43.,1.6));
#7262=CARTESIAN_POINT('',(37.5,43.,1.6));
#7263=CARTESIAN_POINT('',(38.75,43.,1.6));
#7264=CARTESIAN_POINT('',(37.5,43.,2.2));
#7265=CARTESIAN_POINT('',(37.5,43.,1.6));
#7266=CARTESIAN_POINT('',(38.75,43.,2.2));
#7267=CARTESIAN_POINT('',(38.75,43.,2.2));
#7268=CARTESIAN_POINT('',(38.75,43.,1.6));
#7269=CARTESIAN_POINT('Origin',(38.75,42.,1.6));
#7270=CARTESIAN_POINT('',(38.75,42.,1.6));
#7271=CARTESIAN_POINT('',(38.75,42.,1.6));
#7272=CARTESIAN_POINT('',(38.75,42.,2.2));
#7273=CARTESIAN_POINT('',(38.75,42.,2.2));
#7274=CARTESIAN_POINT('',(38.75,42.,1.6));
#7275=CARTESIAN_POINT('Origin',(37.5,42.,1.6));
#7276=CARTESIAN_POINT('',(37.5,42.,1.6));
#7277=CARTESIAN_POINT('',(37.5,42.,1.6));
#7278=CARTESIAN_POINT('',(37.5,42.,2.2));
#7279=CARTESIAN_POINT('',(37.5,42.,2.2));
#7280=CARTESIAN_POINT('',(37.5,42.,1.6));
#7281=CARTESIAN_POINT('Origin',(37.5,43.,1.6));
#7282=CARTESIAN_POINT('',(37.5,43.,1.6));
#7283=CARTESIAN_POINT('',(37.5,43.,2.2));
#7284=CARTESIAN_POINT('Origin',(38.125,42.5,2.2));
#7285=CARTESIAN_POINT('Origin',(38.125,42.5,1.6));
#7286=CARTESIAN_POINT('Origin',(31.,52.5,1.6));
#7287=CARTESIAN_POINT('',(31.,52.5,1.6));
#7288=CARTESIAN_POINT('',(29.,52.5,1.6));
#7289=CARTESIAN_POINT('',(31.,52.5,1.6));
#7290=CARTESIAN_POINT('',(29.,52.5,2.2));
#7291=CARTESIAN_POINT('',(29.,52.5,1.6));
#7292=CARTESIAN_POINT('',(31.,52.5,2.2));
#7293=CARTESIAN_POINT('',(31.,52.5,2.2));
#7294=CARTESIAN_POINT('',(31.,52.5,1.6));
#7295=CARTESIAN_POINT('Origin',(31.,51.5,1.6));
#7296=CARTESIAN_POINT('',(31.,51.5,1.6));
#7297=CARTESIAN_POINT('',(31.,51.5,1.6));
#7298=CARTESIAN_POINT('',(31.,51.5,2.2));
#7299=CARTESIAN_POINT('',(31.,51.5,2.2));
#7300=CARTESIAN_POINT('',(31.,51.5,1.6));
#7301=CARTESIAN_POINT('Origin',(29.,51.5,1.6));
#7302=CARTESIAN_POINT('',(29.,51.5,1.6));
#7303=CARTESIAN_POINT('',(29.,51.5,1.6));
#7304=CARTESIAN_POINT('',(29.,51.5,2.2));
#7305=CARTESIAN_POINT('',(29.,51.5,2.2));
#7306=CARTESIAN_POINT('',(29.,51.5,1.6));
#7307=CARTESIAN_POINT('Origin',(29.,52.5,1.6));
#7308=CARTESIAN_POINT('',(29.,52.5,1.6));
#7309=CARTESIAN_POINT('',(29.,52.5,2.2));
#7310=CARTESIAN_POINT('Origin',(30.,52.,2.2));
#7311=CARTESIAN_POINT('Origin',(30.,52.,1.6));
#7312=CARTESIAN_POINT('Origin',(31.,51.,1.6));
#7313=CARTESIAN_POINT('',(31.,51.,1.6));
#7314=CARTESIAN_POINT('',(29.,51.,1.6));
#7315=CARTESIAN_POINT('',(31.,51.,1.6));
#7316=CARTESIAN_POINT('',(29.,51.,2.2));
#7317=CARTESIAN_POINT('',(29.,51.,1.6));
#7318=CARTESIAN_POINT('',(31.,51.,2.2));
#7319=CARTESIAN_POINT('',(31.,51.,2.2));
#7320=CARTESIAN_POINT('',(31.,51.,1.6));
#7321=CARTESIAN_POINT('Origin',(31.,50.,1.6));
#7322=CARTESIAN_POINT('',(31.,50.,1.6));
#7323=CARTESIAN_POINT('',(31.,50.,1.6));
#7324=CARTESIAN_POINT('',(31.,50.,2.2));
#7325=CARTESIAN_POINT('',(31.,50.,2.2));
#7326=CARTESIAN_POINT('',(31.,50.,1.6));
#7327=CARTESIAN_POINT('Origin',(29.,50.,1.6));
#7328=CARTESIAN_POINT('',(29.,50.,1.6));
#7329=CARTESIAN_POINT('',(29.,50.,1.6));
#7330=CARTESIAN_POINT('',(29.,50.,2.2));
#7331=CARTESIAN_POINT('',(29.,50.,2.2));
#7332=CARTESIAN_POINT('',(29.,50.,1.6));
#7333=CARTESIAN_POINT('Origin',(29.,51.,1.6));
#7334=CARTESIAN_POINT('',(29.,51.,1.6));
#7335=CARTESIAN_POINT('',(29.,51.,2.2));
#7336=CARTESIAN_POINT('Origin',(30.,50.5,2.2));
#7337=CARTESIAN_POINT('Origin',(30.,50.5,1.6));
#7338=CARTESIAN_POINT('Origin',(35.,52.75,1.6));
#7339=CARTESIAN_POINT('',(35.,52.75,1.6));
#7340=CARTESIAN_POINT('',(32.,52.75,1.6));
#7341=CARTESIAN_POINT('',(35.,52.75,1.6));
#7342=CARTESIAN_POINT('',(32.,52.75,3.6));
#7343=CARTESIAN_POINT('',(32.,52.75,1.6));
#7344=CARTESIAN_POINT('',(35.,52.75,3.6));
#7345=CARTESIAN_POINT('',(35.,52.75,3.6));
#7346=CARTESIAN_POINT('',(35.,52.75,1.6));
#7347=CARTESIAN_POINT('Origin',(35.,49.75,1.6));
#7348=CARTESIAN_POINT('',(35.,49.75,1.6));
#7349=CARTESIAN_POINT('',(35.,49.75,1.6));
#7350=CARTESIAN_POINT('',(35.,49.75,3.6));
#7351=CARTESIAN_POINT('',(35.,49.75,3.6));
#7352=CARTESIAN_POINT('',(35.,49.75,1.6));
#7353=CARTESIAN_POINT('Origin',(32.,49.75,1.6));
#7354=CARTESIAN_POINT('',(32.,49.75,1.6));
#7355=CARTESIAN_POINT('',(32.,49.75,1.6));
#7356=CARTESIAN_POINT('',(32.,49.75,3.6));
#7357=CARTESIAN_POINT('',(32.,49.75,3.6));
#7358=CARTESIAN_POINT('',(32.,49.75,1.6));
#7359=CARTESIAN_POINT('Origin',(32.,52.75,1.6));
#7360=CARTESIAN_POINT('',(32.,52.75,1.6));
#7361=CARTESIAN_POINT('',(32.,52.75,3.6));
#7362=CARTESIAN_POINT('Origin',(33.5,51.25,3.6));
#7363=CARTESIAN_POINT('Origin',(33.5,51.25,1.6));
#7364=CARTESIAN_POINT('Origin',(28.,40.8,0.));
#7365=CARTESIAN_POINT('',(10.,40.8,0.));
#7366=CARTESIAN_POINT('',(28.,40.8,0.));
#7367=CARTESIAN_POINT('',(10.,40.8,0.));
#7368=CARTESIAN_POINT('',(10.,40.8,-3.2));
#7369=CARTESIAN_POINT('',(10.,40.8,0.));
#7370=CARTESIAN_POINT('',(28.,40.8,-3.2));
#7371=CARTESIAN_POINT('',(10.,40.8,-3.2));
#7372=CARTESIAN_POINT('',(28.,40.8,0.));
#7373=CARTESIAN_POINT('Origin',(28.,60.,0.));
#7374=CARTESIAN_POINT('',(28.,60.,0.));
#7375=CARTESIAN_POINT('',(28.,40.8,0.));
#7376=CARTESIAN_POINT('',(28.,60.,-3.2));
#7377=CARTESIAN_POINT('',(28.,40.8,-3.2));
#7378=CARTESIAN_POINT('',(28.,60.,0.));
#7379=CARTESIAN_POINT('Origin',(10.,60.,0.));
#7380=CARTESIAN_POINT('',(10.,60.,0.));
#7381=CARTESIAN_POINT('',(28.,60.,0.));
#7382=CARTESIAN_POINT('',(10.,60.,-3.2));
#7383=CARTESIAN_POINT('',(28.,60.,-3.2));
#7384=CARTESIAN_POINT('',(10.,60.,0.));
#7385=CARTESIAN_POINT('Origin',(10.,40.8,0.));
#7386=CARTESIAN_POINT('',(10.,60.,0.));
#7387=CARTESIAN_POINT('',(10.,60.,-3.2));
#7388=CARTESIAN_POINT('Origin',(19.,50.4,0.));
#7389=CARTESIAN_POINT('Origin',(19.,50.4,-3.2));
#7390=CARTESIAN_POINT('Origin',(97.8,43.75,0.));
#7391=CARTESIAN_POINT('',(64.,43.75,0.));
#7392=CARTESIAN_POINT('',(97.8,43.75,0.));
#7393=CARTESIAN_POINT('',(64.,43.75,0.));
#7394=CARTESIAN_POINT('',(64.,43.75,-13.));
#7395=CARTESIAN_POINT('',(64.,43.75,0.));
#7396=CARTESIAN_POINT('',(97.8,43.75,-13.));
#7397=CARTESIAN_POINT('',(64.,43.75,-13.));
#7398=CARTESIAN_POINT('',(97.8,43.75,0.));
#7399=CARTESIAN_POINT('Origin',(97.8,64.05,0.));
#7400=CARTESIAN_POINT('',(97.8,64.05,0.));
#7401=CARTESIAN_POINT('',(97.8,43.75,0.));
#7402=CARTESIAN_POINT('',(97.8,64.05,-13.));
#7403=CARTESIAN_POINT('',(97.8,43.75,-13.));
#7404=CARTESIAN_POINT('',(97.8,64.05,0.));
#7405=CARTESIAN_POINT('Origin',(64.,64.05,0.));
#7406=CARTESIAN_POINT('',(64.,64.05,0.));
#7407=CARTESIAN_POINT('',(97.8,64.05,0.));
#7408=CARTESIAN_POINT('',(64.,64.05,-13.));
#7409=CARTESIAN_POINT('',(97.8,64.05,-13.));
#7410=CARTESIAN_POINT('',(64.,64.05,0.));
#7411=CARTESIAN_POINT('Origin',(64.,43.75,0.));
#7412=CARTESIAN_POINT('',(64.,64.05,0.));
#7413=CARTESIAN_POINT('',(64.,64.05,-13.));
#7414=CARTESIAN_POINT('Origin',(80.9,53.9,0.));
#7415=CARTESIAN_POINT('Origin',(80.9,53.9,-13.));
#7416=CARTESIAN_POINT('Origin',(94.1,22.25,0.));
#7417=CARTESIAN_POINT('',(88.,22.25,0.));
#7418=CARTESIAN_POINT('',(94.1,22.25,0.));
#7419=CARTESIAN_POINT('',(88.,22.25,0.));
#7420=CARTESIAN_POINT('',(88.,22.25,-2.6));
#7421=CARTESIAN_POINT('',(88.,22.25,0.));
#7422=CARTESIAN_POINT('',(94.1,22.25,-2.6));
#7423=CARTESIAN_POINT('',(88.,22.25,-2.6));
#7424=CARTESIAN_POINT('',(94.1,22.25,0.));
#7425=CARTESIAN_POINT('Origin',(94.1,25.,0.));
#7426=CARTESIAN_POINT('',(94.1,25.,0.));
#7427=CARTESIAN_POINT('',(94.1,22.25,0.));
#7428=CARTESIAN_POINT('',(94.1,25.,-2.6));
#7429=CARTESIAN_POINT('',(94.1,22.25,-2.6));
#7430=CARTESIAN_POINT('',(94.1,25.,0.));
#7431=CARTESIAN_POINT('Origin',(88.,25.,0.));
#7432=CARTESIAN_POINT('',(88.,25.,0.));
#7433=CARTESIAN_POINT('',(94.1,25.,0.));
#7434=CARTESIAN_POINT('',(88.,25.,-2.6));
#7435=CARTESIAN_POINT('',(94.1,25.,-2.6));
#7436=CARTESIAN_POINT('',(88.,25.,0.));
#7437=CARTESIAN_POINT('Origin',(88.,22.25,0.));
#7438=CARTESIAN_POINT('',(88.,25.,0.));
#7439=CARTESIAN_POINT('',(88.,25.,-2.6));
#7440=CARTESIAN_POINT('Origin',(91.05,23.625,0.));
#7441=CARTESIAN_POINT('Origin',(91.05,23.625,-2.6));
#7442=CARTESIAN_POINT('Origin',(103.5,21.5,0.));
#7443=CARTESIAN_POINT('',(96.5,21.5,0.));
#7444=CARTESIAN_POINT('',(103.5,21.5,0.));
#7445=CARTESIAN_POINT('',(96.5,21.5,0.));
#7446=CARTESIAN_POINT('',(96.5,21.5,-8.));
#7447=CARTESIAN_POINT('',(96.5,21.5,0.));
#7448=CARTESIAN_POINT('',(103.5,21.5,-8.));
#7449=CARTESIAN_POINT('',(96.5,21.5,-8.));
#7450=CARTESIAN_POINT('',(103.5,21.5,0.));
#7451=CARTESIAN_POINT('Origin',(103.5,25.5,0.));
#7452=CARTESIAN_POINT('',(103.5,25.5,0.));
#7453=CARTESIAN_POINT('',(103.5,21.5,0.));
#7454=CARTESIAN_POINT('',(103.5,25.5,-8.));
#7455=CARTESIAN_POINT('',(103.5,21.5,-8.));
#7456=CARTESIAN_POINT('',(103.5,25.5,0.));
#7457=CARTESIAN_POINT('Origin',(96.5,25.5,0.));
#7458=CARTESIAN_POINT('',(96.5,25.5,0.));
#7459=CARTESIAN_POINT('',(103.5,25.5,0.));
#7460=CARTESIAN_POINT('',(96.5,25.5,-8.));
#7461=CARTESIAN_POINT('',(103.5,25.5,-8.));
#7462=CARTESIAN_POINT('',(96.5,25.5,0.));
#7463=CARTESIAN_POINT('Origin',(96.5,21.5,0.));
#7464=CARTESIAN_POINT('',(96.5,25.5,0.));
#7465=CARTESIAN_POINT('',(96.5,25.5,-8.));
#7466=CARTESIAN_POINT('Origin',(100.,23.5,0.));
#7467=CARTESIAN_POINT('Origin',(100.,23.5,-8.));
#7468=CARTESIAN_POINT('Origin',(99.25,0.5,0.));
#7469=CARTESIAN_POINT('',(89.,0.5,0.));
#7470=CARTESIAN_POINT('',(99.25,0.5,0.));
#7471=CARTESIAN_POINT('',(89.,0.5,0.));
#7472=CARTESIAN_POINT('',(89.,0.5,-10.));
#7473=CARTESIAN_POINT('',(89.,0.5,0.));
#7474=CARTESIAN_POINT('',(99.25,0.5,-10.));
#7475=CARTESIAN_POINT('',(89.,0.5,-10.));
#7476=CARTESIAN_POINT('',(99.25,0.5,0.));
#7477=CARTESIAN_POINT('Origin',(99.25,8.5,0.));
#7478=CARTESIAN_POINT('',(99.25,8.5,0.));
#7479=CARTESIAN_POINT('',(99.25,0.5,0.));
#7480=CARTESIAN_POINT('',(99.25,8.5,-10.));
#7481=CARTESIAN_POINT('',(99.25,0.5,-10.));
#7482=CARTESIAN_POINT('',(99.25,8.5,0.));
#7483=CARTESIAN_POINT('Origin',(89.,8.5,0.));
#7484=CARTESIAN_POINT('',(89.,8.5,0.));
#7485=CARTESIAN_POINT('',(99.25,8.5,0.));
#7486=CARTESIAN_POINT('',(89.,8.5,-10.));
#7487=CARTESIAN_POINT('',(99.25,8.5,-10.));
#7488=CARTESIAN_POINT('',(89.,8.5,0.));
#7489=CARTESIAN_POINT('Origin',(89.,0.5,0.));
#7490=CARTESIAN_POINT('',(89.,8.5,0.));
#7491=CARTESIAN_POINT('',(89.,8.5,-10.));
#7492=CARTESIAN_POINT('Origin',(94.125,4.5,0.));
#7493=CARTESIAN_POINT('Origin',(94.125,4.5,-10.));
#7494=CARTESIAN_POINT('Origin',(76.5,35.,0.));
#7495=CARTESIAN_POINT('',(70.,35.,0.));
#7496=CARTESIAN_POINT('',(76.5,35.,0.));
#7497=CARTESIAN_POINT('',(70.,35.,0.));
#7498=CARTESIAN_POINT('',(70.,35.,-1.7));
#7499=CARTESIAN_POINT('',(70.,35.,0.));
#7500=CARTESIAN_POINT('',(76.5,35.,-1.7));
#7501=CARTESIAN_POINT('',(70.,35.,-1.7));
#7502=CARTESIAN_POINT('',(76.5,35.,0.));
#7503=CARTESIAN_POINT('Origin',(76.5,42.,0.));
#7504=CARTESIAN_POINT('',(76.5,42.,0.));
#7505=CARTESIAN_POINT('',(76.5,35.,0.));
#7506=CARTESIAN_POINT('',(76.5,42.,-1.7));
#7507=CARTESIAN_POINT('',(76.5,35.,-1.7));
#7508=CARTESIAN_POINT('',(76.5,42.,0.));
#7509=CARTESIAN_POINT('Origin',(70.,42.,0.));
#7510=CARTESIAN_POINT('',(70.,42.,0.));
#7511=CARTESIAN_POINT('',(76.5,42.,0.));
#7512=CARTESIAN_POINT('',(70.,42.,-1.7));
#7513=CARTESIAN_POINT('',(76.5,42.,-1.7));
#7514=CARTESIAN_POINT('',(70.,42.,0.));
#7515=CARTESIAN_POINT('Origin',(70.,35.,0.));
#7516=CARTESIAN_POINT('',(70.,42.,0.));
#7517=CARTESIAN_POINT('',(70.,42.,-1.7));
#7518=CARTESIAN_POINT('Origin',(73.25,38.5,0.));
#7519=CARTESIAN_POINT('Origin',(73.25,38.5,-1.7));
#7520=CARTESIAN_POINT('Origin',(81.,39.1,0.));
#7521=CARTESIAN_POINT('',(76.75,39.1,0.));
#7522=CARTESIAN_POINT('',(81.,39.1,0.));
#7523=CARTESIAN_POINT('',(76.75,39.1,0.));
#7524=CARTESIAN_POINT('',(76.75,39.1,-1.5));
#7525=CARTESIAN_POINT('',(76.75,39.1,0.));
#7526=CARTESIAN_POINT('',(81.,39.1,-1.5));
#7527=CARTESIAN_POINT('',(76.75,39.1,-1.5));
#7528=CARTESIAN_POINT('',(81.,39.1,0.));
#7529=CARTESIAN_POINT('Origin',(81.,41.75,0.));
#7530=CARTESIAN_POINT('',(81.,41.75,0.));
#7531=CARTESIAN_POINT('',(81.,39.1,0.));
#7532=CARTESIAN_POINT('',(81.,41.75,-1.5));
#7533=CARTESIAN_POINT('',(81.,39.1,-1.5));
#7534=CARTESIAN_POINT('',(81.,41.75,0.));
#7535=CARTESIAN_POINT('Origin',(76.75,41.75,0.));
#7536=CARTESIAN_POINT('',(76.75,41.75,0.));
#7537=CARTESIAN_POINT('',(81.,41.75,0.));
#7538=CARTESIAN_POINT('',(76.75,41.75,-1.5));
#7539=CARTESIAN_POINT('',(81.,41.75,-1.5));
#7540=CARTESIAN_POINT('',(76.75,41.75,0.));
#7541=CARTESIAN_POINT('Origin',(76.75,39.1,0.));
#7542=CARTESIAN_POINT('',(76.75,41.75,0.));
#7543=CARTESIAN_POINT('',(76.75,41.75,-1.5));
#7544=CARTESIAN_POINT('Origin',(78.875,40.425,0.));
#7545=CARTESIAN_POINT('Origin',(78.875,40.425,-1.5));
#7546=CARTESIAN_POINT('Origin',(81.,35.1,0.));
#7547=CARTESIAN_POINT('',(76.75,35.1,0.));
#7548=CARTESIAN_POINT('',(81.,35.1,0.));
#7549=CARTESIAN_POINT('',(76.75,35.1,0.));
#7550=CARTESIAN_POINT('',(76.75,35.1,-1.5));
#7551=CARTESIAN_POINT('',(76.75,35.1,0.));
#7552=CARTESIAN_POINT('',(81.,35.1,-1.5));
#7553=CARTESIAN_POINT('',(76.75,35.1,-1.5));
#7554=CARTESIAN_POINT('',(81.,35.1,0.));
#7555=CARTESIAN_POINT('Origin',(81.,37.75,0.));
#7556=CARTESIAN_POINT('',(81.,37.75,0.));
#7557=CARTESIAN_POINT('',(81.,35.1,0.));
#7558=CARTESIAN_POINT('',(81.,37.75,-1.5));
#7559=CARTESIAN_POINT('',(81.,35.1,-1.5));
#7560=CARTESIAN_POINT('',(81.,37.75,0.));
#7561=CARTESIAN_POINT('Origin',(76.75,37.75,0.));
#7562=CARTESIAN_POINT('',(76.75,37.75,0.));
#7563=CARTESIAN_POINT('',(81.,37.75,0.));
#7564=CARTESIAN_POINT('',(76.75,37.75,-1.5));
#7565=CARTESIAN_POINT('',(81.,37.75,-1.5));
#7566=CARTESIAN_POINT('',(76.75,37.75,0.));
#7567=CARTESIAN_POINT('Origin',(76.75,35.1,0.));
#7568=CARTESIAN_POINT('',(76.75,37.75,0.));
#7569=CARTESIAN_POINT('',(76.75,37.75,-1.5));
#7570=CARTESIAN_POINT('Origin',(78.875,36.425,0.));
#7571=CARTESIAN_POINT('Origin',(78.875,36.425,-1.5));
#7572=CARTESIAN_POINT('Origin',(62.5,44.5,0.));
#7573=CARTESIAN_POINT('',(60.5,44.5,0.));
#7574=CARTESIAN_POINT('',(62.5,44.5,0.));
#7575=CARTESIAN_POINT('',(60.5,44.5,0.));
#7576=CARTESIAN_POINT('',(60.5,44.5,-0.6));
#7577=CARTESIAN_POINT('',(60.5,44.5,0.));
#7578=CARTESIAN_POINT('',(62.5,44.5,-0.6));
#7579=CARTESIAN_POINT('',(60.5,44.5,-0.6));
#7580=CARTESIAN_POINT('',(62.5,44.5,0.));
#7581=CARTESIAN_POINT('Origin',(62.5,45.5,0.));
#7582=CARTESIAN_POINT('',(62.5,45.5,0.));
#7583=CARTESIAN_POINT('',(62.5,44.5,0.));
#7584=CARTESIAN_POINT('',(62.5,45.5,-0.6));
#7585=CARTESIAN_POINT('',(62.5,44.5,-0.6));
#7586=CARTESIAN_POINT('',(62.5,45.5,0.));
#7587=CARTESIAN_POINT('Origin',(60.5,45.5,0.));
#7588=CARTESIAN_POINT('',(60.5,45.5,0.));
#7589=CARTESIAN_POINT('',(62.5,45.5,0.));
#7590=CARTESIAN_POINT('',(60.5,45.5,-0.6));
#7591=CARTESIAN_POINT('',(62.5,45.5,-0.6));
#7592=CARTESIAN_POINT('',(60.5,45.5,0.));
#7593=CARTESIAN_POINT('Origin',(60.5,44.5,0.));
#7594=CARTESIAN_POINT('',(60.5,45.5,0.));
#7595=CARTESIAN_POINT('',(60.5,45.5,-0.6));
#7596=CARTESIAN_POINT('Origin',(61.5,45.,0.));
#7597=CARTESIAN_POINT('Origin',(61.5,45.,-0.6));
#7598=CARTESIAN_POINT('Origin',(77.,29.5,0.));
#7599=CARTESIAN_POINT('',(75.,29.5,0.));
#7600=CARTESIAN_POINT('',(77.,29.5,0.));
#7601=CARTESIAN_POINT('',(75.,29.5,0.));
#7602=CARTESIAN_POINT('',(75.,29.5,-0.6));
#7603=CARTESIAN_POINT('',(75.,29.5,0.));
#7604=CARTESIAN_POINT('',(77.,29.5,-0.6));
#7605=CARTESIAN_POINT('',(75.,29.5,-0.6));
#7606=CARTESIAN_POINT('',(77.,29.5,0.));
#7607=CARTESIAN_POINT('Origin',(77.,30.5,0.));
#7608=CARTESIAN_POINT('',(77.,30.5,0.));
#7609=CARTESIAN_POINT('',(77.,29.5,0.));
#7610=CARTESIAN_POINT('',(77.,30.5,-0.6));
#7611=CARTESIAN_POINT('',(77.,29.5,-0.6));
#7612=CARTESIAN_POINT('',(77.,30.5,0.));
#7613=CARTESIAN_POINT('Origin',(75.,30.5,0.));
#7614=CARTESIAN_POINT('',(75.,30.5,0.));
#7615=CARTESIAN_POINT('',(77.,30.5,0.));
#7616=CARTESIAN_POINT('',(75.,30.5,-0.6));
#7617=CARTESIAN_POINT('',(77.,30.5,-0.6));
#7618=CARTESIAN_POINT('',(75.,30.5,0.));
#7619=CARTESIAN_POINT('Origin',(75.,29.5,0.));
#7620=CARTESIAN_POINT('',(75.,30.5,0.));
#7621=CARTESIAN_POINT('',(75.,30.5,-0.6));
#7622=CARTESIAN_POINT('Origin',(76.,30.,0.));
#7623=CARTESIAN_POINT('Origin',(76.,30.,-0.6));
#7624=CARTESIAN_POINT('Origin',(77.,28.,0.));
#7625=CARTESIAN_POINT('',(75.,28.,0.));
#7626=CARTESIAN_POINT('',(77.,28.,0.));
#7627=CARTESIAN_POINT('',(75.,28.,0.));
#7628=CARTESIAN_POINT('',(75.,28.,-0.6));
#7629=CARTESIAN_POINT('',(75.,28.,0.));
#7630=CARTESIAN_POINT('',(77.,28.,-0.6));
#7631=CARTESIAN_POINT('',(75.,28.,-0.6));
#7632=CARTESIAN_POINT('',(77.,28.,0.));
#7633=CARTESIAN_POINT('Origin',(77.,29.,0.));
#7634=CARTESIAN_POINT('',(77.,29.,0.));
#7635=CARTESIAN_POINT('',(77.,28.,0.));
#7636=CARTESIAN_POINT('',(77.,29.,-0.6));
#7637=CARTESIAN_POINT('',(77.,28.,-0.6));
#7638=CARTESIAN_POINT('',(77.,29.,0.));
#7639=CARTESIAN_POINT('Origin',(75.,29.,0.));
#7640=CARTESIAN_POINT('',(75.,29.,0.));
#7641=CARTESIAN_POINT('',(77.,29.,0.));
#7642=CARTESIAN_POINT('',(75.,29.,-0.6));
#7643=CARTESIAN_POINT('',(77.,29.,-0.6));
#7644=CARTESIAN_POINT('',(75.,29.,0.));
#7645=CARTESIAN_POINT('Origin',(75.,28.,0.));
#7646=CARTESIAN_POINT('',(75.,29.,0.));
#7647=CARTESIAN_POINT('',(75.,29.,-0.6));
#7648=CARTESIAN_POINT('Origin',(76.,28.5,0.));
#7649=CARTESIAN_POINT('Origin',(76.,28.5,-0.6));
#7650=CARTESIAN_POINT('Origin',(65.75,1.25,-10.75));
#7651=CARTESIAN_POINT('',(55.,1.25,-10.75));
#7652=CARTESIAN_POINT('Origin',(65.75,1.25,-10.75));
#7653=CARTESIAN_POINT('Origin',(65.75,13.75,-10.75));
#7654=CARTESIAN_POINT('',(55.,26.25,-10.75));
#7655=CARTESIAN_POINT('Origin',(65.75,26.25,-10.75));
#7656=CARTESIAN_POINT('',(55.,13.75,-10.75));
#7657=CARTESIAN_POINT('Origin',(65.75,26.25,-10.75));
#7658=CARTESIAN_POINT('Origin',(46.25,14.,0.));
#7659=CARTESIAN_POINT('',(41.25,14.,0.));
#7660=CARTESIAN_POINT('',(46.25,14.,0.));
#7661=CARTESIAN_POINT('',(41.25,14.,0.));
#7662=CARTESIAN_POINT('',(41.25,14.,-1.5));
#7663=CARTESIAN_POINT('',(41.25,14.,0.));
#7664=CARTESIAN_POINT('',(46.25,14.,-1.5));
#7665=CARTESIAN_POINT('',(41.25,14.,-1.5));
#7666=CARTESIAN_POINT('',(46.25,14.,0.));
#7667=CARTESIAN_POINT('Origin',(46.25,20.,0.));
#7668=CARTESIAN_POINT('',(46.25,20.,0.));
#7669=CARTESIAN_POINT('',(46.25,14.,0.));
#7670=CARTESIAN_POINT('',(46.25,20.,-1.5));
#7671=CARTESIAN_POINT('',(46.25,14.,-1.5));
#7672=CARTESIAN_POINT('',(46.25,20.,0.));
#7673=CARTESIAN_POINT('Origin',(41.25,20.,0.));
#7674=CARTESIAN_POINT('',(41.25,20.,0.));
#7675=CARTESIAN_POINT('',(46.25,20.,0.));
#7676=CARTESIAN_POINT('',(41.25,20.,-1.5));
#7677=CARTESIAN_POINT('',(46.25,20.,-1.5));
#7678=CARTESIAN_POINT('',(41.25,20.,0.));
#7679=CARTESIAN_POINT('Origin',(41.25,14.,0.));
#7680=CARTESIAN_POINT('',(41.25,20.,0.));
#7681=CARTESIAN_POINT('',(41.25,20.,-1.5));
#7682=CARTESIAN_POINT('Origin',(43.75,17.,0.));
#7683=CARTESIAN_POINT('Origin',(43.75,17.,-1.5));
#7684=CARTESIAN_POINT('Origin',(48.5,15.,0.));
#7685=CARTESIAN_POINT('',(47.5,15.,0.));
#7686=CARTESIAN_POINT('',(48.5,15.,0.));
#7687=CARTESIAN_POINT('',(47.5,15.,0.));
#7688=CARTESIAN_POINT('',(47.5,15.,-0.6));
#7689=CARTESIAN_POINT('',(47.5,15.,0.));
#7690=CARTESIAN_POINT('',(48.5,15.,-0.6));
#7691=CARTESIAN_POINT('',(47.5,15.,-0.6));
#7692=CARTESIAN_POINT('',(48.5,15.,0.));
#7693=CARTESIAN_POINT('Origin',(48.5,17.,0.));
#7694=CARTESIAN_POINT('',(48.5,17.,0.));
#7695=CARTESIAN_POINT('',(48.5,15.,0.));
#7696=CARTESIAN_POINT('',(48.5,17.,-0.6));
#7697=CARTESIAN_POINT('',(48.5,15.,-0.6));
#7698=CARTESIAN_POINT('',(48.5,17.,0.));
#7699=CARTESIAN_POINT('Origin',(47.5,17.,0.));
#7700=CARTESIAN_POINT('',(47.5,17.,0.));
#7701=CARTESIAN_POINT('',(48.5,17.,0.));
#7702=CARTESIAN_POINT('',(47.5,17.,-0.6));
#7703=CARTESIAN_POINT('',(48.5,17.,-0.6));
#7704=CARTESIAN_POINT('',(47.5,17.,0.));
#7705=CARTESIAN_POINT('Origin',(47.5,15.,0.));
#7706=CARTESIAN_POINT('',(47.5,17.,0.));
#7707=CARTESIAN_POINT('',(47.5,17.,-0.6));
#7708=CARTESIAN_POINT('Origin',(48.,16.,0.));
#7709=CARTESIAN_POINT('Origin',(48.,16.,-0.6));
#7710=CARTESIAN_POINT('Origin',(9.,11.,0.));
#7711=CARTESIAN_POINT('',(1.,11.,0.));
#7712=CARTESIAN_POINT('',(9.,11.,0.));
#7713=CARTESIAN_POINT('',(1.,11.,0.));
#7714=CARTESIAN_POINT('',(1.,11.,-10.));
#7715=CARTESIAN_POINT('',(1.,11.,0.));
#7716=CARTESIAN_POINT('',(9.,11.,-10.));
#7717=CARTESIAN_POINT('',(1.,11.,-10.));
#7718=CARTESIAN_POINT('',(9.,11.,0.));
#7719=CARTESIAN_POINT('Origin',(9.,26.25,0.));
#7720=CARTESIAN_POINT('',(9.,26.25,0.));
#7721=CARTESIAN_POINT('',(9.,11.,0.));
#7722=CARTESIAN_POINT('',(9.,26.25,-10.));
#7723=CARTESIAN_POINT('',(9.,11.,-10.));
#7724=CARTESIAN_POINT('',(9.,26.25,0.));
#7725=CARTESIAN_POINT('Origin',(1.,26.25,0.));
#7726=CARTESIAN_POINT('',(1.,26.25,0.));
#7727=CARTESIAN_POINT('',(9.,26.25,0.));
#7728=CARTESIAN_POINT('',(1.,26.25,-10.));
#7729=CARTESIAN_POINT('',(9.,26.25,-10.));
#7730=CARTESIAN_POINT('',(1.,26.25,0.));
#7731=CARTESIAN_POINT('Origin',(1.,11.,0.));
#7732=CARTESIAN_POINT('',(1.,26.25,0.));
#7733=CARTESIAN_POINT('',(1.,26.25,-10.));
#7734=CARTESIAN_POINT('Origin',(5.,18.625,0.));
#7735=CARTESIAN_POINT('Origin',(5.,18.625,-10.));
#7736=CARTESIAN_POINT('Origin',(27.,14.,0.));
#7737=CARTESIAN_POINT('',(25.,14.,0.));
#7738=CARTESIAN_POINT('',(27.,14.,0.));
#7739=CARTESIAN_POINT('',(25.,14.,0.));
#7740=CARTESIAN_POINT('',(25.,14.,-0.6));
#7741=CARTESIAN_POINT('',(25.,14.,0.));
#7742=CARTESIAN_POINT('',(27.,14.,-0.6));
#7743=CARTESIAN_POINT('',(25.,14.,-0.6));
#7744=CARTESIAN_POINT('',(27.,14.,0.));
#7745=CARTESIAN_POINT('Origin',(27.,15.,0.));
#7746=CARTESIAN_POINT('',(27.,15.,0.));
#7747=CARTESIAN_POINT('',(27.,14.,0.));
#7748=CARTESIAN_POINT('',(27.,15.,-0.6));
#7749=CARTESIAN_POINT('',(27.,14.,-0.6));
#7750=CARTESIAN_POINT('',(27.,15.,0.));
#7751=CARTESIAN_POINT('Origin',(25.,15.,0.));
#7752=CARTESIAN_POINT('',(25.,15.,0.));
#7753=CARTESIAN_POINT('',(27.,15.,0.));
#7754=CARTESIAN_POINT('',(25.,15.,-0.6));
#7755=CARTESIAN_POINT('',(27.,15.,-0.6));
#7756=CARTESIAN_POINT('',(25.,15.,0.));
#7757=CARTESIAN_POINT('Origin',(25.,14.,0.));
#7758=CARTESIAN_POINT('',(25.,15.,0.));
#7759=CARTESIAN_POINT('',(25.,15.,-0.6));
#7760=CARTESIAN_POINT('Origin',(26.,14.5,0.));
#7761=CARTESIAN_POINT('Origin',(26.,14.5,-0.6));
#7762=CARTESIAN_POINT('Origin',(30.,14.,0.));
#7763=CARTESIAN_POINT('',(28.,14.,0.));
#7764=CARTESIAN_POINT('',(30.,14.,0.));
#7765=CARTESIAN_POINT('',(28.,14.,0.));
#7766=CARTESIAN_POINT('',(28.,14.,-0.6));
#7767=CARTESIAN_POINT('',(28.,14.,0.));
#7768=CARTESIAN_POINT('',(30.,14.,-0.6));
#7769=CARTESIAN_POINT('',(28.,14.,-0.6));
#7770=CARTESIAN_POINT('',(30.,14.,0.));
#7771=CARTESIAN_POINT('Origin',(30.,15.,0.));
#7772=CARTESIAN_POINT('',(30.,15.,0.));
#7773=CARTESIAN_POINT('',(30.,14.,0.));
#7774=CARTESIAN_POINT('',(30.,15.,-0.6));
#7775=CARTESIAN_POINT('',(30.,14.,-0.6));
#7776=CARTESIAN_POINT('',(30.,15.,0.));
#7777=CARTESIAN_POINT('Origin',(28.,15.,0.));
#7778=CARTESIAN_POINT('',(28.,15.,0.));
#7779=CARTESIAN_POINT('',(30.,15.,0.));
#7780=CARTESIAN_POINT('',(28.,15.,-0.6));
#7781=CARTESIAN_POINT('',(30.,15.,-0.6));
#7782=CARTESIAN_POINT('',(28.,15.,0.));
#7783=CARTESIAN_POINT('Origin',(28.,14.,0.));
#7784=CARTESIAN_POINT('',(28.,15.,0.));
#7785=CARTESIAN_POINT('',(28.,15.,-0.6));
#7786=CARTESIAN_POINT('Origin',(29.,14.5,0.));
#7787=CARTESIAN_POINT('Origin',(29.,14.5,-0.6));
#7788=CARTESIAN_POINT('Origin',(33.,14.,0.));
#7789=CARTESIAN_POINT('',(31.,14.,0.));
#7790=CARTESIAN_POINT('',(33.,14.,0.));
#7791=CARTESIAN_POINT('',(31.,14.,0.));
#7792=CARTESIAN_POINT('',(31.,14.,-0.6));
#7793=CARTESIAN_POINT('',(31.,14.,0.));
#7794=CARTESIAN_POINT('',(33.,14.,-0.6));
#7795=CARTESIAN_POINT('',(31.,14.,-0.6));
#7796=CARTESIAN_POINT('',(33.,14.,0.));
#7797=CARTESIAN_POINT('Origin',(33.,15.,0.));
#7798=CARTESIAN_POINT('',(33.,15.,0.));
#7799=CARTESIAN_POINT('',(33.,14.,0.));
#7800=CARTESIAN_POINT('',(33.,15.,-0.6));
#7801=CARTESIAN_POINT('',(33.,14.,-0.6));
#7802=CARTESIAN_POINT('',(33.,15.,0.));
#7803=CARTESIAN_POINT('Origin',(31.,15.,0.));
#7804=CARTESIAN_POINT('',(31.,15.,0.));
#7805=CARTESIAN_POINT('',(33.,15.,0.));
#7806=CARTESIAN_POINT('',(31.,15.,-0.6));
#7807=CARTESIAN_POINT('',(33.,15.,-0.6));
#7808=CARTESIAN_POINT('',(31.,15.,0.));
#7809=CARTESIAN_POINT('Origin',(31.,14.,0.));
#7810=CARTESIAN_POINT('',(31.,15.,0.));
#7811=CARTESIAN_POINT('',(31.,15.,-0.6));
#7812=CARTESIAN_POINT('Origin',(32.,14.5,0.));
#7813=CARTESIAN_POINT('Origin',(32.,14.5,-0.6));
#7814=CARTESIAN_POINT('Origin',(36.,14.,0.));
#7815=CARTESIAN_POINT('',(34.,14.,0.));
#7816=CARTESIAN_POINT('',(36.,14.,0.));
#7817=CARTESIAN_POINT('',(34.,14.,0.));
#7818=CARTESIAN_POINT('',(34.,14.,-0.6));
#7819=CARTESIAN_POINT('',(34.,14.,0.));
#7820=CARTESIAN_POINT('',(36.,14.,-0.6));
#7821=CARTESIAN_POINT('',(34.,14.,-0.6));
#7822=CARTESIAN_POINT('',(36.,14.,0.));
#7823=CARTESIAN_POINT('Origin',(36.,15.,0.));
#7824=CARTESIAN_POINT('',(36.,15.,0.));
#7825=CARTESIAN_POINT('',(36.,14.,0.));
#7826=CARTESIAN_POINT('',(36.,15.,-0.6));
#7827=CARTESIAN_POINT('',(36.,14.,-0.6));
#7828=CARTESIAN_POINT('',(36.,15.,0.));
#7829=CARTESIAN_POINT('Origin',(34.,15.,0.));
#7830=CARTESIAN_POINT('',(34.,15.,0.));
#7831=CARTESIAN_POINT('',(36.,15.,0.));
#7832=CARTESIAN_POINT('',(34.,15.,-0.6));
#7833=CARTESIAN_POINT('',(36.,15.,-0.6));
#7834=CARTESIAN_POINT('',(34.,15.,0.));
#7835=CARTESIAN_POINT('Origin',(34.,14.,0.));
#7836=CARTESIAN_POINT('',(34.,15.,0.));
#7837=CARTESIAN_POINT('',(34.,15.,-0.6));
#7838=CARTESIAN_POINT('Origin',(35.,14.5,0.));
#7839=CARTESIAN_POINT('Origin',(35.,14.5,-0.6));
#7840=CARTESIAN_POINT('Origin',(39.,13.,0.));
#7841=CARTESIAN_POINT('',(37.,13.,0.));
#7842=CARTESIAN_POINT('',(39.,13.,0.));
#7843=CARTESIAN_POINT('',(37.,13.,0.));
#7844=CARTESIAN_POINT('',(37.,13.,-0.6));
#7845=CARTESIAN_POINT('',(37.,13.,0.));
#7846=CARTESIAN_POINT('',(39.,13.,-0.6));
#7847=CARTESIAN_POINT('',(37.,13.,-0.6));
#7848=CARTESIAN_POINT('',(39.,13.,0.));
#7849=CARTESIAN_POINT('Origin',(39.,15.,0.));
#7850=CARTESIAN_POINT('',(39.,15.,0.));
#7851=CARTESIAN_POINT('',(39.,13.,0.));
#7852=CARTESIAN_POINT('',(39.,15.,-0.6));
#7853=CARTESIAN_POINT('',(39.,13.,-0.6));
#7854=CARTESIAN_POINT('',(39.,15.,0.));
#7855=CARTESIAN_POINT('Origin',(37.,15.,0.));
#7856=CARTESIAN_POINT('',(37.,15.,0.));
#7857=CARTESIAN_POINT('',(39.,15.,0.));
#7858=CARTESIAN_POINT('',(37.,15.,-0.6));
#7859=CARTESIAN_POINT('',(39.,15.,-0.6));
#7860=CARTESIAN_POINT('',(37.,15.,0.));
#7861=CARTESIAN_POINT('Origin',(37.,13.,0.));
#7862=CARTESIAN_POINT('',(37.,15.,0.));
#7863=CARTESIAN_POINT('',(37.,15.,-0.6));
#7864=CARTESIAN_POINT('Origin',(38.,14.,0.));
#7865=CARTESIAN_POINT('Origin',(38.,14.,-0.6));
#7866=CARTESIAN_POINT('Origin',(53.,0.5,0.));
#7867=CARTESIAN_POINT('',(25.,0.5,0.));
#7868=CARTESIAN_POINT('',(53.,0.5,0.));
#7869=CARTESIAN_POINT('',(25.,0.5,0.));
#7870=CARTESIAN_POINT('',(25.,0.5,-9.));
#7871=CARTESIAN_POINT('',(25.,0.5,0.));
#7872=CARTESIAN_POINT('',(53.,0.5,-9.));
#7873=CARTESIAN_POINT('',(25.,0.5,-9.));
#7874=CARTESIAN_POINT('',(53.,0.5,0.));
#7875=CARTESIAN_POINT('Origin',(53.,7.5,0.));
#7876=CARTESIAN_POINT('',(53.,7.5,0.));
#7877=CARTESIAN_POINT('',(53.,0.5,0.));
#7878=CARTESIAN_POINT('',(53.,7.5,-9.));
#7879=CARTESIAN_POINT('',(53.,0.5,-9.));
#7880=CARTESIAN_POINT('',(53.,7.5,0.));
#7881=CARTESIAN_POINT('Origin',(25.,7.5,0.));
#7882=CARTESIAN_POINT('',(25.,7.5,0.));
#7883=CARTESIAN_POINT('',(53.,7.5,0.));
#7884=CARTESIAN_POINT('',(25.,7.5,-9.));
#7885=CARTESIAN_POINT('',(53.,7.5,-9.));
#7886=CARTESIAN_POINT('',(25.,7.5,0.));
#7887=CARTESIAN_POINT('Origin',(25.,0.5,0.));
#7888=CARTESIAN_POINT('',(25.,7.5,0.));
#7889=CARTESIAN_POINT('',(25.,7.5,-9.));
#7890=CARTESIAN_POINT('Origin',(39.,4.,0.));
#7891=CARTESIAN_POINT('Origin',(39.,4.,-9.));
#7892=CARTESIAN_POINT('Origin',(24.,6.25,0.));
#7893=CARTESIAN_POINT('',(11.,6.25,0.));
#7894=CARTESIAN_POINT('',(24.,6.25,0.));
#7895=CARTESIAN_POINT('',(11.,6.25,0.));
#7896=CARTESIAN_POINT('',(11.,6.25,-8.5));
#7897=CARTESIAN_POINT('',(11.,6.25,0.));
#7898=CARTESIAN_POINT('',(24.,6.25,-8.5));
#7899=CARTESIAN_POINT('',(11.,6.25,-8.5));
#7900=CARTESIAN_POINT('',(24.,6.25,0.));
#7901=CARTESIAN_POINT('Origin',(24.,11.25,0.));
#7902=CARTESIAN_POINT('',(24.,11.25,0.));
#7903=CARTESIAN_POINT('',(24.,6.25,0.));
#7904=CARTESIAN_POINT('',(24.,11.25,-8.5));
#7905=CARTESIAN_POINT('',(24.,6.25,-8.5));
#7906=CARTESIAN_POINT('',(24.,11.25,0.));
#7907=CARTESIAN_POINT('Origin',(11.,11.25,0.));
#7908=CARTESIAN_POINT('',(11.,11.25,0.));
#7909=CARTESIAN_POINT('',(24.,11.25,0.));
#7910=CARTESIAN_POINT('',(11.,11.25,-8.5));
#7911=CARTESIAN_POINT('',(24.,11.25,-8.5));
#7912=CARTESIAN_POINT('',(11.,11.25,0.));
#7913=CARTESIAN_POINT('Origin',(11.,6.25,0.));
#7914=CARTESIAN_POINT('',(11.,11.25,0.));
#7915=CARTESIAN_POINT('',(11.,11.25,-8.5));
#7916=CARTESIAN_POINT('Origin',(17.5,8.75,0.));
#7917=CARTESIAN_POINT('Origin',(17.5,8.75,-8.5));
#7918=CARTESIAN_POINT('',(0.,0.,0.));
#7919=CARTESIAN_POINT('',(5.,5.,39.4));
#7920=UNCERTAINTY_MEASURE_WITH_UNIT(LENGTH_MEASURE(0.01),#7928,
'DISTANCE_ACCURACY_VALUE',
'Maximum model space distance between geometric entities at asserted c
onnectivities');
#7921=UNCERTAINTY_MEASURE_WITH_UNIT(LENGTH_MEASURE(0.01),#7928,
'DISTANCE_ACCURACY_VALUE',
'Maximum model space distance between geometric entities at asserted c
onnectivities');
#7922=UNCERTAINTY_MEASURE_WITH_UNIT(LENGTH_MEASURE(0.01),#7928,
'DISTANCE_ACCURACY_VALUE',
'Maximum model space distance between geometric entities at asserted c
onnectivities');
#7923=UNCERTAINTY_MEASURE_WITH_UNIT(LENGTH_MEASURE(0.01),#7928,
'DISTANCE_ACCURACY_VALUE',
'Maximum model space distance between geometric entities at asserted c
onnectivities');
#7924=(
GEOMETRIC_REPRESENTATION_CONTEXT(3)
GLOBAL_UNCERTAINTY_ASSIGNED_CONTEXT((#7920))
GLOBAL_UNIT_ASSIGNED_CONTEXT((#7928,#7930,#7931))
REPRESENTATION_CONTEXT('','3D')
);
#7925=(
GEOMETRIC_REPRESENTATION_CONTEXT(3)
GLOBAL_UNCERTAINTY_ASSIGNED_CONTEXT((#7921))
GLOBAL_UNIT_ASSIGNED_CONTEXT((#7928,#7930,#7931))
REPRESENTATION_CONTEXT('','3D')
);
#7926=(
GEOMETRIC_REPRESENTATION_CONTEXT(3)
GLOBAL_UNCERTAINTY_ASSIGNED_CONTEXT((#7922))
GLOBAL_UNIT_ASSIGNED_CONTEXT((#7928,#7930,#7931))
REPRESENTATION_CONTEXT('','3D')
);
#7927=(
GEOMETRIC_REPRESENTATION_CONTEXT(3)
GLOBAL_UNCERTAINTY_ASSIGNED_CONTEXT((#7923))
GLOBAL_UNIT_ASSIGNED_CONTEXT((#7928,#7930,#7931))
REPRESENTATION_CONTEXT('','3D')
);
#7928=(
LENGTH_UNIT()
NAMED_UNIT(*)
SI_UNIT(.MILLI.,.METRE.)
);
#7929=(
LENGTH_UNIT()
NAMED_UNIT(*)
SI_UNIT($,.METRE.)
);
#7930=(
NAMED_UNIT(*)
PLANE_ANGLE_UNIT()
SI_UNIT($,.RADIAN.)
);
#7931=(
NAMED_UNIT(*)
SI_UNIT($,.STERADIAN.)
SOLID_ANGLE_UNIT()
);
#7932=SHAPE_DEFINITION_REPRESENTATION(#7935,#7940);
#7933=SHAPE_DEFINITION_REPRESENTATION(#7936,#7941);
#7934=SHAPE_DEFINITION_REPRESENTATION(#7937,#7942);
#7935=PRODUCT_DEFINITION_SHAPE('',$,#7944);
#7936=PRODUCT_DEFINITION_SHAPE('',$,#7945);
#7937=PRODUCT_DEFINITION_SHAPE('',$,#7946);
#7938=PRODUCT_DEFINITION_SHAPE($,$,#17);
#7939=PRODUCT_DEFINITION_SHAPE($,$,#18);
#7940=SHAPE_REPRESENTATION('',(#4821,#5244,#5245),#7924);
#7941=SHAPE_REPRESENTATION('',(#4822),#7925);
#7942=SHAPE_REPRESENTATION('',(#5026),#7926);
#7943=PRODUCT_DEFINITION_CONTEXT('part definition',#7954,'design');
#7944=PRODUCT_DEFINITION('2026-09-14-07-46-05-075','GridUp-Kutu-Montaj',
#7947,#7943);
#7945=PRODUCT_DEFINITION('2026-09-14-07-36-03-763','GridUp-Kutu',#7948,
#7943);
#7946=PRODUCT_DEFINITION('2026-09-14-08-15-55-205','GridUp-PCB',#7949,#7943);
#7947=PRODUCT_DEFINITION_FORMATION('',$,#7956);
#7948=PRODUCT_DEFINITION_FORMATION('',$,#7957);
#7949=PRODUCT_DEFINITION_FORMATION('',$,#7958);
#7950=PRODUCT_RELATED_PRODUCT_CATEGORY('GridUp-Kutu-Montaj',
'GridUp-Kutu-Montaj',(#7956));
#7951=PRODUCT_RELATED_PRODUCT_CATEGORY('GridUp-Kutu','GridUp-Kutu',(#7957));
#7952=PRODUCT_RELATED_PRODUCT_CATEGORY('GridUp-PCB','GridUp-PCB',(#7958));
#7953=APPLICATION_PROTOCOL_DEFINITION('international standard',
'automotive_design',2009,#7954);
#7954=APPLICATION_CONTEXT(
'Core Data for Automotive Mechanical Design Process');
#7955=PRODUCT_CONTEXT('part definition',#7954,'mechanical');
#7956=PRODUCT('2026-09-14-07-46-05-075','GridUp-Kutu-Montaj',$,(#7955));
#7957=PRODUCT('2026-09-14-07-36-03-763','GridUp-Kutu',$,(#7955));
#7958=PRODUCT('2026-09-14-08-15-55-205','GridUp-PCB',$,(#7955));
#7959=PRESENTATION_STYLE_ASSIGNMENT((#7960));
#7960=SURFACE_STYLE_USAGE(.BOTH.,#7961);
#7961=SURFACE_SIDE_STYLE('',(#7962));
#7962=SURFACE_STYLE_FILL_AREA(#7963);
#7963=FILL_AREA_STYLE('\X\C7elik - Saten',(#7964));
#7964=FILL_AREA_STYLE_COLOUR('\X\C7elik - Saten',#7965);
#7965=COLOUR_RGB('\X\C7elik - Saten',0.627450980392157,0.627450980392157,
0.627450980392157);
ENDSEC;
END-ISO-10303-21;
