ISO-10303-21;
HEADER;
/* Generated by software containing ST-Developer
 * from STEP Tools, Inc. (www.steptools.com) 
 */

FILE_DESCRIPTION(
/* description */ (''),
/* implementation_level */ '2;1');

FILE_NAME(
/* name */ 'GridUp-Pano.step',
/* time_stamp */ '2026-09-14T12:05:10+03:00',
/* author */ (''),
/* organization */ (''),
/* preprocessor_version */ 'ST-DEVELOPER v20.1',
/* originating_system */ 'Autodesk Translation Framework v15.8.0.0',
/* authorisation */ '');

FILE_SCHEMA (('AUTOMOTIVE_DESIGN { 1 0 10303 214 3 1 1 }'));
ENDSEC;

DATA;
#10=MECHANICAL_DESIGN_GEOMETRIC_PRESENTATION_REPRESENTATION('',(#30,#31,
#32,#33,#34,#35,#36,#37,#38,#39,#40,#41,#42,#43,#44,#45,#46,#47,#48,#49,
#50,#51,#52,#53,#54,#55,#56,#57,#58,#59,#60,#61,#62,#63,#64,#65,#66,#67,
#68,#69,#70,#71,#72,#73,#74,#75,#76,#77,#78,#79,#80,#81,#82,#83,#84,#85,
#86,#87,#88,#89,#90,#91,#92,#93,#94,#95,#96,#97,#98,#99,#100,#101,#102,
#103,#104,#105,#106,#107,#108,#109,#110,#111,#112,#113,#114,#115,#116,#117,
#118,#119,#120),#16392);
#11=ITEM_DEFINED_TRANSFORMATION($,$,#10158,#10568);
#12=ITEM_DEFINED_TRANSFORMATION($,$,#10350,#10569);
#13=ITEM_DEFINED_TRANSFORMATION($,$,#10157,#10910);
#14=(
REPRESENTATION_RELATIONSHIP($,$,#16410,#16409)
REPRESENTATION_RELATIONSHIP_WITH_TRANSFORMATION(#11)
SHAPE_REPRESENTATION_RELATIONSHIP()
);
#15=(
REPRESENTATION_RELATIONSHIP($,$,#16411,#16409)
REPRESENTATION_RELATIONSHIP_WITH_TRANSFORMATION(#12)
SHAPE_REPRESENTATION_RELATIONSHIP()
);
#16=(
REPRESENTATION_RELATIONSHIP($,$,#16409,#16408)
REPRESENTATION_RELATIONSHIP_WITH_TRANSFORMATION(#13)
SHAPE_REPRESENTATION_RELATIONSHIP()
);
#17=CONTEXT_DEPENDENT_SHAPE_REPRESENTATION(#14,#16405);
#18=CONTEXT_DEPENDENT_SHAPE_REPRESENTATION(#15,#16406);
#19=CONTEXT_DEPENDENT_SHAPE_REPRESENTATION(#16,#16407);
#20=NEXT_ASSEMBLY_USAGE_OCCURRENCE('GridUp-Kutu:1','GridUp-Kutu:1',
'GridUp-Kutu:1',#16414,#16415,'GridUp-Kutu:1');
#21=NEXT_ASSEMBLY_USAGE_OCCURRENCE('GridUp-PCB:1','GridUp-PCB:1',
'GridUp-PCB:1',#16414,#16416,'GridUp-PCB:1');
#22=NEXT_ASSEMBLY_USAGE_OCCURRENCE('GridUp-Kutu-Montaj:1',
'GridUp-Kutu-Montaj:1','GridUp-Kutu-Montaj:1',#16413,#16414,
'GridUp-Kutu-Montaj:1');
#23=SHAPE_REPRESENTATION_RELATIONSHIP('SRR','None',#16410,#26);
#24=SHAPE_REPRESENTATION_RELATIONSHIP('SRR','None',#16411,#27);
#25=SHAPE_REPRESENTATION_RELATIONSHIP('SRR','None',#16408,#28);
#26=ADVANCED_BREP_SHAPE_REPRESENTATION('',(#121,#122,#123,#124),#16390);
#27=ADVANCED_BREP_SHAPE_REPRESENTATION('',(#125,#126,#127,#128,#129,#130,
#131,#132,#133,#134,#135,#136,#137,#138,#139,#140,#141,#142,#143,#144,#145,
#146,#147,#148,#149,#150,#151,#152,#153,#154,#155,#156),#16391);
#28=ADVANCED_BREP_SHAPE_REPRESENTATION('',(#157,#158,#159,#160,#161,#162,
#163,#164,#165,#166,#167,#168,#169,#170,#171,#172,#173,#174,#175,#176,#177,
#178,#179,#180,#181,#182,#183,#184,#185,#186,#187,#188,#189,#190,#191,#192,
#193,#194,#195,#196,#197,#198,#199,#200,#201,#202,#203,#204,#205,#206,#207,
#208,#209,#210,#211),#16388);
#29=CONICAL_SURFACE('',#10308,9.,0.785398163397448);
#30=STYLED_ITEM('',(#16432),#121);
#31=STYLED_ITEM('',(#16432),#122);
#32=STYLED_ITEM('',(#16432),#123);
#33=STYLED_ITEM('',(#16432),#124);
#34=STYLED_ITEM('',(#16432),#125);
#35=STYLED_ITEM('',(#16432),#126);
#36=STYLED_ITEM('',(#16432),#127);
#37=STYLED_ITEM('',(#16432),#128);
#38=STYLED_ITEM('',(#16432),#129);
#39=STYLED_ITEM('',(#16432),#130);
#40=STYLED_ITEM('',(#16432),#131);
#41=STYLED_ITEM('',(#16432),#132);
#42=STYLED_ITEM('',(#16432),#133);
#43=STYLED_ITEM('',(#16432),#134);
#44=STYLED_ITEM('',(#16432),#135);
#45=STYLED_ITEM('',(#16432),#136);
#46=STYLED_ITEM('',(#16432),#137);
#47=STYLED_ITEM('',(#16432),#138);
#48=STYLED_ITEM('',(#16432),#139);
#49=STYLED_ITEM('',(#16432),#140);
#50=STYLED_ITEM('',(#16432),#141);
#51=STYLED_ITEM('',(#16432),#142);
#52=STYLED_ITEM('',(#16432),#143);
#53=STYLED_ITEM('',(#16432),#144);
#54=STYLED_ITEM('',(#16432),#145);
#55=STYLED_ITEM('',(#16432),#146);
#56=STYLED_ITEM('',(#16432),#147);
#57=STYLED_ITEM('',(#16432),#148);
#58=STYLED_ITEM('',(#16432),#149);
#59=STYLED_ITEM('',(#16432),#150);
#60=STYLED_ITEM('',(#16432),#151);
#61=STYLED_ITEM('',(#16432),#152);
#62=STYLED_ITEM('',(#16432),#153);
#63=STYLED_ITEM('',(#16432),#154);
#64=STYLED_ITEM('',(#16432),#155);
#65=STYLED_ITEM('',(#16432),#156);
#66=STYLED_ITEM('',(#16432),#157);
#67=STYLED_ITEM('',(#16432),#158);
#68=STYLED_ITEM('',(#16432),#159);
#69=STYLED_ITEM('',(#16432),#160);
#70=STYLED_ITEM('',(#16432),#161);
#71=STYLED_ITEM('',(#16432),#162);
#72=STYLED_ITEM('',(#16432),#163);
#73=STYLED_ITEM('',(#16432),#164);
#74=STYLED_ITEM('',(#16432),#165);
#75=STYLED_ITEM('',(#16432),#166);
#76=STYLED_ITEM('',(#16432),#167);
#77=STYLED_ITEM('',(#16432),#168);
#78=STYLED_ITEM('',(#16432),#169);
#79=STYLED_ITEM('',(#16432),#170);
#80=STYLED_ITEM('',(#16432),#171);
#81=STYLED_ITEM('',(#16432),#172);
#82=STYLED_ITEM('',(#16432),#173);
#83=STYLED_ITEM('',(#16432),#174);
#84=STYLED_ITEM('',(#16432),#175);
#85=STYLED_ITEM('',(#16432),#176);
#86=STYLED_ITEM('',(#16432),#177);
#87=STYLED_ITEM('',(#16432),#178);
#88=STYLED_ITEM('',(#16432),#179);
#89=STYLED_ITEM('',(#16432),#180);
#90=STYLED_ITEM('',(#16432),#181);
#91=STYLED_ITEM('',(#16432),#182);
#92=STYLED_ITEM('',(#16432),#183);
#93=STYLED_ITEM('',(#16432),#184);
#94=STYLED_ITEM('',(#16432),#185);
#95=STYLED_ITEM('',(#16432),#186);
#96=STYLED_ITEM('',(#16432),#187);
#97=STYLED_ITEM('',(#16432),#188);
#98=STYLED_ITEM('',(#16432),#189);
#99=STYLED_ITEM('',(#16432),#190);
#100=STYLED_ITEM('',(#16432),#191);
#101=STYLED_ITEM('',(#16432),#192);
#102=STYLED_ITEM('',(#16432),#193);
#103=STYLED_ITEM('',(#16432),#194);
#104=STYLED_ITEM('',(#16432),#195);
#105=STYLED_ITEM('',(#16432),#196);
#106=STYLED_ITEM('',(#16432),#197);
#107=STYLED_ITEM('',(#16432),#198);
#108=STYLED_ITEM('',(#16432),#199);
#109=STYLED_ITEM('',(#16432),#200);
#110=STYLED_ITEM('',(#16432),#201);
#111=STYLED_ITEM('',(#16432),#202);
#112=STYLED_ITEM('',(#16432),#203);
#113=STYLED_ITEM('',(#16432),#204);
#114=STYLED_ITEM('',(#16432),#205);
#115=STYLED_ITEM('',(#16432),#206);
#116=STYLED_ITEM('',(#16432),#207);
#117=STYLED_ITEM('',(#16432),#208);
#118=STYLED_ITEM('',(#16432),#209);
#119=STYLED_ITEM('',(#16432),#210);
#120=STYLED_ITEM('',(#16432),#211);
#121=MANIFOLD_SOLID_BREP('G\X\F6vde',#10042);
#122=MANIFOLD_SOLID_BREP('Kapak',#10043);
#123=MANIFOLD_SOLID_BREP('IR pencere',#10044);
#124=MANIFOLD_SOLID_BREP('DIN klips',#10045);
#125=MANIFOLD_SOLID_BREP('PCB',#10046);
#126=MANIFOLD_SOLID_BREP('MLX90640',#10047);
#127=MANIFOLD_SOLID_BREP('SHT31',#10048);
#128=MANIFOLD_SOLID_BREP('LED',#10049);
#129=MANIFOLD_SOLID_BREP('R_pullup1',#10050);
#130=MANIFOLD_SOLID_BREP('R_pullup2',#10051);
#131=MANIFOLD_SOLID_BREP('C_100n',#10052);
#132=MANIFOLD_SOLID_BREP('EN_RC1',#10053);
#133=MANIFOLD_SOLID_BREP('EN_RC2',#10054);
#134=MANIFOLD_SOLID_BREP('Reset',#10055);
#135=MANIFOLD_SOLID_BREP('ESP32-S3-WROOM-1U',#10056);
#136=MANIFOLD_SOLID_BREP('RAC05-05SK',#10057);
#137=MANIFOLD_SOLID_BREP('F1',#10058);
#138=MANIFOLD_SOLID_BREP('MOV',#10059);
#139=MANIFOLD_SOLID_BREP('Klemens 230V',#10060);
#140=MANIFOLD_SOLID_BREP('LDO SOT-223',#10061);
#141=MANIFOLD_SOLID_BREP('D1',#10062);
#142=MANIFOLD_SOLID_BREP('D2',#10063);
#143=MANIFOLD_SOLID_BREP('R_sarj',#10064);
#144=MANIFOLD_SOLID_BREP('Bolucu1',#10065);
#145=MANIFOLD_SOLID_BREP('Bolucu2',#10066);
#146=MANIFOLD_SOLID_BREP('Superkap',#10067);
#147=MANIFOLD_SOLID_BREP('MAX3485',#10068);
#148=MANIFOLD_SOLID_BREP('R120',#10069);
#149=MANIFOLD_SOLID_BREP('Klemens RS-485',#10070);
#150=MANIFOLD_SOLID_BREP('R_burden1',#10071);
#151=MANIFOLD_SOLID_BREP('R_burden2',#10072);
#152=MANIFOLD_SOLID_BREP('R_burden3',#10073);
#153=MANIFOLD_SOLID_BREP('R_burden4',#10074);
#154=MANIFOLD_SOLID_BREP('R_bias',#10075);
#155=MANIFOLD_SOLID_BREP('Klemens CT',#10076);
#156=MANIFOLD_SOLID_BREP('Genisleme 2x5',#10077);
#157=MANIFOLD_SOLID_BREP('Pano govde',#10078);
#158=MANIFOLD_SOLID_BREP('Kapak',#10079);
#159=MANIFOLD_SOLID_BREP('Sabit kompanzasyon',#10080);
#160=MANIFOLD_SOLID_BREP('Modem',#10081);
#161=MANIFOLD_SOLID_BREP('T1 olcu (analizor)',#10082);
#162=MANIFOLD_SOLID_BREP('Kontrol',#10083);
#163=MANIFOLD_SOLID_BREP('Bara L1',#10084);
#164=MANIFOLD_SOLID_BREP('Mesnet izolatoru L1-1',#10085);
#165=MANIFOLD_SOLID_BREP('Mesnet izolatoru L1-2',#10086);
#166=MANIFOLD_SOLID_BREP('Mesnet izolatoru L1-3',#10087);
#167=MANIFOLD_SOLID_BREP('Bara L2',#10088);
#168=MANIFOLD_SOLID_BREP('Mesnet izolatoru L2-1',#10089);
#169=MANIFOLD_SOLID_BREP('Mesnet izolatoru L2-2',#10090);
#170=MANIFOLD_SOLID_BREP('Mesnet izolatoru L2-3',#10091);
#171=MANIFOLD_SOLID_BREP('Bara L3',#10092);
#172=MANIFOLD_SOLID_BREP('Mesnet izolatoru L3-1',#10093);
#173=MANIFOLD_SOLID_BREP('Mesnet izolatoru L3-2',#10094);
#174=MANIFOLD_SOLID_BREP('Mesnet izolatoru L3-3',#10095);
#175=MANIFOLD_SOLID_BREP('NH s1-01',#10096);
#176=MANIFOLD_SOLID_BREP('NH s1-02',#10097);
#177=MANIFOLD_SOLID_BREP('NH s1-03',#10098);
#178=MANIFOLD_SOLID_BREP('NH s1-04',#10099);
#179=MANIFOLD_SOLID_BREP('NH s1-05',#10100);
#180=MANIFOLD_SOLID_BREP('NH s1-06',#10101);
#181=MANIFOLD_SOLID_BREP('NH s1-07',#10102);
#182=MANIFOLD_SOLID_BREP('NH s1-08',#10103);
#183=MANIFOLD_SOLID_BREP('NH s1-09',#10104);
#184=MANIFOLD_SOLID_BREP('NH s1-10',#10105);
#185=MANIFOLD_SOLID_BREP('NH s1-11',#10106);
#186=MANIFOLD_SOLID_BREP('NH s1-12',#10107);
#187=MANIFOLD_SOLID_BREP('NH s2-01',#10108);
#188=MANIFOLD_SOLID_BREP('NH s2-02',#10109);
#189=MANIFOLD_SOLID_BREP('NH s2-03',#10110);
#190=MANIFOLD_SOLID_BREP('NH s2-04',#10111);
#191=MANIFOLD_SOLID_BREP('NH s2-05',#10112);
#192=MANIFOLD_SOLID_BREP('NH s2-06',#10113);
#193=MANIFOLD_SOLID_BREP('NH s2-07',#10114);
#194=MANIFOLD_SOLID_BREP('NH s2-08',#10115);
#195=MANIFOLD_SOLID_BREP('NH s2-09',#10116);
#196=MANIFOLD_SOLID_BREP('NH s2-10',#10117);
#197=MANIFOLD_SOLID_BREP('NH s2-11',#10118);
#198=MANIFOLD_SOLID_BREP('NH s2-12',#10119);
#199=MANIFOLD_SOLID_BREP('NH s3-01',#10120);
#200=MANIFOLD_SOLID_BREP('NH s3-02',#10121);
#201=MANIFOLD_SOLID_BREP('NH s3-03',#10122);
#202=MANIFOLD_SOLID_BREP('NH s3-04',#10123);
#203=MANIFOLD_SOLID_BREP('NH s3-05',#10124);
#204=MANIFOLD_SOLID_BREP('NH s3-06',#10125);
#205=MANIFOLD_SOLID_BREP('NH s3-07',#10126);
#206=MANIFOLD_SOLID_BREP('NH s3-08',#10127);
#207=MANIFOLD_SOLID_BREP('NH s3-09',#10128);
#208=MANIFOLD_SOLID_BREP('NH s3-10',#10129);
#209=MANIFOLD_SOLID_BREP('NH s3-11',#10130);
#210=MANIFOLD_SOLID_BREP('NH s3-12',#10131);
#211=MANIFOLD_SOLID_BREP('Klemens sirasi',#10132);
#212=FACE_BOUND('',#1513,.T.);
#213=FACE_BOUND('',#1516,.T.);
#214=FACE_BOUND('',#1519,.T.);
#215=FACE_BOUND('',#1522,.T.);
#216=FACE_BOUND('',#1525,.T.);
#217=FACE_BOUND('',#1526,.T.);
#218=FACE_BOUND('',#1527,.T.);
#219=FACE_BOUND('',#1528,.T.);
#220=FACE_BOUND('',#1529,.T.);
#221=FACE_BOUND('',#1533,.T.);
#222=FACE_BOUND('',#1534,.T.);
#223=FACE_BOUND('',#1535,.T.);
#224=FACE_BOUND('',#1536,.T.);
#225=FACE_BOUND('',#1537,.T.);
#226=FACE_BOUND('',#1538,.T.);
#227=FACE_BOUND('',#1540,.T.);
#228=FACE_BOUND('',#1541,.T.);
#229=FACE_BOUND('',#1542,.T.);
#230=FACE_BOUND('',#1543,.T.);
#231=FACE_BOUND('',#1556,.T.);
#232=FACE_BOUND('',#1557,.T.);
#233=FACE_BOUND('',#1558,.T.);
#234=FACE_BOUND('',#1559,.T.);
#235=FACE_BOUND('',#1561,.T.);
#236=FACE_BOUND('',#1562,.T.);
#237=FACE_BOUND('',#1563,.T.);
#238=FACE_BOUND('',#1564,.T.);
#239=FACE_BOUND('',#1565,.T.);
#240=FACE_BOUND('',#1566,.T.);
#241=FACE_BOUND('',#1575,.T.);
#242=FACE_BOUND('',#1579,.T.);
#243=FACE_BOUND('',#1584,.T.);
#244=FACE_BOUND('',#1585,.T.);
#245=FACE_BOUND('',#1586,.T.);
#246=FACE_BOUND('',#1587,.T.);
#247=FACE_BOUND('',#1588,.T.);
#248=FACE_BOUND('',#1589,.T.);
#249=FACE_BOUND('',#1590,.T.);
#250=FACE_BOUND('',#1598,.T.);
#251=FACE_BOUND('',#1599,.T.);
#252=FACE_BOUND('',#1600,.T.);
#253=FACE_BOUND('',#1601,.T.);
#254=FACE_BOUND('',#1602,.T.);
#255=FACE_BOUND('',#1603,.T.);
#256=FACE_BOUND('',#1604,.T.);
#257=FACE_BOUND('',#1633,.T.);
#258=FACE_BOUND('',#1634,.T.);
#259=FACE_BOUND('',#1635,.T.);
#260=FACE_BOUND('',#1636,.T.);
#261=FACE_BOUND('',#1638,.T.);
#262=FACE_BOUND('',#1639,.T.);
#263=FACE_BOUND('',#1640,.T.);
#264=FACE_BOUND('',#1641,.T.);
#265=FACE_BOUND('',#1827,.T.);
#266=FACE_BOUND('',#1837,.T.);
#267=PLANE('',#10162);
#268=PLANE('',#10166);
#269=PLANE('',#10170);
#270=PLANE('',#10174);
#271=PLANE('',#10175);
#272=PLANE('',#10179);
#273=PLANE('',#10183);
#274=PLANE('',#10187);
#275=PLANE('',#10206);
#276=PLANE('',#10210);
#277=PLANE('',#10214);
#278=PLANE('',#10218);
#279=PLANE('',#10222);
#280=PLANE('',#10226);
#281=PLANE('',#10230);
#282=PLANE('',#10234);
#283=PLANE('',#10238);
#284=PLANE('',#10242);
#285=PLANE('',#10246);
#286=PLANE('',#10250);
#287=PLANE('',#10254);
#288=PLANE('',#10262);
#289=PLANE('',#10265);
#290=PLANE('',#10268);
#291=PLANE('',#10271);
#292=PLANE('',#10272);
#293=PLANE('',#10275);
#294=PLANE('',#10278);
#295=PLANE('',#10283);
#296=PLANE('',#10284);
#297=PLANE('',#10285);
#298=PLANE('',#10307);
#299=PLANE('',#10313);
#300=PLANE('',#10320);
#301=PLANE('',#10321);
#302=PLANE('',#10327);
#303=PLANE('',#10332);
#304=PLANE('',#10333);
#305=PLANE('',#10334);
#306=PLANE('',#10335);
#307=PLANE('',#10339);
#308=PLANE('',#10340);
#309=PLANE('',#10341);
#310=PLANE('',#10342);
#311=PLANE('',#10343);
#312=PLANE('',#10344);
#313=PLANE('',#10345);
#314=PLANE('',#10346);
#315=PLANE('',#10347);
#316=PLANE('',#10348);
#317=PLANE('',#10349);
#318=PLANE('',#10357);
#319=PLANE('',#10358);
#320=PLANE('',#10359);
#321=PLANE('',#10378);
#322=PLANE('',#10379);
#323=PLANE('',#10380);
#324=PLANE('',#10381);
#325=PLANE('',#10382);
#326=PLANE('',#10383);
#327=PLANE('',#10384);
#328=PLANE('',#10388);
#329=PLANE('',#10389);
#330=PLANE('',#10390);
#331=PLANE('',#10391);
#332=PLANE('',#10392);
#333=PLANE('',#10393);
#334=PLANE('',#10394);
#335=PLANE('',#10395);
#336=PLANE('',#10399);
#337=PLANE('',#10400);
#338=PLANE('',#10401);
#339=PLANE('',#10402);
#340=PLANE('',#10403);
#341=PLANE('',#10404);
#342=PLANE('',#10405);
#343=PLANE('',#10406);
#344=PLANE('',#10407);
#345=PLANE('',#10408);
#346=PLANE('',#10409);
#347=PLANE('',#10410);
#348=PLANE('',#10411);
#349=PLANE('',#10412);
#350=PLANE('',#10413);
#351=PLANE('',#10414);
#352=PLANE('',#10415);
#353=PLANE('',#10416);
#354=PLANE('',#10417);
#355=PLANE('',#10418);
#356=PLANE('',#10419);
#357=PLANE('',#10420);
#358=PLANE('',#10421);
#359=PLANE('',#10422);
#360=PLANE('',#10423);
#361=PLANE('',#10424);
#362=PLANE('',#10425);
#363=PLANE('',#10426);
#364=PLANE('',#10427);
#365=PLANE('',#10428);
#366=PLANE('',#10429);
#367=PLANE('',#10430);
#368=PLANE('',#10431);
#369=PLANE('',#10432);
#370=PLANE('',#10433);
#371=PLANE('',#10434);
#372=PLANE('',#10435);
#373=PLANE('',#10436);
#374=PLANE('',#10437);
#375=PLANE('',#10438);
#376=PLANE('',#10439);
#377=PLANE('',#10440);
#378=PLANE('',#10441);
#379=PLANE('',#10442);
#380=PLANE('',#10443);
#381=PLANE('',#10444);
#382=PLANE('',#10445);
#383=PLANE('',#10446);
#384=PLANE('',#10447);
#385=PLANE('',#10448);
#386=PLANE('',#10449);
#387=PLANE('',#10450);
#388=PLANE('',#10451);
#389=PLANE('',#10452);
#390=PLANE('',#10453);
#391=PLANE('',#10454);
#392=PLANE('',#10455);
#393=PLANE('',#10456);
#394=PLANE('',#10457);
#395=PLANE('',#10458);
#396=PLANE('',#10459);
#397=PLANE('',#10460);
#398=PLANE('',#10461);
#399=PLANE('',#10462);
#400=PLANE('',#10463);
#401=PLANE('',#10464);
#402=PLANE('',#10465);
#403=PLANE('',#10466);
#404=PLANE('',#10467);
#405=PLANE('',#10468);
#406=PLANE('',#10469);
#407=PLANE('',#10470);
#408=PLANE('',#10471);
#409=PLANE('',#10472);
#410=PLANE('',#10473);
#411=PLANE('',#10474);
#412=PLANE('',#10475);
#413=PLANE('',#10476);
#414=PLANE('',#10477);
#415=PLANE('',#10478);
#416=PLANE('',#10479);
#417=PLANE('',#10480);
#418=PLANE('',#10481);
#419=PLANE('',#10482);
#420=PLANE('',#10483);
#421=PLANE('',#10484);
#422=PLANE('',#10485);
#423=PLANE('',#10486);
#424=PLANE('',#10487);
#425=PLANE('',#10488);
#426=PLANE('',#10489);
#427=PLANE('',#10490);
#428=PLANE('',#10491);
#429=PLANE('',#10492);
#430=PLANE('',#10493);
#431=PLANE('',#10494);
#432=PLANE('',#10495);
#433=PLANE('',#10496);
#434=PLANE('',#10497);
#435=PLANE('',#10498);
#436=PLANE('',#10499);
#437=PLANE('',#10500);
#438=PLANE('',#10501);
#439=PLANE('',#10502);
#440=PLANE('',#10503);
#441=PLANE('',#10507);
#442=PLANE('',#10508);
#443=PLANE('',#10509);
#444=PLANE('',#10510);
#445=PLANE('',#10511);
#446=PLANE('',#10512);
#447=PLANE('',#10513);
#448=PLANE('',#10514);
#449=PLANE('',#10515);
#450=PLANE('',#10516);
#451=PLANE('',#10517);
#452=PLANE('',#10518);
#453=PLANE('',#10519);
#454=PLANE('',#10520);
#455=PLANE('',#10521);
#456=PLANE('',#10522);
#457=PLANE('',#10523);
#458=PLANE('',#10524);
#459=PLANE('',#10525);
#460=PLANE('',#10526);
#461=PLANE('',#10527);
#462=PLANE('',#10528);
#463=PLANE('',#10529);
#464=PLANE('',#10530);
#465=PLANE('',#10531);
#466=PLANE('',#10532);
#467=PLANE('',#10533);
#468=PLANE('',#10534);
#469=PLANE('',#10535);
#470=PLANE('',#10536);
#471=PLANE('',#10537);
#472=PLANE('',#10538);
#473=PLANE('',#10539);
#474=PLANE('',#10540);
#475=PLANE('',#10541);
#476=PLANE('',#10542);
#477=PLANE('',#10543);
#478=PLANE('',#10544);
#479=PLANE('',#10545);
#480=PLANE('',#10546);
#481=PLANE('',#10547);
#482=PLANE('',#10548);
#483=PLANE('',#10549);
#484=PLANE('',#10550);
#485=PLANE('',#10551);
#486=PLANE('',#10552);
#487=PLANE('',#10553);
#488=PLANE('',#10554);
#489=PLANE('',#10555);
#490=PLANE('',#10556);
#491=PLANE('',#10557);
#492=PLANE('',#10558);
#493=PLANE('',#10559);
#494=PLANE('',#10560);
#495=PLANE('',#10561);
#496=PLANE('',#10562);
#497=PLANE('',#10563);
#498=PLANE('',#10564);
#499=PLANE('',#10565);
#500=PLANE('',#10566);
#501=PLANE('',#10567);
#502=PLANE('',#10570);
#503=PLANE('',#10571);
#504=PLANE('',#10572);
#505=PLANE('',#10573);
#506=PLANE('',#10574);
#507=PLANE('',#10575);
#508=PLANE('',#10576);
#509=PLANE('',#10577);
#510=PLANE('',#10578);
#511=PLANE('',#10579);
#512=PLANE('',#10580);
#513=PLANE('',#10581);
#514=PLANE('',#10582);
#515=PLANE('',#10583);
#516=PLANE('',#10584);
#517=PLANE('',#10585);
#518=PLANE('',#10586);
#519=PLANE('',#10587);
#520=PLANE('',#10588);
#521=PLANE('',#10589);
#522=PLANE('',#10590);
#523=PLANE('',#10591);
#524=PLANE('',#10592);
#525=PLANE('',#10593);
#526=PLANE('',#10594);
#527=PLANE('',#10595);
#528=PLANE('',#10596);
#529=PLANE('',#10597);
#530=PLANE('',#10598);
#531=PLANE('',#10599);
#532=PLANE('',#10600);
#533=PLANE('',#10601);
#534=PLANE('',#10602);
#535=PLANE('',#10603);
#536=PLANE('',#10604);
#537=PLANE('',#10605);
#538=PLANE('',#10606);
#539=PLANE('',#10607);
#540=PLANE('',#10608);
#541=PLANE('',#10609);
#542=PLANE('',#10610);
#543=PLANE('',#10611);
#544=PLANE('',#10612);
#545=PLANE('',#10613);
#546=PLANE('',#10614);
#547=PLANE('',#10615);
#548=PLANE('',#10616);
#549=PLANE('',#10617);
#550=PLANE('',#10618);
#551=PLANE('',#10619);
#552=PLANE('',#10620);
#553=PLANE('',#10621);
#554=PLANE('',#10622);
#555=PLANE('',#10623);
#556=PLANE('',#10624);
#557=PLANE('',#10625);
#558=PLANE('',#10626);
#559=PLANE('',#10627);
#560=PLANE('',#10628);
#561=PLANE('',#10629);
#562=PLANE('',#10630);
#563=PLANE('',#10631);
#564=PLANE('',#10632);
#565=PLANE('',#10633);
#566=PLANE('',#10634);
#567=PLANE('',#10635);
#568=PLANE('',#10636);
#569=PLANE('',#10637);
#570=PLANE('',#10638);
#571=PLANE('',#10639);
#572=PLANE('',#10640);
#573=PLANE('',#10641);
#574=PLANE('',#10642);
#575=PLANE('',#10643);
#576=PLANE('',#10644);
#577=PLANE('',#10645);
#578=PLANE('',#10646);
#579=PLANE('',#10647);
#580=PLANE('',#10648);
#581=PLANE('',#10649);
#582=PLANE('',#10650);
#583=PLANE('',#10651);
#584=PLANE('',#10652);
#585=PLANE('',#10653);
#586=PLANE('',#10654);
#587=PLANE('',#10655);
#588=PLANE('',#10656);
#589=PLANE('',#10657);
#590=PLANE('',#10658);
#591=PLANE('',#10659);
#592=PLANE('',#10660);
#593=PLANE('',#10661);
#594=PLANE('',#10662);
#595=PLANE('',#10663);
#596=PLANE('',#10664);
#597=PLANE('',#10665);
#598=PLANE('',#10666);
#599=PLANE('',#10667);
#600=PLANE('',#10668);
#601=PLANE('',#10669);
#602=PLANE('',#10670);
#603=PLANE('',#10671);
#604=PLANE('',#10672);
#605=PLANE('',#10673);
#606=PLANE('',#10674);
#607=PLANE('',#10675);
#608=PLANE('',#10676);
#609=PLANE('',#10677);
#610=PLANE('',#10678);
#611=PLANE('',#10679);
#612=PLANE('',#10680);
#613=PLANE('',#10681);
#614=PLANE('',#10682);
#615=PLANE('',#10683);
#616=PLANE('',#10684);
#617=PLANE('',#10685);
#618=PLANE('',#10686);
#619=PLANE('',#10687);
#620=PLANE('',#10688);
#621=PLANE('',#10689);
#622=PLANE('',#10690);
#623=PLANE('',#10691);
#624=PLANE('',#10692);
#625=PLANE('',#10693);
#626=PLANE('',#10694);
#627=PLANE('',#10695);
#628=PLANE('',#10696);
#629=PLANE('',#10697);
#630=PLANE('',#10698);
#631=PLANE('',#10699);
#632=PLANE('',#10700);
#633=PLANE('',#10701);
#634=PLANE('',#10702);
#635=PLANE('',#10703);
#636=PLANE('',#10704);
#637=PLANE('',#10705);
#638=PLANE('',#10706);
#639=PLANE('',#10707);
#640=PLANE('',#10708);
#641=PLANE('',#10709);
#642=PLANE('',#10710);
#643=PLANE('',#10711);
#644=PLANE('',#10712);
#645=PLANE('',#10713);
#646=PLANE('',#10714);
#647=PLANE('',#10715);
#648=PLANE('',#10716);
#649=PLANE('',#10717);
#650=PLANE('',#10718);
#651=PLANE('',#10719);
#652=PLANE('',#10720);
#653=PLANE('',#10721);
#654=PLANE('',#10722);
#655=PLANE('',#10723);
#656=PLANE('',#10724);
#657=PLANE('',#10725);
#658=PLANE('',#10726);
#659=PLANE('',#10727);
#660=PLANE('',#10728);
#661=PLANE('',#10729);
#662=PLANE('',#10730);
#663=PLANE('',#10731);
#664=PLANE('',#10732);
#665=PLANE('',#10733);
#666=PLANE('',#10734);
#667=PLANE('',#10735);
#668=PLANE('',#10736);
#669=PLANE('',#10737);
#670=PLANE('',#10738);
#671=PLANE('',#10739);
#672=PLANE('',#10740);
#673=PLANE('',#10741);
#674=PLANE('',#10742);
#675=PLANE('',#10743);
#676=PLANE('',#10744);
#677=PLANE('',#10745);
#678=PLANE('',#10746);
#679=PLANE('',#10747);
#680=PLANE('',#10748);
#681=PLANE('',#10749);
#682=PLANE('',#10750);
#683=PLANE('',#10751);
#684=PLANE('',#10752);
#685=PLANE('',#10753);
#686=PLANE('',#10754);
#687=PLANE('',#10755);
#688=PLANE('',#10756);
#689=PLANE('',#10757);
#690=PLANE('',#10758);
#691=PLANE('',#10759);
#692=PLANE('',#10760);
#693=PLANE('',#10761);
#694=PLANE('',#10762);
#695=PLANE('',#10763);
#696=PLANE('',#10764);
#697=PLANE('',#10765);
#698=PLANE('',#10766);
#699=PLANE('',#10767);
#700=PLANE('',#10768);
#701=PLANE('',#10769);
#702=PLANE('',#10770);
#703=PLANE('',#10771);
#704=PLANE('',#10772);
#705=PLANE('',#10773);
#706=PLANE('',#10774);
#707=PLANE('',#10775);
#708=PLANE('',#10776);
#709=PLANE('',#10777);
#710=PLANE('',#10778);
#711=PLANE('',#10779);
#712=PLANE('',#10780);
#713=PLANE('',#10781);
#714=PLANE('',#10782);
#715=PLANE('',#10783);
#716=PLANE('',#10784);
#717=PLANE('',#10785);
#718=PLANE('',#10786);
#719=PLANE('',#10787);
#720=PLANE('',#10788);
#721=PLANE('',#10789);
#722=PLANE('',#10790);
#723=PLANE('',#10791);
#724=PLANE('',#10792);
#725=PLANE('',#10793);
#726=PLANE('',#10794);
#727=PLANE('',#10795);
#728=PLANE('',#10796);
#729=PLANE('',#10797);
#730=PLANE('',#10798);
#731=PLANE('',#10799);
#732=PLANE('',#10800);
#733=PLANE('',#10801);
#734=PLANE('',#10802);
#735=PLANE('',#10803);
#736=PLANE('',#10804);
#737=PLANE('',#10805);
#738=PLANE('',#10806);
#739=PLANE('',#10807);
#740=PLANE('',#10808);
#741=PLANE('',#10809);
#742=PLANE('',#10810);
#743=PLANE('',#10811);
#744=PLANE('',#10812);
#745=PLANE('',#10813);
#746=PLANE('',#10814);
#747=PLANE('',#10815);
#748=PLANE('',#10816);
#749=PLANE('',#10817);
#750=PLANE('',#10818);
#751=PLANE('',#10819);
#752=PLANE('',#10820);
#753=PLANE('',#10821);
#754=PLANE('',#10822);
#755=PLANE('',#10823);
#756=PLANE('',#10824);
#757=PLANE('',#10825);
#758=PLANE('',#10826);
#759=PLANE('',#10827);
#760=PLANE('',#10828);
#761=PLANE('',#10829);
#762=PLANE('',#10830);
#763=PLANE('',#10831);
#764=PLANE('',#10832);
#765=PLANE('',#10833);
#766=PLANE('',#10834);
#767=PLANE('',#10835);
#768=PLANE('',#10836);
#769=PLANE('',#10837);
#770=PLANE('',#10838);
#771=PLANE('',#10839);
#772=PLANE('',#10840);
#773=PLANE('',#10841);
#774=PLANE('',#10842);
#775=PLANE('',#10843);
#776=PLANE('',#10844);
#777=PLANE('',#10845);
#778=PLANE('',#10846);
#779=PLANE('',#10847);
#780=PLANE('',#10848);
#781=PLANE('',#10849);
#782=PLANE('',#10850);
#783=PLANE('',#10851);
#784=PLANE('',#10852);
#785=PLANE('',#10853);
#786=PLANE('',#10854);
#787=PLANE('',#10855);
#788=PLANE('',#10856);
#789=PLANE('',#10857);
#790=PLANE('',#10858);
#791=PLANE('',#10859);
#792=PLANE('',#10860);
#793=PLANE('',#10861);
#794=PLANE('',#10862);
#795=PLANE('',#10863);
#796=PLANE('',#10864);
#797=PLANE('',#10865);
#798=PLANE('',#10866);
#799=PLANE('',#10867);
#800=PLANE('',#10868);
#801=PLANE('',#10869);
#802=PLANE('',#10870);
#803=PLANE('',#10871);
#804=PLANE('',#10872);
#805=PLANE('',#10873);
#806=PLANE('',#10874);
#807=PLANE('',#10875);
#808=PLANE('',#10876);
#809=PLANE('',#10877);
#810=PLANE('',#10878);
#811=PLANE('',#10879);
#812=PLANE('',#10880);
#813=PLANE('',#10881);
#814=PLANE('',#10882);
#815=PLANE('',#10883);
#816=PLANE('',#10884);
#817=PLANE('',#10885);
#818=PLANE('',#10886);
#819=PLANE('',#10887);
#820=PLANE('',#10888);
#821=PLANE('',#10889);
#822=PLANE('',#10890);
#823=PLANE('',#10891);
#824=PLANE('',#10892);
#825=PLANE('',#10893);
#826=PLANE('',#10894);
#827=PLANE('',#10895);
#828=PLANE('',#10896);
#829=PLANE('',#10897);
#830=PLANE('',#10898);
#831=PLANE('',#10899);
#832=PLANE('',#10900);
#833=PLANE('',#10901);
#834=PLANE('',#10902);
#835=PLANE('',#10903);
#836=PLANE('',#10904);
#837=PLANE('',#10905);
#838=PLANE('',#10906);
#839=PLANE('',#10907);
#840=PLANE('',#10908);
#841=PLANE('',#10909);
#842=FACE_OUTER_BOUND('',#1475,.T.);
#843=FACE_OUTER_BOUND('',#1476,.T.);
#844=FACE_OUTER_BOUND('',#1477,.T.);
#845=FACE_OUTER_BOUND('',#1478,.T.);
#846=FACE_OUTER_BOUND('',#1479,.T.);
#847=FACE_OUTER_BOUND('',#1480,.T.);
#848=FACE_OUTER_BOUND('',#1481,.T.);
#849=FACE_OUTER_BOUND('',#1482,.T.);
#850=FACE_OUTER_BOUND('',#1483,.T.);
#851=FACE_OUTER_BOUND('',#1484,.T.);
#852=FACE_OUTER_BOUND('',#1485,.T.);
#853=FACE_OUTER_BOUND('',#1486,.T.);
#854=FACE_OUTER_BOUND('',#1487,.T.);
#855=FACE_OUTER_BOUND('',#1488,.T.);
#856=FACE_OUTER_BOUND('',#1489,.T.);
#857=FACE_OUTER_BOUND('',#1490,.T.);
#858=FACE_OUTER_BOUND('',#1491,.T.);
#859=FACE_OUTER_BOUND('',#1492,.T.);
#860=FACE_OUTER_BOUND('',#1493,.T.);
#861=FACE_OUTER_BOUND('',#1494,.T.);
#862=FACE_OUTER_BOUND('',#1495,.T.);
#863=FACE_OUTER_BOUND('',#1496,.T.);
#864=FACE_OUTER_BOUND('',#1497,.T.);
#865=FACE_OUTER_BOUND('',#1498,.T.);
#866=FACE_OUTER_BOUND('',#1499,.T.);
#867=FACE_OUTER_BOUND('',#1500,.T.);
#868=FACE_OUTER_BOUND('',#1501,.T.);
#869=FACE_OUTER_BOUND('',#1502,.T.);
#870=FACE_OUTER_BOUND('',#1503,.T.);
#871=FACE_OUTER_BOUND('',#1504,.T.);
#872=FACE_OUTER_BOUND('',#1505,.T.);
#873=FACE_OUTER_BOUND('',#1506,.T.);
#874=FACE_OUTER_BOUND('',#1507,.T.);
#875=FACE_OUTER_BOUND('',#1508,.T.);
#876=FACE_OUTER_BOUND('',#1509,.T.);
#877=FACE_OUTER_BOUND('',#1510,.T.);
#878=FACE_OUTER_BOUND('',#1511,.T.);
#879=FACE_OUTER_BOUND('',#1512,.T.);
#880=FACE_OUTER_BOUND('',#1514,.T.);
#881=FACE_OUTER_BOUND('',#1515,.T.);
#882=FACE_OUTER_BOUND('',#1517,.T.);
#883=FACE_OUTER_BOUND('',#1518,.T.);
#884=FACE_OUTER_BOUND('',#1520,.T.);
#885=FACE_OUTER_BOUND('',#1521,.T.);
#886=FACE_OUTER_BOUND('',#1523,.T.);
#887=FACE_OUTER_BOUND('',#1524,.T.);
#888=FACE_OUTER_BOUND('',#1530,.T.);
#889=FACE_OUTER_BOUND('',#1531,.T.);
#890=FACE_OUTER_BOUND('',#1532,.T.);
#891=FACE_OUTER_BOUND('',#1539,.T.);
#892=FACE_OUTER_BOUND('',#1544,.T.);
#893=FACE_OUTER_BOUND('',#1545,.T.);
#894=FACE_OUTER_BOUND('',#1546,.T.);
#895=FACE_OUTER_BOUND('',#1547,.T.);
#896=FACE_OUTER_BOUND('',#1548,.T.);
#897=FACE_OUTER_BOUND('',#1549,.T.);
#898=FACE_OUTER_BOUND('',#1550,.T.);
#899=FACE_OUTER_BOUND('',#1551,.T.);
#900=FACE_OUTER_BOUND('',#1552,.T.);
#901=FACE_OUTER_BOUND('',#1553,.T.);
#902=FACE_OUTER_BOUND('',#1554,.T.);
#903=FACE_OUTER_BOUND('',#1555,.T.);
#904=FACE_OUTER_BOUND('',#1560,.T.);
#905=FACE_OUTER_BOUND('',#1567,.T.);
#906=FACE_OUTER_BOUND('',#1568,.T.);
#907=FACE_OUTER_BOUND('',#1569,.T.);
#908=FACE_OUTER_BOUND('',#1570,.T.);
#909=FACE_OUTER_BOUND('',#1571,.T.);
#910=FACE_OUTER_BOUND('',#1572,.T.);
#911=FACE_OUTER_BOUND('',#1573,.T.);
#912=FACE_OUTER_BOUND('',#1574,.T.);
#913=FACE_OUTER_BOUND('',#1576,.T.);
#914=FACE_OUTER_BOUND('',#1577,.T.);
#915=FACE_OUTER_BOUND('',#1578,.T.);
#916=FACE_OUTER_BOUND('',#1580,.T.);
#917=FACE_OUTER_BOUND('',#1581,.T.);
#918=FACE_OUTER_BOUND('',#1582,.T.);
#919=FACE_OUTER_BOUND('',#1583,.T.);
#920=FACE_OUTER_BOUND('',#1591,.T.);
#921=FACE_OUTER_BOUND('',#1592,.T.);
#922=FACE_OUTER_BOUND('',#1593,.T.);
#923=FACE_OUTER_BOUND('',#1594,.T.);
#924=FACE_OUTER_BOUND('',#1595,.T.);
#925=FACE_OUTER_BOUND('',#1596,.T.);
#926=FACE_OUTER_BOUND('',#1597,.T.);
#927=FACE_OUTER_BOUND('',#1605,.T.);
#928=FACE_OUTER_BOUND('',#1606,.T.);
#929=FACE_OUTER_BOUND('',#1607,.T.);
#930=FACE_OUTER_BOUND('',#1608,.T.);
#931=FACE_OUTER_BOUND('',#1609,.T.);
#932=FACE_OUTER_BOUND('',#1610,.T.);
#933=FACE_OUTER_BOUND('',#1611,.T.);
#934=FACE_OUTER_BOUND('',#1612,.T.);
#935=FACE_OUTER_BOUND('',#1613,.T.);
#936=FACE_OUTER_BOUND('',#1614,.T.);
#937=FACE_OUTER_BOUND('',#1615,.T.);
#938=FACE_OUTER_BOUND('',#1616,.T.);
#939=FACE_OUTER_BOUND('',#1617,.T.);
#940=FACE_OUTER_BOUND('',#1618,.T.);
#941=FACE_OUTER_BOUND('',#1619,.T.);
#942=FACE_OUTER_BOUND('',#1620,.T.);
#943=FACE_OUTER_BOUND('',#1621,.T.);
#944=FACE_OUTER_BOUND('',#1622,.T.);
#945=FACE_OUTER_BOUND('',#1623,.T.);
#946=FACE_OUTER_BOUND('',#1624,.T.);
#947=FACE_OUTER_BOUND('',#1625,.T.);
#948=FACE_OUTER_BOUND('',#1626,.T.);
#949=FACE_OUTER_BOUND('',#1627,.T.);
#950=FACE_OUTER_BOUND('',#1628,.T.);
#951=FACE_OUTER_BOUND('',#1629,.T.);
#952=FACE_OUTER_BOUND('',#1630,.T.);
#953=FACE_OUTER_BOUND('',#1631,.T.);
#954=FACE_OUTER_BOUND('',#1632,.T.);
#955=FACE_OUTER_BOUND('',#1637,.T.);
#956=FACE_OUTER_BOUND('',#1642,.T.);
#957=FACE_OUTER_BOUND('',#1643,.T.);
#958=FACE_OUTER_BOUND('',#1644,.T.);
#959=FACE_OUTER_BOUND('',#1645,.T.);
#960=FACE_OUTER_BOUND('',#1646,.T.);
#961=FACE_OUTER_BOUND('',#1647,.T.);
#962=FACE_OUTER_BOUND('',#1648,.T.);
#963=FACE_OUTER_BOUND('',#1649,.T.);
#964=FACE_OUTER_BOUND('',#1650,.T.);
#965=FACE_OUTER_BOUND('',#1651,.T.);
#966=FACE_OUTER_BOUND('',#1652,.T.);
#967=FACE_OUTER_BOUND('',#1653,.T.);
#968=FACE_OUTER_BOUND('',#1654,.T.);
#969=FACE_OUTER_BOUND('',#1655,.T.);
#970=FACE_OUTER_BOUND('',#1656,.T.);
#971=FACE_OUTER_BOUND('',#1657,.T.);
#972=FACE_OUTER_BOUND('',#1658,.T.);
#973=FACE_OUTER_BOUND('',#1659,.T.);
#974=FACE_OUTER_BOUND('',#1660,.T.);
#975=FACE_OUTER_BOUND('',#1661,.T.);
#976=FACE_OUTER_BOUND('',#1662,.T.);
#977=FACE_OUTER_BOUND('',#1663,.T.);
#978=FACE_OUTER_BOUND('',#1664,.T.);
#979=FACE_OUTER_BOUND('',#1665,.T.);
#980=FACE_OUTER_BOUND('',#1666,.T.);
#981=FACE_OUTER_BOUND('',#1667,.T.);
#982=FACE_OUTER_BOUND('',#1668,.T.);
#983=FACE_OUTER_BOUND('',#1669,.T.);
#984=FACE_OUTER_BOUND('',#1670,.T.);
#985=FACE_OUTER_BOUND('',#1671,.T.);
#986=FACE_OUTER_BOUND('',#1672,.T.);
#987=FACE_OUTER_BOUND('',#1673,.T.);
#988=FACE_OUTER_BOUND('',#1674,.T.);
#989=FACE_OUTER_BOUND('',#1675,.T.);
#990=FACE_OUTER_BOUND('',#1676,.T.);
#991=FACE_OUTER_BOUND('',#1677,.T.);
#992=FACE_OUTER_BOUND('',#1678,.T.);
#993=FACE_OUTER_BOUND('',#1679,.T.);
#994=FACE_OUTER_BOUND('',#1680,.T.);
#995=FACE_OUTER_BOUND('',#1681,.T.);
#996=FACE_OUTER_BOUND('',#1682,.T.);
#997=FACE_OUTER_BOUND('',#1683,.T.);
#998=FACE_OUTER_BOUND('',#1684,.T.);
#999=FACE_OUTER_BOUND('',#1685,.T.);
#1000=FACE_OUTER_BOUND('',#1686,.T.);
#1001=FACE_OUTER_BOUND('',#1687,.T.);
#1002=FACE_OUTER_BOUND('',#1688,.T.);
#1003=FACE_OUTER_BOUND('',#1689,.T.);
#1004=FACE_OUTER_BOUND('',#1690,.T.);
#1005=FACE_OUTER_BOUND('',#1691,.T.);
#1006=FACE_OUTER_BOUND('',#1692,.T.);
#1007=FACE_OUTER_BOUND('',#1693,.T.);
#1008=FACE_OUTER_BOUND('',#1694,.T.);
#1009=FACE_OUTER_BOUND('',#1695,.T.);
#1010=FACE_OUTER_BOUND('',#1696,.T.);
#1011=FACE_OUTER_BOUND('',#1697,.T.);
#1012=FACE_OUTER_BOUND('',#1698,.T.);
#1013=FACE_OUTER_BOUND('',#1699,.T.);
#1014=FACE_OUTER_BOUND('',#1700,.T.);
#1015=FACE_OUTER_BOUND('',#1701,.T.);
#1016=FACE_OUTER_BOUND('',#1702,.T.);
#1017=FACE_OUTER_BOUND('',#1703,.T.);
#1018=FACE_OUTER_BOUND('',#1704,.T.);
#1019=FACE_OUTER_BOUND('',#1705,.T.);
#1020=FACE_OUTER_BOUND('',#1706,.T.);
#1021=FACE_OUTER_BOUND('',#1707,.T.);
#1022=FACE_OUTER_BOUND('',#1708,.T.);
#1023=FACE_OUTER_BOUND('',#1709,.T.);
#1024=FACE_OUTER_BOUND('',#1710,.T.);
#1025=FACE_OUTER_BOUND('',#1711,.T.);
#1026=FACE_OUTER_BOUND('',#1712,.T.);
#1027=FACE_OUTER_BOUND('',#1713,.T.);
#1028=FACE_OUTER_BOUND('',#1714,.T.);
#1029=FACE_OUTER_BOUND('',#1715,.T.);
#1030=FACE_OUTER_BOUND('',#1716,.T.);
#1031=FACE_OUTER_BOUND('',#1717,.T.);
#1032=FACE_OUTER_BOUND('',#1718,.T.);
#1033=FACE_OUTER_BOUND('',#1719,.T.);
#1034=FACE_OUTER_BOUND('',#1720,.T.);
#1035=FACE_OUTER_BOUND('',#1721,.T.);
#1036=FACE_OUTER_BOUND('',#1722,.T.);
#1037=FACE_OUTER_BOUND('',#1723,.T.);
#1038=FACE_OUTER_BOUND('',#1724,.T.);
#1039=FACE_OUTER_BOUND('',#1725,.T.);
#1040=FACE_OUTER_BOUND('',#1726,.T.);
#1041=FACE_OUTER_BOUND('',#1727,.T.);
#1042=FACE_OUTER_BOUND('',#1728,.T.);
#1043=FACE_OUTER_BOUND('',#1729,.T.);
#1044=FACE_OUTER_BOUND('',#1730,.T.);
#1045=FACE_OUTER_BOUND('',#1731,.T.);
#1046=FACE_OUTER_BOUND('',#1732,.T.);
#1047=FACE_OUTER_BOUND('',#1733,.T.);
#1048=FACE_OUTER_BOUND('',#1734,.T.);
#1049=FACE_OUTER_BOUND('',#1735,.T.);
#1050=FACE_OUTER_BOUND('',#1736,.T.);
#1051=FACE_OUTER_BOUND('',#1737,.T.);
#1052=FACE_OUTER_BOUND('',#1738,.T.);
#1053=FACE_OUTER_BOUND('',#1739,.T.);
#1054=FACE_OUTER_BOUND('',#1740,.T.);
#1055=FACE_OUTER_BOUND('',#1741,.T.);
#1056=FACE_OUTER_BOUND('',#1742,.T.);
#1057=FACE_OUTER_BOUND('',#1743,.T.);
#1058=FACE_OUTER_BOUND('',#1744,.T.);
#1059=FACE_OUTER_BOUND('',#1745,.T.);
#1060=FACE_OUTER_BOUND('',#1746,.T.);
#1061=FACE_OUTER_BOUND('',#1747,.T.);
#1062=FACE_OUTER_BOUND('',#1748,.T.);
#1063=FACE_OUTER_BOUND('',#1749,.T.);
#1064=FACE_OUTER_BOUND('',#1750,.T.);
#1065=FACE_OUTER_BOUND('',#1751,.T.);
#1066=FACE_OUTER_BOUND('',#1752,.T.);
#1067=FACE_OUTER_BOUND('',#1753,.T.);
#1068=FACE_OUTER_BOUND('',#1754,.T.);
#1069=FACE_OUTER_BOUND('',#1755,.T.);
#1070=FACE_OUTER_BOUND('',#1756,.T.);
#1071=FACE_OUTER_BOUND('',#1757,.T.);
#1072=FACE_OUTER_BOUND('',#1758,.T.);
#1073=FACE_OUTER_BOUND('',#1759,.T.);
#1074=FACE_OUTER_BOUND('',#1760,.T.);
#1075=FACE_OUTER_BOUND('',#1761,.T.);
#1076=FACE_OUTER_BOUND('',#1762,.T.);
#1077=FACE_OUTER_BOUND('',#1763,.T.);
#1078=FACE_OUTER_BOUND('',#1764,.T.);
#1079=FACE_OUTER_BOUND('',#1765,.T.);
#1080=FACE_OUTER_BOUND('',#1766,.T.);
#1081=FACE_OUTER_BOUND('',#1767,.T.);
#1082=FACE_OUTER_BOUND('',#1768,.T.);
#1083=FACE_OUTER_BOUND('',#1769,.T.);
#1084=FACE_OUTER_BOUND('',#1770,.T.);
#1085=FACE_OUTER_BOUND('',#1771,.T.);
#1086=FACE_OUTER_BOUND('',#1772,.T.);
#1087=FACE_OUTER_BOUND('',#1773,.T.);
#1088=FACE_OUTER_BOUND('',#1774,.T.);
#1089=FACE_OUTER_BOUND('',#1775,.T.);
#1090=FACE_OUTER_BOUND('',#1776,.T.);
#1091=FACE_OUTER_BOUND('',#1777,.T.);
#1092=FACE_OUTER_BOUND('',#1778,.T.);
#1093=FACE_OUTER_BOUND('',#1779,.T.);
#1094=FACE_OUTER_BOUND('',#1780,.T.);
#1095=FACE_OUTER_BOUND('',#1781,.T.);
#1096=FACE_OUTER_BOUND('',#1782,.T.);
#1097=FACE_OUTER_BOUND('',#1783,.T.);
#1098=FACE_OUTER_BOUND('',#1784,.T.);
#1099=FACE_OUTER_BOUND('',#1785,.T.);
#1100=FACE_OUTER_BOUND('',#1786,.T.);
#1101=FACE_OUTER_BOUND('',#1787,.T.);
#1102=FACE_OUTER_BOUND('',#1788,.T.);
#1103=FACE_OUTER_BOUND('',#1789,.T.);
#1104=FACE_OUTER_BOUND('',#1790,.T.);
#1105=FACE_OUTER_BOUND('',#1791,.T.);
#1106=FACE_OUTER_BOUND('',#1792,.T.);
#1107=FACE_OUTER_BOUND('',#1793,.T.);
#1108=FACE_OUTER_BOUND('',#1794,.T.);
#1109=FACE_OUTER_BOUND('',#1795,.T.);
#1110=FACE_OUTER_BOUND('',#1796,.T.);
#1111=FACE_OUTER_BOUND('',#1797,.T.);
#1112=FACE_OUTER_BOUND('',#1798,.T.);
#1113=FACE_OUTER_BOUND('',#1799,.T.);
#1114=FACE_OUTER_BOUND('',#1800,.T.);
#1115=FACE_OUTER_BOUND('',#1801,.T.);
#1116=FACE_OUTER_BOUND('',#1802,.T.);
#1117=FACE_OUTER_BOUND('',#1803,.T.);
#1118=FACE_OUTER_BOUND('',#1804,.T.);
#1119=FACE_OUTER_BOUND('',#1805,.T.);
#1120=FACE_OUTER_BOUND('',#1806,.T.);
#1121=FACE_OUTER_BOUND('',#1807,.T.);
#1122=FACE_OUTER_BOUND('',#1808,.T.);
#1123=FACE_OUTER_BOUND('',#1809,.T.);
#1124=FACE_OUTER_BOUND('',#1810,.T.);
#1125=FACE_OUTER_BOUND('',#1811,.T.);
#1126=FACE_OUTER_BOUND('',#1812,.T.);
#1127=FACE_OUTER_BOUND('',#1813,.T.);
#1128=FACE_OUTER_BOUND('',#1814,.T.);
#1129=FACE_OUTER_BOUND('',#1815,.T.);
#1130=FACE_OUTER_BOUND('',#1816,.T.);
#1131=FACE_OUTER_BOUND('',#1817,.T.);
#1132=FACE_OUTER_BOUND('',#1818,.T.);
#1133=FACE_OUTER_BOUND('',#1819,.T.);
#1134=FACE_OUTER_BOUND('',#1820,.T.);
#1135=FACE_OUTER_BOUND('',#1821,.T.);
#1136=FACE_OUTER_BOUND('',#1822,.T.);
#1137=FACE_OUTER_BOUND('',#1823,.T.);
#1138=FACE_OUTER_BOUND('',#1824,.T.);
#1139=FACE_OUTER_BOUND('',#1825,.T.);
#1140=FACE_OUTER_BOUND('',#1826,.T.);
#1141=FACE_OUTER_BOUND('',#1828,.T.);
#1142=FACE_OUTER_BOUND('',#1829,.T.);
#1143=FACE_OUTER_BOUND('',#1830,.T.);
#1144=FACE_OUTER_BOUND('',#1831,.T.);
#1145=FACE_OUTER_BOUND('',#1832,.T.);
#1146=FACE_OUTER_BOUND('',#1833,.T.);
#1147=FACE_OUTER_BOUND('',#1834,.T.);
#1148=FACE_OUTER_BOUND('',#1835,.T.);
#1149=FACE_OUTER_BOUND('',#1836,.T.);
#1150=FACE_OUTER_BOUND('',#1838,.T.);
#1151=FACE_OUTER_BOUND('',#1839,.T.);
#1152=FACE_OUTER_BOUND('',#1840,.T.);
#1153=FACE_OUTER_BOUND('',#1841,.T.);
#1154=FACE_OUTER_BOUND('',#1842,.T.);
#1155=FACE_OUTER_BOUND('',#1843,.T.);
#1156=FACE_OUTER_BOUND('',#1844,.T.);
#1157=FACE_OUTER_BOUND('',#1845,.T.);
#1158=FACE_OUTER_BOUND('',#1846,.T.);
#1159=FACE_OUTER_BOUND('',#1847,.T.);
#1160=FACE_OUTER_BOUND('',#1848,.T.);
#1161=FACE_OUTER_BOUND('',#1849,.T.);
#1162=FACE_OUTER_BOUND('',#1850,.T.);
#1163=FACE_OUTER_BOUND('',#1851,.T.);
#1164=FACE_OUTER_BOUND('',#1852,.T.);
#1165=FACE_OUTER_BOUND('',#1853,.T.);
#1166=FACE_OUTER_BOUND('',#1854,.T.);
#1167=FACE_OUTER_BOUND('',#1855,.T.);
#1168=FACE_OUTER_BOUND('',#1856,.T.);
#1169=FACE_OUTER_BOUND('',#1857,.T.);
#1170=FACE_OUTER_BOUND('',#1858,.T.);
#1171=FACE_OUTER_BOUND('',#1859,.T.);
#1172=FACE_OUTER_BOUND('',#1860,.T.);
#1173=FACE_OUTER_BOUND('',#1861,.T.);
#1174=FACE_OUTER_BOUND('',#1862,.T.);
#1175=FACE_OUTER_BOUND('',#1863,.T.);
#1176=FACE_OUTER_BOUND('',#1864,.T.);
#1177=FACE_OUTER_BOUND('',#1865,.T.);
#1178=FACE_OUTER_BOUND('',#1866,.T.);
#1179=FACE_OUTER_BOUND('',#1867,.T.);
#1180=FACE_OUTER_BOUND('',#1868,.T.);
#1181=FACE_OUTER_BOUND('',#1869,.T.);
#1182=FACE_OUTER_BOUND('',#1870,.T.);
#1183=FACE_OUTER_BOUND('',#1871,.T.);
#1184=FACE_OUTER_BOUND('',#1872,.T.);
#1185=FACE_OUTER_BOUND('',#1873,.T.);
#1186=FACE_OUTER_BOUND('',#1874,.T.);
#1187=FACE_OUTER_BOUND('',#1875,.T.);
#1188=FACE_OUTER_BOUND('',#1876,.T.);
#1189=FACE_OUTER_BOUND('',#1877,.T.);
#1190=FACE_OUTER_BOUND('',#1878,.T.);
#1191=FACE_OUTER_BOUND('',#1879,.T.);
#1192=FACE_OUTER_BOUND('',#1880,.T.);
#1193=FACE_OUTER_BOUND('',#1881,.T.);
#1194=FACE_OUTER_BOUND('',#1882,.T.);
#1195=FACE_OUTER_BOUND('',#1883,.T.);
#1196=FACE_OUTER_BOUND('',#1884,.T.);
#1197=FACE_OUTER_BOUND('',#1885,.T.);
#1198=FACE_OUTER_BOUND('',#1886,.T.);
#1199=FACE_OUTER_BOUND('',#1887,.T.);
#1200=FACE_OUTER_BOUND('',#1888,.T.);
#1201=FACE_OUTER_BOUND('',#1889,.T.);
#1202=FACE_OUTER_BOUND('',#1890,.T.);
#1203=FACE_OUTER_BOUND('',#1891,.T.);
#1204=FACE_OUTER_BOUND('',#1892,.T.);
#1205=FACE_OUTER_BOUND('',#1893,.T.);
#1206=FACE_OUTER_BOUND('',#1894,.T.);
#1207=FACE_OUTER_BOUND('',#1895,.T.);
#1208=FACE_OUTER_BOUND('',#1896,.T.);
#1209=FACE_OUTER_BOUND('',#1897,.T.);
#1210=FACE_OUTER_BOUND('',#1898,.T.);
#1211=FACE_OUTER_BOUND('',#1899,.T.);
#1212=FACE_OUTER_BOUND('',#1900,.T.);
#1213=FACE_OUTER_BOUND('',#1901,.T.);
#1214=FACE_OUTER_BOUND('',#1902,.T.);
#1215=FACE_OUTER_BOUND('',#1903,.T.);
#1216=FACE_OUTER_BOUND('',#1904,.T.);
#1217=FACE_OUTER_BOUND('',#1905,.T.);
#1218=FACE_OUTER_BOUND('',#1906,.T.);
#1219=FACE_OUTER_BOUND('',#1907,.T.);
#1220=FACE_OUTER_BOUND('',#1908,.T.);
#1221=FACE_OUTER_BOUND('',#1909,.T.);
#1222=FACE_OUTER_BOUND('',#1910,.T.);
#1223=FACE_OUTER_BOUND('',#1911,.T.);
#1224=FACE_OUTER_BOUND('',#1912,.T.);
#1225=FACE_OUTER_BOUND('',#1913,.T.);
#1226=FACE_OUTER_BOUND('',#1914,.T.);
#1227=FACE_OUTER_BOUND('',#1915,.T.);
#1228=FACE_OUTER_BOUND('',#1916,.T.);
#1229=FACE_OUTER_BOUND('',#1917,.T.);
#1230=FACE_OUTER_BOUND('',#1918,.T.);
#1231=FACE_OUTER_BOUND('',#1919,.T.);
#1232=FACE_OUTER_BOUND('',#1920,.T.);
#1233=FACE_OUTER_BOUND('',#1921,.T.);
#1234=FACE_OUTER_BOUND('',#1922,.T.);
#1235=FACE_OUTER_BOUND('',#1923,.T.);
#1236=FACE_OUTER_BOUND('',#1924,.T.);
#1237=FACE_OUTER_BOUND('',#1925,.T.);
#1238=FACE_OUTER_BOUND('',#1926,.T.);
#1239=FACE_OUTER_BOUND('',#1927,.T.);
#1240=FACE_OUTER_BOUND('',#1928,.T.);
#1241=FACE_OUTER_BOUND('',#1929,.T.);
#1242=FACE_OUTER_BOUND('',#1930,.T.);
#1243=FACE_OUTER_BOUND('',#1931,.T.);
#1244=FACE_OUTER_BOUND('',#1932,.T.);
#1245=FACE_OUTER_BOUND('',#1933,.T.);
#1246=FACE_OUTER_BOUND('',#1934,.T.);
#1247=FACE_OUTER_BOUND('',#1935,.T.);
#1248=FACE_OUTER_BOUND('',#1936,.T.);
#1249=FACE_OUTER_BOUND('',#1937,.T.);
#1250=FACE_OUTER_BOUND('',#1938,.T.);
#1251=FACE_OUTER_BOUND('',#1939,.T.);
#1252=FACE_OUTER_BOUND('',#1940,.T.);
#1253=FACE_OUTER_BOUND('',#1941,.T.);
#1254=FACE_OUTER_BOUND('',#1942,.T.);
#1255=FACE_OUTER_BOUND('',#1943,.T.);
#1256=FACE_OUTER_BOUND('',#1944,.T.);
#1257=FACE_OUTER_BOUND('',#1945,.T.);
#1258=FACE_OUTER_BOUND('',#1946,.T.);
#1259=FACE_OUTER_BOUND('',#1947,.T.);
#1260=FACE_OUTER_BOUND('',#1948,.T.);
#1261=FACE_OUTER_BOUND('',#1949,.T.);
#1262=FACE_OUTER_BOUND('',#1950,.T.);
#1263=FACE_OUTER_BOUND('',#1951,.T.);
#1264=FACE_OUTER_BOUND('',#1952,.T.);
#1265=FACE_OUTER_BOUND('',#1953,.T.);
#1266=FACE_OUTER_BOUND('',#1954,.T.);
#1267=FACE_OUTER_BOUND('',#1955,.T.);
#1268=FACE_OUTER_BOUND('',#1956,.T.);
#1269=FACE_OUTER_BOUND('',#1957,.T.);
#1270=FACE_OUTER_BOUND('',#1958,.T.);
#1271=FACE_OUTER_BOUND('',#1959,.T.);
#1272=FACE_OUTER_BOUND('',#1960,.T.);
#1273=FACE_OUTER_BOUND('',#1961,.T.);
#1274=FACE_OUTER_BOUND('',#1962,.T.);
#1275=FACE_OUTER_BOUND('',#1963,.T.);
#1276=FACE_OUTER_BOUND('',#1964,.T.);
#1277=FACE_OUTER_BOUND('',#1965,.T.);
#1278=FACE_OUTER_BOUND('',#1966,.T.);
#1279=FACE_OUTER_BOUND('',#1967,.T.);
#1280=FACE_OUTER_BOUND('',#1968,.T.);
#1281=FACE_OUTER_BOUND('',#1969,.T.);
#1282=FACE_OUTER_BOUND('',#1970,.T.);
#1283=FACE_OUTER_BOUND('',#1971,.T.);
#1284=FACE_OUTER_BOUND('',#1972,.T.);
#1285=FACE_OUTER_BOUND('',#1973,.T.);
#1286=FACE_OUTER_BOUND('',#1974,.T.);
#1287=FACE_OUTER_BOUND('',#1975,.T.);
#1288=FACE_OUTER_BOUND('',#1976,.T.);
#1289=FACE_OUTER_BOUND('',#1977,.T.);
#1290=FACE_OUTER_BOUND('',#1978,.T.);
#1291=FACE_OUTER_BOUND('',#1979,.T.);
#1292=FACE_OUTER_BOUND('',#1980,.T.);
#1293=FACE_OUTER_BOUND('',#1981,.T.);
#1294=FACE_OUTER_BOUND('',#1982,.T.);
#1295=FACE_OUTER_BOUND('',#1983,.T.);
#1296=FACE_OUTER_BOUND('',#1984,.T.);
#1297=FACE_OUTER_BOUND('',#1985,.T.);
#1298=FACE_OUTER_BOUND('',#1986,.T.);
#1299=FACE_OUTER_BOUND('',#1987,.T.);
#1300=FACE_OUTER_BOUND('',#1988,.T.);
#1301=FACE_OUTER_BOUND('',#1989,.T.);
#1302=FACE_OUTER_BOUND('',#1990,.T.);
#1303=FACE_OUTER_BOUND('',#1991,.T.);
#1304=FACE_OUTER_BOUND('',#1992,.T.);
#1305=FACE_OUTER_BOUND('',#1993,.T.);
#1306=FACE_OUTER_BOUND('',#1994,.T.);
#1307=FACE_OUTER_BOUND('',#1995,.T.);
#1308=FACE_OUTER_BOUND('',#1996,.T.);
#1309=FACE_OUTER_BOUND('',#1997,.T.);
#1310=FACE_OUTER_BOUND('',#1998,.T.);
#1311=FACE_OUTER_BOUND('',#1999,.T.);
#1312=FACE_OUTER_BOUND('',#2000,.T.);
#1313=FACE_OUTER_BOUND('',#2001,.T.);
#1314=FACE_OUTER_BOUND('',#2002,.T.);
#1315=FACE_OUTER_BOUND('',#2003,.T.);
#1316=FACE_OUTER_BOUND('',#2004,.T.);
#1317=FACE_OUTER_BOUND('',#2005,.T.);
#1318=FACE_OUTER_BOUND('',#2006,.T.);
#1319=FACE_OUTER_BOUND('',#2007,.T.);
#1320=FACE_OUTER_BOUND('',#2008,.T.);
#1321=FACE_OUTER_BOUND('',#2009,.T.);
#1322=FACE_OUTER_BOUND('',#2010,.T.);
#1323=FACE_OUTER_BOUND('',#2011,.T.);
#1324=FACE_OUTER_BOUND('',#2012,.T.);
#1325=FACE_OUTER_BOUND('',#2013,.T.);
#1326=FACE_OUTER_BOUND('',#2014,.T.);
#1327=FACE_OUTER_BOUND('',#2015,.T.);
#1328=FACE_OUTER_BOUND('',#2016,.T.);
#1329=FACE_OUTER_BOUND('',#2017,.T.);
#1330=FACE_OUTER_BOUND('',#2018,.T.);
#1331=FACE_OUTER_BOUND('',#2019,.T.);
#1332=FACE_OUTER_BOUND('',#2020,.T.);
#1333=FACE_OUTER_BOUND('',#2021,.T.);
#1334=FACE_OUTER_BOUND('',#2022,.T.);
#1335=FACE_OUTER_BOUND('',#2023,.T.);
#1336=FACE_OUTER_BOUND('',#2024,.T.);
#1337=FACE_OUTER_BOUND('',#2025,.T.);
#1338=FACE_OUTER_BOUND('',#2026,.T.);
#1339=FACE_OUTER_BOUND('',#2027,.T.);
#1340=FACE_OUTER_BOUND('',#2028,.T.);
#1341=FACE_OUTER_BOUND('',#2029,.T.);
#1342=FACE_OUTER_BOUND('',#2030,.T.);
#1343=FACE_OUTER_BOUND('',#2031,.T.);
#1344=FACE_OUTER_BOUND('',#2032,.T.);
#1345=FACE_OUTER_BOUND('',#2033,.T.);
#1346=FACE_OUTER_BOUND('',#2034,.T.);
#1347=FACE_OUTER_BOUND('',#2035,.T.);
#1348=FACE_OUTER_BOUND('',#2036,.T.);
#1349=FACE_OUTER_BOUND('',#2037,.T.);
#1350=FACE_OUTER_BOUND('',#2038,.T.);
#1351=FACE_OUTER_BOUND('',#2039,.T.);
#1352=FACE_OUTER_BOUND('',#2040,.T.);
#1353=FACE_OUTER_BOUND('',#2041,.T.);
#1354=FACE_OUTER_BOUND('',#2042,.T.);
#1355=FACE_OUTER_BOUND('',#2043,.T.);
#1356=FACE_OUTER_BOUND('',#2044,.T.);
#1357=FACE_OUTER_BOUND('',#2045,.T.);
#1358=FACE_OUTER_BOUND('',#2046,.T.);
#1359=FACE_OUTER_BOUND('',#2047,.T.);
#1360=FACE_OUTER_BOUND('',#2048,.T.);
#1361=FACE_OUTER_BOUND('',#2049,.T.);
#1362=FACE_OUTER_BOUND('',#2050,.T.);
#1363=FACE_OUTER_BOUND('',#2051,.T.);
#1364=FACE_OUTER_BOUND('',#2052,.T.);
#1365=FACE_OUTER_BOUND('',#2053,.T.);
#1366=FACE_OUTER_BOUND('',#2054,.T.);
#1367=FACE_OUTER_BOUND('',#2055,.T.);
#1368=FACE_OUTER_BOUND('',#2056,.T.);
#1369=FACE_OUTER_BOUND('',#2057,.T.);
#1370=FACE_OUTER_BOUND('',#2058,.T.);
#1371=FACE_OUTER_BOUND('',#2059,.T.);
#1372=FACE_OUTER_BOUND('',#2060,.T.);
#1373=FACE_OUTER_BOUND('',#2061,.T.);
#1374=FACE_OUTER_BOUND('',#2062,.T.);
#1375=FACE_OUTER_BOUND('',#2063,.T.);
#1376=FACE_OUTER_BOUND('',#2064,.T.);
#1377=FACE_OUTER_BOUND('',#2065,.T.);
#1378=FACE_OUTER_BOUND('',#2066,.T.);
#1379=FACE_OUTER_BOUND('',#2067,.T.);
#1380=FACE_OUTER_BOUND('',#2068,.T.);
#1381=FACE_OUTER_BOUND('',#2069,.T.);
#1382=FACE_OUTER_BOUND('',#2070,.T.);
#1383=FACE_OUTER_BOUND('',#2071,.T.);
#1384=FACE_OUTER_BOUND('',#2072,.T.);
#1385=FACE_OUTER_BOUND('',#2073,.T.);
#1386=FACE_OUTER_BOUND('',#2074,.T.);
#1387=FACE_OUTER_BOUND('',#2075,.T.);
#1388=FACE_OUTER_BOUND('',#2076,.T.);
#1389=FACE_OUTER_BOUND('',#2077,.T.);
#1390=FACE_OUTER_BOUND('',#2078,.T.);
#1391=FACE_OUTER_BOUND('',#2079,.T.);
#1392=FACE_OUTER_BOUND('',#2080,.T.);
#1393=FACE_OUTER_BOUND('',#2081,.T.);
#1394=FACE_OUTER_BOUND('',#2082,.T.);
#1395=FACE_OUTER_BOUND('',#2083,.T.);
#1396=FACE_OUTER_BOUND('',#2084,.T.);
#1397=FACE_OUTER_BOUND('',#2085,.T.);
#1398=FACE_OUTER_BOUND('',#2086,.T.);
#1399=FACE_OUTER_BOUND('',#2087,.T.);
#1400=FACE_OUTER_BOUND('',#2088,.T.);
#1401=FACE_OUTER_BOUND('',#2089,.T.);
#1402=FACE_OUTER_BOUND('',#2090,.T.);
#1403=FACE_OUTER_BOUND('',#2091,.T.);
#1404=FACE_OUTER_BOUND('',#2092,.T.);
#1405=FACE_OUTER_BOUND('',#2093,.T.);
#1406=FACE_OUTER_BOUND('',#2094,.T.);
#1407=FACE_OUTER_BOUND('',#2095,.T.);
#1408=FACE_OUTER_BOUND('',#2096,.T.);
#1409=FACE_OUTER_BOUND('',#2097,.T.);
#1410=FACE_OUTER_BOUND('',#2098,.T.);
#1411=FACE_OUTER_BOUND('',#2099,.T.);
#1412=FACE_OUTER_BOUND('',#2100,.T.);
#1413=FACE_OUTER_BOUND('',#2101,.T.);
#1414=FACE_OUTER_BOUND('',#2102,.T.);
#1415=FACE_OUTER_BOUND('',#2103,.T.);
#1416=FACE_OUTER_BOUND('',#2104,.T.);
#1417=FACE_OUTER_BOUND('',#2105,.T.);
#1418=FACE_OUTER_BOUND('',#2106,.T.);
#1419=FACE_OUTER_BOUND('',#2107,.T.);
#1420=FACE_OUTER_BOUND('',#2108,.T.);
#1421=FACE_OUTER_BOUND('',#2109,.T.);
#1422=FACE_OUTER_BOUND('',#2110,.T.);
#1423=FACE_OUTER_BOUND('',#2111,.T.);
#1424=FACE_OUTER_BOUND('',#2112,.T.);
#1425=FACE_OUTER_BOUND('',#2113,.T.);
#1426=FACE_OUTER_BOUND('',#2114,.T.);
#1427=FACE_OUTER_BOUND('',#2115,.T.);
#1428=FACE_OUTER_BOUND('',#2116,.T.);
#1429=FACE_OUTER_BOUND('',#2117,.T.);
#1430=FACE_OUTER_BOUND('',#2118,.T.);
#1431=FACE_OUTER_BOUND('',#2119,.T.);
#1432=FACE_OUTER_BOUND('',#2120,.T.);
#1433=FACE_OUTER_BOUND('',#2121,.T.);
#1434=FACE_OUTER_BOUND('',#2122,.T.);
#1435=FACE_OUTER_BOUND('',#2123,.T.);
#1436=FACE_OUTER_BOUND('',#2124,.T.);
#1437=FACE_OUTER_BOUND('',#2125,.T.);
#1438=FACE_OUTER_BOUND('',#2126,.T.);
#1439=FACE_OUTER_BOUND('',#2127,.T.);
#1440=FACE_OUTER_BOUND('',#2128,.T.);
#1441=FACE_OUTER_BOUND('',#2129,.T.);
#1442=FACE_OUTER_BOUND('',#2130,.T.);
#1443=FACE_OUTER_BOUND('',#2131,.T.);
#1444=FACE_OUTER_BOUND('',#2132,.T.);
#1445=FACE_OUTER_BOUND('',#2133,.T.);
#1446=FACE_OUTER_BOUND('',#2134,.T.);
#1447=FACE_OUTER_BOUND('',#2135,.T.);
#1448=FACE_OUTER_BOUND('',#2136,.T.);
#1449=FACE_OUTER_BOUND('',#2137,.T.);
#1450=FACE_OUTER_BOUND('',#2138,.T.);
#1451=FACE_OUTER_BOUND('',#2139,.T.);
#1452=FACE_OUTER_BOUND('',#2140,.T.);
#1453=FACE_OUTER_BOUND('',#2141,.T.);
#1454=FACE_OUTER_BOUND('',#2142,.T.);
#1455=FACE_OUTER_BOUND('',#2143,.T.);
#1456=FACE_OUTER_BOUND('',#2144,.T.);
#1457=FACE_OUTER_BOUND('',#2145,.T.);
#1458=FACE_OUTER_BOUND('',#2146,.T.);
#1459=FACE_OUTER_BOUND('',#2147,.T.);
#1460=FACE_OUTER_BOUND('',#2148,.T.);
#1461=FACE_OUTER_BOUND('',#2149,.T.);
#1462=FACE_OUTER_BOUND('',#2150,.T.);
#1463=FACE_OUTER_BOUND('',#2151,.T.);
#1464=FACE_OUTER_BOUND('',#2152,.T.);
#1465=FACE_OUTER_BOUND('',#2153,.T.);
#1466=FACE_OUTER_BOUND('',#2154,.T.);
#1467=FACE_OUTER_BOUND('',#2155,.T.);
#1468=FACE_OUTER_BOUND('',#2156,.T.);
#1469=FACE_OUTER_BOUND('',#2157,.T.);
#1470=FACE_OUTER_BOUND('',#2158,.T.);
#1471=FACE_OUTER_BOUND('',#2159,.T.);
#1472=FACE_OUTER_BOUND('',#2160,.T.);
#1473=FACE_OUTER_BOUND('',#2161,.T.);
#1474=FACE_OUTER_BOUND('',#2162,.T.);
#1475=EDGE_LOOP('',(#6774,#6775,#6776,#6777));
#1476=EDGE_LOOP('',(#6778));
#1477=EDGE_LOOP('',(#6779,#6780,#6781,#6782));
#1478=EDGE_LOOP('',(#6783));
#1479=EDGE_LOOP('',(#6784,#6785,#6786,#6787));
#1480=EDGE_LOOP('',(#6788));
#1481=EDGE_LOOP('',(#6789,#6790,#6791,#6792));
#1482=EDGE_LOOP('',(#6793));
#1483=EDGE_LOOP('',(#6794,#6795,#6796,#6797));
#1484=EDGE_LOOP('',(#6798,#6799,#6800,#6801));
#1485=EDGE_LOOP('',(#6802,#6803,#6804,#6805));
#1486=EDGE_LOOP('',(#6806,#6807,#6808,#6809));
#1487=EDGE_LOOP('',(#6810,#6811,#6812,#6813));
#1488=EDGE_LOOP('',(#6814,#6815,#6816,#6817));
#1489=EDGE_LOOP('',(#6818,#6819,#6820,#6821));
#1490=EDGE_LOOP('',(#6822,#6823,#6824,#6825));
#1491=EDGE_LOOP('',(#6826,#6827,#6828,#6829));
#1492=EDGE_LOOP('',(#6830,#6831,#6832,#6833));
#1493=EDGE_LOOP('',(#6834,#6835,#6836,#6837));
#1494=EDGE_LOOP('',(#6838,#6839,#6840,#6841));
#1495=EDGE_LOOP('',(#6842,#6843,#6844,#6845));
#1496=EDGE_LOOP('',(#6846));
#1497=EDGE_LOOP('',(#6847,#6848,#6849,#6850));
#1498=EDGE_LOOP('',(#6851));
#1499=EDGE_LOOP('',(#6852,#6853,#6854,#6855));
#1500=EDGE_LOOP('',(#6856));
#1501=EDGE_LOOP('',(#6857,#6858,#6859,#6860));
#1502=EDGE_LOOP('',(#6861));
#1503=EDGE_LOOP('',(#6862,#6863,#6864,#6865));
#1504=EDGE_LOOP('',(#6866));
#1505=EDGE_LOOP('',(#6867,#6868,#6869,#6870));
#1506=EDGE_LOOP('',(#6871));
#1507=EDGE_LOOP('',(#6872,#6873,#6874,#6875));
#1508=EDGE_LOOP('',(#6876));
#1509=EDGE_LOOP('',(#6877,#6878,#6879,#6880));
#1510=EDGE_LOOP('',(#6881));
#1511=EDGE_LOOP('',(#6882,#6883,#6884,#6885));
#1512=EDGE_LOOP('',(#6886));
#1513=EDGE_LOOP('',(#6887));
#1514=EDGE_LOOP('',(#6888,#6889,#6890,#6891));
#1515=EDGE_LOOP('',(#6892));
#1516=EDGE_LOOP('',(#6893));
#1517=EDGE_LOOP('',(#6894,#6895,#6896,#6897));
#1518=EDGE_LOOP('',(#6898));
#1519=EDGE_LOOP('',(#6899));
#1520=EDGE_LOOP('',(#6900,#6901,#6902,#6903));
#1521=EDGE_LOOP('',(#6904));
#1522=EDGE_LOOP('',(#6905));
#1523=EDGE_LOOP('',(#6906,#6907,#6908,#6909));
#1524=EDGE_LOOP('',(#6910,#6911,#6912,#6913,#6914,#6915,#6916,#6917));
#1525=EDGE_LOOP('',(#6918,#6919,#6920,#6921,#6922,#6923,#6924,#6925));
#1526=EDGE_LOOP('',(#6926));
#1527=EDGE_LOOP('',(#6927));
#1528=EDGE_LOOP('',(#6928));
#1529=EDGE_LOOP('',(#6929));
#1530=EDGE_LOOP('',(#6930,#6931,#6932,#6933));
#1531=EDGE_LOOP('',(#6934,#6935,#6936,#6937));
#1532=EDGE_LOOP('',(#6938,#6939,#6940,#6941,#6942,#6943,#6944,#6945));
#1533=EDGE_LOOP('',(#6946,#6947,#6948,#6949));
#1534=EDGE_LOOP('',(#6950,#6951,#6952,#6953));
#1535=EDGE_LOOP('',(#6954));
#1536=EDGE_LOOP('',(#6955));
#1537=EDGE_LOOP('',(#6956));
#1538=EDGE_LOOP('',(#6957));
#1539=EDGE_LOOP('',(#6958,#6959,#6960,#6961));
#1540=EDGE_LOOP('',(#6962));
#1541=EDGE_LOOP('',(#6963));
#1542=EDGE_LOOP('',(#6964));
#1543=EDGE_LOOP('',(#6965));
#1544=EDGE_LOOP('',(#6966,#6967,#6968,#6969));
#1545=EDGE_LOOP('',(#6970,#6971,#6972,#6973));
#1546=EDGE_LOOP('',(#6974,#6975,#6976,#6977));
#1547=EDGE_LOOP('',(#6978,#6979,#6980,#6981));
#1548=EDGE_LOOP('',(#6982,#6983,#6984,#6985));
#1549=EDGE_LOOP('',(#6986,#6987,#6988,#6989));
#1550=EDGE_LOOP('',(#6990,#6991,#6992,#6993));
#1551=EDGE_LOOP('',(#6994,#6995,#6996,#6997));
#1552=EDGE_LOOP('',(#6998,#6999,#7000,#7001));
#1553=EDGE_LOOP('',(#7002,#7003,#7004,#7005));
#1554=EDGE_LOOP('',(#7006,#7007,#7008,#7009));
#1555=EDGE_LOOP('',(#7010,#7011,#7012,#7013));
#1556=EDGE_LOOP('',(#7014));
#1557=EDGE_LOOP('',(#7015));
#1558=EDGE_LOOP('',(#7016));
#1559=EDGE_LOOP('',(#7017));
#1560=EDGE_LOOP('',(#7018,#7019,#7020,#7021,#7022,#7023,#7024,#7025));
#1561=EDGE_LOOP('',(#7026,#7027,#7028,#7029));
#1562=EDGE_LOOP('',(#7030,#7031,#7032,#7033));
#1563=EDGE_LOOP('',(#7034));
#1564=EDGE_LOOP('',(#7035));
#1565=EDGE_LOOP('',(#7036));
#1566=EDGE_LOOP('',(#7037));
#1567=EDGE_LOOP('',(#7038,#7039,#7040,#7041));
#1568=EDGE_LOOP('',(#7042,#7043,#7044,#7045));
#1569=EDGE_LOOP('',(#7046,#7047,#7048,#7049));
#1570=EDGE_LOOP('',(#7050,#7051,#7052,#7053));
#1571=EDGE_LOOP('',(#7054,#7055,#7056,#7057));
#1572=EDGE_LOOP('',(#7058,#7059,#7060,#7061));
#1573=EDGE_LOOP('',(#7062,#7063,#7064,#7065));
#1574=EDGE_LOOP('',(#7066));
#1575=EDGE_LOOP('',(#7067));
#1576=EDGE_LOOP('',(#7068,#7069,#7070,#7071));
#1577=EDGE_LOOP('',(#7072,#7073,#7074,#7075));
#1578=EDGE_LOOP('',(#7076));
#1579=EDGE_LOOP('',(#7077));
#1580=EDGE_LOOP('',(#7078,#7079,#7080,#7081));
#1581=EDGE_LOOP('',(#7082,#7083,#7084,#7085));
#1582=EDGE_LOOP('',(#7086,#7087,#7088,#7089));
#1583=EDGE_LOOP('',(#7090,#7091,#7092,#7093,#7094,#7095,#7096,#7097));
#1584=EDGE_LOOP('',(#7098));
#1585=EDGE_LOOP('',(#7099));
#1586=EDGE_LOOP('',(#7100));
#1587=EDGE_LOOP('',(#7101));
#1588=EDGE_LOOP('',(#7102));
#1589=EDGE_LOOP('',(#7103));
#1590=EDGE_LOOP('',(#7104));
#1591=EDGE_LOOP('',(#7105,#7106,#7107,#7108));
#1592=EDGE_LOOP('',(#7109,#7110,#7111,#7112));
#1593=EDGE_LOOP('',(#7113,#7114,#7115,#7116));
#1594=EDGE_LOOP('',(#7117,#7118,#7119,#7120));
#1595=EDGE_LOOP('',(#7121,#7122,#7123,#7124));
#1596=EDGE_LOOP('',(#7125,#7126,#7127,#7128));
#1597=EDGE_LOOP('',(#7129,#7130,#7131,#7132,#7133,#7134,#7135,#7136));
#1598=EDGE_LOOP('',(#7137));
#1599=EDGE_LOOP('',(#7138));
#1600=EDGE_LOOP('',(#7139));
#1601=EDGE_LOOP('',(#7140));
#1602=EDGE_LOOP('',(#7141));
#1603=EDGE_LOOP('',(#7142));
#1604=EDGE_LOOP('',(#7143));
#1605=EDGE_LOOP('',(#7144));
#1606=EDGE_LOOP('',(#7145,#7146,#7147,#7148));
#1607=EDGE_LOOP('',(#7149));
#1608=EDGE_LOOP('',(#7150,#7151,#7152,#7153));
#1609=EDGE_LOOP('',(#7154,#7155,#7156,#7157));
#1610=EDGE_LOOP('',(#7158,#7159,#7160,#7161));
#1611=EDGE_LOOP('',(#7162,#7163,#7164,#7165));
#1612=EDGE_LOOP('',(#7166,#7167,#7168,#7169));
#1613=EDGE_LOOP('',(#7170,#7171,#7172,#7173,#7174,#7175,#7176,#7177));
#1614=EDGE_LOOP('',(#7178,#7179,#7180,#7181));
#1615=EDGE_LOOP('',(#7182,#7183,#7184,#7185,#7186,#7187,#7188,#7189));
#1616=EDGE_LOOP('',(#7190,#7191,#7192,#7193));
#1617=EDGE_LOOP('',(#7194,#7195,#7196,#7197));
#1618=EDGE_LOOP('',(#7198,#7199,#7200,#7201));
#1619=EDGE_LOOP('',(#7202,#7203,#7204,#7205));
#1620=EDGE_LOOP('',(#7206,#7207,#7208,#7209));
#1621=EDGE_LOOP('',(#7210,#7211,#7212,#7213));
#1622=EDGE_LOOP('',(#7214,#7215,#7216,#7217));
#1623=EDGE_LOOP('',(#7218,#7219,#7220,#7221));
#1624=EDGE_LOOP('',(#7222,#7223,#7224,#7225));
#1625=EDGE_LOOP('',(#7226,#7227,#7228,#7229));
#1626=EDGE_LOOP('',(#7230,#7231,#7232,#7233));
#1627=EDGE_LOOP('',(#7234,#7235,#7236,#7237));
#1628=EDGE_LOOP('',(#7238,#7239,#7240,#7241));
#1629=EDGE_LOOP('',(#7242,#7243,#7244,#7245));
#1630=EDGE_LOOP('',(#7246,#7247,#7248,#7249));
#1631=EDGE_LOOP('',(#7250,#7251,#7252,#7253));
#1632=EDGE_LOOP('',(#7254,#7255,#7256,#7257,#7258,#7259,#7260,#7261,#7262,
#7263,#7264,#7265));
#1633=EDGE_LOOP('',(#7266));
#1634=EDGE_LOOP('',(#7267));
#1635=EDGE_LOOP('',(#7268));
#1636=EDGE_LOOP('',(#7269));
#1637=EDGE_LOOP('',(#7270,#7271,#7272,#7273,#7274,#7275,#7276,#7277,#7278,
#7279,#7280,#7281));
#1638=EDGE_LOOP('',(#7282));
#1639=EDGE_LOOP('',(#7283));
#1640=EDGE_LOOP('',(#7284));
#1641=EDGE_LOOP('',(#7285));
#1642=EDGE_LOOP('',(#7286,#7287,#7288,#7289));
#1643=EDGE_LOOP('',(#7290,#7291,#7292,#7293));
#1644=EDGE_LOOP('',(#7294,#7295,#7296,#7297));
#1645=EDGE_LOOP('',(#7298));
#1646=EDGE_LOOP('',(#7299));
#1647=EDGE_LOOP('',(#7300,#7301,#7302,#7303));
#1648=EDGE_LOOP('',(#7304,#7305,#7306,#7307));
#1649=EDGE_LOOP('',(#7308,#7309,#7310,#7311));
#1650=EDGE_LOOP('',(#7312,#7313,#7314,#7315));
#1651=EDGE_LOOP('',(#7316,#7317,#7318,#7319));
#1652=EDGE_LOOP('',(#7320,#7321,#7322,#7323));
#1653=EDGE_LOOP('',(#7324,#7325,#7326,#7327));
#1654=EDGE_LOOP('',(#7328));
#1655=EDGE_LOOP('',(#7329));
#1656=EDGE_LOOP('',(#7330,#7331,#7332,#7333));
#1657=EDGE_LOOP('',(#7334,#7335,#7336,#7337));
#1658=EDGE_LOOP('',(#7338,#7339,#7340,#7341));
#1659=EDGE_LOOP('',(#7342,#7343,#7344,#7345));
#1660=EDGE_LOOP('',(#7346,#7347,#7348,#7349));
#1661=EDGE_LOOP('',(#7350,#7351,#7352,#7353));
#1662=EDGE_LOOP('',(#7354,#7355,#7356,#7357));
#1663=EDGE_LOOP('',(#7358,#7359,#7360,#7361));
#1664=EDGE_LOOP('',(#7362,#7363,#7364,#7365));
#1665=EDGE_LOOP('',(#7366,#7367,#7368,#7369));
#1666=EDGE_LOOP('',(#7370,#7371,#7372,#7373));
#1667=EDGE_LOOP('',(#7374,#7375,#7376,#7377));
#1668=EDGE_LOOP('',(#7378,#7379,#7380,#7381));
#1669=EDGE_LOOP('',(#7382,#7383,#7384,#7385));
#1670=EDGE_LOOP('',(#7386,#7387,#7388,#7389));
#1671=EDGE_LOOP('',(#7390,#7391,#7392,#7393));
#1672=EDGE_LOOP('',(#7394,#7395,#7396,#7397));
#1673=EDGE_LOOP('',(#7398,#7399,#7400,#7401));
#1674=EDGE_LOOP('',(#7402,#7403,#7404,#7405));
#1675=EDGE_LOOP('',(#7406,#7407,#7408,#7409));
#1676=EDGE_LOOP('',(#7410,#7411,#7412,#7413));
#1677=EDGE_LOOP('',(#7414,#7415,#7416,#7417));
#1678=EDGE_LOOP('',(#7418,#7419,#7420,#7421));
#1679=EDGE_LOOP('',(#7422,#7423,#7424,#7425));
#1680=EDGE_LOOP('',(#7426,#7427,#7428,#7429));
#1681=EDGE_LOOP('',(#7430,#7431,#7432,#7433));
#1682=EDGE_LOOP('',(#7434,#7435,#7436,#7437));
#1683=EDGE_LOOP('',(#7438,#7439,#7440,#7441));
#1684=EDGE_LOOP('',(#7442,#7443,#7444,#7445));
#1685=EDGE_LOOP('',(#7446,#7447,#7448,#7449));
#1686=EDGE_LOOP('',(#7450,#7451,#7452,#7453));
#1687=EDGE_LOOP('',(#7454,#7455,#7456,#7457));
#1688=EDGE_LOOP('',(#7458,#7459,#7460,#7461));
#1689=EDGE_LOOP('',(#7462,#7463,#7464,#7465));
#1690=EDGE_LOOP('',(#7466,#7467,#7468,#7469));
#1691=EDGE_LOOP('',(#7470,#7471,#7472,#7473));
#1692=EDGE_LOOP('',(#7474,#7475,#7476,#7477));
#1693=EDGE_LOOP('',(#7478,#7479,#7480,#7481));
#1694=EDGE_LOOP('',(#7482,#7483,#7484,#7485));
#1695=EDGE_LOOP('',(#7486,#7487,#7488,#7489));
#1696=EDGE_LOOP('',(#7490,#7491,#7492,#7493));
#1697=EDGE_LOOP('',(#7494,#7495,#7496,#7497));
#1698=EDGE_LOOP('',(#7498,#7499,#7500,#7501));
#1699=EDGE_LOOP('',(#7502,#7503,#7504,#7505));
#1700=EDGE_LOOP('',(#7506,#7507,#7508,#7509));
#1701=EDGE_LOOP('',(#7510,#7511,#7512,#7513));
#1702=EDGE_LOOP('',(#7514,#7515,#7516,#7517));
#1703=EDGE_LOOP('',(#7518,#7519,#7520,#7521));
#1704=EDGE_LOOP('',(#7522,#7523,#7524,#7525));
#1705=EDGE_LOOP('',(#7526,#7527,#7528,#7529));
#1706=EDGE_LOOP('',(#7530,#7531,#7532,#7533));
#1707=EDGE_LOOP('',(#7534,#7535,#7536,#7537));
#1708=EDGE_LOOP('',(#7538,#7539,#7540,#7541));
#1709=EDGE_LOOP('',(#7542,#7543,#7544,#7545));
#1710=EDGE_LOOP('',(#7546,#7547,#7548,#7549));
#1711=EDGE_LOOP('',(#7550,#7551,#7552,#7553));
#1712=EDGE_LOOP('',(#7554,#7555,#7556,#7557));
#1713=EDGE_LOOP('',(#7558,#7559,#7560,#7561));
#1714=EDGE_LOOP('',(#7562,#7563,#7564,#7565));
#1715=EDGE_LOOP('',(#7566,#7567,#7568,#7569));
#1716=EDGE_LOOP('',(#7570,#7571,#7572,#7573));
#1717=EDGE_LOOP('',(#7574,#7575,#7576,#7577));
#1718=EDGE_LOOP('',(#7578,#7579,#7580,#7581));
#1719=EDGE_LOOP('',(#7582,#7583,#7584,#7585));
#1720=EDGE_LOOP('',(#7586,#7587,#7588,#7589));
#1721=EDGE_LOOP('',(#7590,#7591,#7592,#7593));
#1722=EDGE_LOOP('',(#7594,#7595,#7596,#7597));
#1723=EDGE_LOOP('',(#7598,#7599,#7600,#7601));
#1724=EDGE_LOOP('',(#7602,#7603,#7604,#7605));
#1725=EDGE_LOOP('',(#7606,#7607,#7608,#7609));
#1726=EDGE_LOOP('',(#7610,#7611,#7612,#7613));
#1727=EDGE_LOOP('',(#7614,#7615,#7616,#7617));
#1728=EDGE_LOOP('',(#7618,#7619,#7620,#7621));
#1729=EDGE_LOOP('',(#7622,#7623,#7624,#7625));
#1730=EDGE_LOOP('',(#7626,#7627,#7628,#7629));
#1731=EDGE_LOOP('',(#7630,#7631,#7632,#7633));
#1732=EDGE_LOOP('',(#7634,#7635,#7636,#7637));
#1733=EDGE_LOOP('',(#7638,#7639,#7640,#7641));
#1734=EDGE_LOOP('',(#7642,#7643,#7644,#7645));
#1735=EDGE_LOOP('',(#7646,#7647,#7648,#7649));
#1736=EDGE_LOOP('',(#7650,#7651,#7652,#7653));
#1737=EDGE_LOOP('',(#7654,#7655,#7656,#7657));
#1738=EDGE_LOOP('',(#7658,#7659,#7660,#7661));
#1739=EDGE_LOOP('',(#7662,#7663,#7664,#7665));
#1740=EDGE_LOOP('',(#7666,#7667,#7668,#7669));
#1741=EDGE_LOOP('',(#7670,#7671,#7672,#7673));
#1742=EDGE_LOOP('',(#7674,#7675,#7676,#7677));
#1743=EDGE_LOOP('',(#7678,#7679,#7680,#7681));
#1744=EDGE_LOOP('',(#7682,#7683,#7684,#7685));
#1745=EDGE_LOOP('',(#7686,#7687,#7688,#7689));
#1746=EDGE_LOOP('',(#7690,#7691,#7692,#7693));
#1747=EDGE_LOOP('',(#7694,#7695,#7696,#7697));
#1748=EDGE_LOOP('',(#7698,#7699,#7700,#7701));
#1749=EDGE_LOOP('',(#7702,#7703,#7704,#7705));
#1750=EDGE_LOOP('',(#7706,#7707,#7708,#7709));
#1751=EDGE_LOOP('',(#7710,#7711,#7712,#7713));
#1752=EDGE_LOOP('',(#7714,#7715,#7716,#7717));
#1753=EDGE_LOOP('',(#7718,#7719,#7720,#7721));
#1754=EDGE_LOOP('',(#7722,#7723,#7724,#7725));
#1755=EDGE_LOOP('',(#7726,#7727,#7728,#7729));
#1756=EDGE_LOOP('',(#7730,#7731,#7732,#7733));
#1757=EDGE_LOOP('',(#7734,#7735,#7736,#7737));
#1758=EDGE_LOOP('',(#7738));
#1759=EDGE_LOOP('',(#7739,#7740,#7741,#7742));
#1760=EDGE_LOOP('',(#7743));
#1761=EDGE_LOOP('',(#7744,#7745,#7746,#7747));
#1762=EDGE_LOOP('',(#7748,#7749,#7750,#7751));
#1763=EDGE_LOOP('',(#7752,#7753,#7754,#7755));
#1764=EDGE_LOOP('',(#7756,#7757,#7758,#7759));
#1765=EDGE_LOOP('',(#7760,#7761,#7762,#7763));
#1766=EDGE_LOOP('',(#7764,#7765,#7766,#7767));
#1767=EDGE_LOOP('',(#7768,#7769,#7770,#7771));
#1768=EDGE_LOOP('',(#7772,#7773,#7774,#7775));
#1769=EDGE_LOOP('',(#7776,#7777,#7778,#7779));
#1770=EDGE_LOOP('',(#7780,#7781,#7782,#7783));
#1771=EDGE_LOOP('',(#7784,#7785,#7786,#7787));
#1772=EDGE_LOOP('',(#7788,#7789,#7790,#7791));
#1773=EDGE_LOOP('',(#7792,#7793,#7794,#7795));
#1774=EDGE_LOOP('',(#7796,#7797,#7798,#7799));
#1775=EDGE_LOOP('',(#7800,#7801,#7802,#7803));
#1776=EDGE_LOOP('',(#7804,#7805,#7806,#7807));
#1777=EDGE_LOOP('',(#7808,#7809,#7810,#7811));
#1778=EDGE_LOOP('',(#7812,#7813,#7814,#7815));
#1779=EDGE_LOOP('',(#7816,#7817,#7818,#7819));
#1780=EDGE_LOOP('',(#7820,#7821,#7822,#7823));
#1781=EDGE_LOOP('',(#7824,#7825,#7826,#7827));
#1782=EDGE_LOOP('',(#7828,#7829,#7830,#7831));
#1783=EDGE_LOOP('',(#7832,#7833,#7834,#7835));
#1784=EDGE_LOOP('',(#7836,#7837,#7838,#7839));
#1785=EDGE_LOOP('',(#7840,#7841,#7842,#7843));
#1786=EDGE_LOOP('',(#7844,#7845,#7846,#7847));
#1787=EDGE_LOOP('',(#7848,#7849,#7850,#7851));
#1788=EDGE_LOOP('',(#7852,#7853,#7854,#7855));
#1789=EDGE_LOOP('',(#7856,#7857,#7858,#7859));
#1790=EDGE_LOOP('',(#7860,#7861,#7862,#7863));
#1791=EDGE_LOOP('',(#7864,#7865,#7866,#7867));
#1792=EDGE_LOOP('',(#7868,#7869,#7870,#7871));
#1793=EDGE_LOOP('',(#7872,#7873,#7874,#7875));
#1794=EDGE_LOOP('',(#7876,#7877,#7878,#7879));
#1795=EDGE_LOOP('',(#7880,#7881,#7882,#7883));
#1796=EDGE_LOOP('',(#7884,#7885,#7886,#7887));
#1797=EDGE_LOOP('',(#7888,#7889,#7890,#7891));
#1798=EDGE_LOOP('',(#7892,#7893,#7894,#7895));
#1799=EDGE_LOOP('',(#7896,#7897,#7898,#7899));
#1800=EDGE_LOOP('',(#7900,#7901,#7902,#7903));
#1801=EDGE_LOOP('',(#7904,#7905,#7906,#7907));
#1802=EDGE_LOOP('',(#7908,#7909,#7910,#7911));
#1803=EDGE_LOOP('',(#7912,#7913,#7914,#7915));
#1804=EDGE_LOOP('',(#7916,#7917,#7918,#7919));
#1805=EDGE_LOOP('',(#7920,#7921,#7922,#7923));
#1806=EDGE_LOOP('',(#7924,#7925,#7926,#7927));
#1807=EDGE_LOOP('',(#7928,#7929,#7930,#7931));
#1808=EDGE_LOOP('',(#7932,#7933,#7934,#7935));
#1809=EDGE_LOOP('',(#7936,#7937,#7938,#7939));
#1810=EDGE_LOOP('',(#7940,#7941,#7942,#7943));
#1811=EDGE_LOOP('',(#7944,#7945,#7946,#7947));
#1812=EDGE_LOOP('',(#7948,#7949,#7950,#7951));
#1813=EDGE_LOOP('',(#7952,#7953,#7954,#7955));
#1814=EDGE_LOOP('',(#7956,#7957,#7958,#7959));
#1815=EDGE_LOOP('',(#7960,#7961,#7962,#7963));
#1816=EDGE_LOOP('',(#7964,#7965,#7966,#7967));
#1817=EDGE_LOOP('',(#7968,#7969,#7970,#7971));
#1818=EDGE_LOOP('',(#7972,#7973,#7974,#7975));
#1819=EDGE_LOOP('',(#7976,#7977,#7978,#7979));
#1820=EDGE_LOOP('',(#7980,#7981,#7982,#7983));
#1821=EDGE_LOOP('',(#7984,#7985,#7986,#7987));
#1822=EDGE_LOOP('',(#7988,#7989,#7990,#7991));
#1823=EDGE_LOOP('',(#7992,#7993,#7994,#7995));
#1824=EDGE_LOOP('',(#7996,#7997,#7998,#7999));
#1825=EDGE_LOOP('',(#8000,#8001,#8002,#8003));
#1826=EDGE_LOOP('',(#8004,#8005,#8006,#8007));
#1827=EDGE_LOOP('',(#8008,#8009,#8010,#8011));
#1828=EDGE_LOOP('',(#8012,#8013,#8014,#8015));
#1829=EDGE_LOOP('',(#8016,#8017,#8018,#8019));
#1830=EDGE_LOOP('',(#8020,#8021,#8022,#8023));
#1831=EDGE_LOOP('',(#8024,#8025,#8026,#8027));
#1832=EDGE_LOOP('',(#8028,#8029,#8030,#8031));
#1833=EDGE_LOOP('',(#8032,#8033,#8034,#8035));
#1834=EDGE_LOOP('',(#8036,#8037,#8038,#8039));
#1835=EDGE_LOOP('',(#8040,#8041,#8042,#8043));
#1836=EDGE_LOOP('',(#8044,#8045,#8046,#8047));
#1837=EDGE_LOOP('',(#8048,#8049,#8050,#8051));
#1838=EDGE_LOOP('',(#8052,#8053,#8054,#8055));
#1839=EDGE_LOOP('',(#8056,#8057,#8058,#8059));
#1840=EDGE_LOOP('',(#8060,#8061,#8062,#8063));
#1841=EDGE_LOOP('',(#8064,#8065,#8066,#8067));
#1842=EDGE_LOOP('',(#8068,#8069,#8070,#8071));
#1843=EDGE_LOOP('',(#8072,#8073,#8074,#8075));
#1844=EDGE_LOOP('',(#8076,#8077,#8078,#8079));
#1845=EDGE_LOOP('',(#8080,#8081,#8082,#8083));
#1846=EDGE_LOOP('',(#8084,#8085,#8086,#8087));
#1847=EDGE_LOOP('',(#8088,#8089,#8090,#8091));
#1848=EDGE_LOOP('',(#8092,#8093,#8094,#8095));
#1849=EDGE_LOOP('',(#8096,#8097,#8098,#8099));
#1850=EDGE_LOOP('',(#8100,#8101,#8102,#8103));
#1851=EDGE_LOOP('',(#8104,#8105,#8106,#8107));
#1852=EDGE_LOOP('',(#8108,#8109,#8110,#8111));
#1853=EDGE_LOOP('',(#8112,#8113,#8114,#8115));
#1854=EDGE_LOOP('',(#8116,#8117,#8118,#8119));
#1855=EDGE_LOOP('',(#8120,#8121,#8122,#8123));
#1856=EDGE_LOOP('',(#8124,#8125,#8126,#8127));
#1857=EDGE_LOOP('',(#8128,#8129,#8130,#8131));
#1858=EDGE_LOOP('',(#8132,#8133,#8134,#8135));
#1859=EDGE_LOOP('',(#8136,#8137,#8138,#8139));
#1860=EDGE_LOOP('',(#8140,#8141,#8142,#8143));
#1861=EDGE_LOOP('',(#8144,#8145,#8146,#8147));
#1862=EDGE_LOOP('',(#8148,#8149,#8150,#8151));
#1863=EDGE_LOOP('',(#8152,#8153,#8154,#8155));
#1864=EDGE_LOOP('',(#8156,#8157,#8158,#8159));
#1865=EDGE_LOOP('',(#8160,#8161,#8162,#8163));
#1866=EDGE_LOOP('',(#8164,#8165,#8166,#8167));
#1867=EDGE_LOOP('',(#8168,#8169,#8170,#8171));
#1868=EDGE_LOOP('',(#8172,#8173,#8174,#8175));
#1869=EDGE_LOOP('',(#8176,#8177,#8178,#8179));
#1870=EDGE_LOOP('',(#8180,#8181,#8182,#8183));
#1871=EDGE_LOOP('',(#8184,#8185,#8186,#8187));
#1872=EDGE_LOOP('',(#8188,#8189,#8190,#8191));
#1873=EDGE_LOOP('',(#8192,#8193,#8194,#8195));
#1874=EDGE_LOOP('',(#8196,#8197,#8198,#8199));
#1875=EDGE_LOOP('',(#8200,#8201,#8202,#8203));
#1876=EDGE_LOOP('',(#8204,#8205,#8206,#8207));
#1877=EDGE_LOOP('',(#8208,#8209,#8210,#8211));
#1878=EDGE_LOOP('',(#8212,#8213,#8214,#8215));
#1879=EDGE_LOOP('',(#8216,#8217,#8218,#8219));
#1880=EDGE_LOOP('',(#8220,#8221,#8222,#8223));
#1881=EDGE_LOOP('',(#8224,#8225,#8226,#8227));
#1882=EDGE_LOOP('',(#8228,#8229,#8230,#8231));
#1883=EDGE_LOOP('',(#8232,#8233,#8234,#8235));
#1884=EDGE_LOOP('',(#8236,#8237,#8238,#8239));
#1885=EDGE_LOOP('',(#8240,#8241,#8242,#8243));
#1886=EDGE_LOOP('',(#8244,#8245,#8246,#8247));
#1887=EDGE_LOOP('',(#8248,#8249,#8250,#8251));
#1888=EDGE_LOOP('',(#8252,#8253,#8254,#8255));
#1889=EDGE_LOOP('',(#8256,#8257,#8258,#8259));
#1890=EDGE_LOOP('',(#8260,#8261,#8262,#8263));
#1891=EDGE_LOOP('',(#8264,#8265,#8266,#8267));
#1892=EDGE_LOOP('',(#8268,#8269,#8270,#8271));
#1893=EDGE_LOOP('',(#8272,#8273,#8274,#8275));
#1894=EDGE_LOOP('',(#8276,#8277,#8278,#8279));
#1895=EDGE_LOOP('',(#8280,#8281,#8282,#8283));
#1896=EDGE_LOOP('',(#8284,#8285,#8286,#8287));
#1897=EDGE_LOOP('',(#8288,#8289,#8290,#8291));
#1898=EDGE_LOOP('',(#8292,#8293,#8294,#8295));
#1899=EDGE_LOOP('',(#8296,#8297,#8298,#8299));
#1900=EDGE_LOOP('',(#8300,#8301,#8302,#8303));
#1901=EDGE_LOOP('',(#8304,#8305,#8306,#8307));
#1902=EDGE_LOOP('',(#8308,#8309,#8310,#8311));
#1903=EDGE_LOOP('',(#8312,#8313,#8314,#8315));
#1904=EDGE_LOOP('',(#8316,#8317,#8318,#8319));
#1905=EDGE_LOOP('',(#8320,#8321,#8322,#8323));
#1906=EDGE_LOOP('',(#8324,#8325,#8326,#8327));
#1907=EDGE_LOOP('',(#8328,#8329,#8330,#8331));
#1908=EDGE_LOOP('',(#8332,#8333,#8334,#8335));
#1909=EDGE_LOOP('',(#8336,#8337,#8338,#8339));
#1910=EDGE_LOOP('',(#8340,#8341,#8342,#8343));
#1911=EDGE_LOOP('',(#8344,#8345,#8346,#8347));
#1912=EDGE_LOOP('',(#8348,#8349,#8350,#8351));
#1913=EDGE_LOOP('',(#8352,#8353,#8354,#8355));
#1914=EDGE_LOOP('',(#8356,#8357,#8358,#8359));
#1915=EDGE_LOOP('',(#8360,#8361,#8362,#8363));
#1916=EDGE_LOOP('',(#8364,#8365,#8366,#8367));
#1917=EDGE_LOOP('',(#8368,#8369,#8370,#8371));
#1918=EDGE_LOOP('',(#8372,#8373,#8374,#8375));
#1919=EDGE_LOOP('',(#8376,#8377,#8378,#8379));
#1920=EDGE_LOOP('',(#8380,#8381,#8382,#8383));
#1921=EDGE_LOOP('',(#8384,#8385,#8386,#8387));
#1922=EDGE_LOOP('',(#8388,#8389,#8390,#8391));
#1923=EDGE_LOOP('',(#8392,#8393,#8394,#8395));
#1924=EDGE_LOOP('',(#8396,#8397,#8398,#8399));
#1925=EDGE_LOOP('',(#8400,#8401,#8402,#8403));
#1926=EDGE_LOOP('',(#8404,#8405,#8406,#8407));
#1927=EDGE_LOOP('',(#8408,#8409,#8410,#8411));
#1928=EDGE_LOOP('',(#8412,#8413,#8414,#8415));
#1929=EDGE_LOOP('',(#8416,#8417,#8418,#8419));
#1930=EDGE_LOOP('',(#8420,#8421,#8422,#8423));
#1931=EDGE_LOOP('',(#8424,#8425,#8426,#8427));
#1932=EDGE_LOOP('',(#8428,#8429,#8430,#8431));
#1933=EDGE_LOOP('',(#8432,#8433,#8434,#8435));
#1934=EDGE_LOOP('',(#8436,#8437,#8438,#8439));
#1935=EDGE_LOOP('',(#8440,#8441,#8442,#8443));
#1936=EDGE_LOOP('',(#8444,#8445,#8446,#8447));
#1937=EDGE_LOOP('',(#8448,#8449,#8450,#8451));
#1938=EDGE_LOOP('',(#8452,#8453,#8454,#8455));
#1939=EDGE_LOOP('',(#8456,#8457,#8458,#8459));
#1940=EDGE_LOOP('',(#8460,#8461,#8462,#8463));
#1941=EDGE_LOOP('',(#8464,#8465,#8466,#8467));
#1942=EDGE_LOOP('',(#8468,#8469,#8470,#8471));
#1943=EDGE_LOOP('',(#8472,#8473,#8474,#8475));
#1944=EDGE_LOOP('',(#8476,#8477,#8478,#8479));
#1945=EDGE_LOOP('',(#8480,#8481,#8482,#8483));
#1946=EDGE_LOOP('',(#8484,#8485,#8486,#8487));
#1947=EDGE_LOOP('',(#8488,#8489,#8490,#8491));
#1948=EDGE_LOOP('',(#8492,#8493,#8494,#8495));
#1949=EDGE_LOOP('',(#8496,#8497,#8498,#8499));
#1950=EDGE_LOOP('',(#8500,#8501,#8502,#8503));
#1951=EDGE_LOOP('',(#8504,#8505,#8506,#8507));
#1952=EDGE_LOOP('',(#8508,#8509,#8510,#8511));
#1953=EDGE_LOOP('',(#8512,#8513,#8514,#8515));
#1954=EDGE_LOOP('',(#8516,#8517,#8518,#8519));
#1955=EDGE_LOOP('',(#8520,#8521,#8522,#8523));
#1956=EDGE_LOOP('',(#8524,#8525,#8526,#8527));
#1957=EDGE_LOOP('',(#8528,#8529,#8530,#8531));
#1958=EDGE_LOOP('',(#8532,#8533,#8534,#8535));
#1959=EDGE_LOOP('',(#8536,#8537,#8538,#8539));
#1960=EDGE_LOOP('',(#8540,#8541,#8542,#8543));
#1961=EDGE_LOOP('',(#8544,#8545,#8546,#8547));
#1962=EDGE_LOOP('',(#8548,#8549,#8550,#8551));
#1963=EDGE_LOOP('',(#8552,#8553,#8554,#8555));
#1964=EDGE_LOOP('',(#8556,#8557,#8558,#8559));
#1965=EDGE_LOOP('',(#8560,#8561,#8562,#8563));
#1966=EDGE_LOOP('',(#8564,#8565,#8566,#8567));
#1967=EDGE_LOOP('',(#8568,#8569,#8570,#8571));
#1968=EDGE_LOOP('',(#8572,#8573,#8574,#8575));
#1969=EDGE_LOOP('',(#8576,#8577,#8578,#8579));
#1970=EDGE_LOOP('',(#8580,#8581,#8582,#8583));
#1971=EDGE_LOOP('',(#8584,#8585,#8586,#8587));
#1972=EDGE_LOOP('',(#8588,#8589,#8590,#8591));
#1973=EDGE_LOOP('',(#8592,#8593,#8594,#8595));
#1974=EDGE_LOOP('',(#8596,#8597,#8598,#8599));
#1975=EDGE_LOOP('',(#8600,#8601,#8602,#8603));
#1976=EDGE_LOOP('',(#8604,#8605,#8606,#8607));
#1977=EDGE_LOOP('',(#8608,#8609,#8610,#8611));
#1978=EDGE_LOOP('',(#8612,#8613,#8614,#8615));
#1979=EDGE_LOOP('',(#8616,#8617,#8618,#8619));
#1980=EDGE_LOOP('',(#8620,#8621,#8622,#8623));
#1981=EDGE_LOOP('',(#8624,#8625,#8626,#8627));
#1982=EDGE_LOOP('',(#8628,#8629,#8630,#8631));
#1983=EDGE_LOOP('',(#8632,#8633,#8634,#8635));
#1984=EDGE_LOOP('',(#8636,#8637,#8638,#8639));
#1985=EDGE_LOOP('',(#8640,#8641,#8642,#8643));
#1986=EDGE_LOOP('',(#8644,#8645,#8646,#8647));
#1987=EDGE_LOOP('',(#8648,#8649,#8650,#8651));
#1988=EDGE_LOOP('',(#8652,#8653,#8654,#8655));
#1989=EDGE_LOOP('',(#8656,#8657,#8658,#8659));
#1990=EDGE_LOOP('',(#8660,#8661,#8662,#8663));
#1991=EDGE_LOOP('',(#8664,#8665,#8666,#8667));
#1992=EDGE_LOOP('',(#8668,#8669,#8670,#8671));
#1993=EDGE_LOOP('',(#8672,#8673,#8674,#8675));
#1994=EDGE_LOOP('',(#8676,#8677,#8678,#8679));
#1995=EDGE_LOOP('',(#8680,#8681,#8682,#8683));
#1996=EDGE_LOOP('',(#8684,#8685,#8686,#8687));
#1997=EDGE_LOOP('',(#8688,#8689,#8690,#8691));
#1998=EDGE_LOOP('',(#8692,#8693,#8694,#8695));
#1999=EDGE_LOOP('',(#8696,#8697,#8698,#8699));
#2000=EDGE_LOOP('',(#8700,#8701,#8702,#8703));
#2001=EDGE_LOOP('',(#8704,#8705,#8706,#8707));
#2002=EDGE_LOOP('',(#8708,#8709,#8710,#8711));
#2003=EDGE_LOOP('',(#8712,#8713,#8714,#8715));
#2004=EDGE_LOOP('',(#8716,#8717,#8718,#8719));
#2005=EDGE_LOOP('',(#8720,#8721,#8722,#8723));
#2006=EDGE_LOOP('',(#8724,#8725,#8726,#8727));
#2007=EDGE_LOOP('',(#8728,#8729,#8730,#8731));
#2008=EDGE_LOOP('',(#8732,#8733,#8734,#8735));
#2009=EDGE_LOOP('',(#8736,#8737,#8738,#8739));
#2010=EDGE_LOOP('',(#8740,#8741,#8742,#8743));
#2011=EDGE_LOOP('',(#8744,#8745,#8746,#8747));
#2012=EDGE_LOOP('',(#8748,#8749,#8750,#8751));
#2013=EDGE_LOOP('',(#8752,#8753,#8754,#8755));
#2014=EDGE_LOOP('',(#8756,#8757,#8758,#8759));
#2015=EDGE_LOOP('',(#8760,#8761,#8762,#8763));
#2016=EDGE_LOOP('',(#8764,#8765,#8766,#8767));
#2017=EDGE_LOOP('',(#8768,#8769,#8770,#8771));
#2018=EDGE_LOOP('',(#8772,#8773,#8774,#8775));
#2019=EDGE_LOOP('',(#8776,#8777,#8778,#8779));
#2020=EDGE_LOOP('',(#8780,#8781,#8782,#8783));
#2021=EDGE_LOOP('',(#8784,#8785,#8786,#8787));
#2022=EDGE_LOOP('',(#8788,#8789,#8790,#8791));
#2023=EDGE_LOOP('',(#8792,#8793,#8794,#8795));
#2024=EDGE_LOOP('',(#8796,#8797,#8798,#8799));
#2025=EDGE_LOOP('',(#8800,#8801,#8802,#8803));
#2026=EDGE_LOOP('',(#8804,#8805,#8806,#8807));
#2027=EDGE_LOOP('',(#8808,#8809,#8810,#8811));
#2028=EDGE_LOOP('',(#8812,#8813,#8814,#8815));
#2029=EDGE_LOOP('',(#8816,#8817,#8818,#8819));
#2030=EDGE_LOOP('',(#8820,#8821,#8822,#8823));
#2031=EDGE_LOOP('',(#8824,#8825,#8826,#8827));
#2032=EDGE_LOOP('',(#8828,#8829,#8830,#8831));
#2033=EDGE_LOOP('',(#8832,#8833,#8834,#8835));
#2034=EDGE_LOOP('',(#8836,#8837,#8838,#8839));
#2035=EDGE_LOOP('',(#8840,#8841,#8842,#8843));
#2036=EDGE_LOOP('',(#8844,#8845,#8846,#8847));
#2037=EDGE_LOOP('',(#8848,#8849,#8850,#8851));
#2038=EDGE_LOOP('',(#8852,#8853,#8854,#8855));
#2039=EDGE_LOOP('',(#8856,#8857,#8858,#8859));
#2040=EDGE_LOOP('',(#8860,#8861,#8862,#8863));
#2041=EDGE_LOOP('',(#8864,#8865,#8866,#8867));
#2042=EDGE_LOOP('',(#8868,#8869,#8870,#8871));
#2043=EDGE_LOOP('',(#8872,#8873,#8874,#8875));
#2044=EDGE_LOOP('',(#8876,#8877,#8878,#8879));
#2045=EDGE_LOOP('',(#8880,#8881,#8882,#8883));
#2046=EDGE_LOOP('',(#8884,#8885,#8886,#8887));
#2047=EDGE_LOOP('',(#8888,#8889,#8890,#8891));
#2048=EDGE_LOOP('',(#8892,#8893,#8894,#8895));
#2049=EDGE_LOOP('',(#8896,#8897,#8898,#8899));
#2050=EDGE_LOOP('',(#8900,#8901,#8902,#8903));
#2051=EDGE_LOOP('',(#8904,#8905,#8906,#8907));
#2052=EDGE_LOOP('',(#8908,#8909,#8910,#8911));
#2053=EDGE_LOOP('',(#8912,#8913,#8914,#8915));
#2054=EDGE_LOOP('',(#8916,#8917,#8918,#8919));
#2055=EDGE_LOOP('',(#8920,#8921,#8922,#8923));
#2056=EDGE_LOOP('',(#8924,#8925,#8926,#8927));
#2057=EDGE_LOOP('',(#8928,#8929,#8930,#8931));
#2058=EDGE_LOOP('',(#8932,#8933,#8934,#8935));
#2059=EDGE_LOOP('',(#8936,#8937,#8938,#8939));
#2060=EDGE_LOOP('',(#8940,#8941,#8942,#8943));
#2061=EDGE_LOOP('',(#8944,#8945,#8946,#8947));
#2062=EDGE_LOOP('',(#8948,#8949,#8950,#8951));
#2063=EDGE_LOOP('',(#8952,#8953,#8954,#8955));
#2064=EDGE_LOOP('',(#8956,#8957,#8958,#8959));
#2065=EDGE_LOOP('',(#8960,#8961,#8962,#8963));
#2066=EDGE_LOOP('',(#8964,#8965,#8966,#8967));
#2067=EDGE_LOOP('',(#8968,#8969,#8970,#8971));
#2068=EDGE_LOOP('',(#8972,#8973,#8974,#8975));
#2069=EDGE_LOOP('',(#8976,#8977,#8978,#8979));
#2070=EDGE_LOOP('',(#8980,#8981,#8982,#8983));
#2071=EDGE_LOOP('',(#8984,#8985,#8986,#8987));
#2072=EDGE_LOOP('',(#8988,#8989,#8990,#8991));
#2073=EDGE_LOOP('',(#8992,#8993,#8994,#8995));
#2074=EDGE_LOOP('',(#8996,#8997,#8998,#8999));
#2075=EDGE_LOOP('',(#9000,#9001,#9002,#9003));
#2076=EDGE_LOOP('',(#9004,#9005,#9006,#9007));
#2077=EDGE_LOOP('',(#9008,#9009,#9010,#9011));
#2078=EDGE_LOOP('',(#9012,#9013,#9014,#9015));
#2079=EDGE_LOOP('',(#9016,#9017,#9018,#9019));
#2080=EDGE_LOOP('',(#9020,#9021,#9022,#9023));
#2081=EDGE_LOOP('',(#9024,#9025,#9026,#9027));
#2082=EDGE_LOOP('',(#9028,#9029,#9030,#9031));
#2083=EDGE_LOOP('',(#9032,#9033,#9034,#9035));
#2084=EDGE_LOOP('',(#9036,#9037,#9038,#9039));
#2085=EDGE_LOOP('',(#9040,#9041,#9042,#9043));
#2086=EDGE_LOOP('',(#9044,#9045,#9046,#9047));
#2087=EDGE_LOOP('',(#9048,#9049,#9050,#9051));
#2088=EDGE_LOOP('',(#9052,#9053,#9054,#9055));
#2089=EDGE_LOOP('',(#9056,#9057,#9058,#9059));
#2090=EDGE_LOOP('',(#9060,#9061,#9062,#9063));
#2091=EDGE_LOOP('',(#9064,#9065,#9066,#9067));
#2092=EDGE_LOOP('',(#9068,#9069,#9070,#9071));
#2093=EDGE_LOOP('',(#9072,#9073,#9074,#9075));
#2094=EDGE_LOOP('',(#9076,#9077,#9078,#9079));
#2095=EDGE_LOOP('',(#9080,#9081,#9082,#9083));
#2096=EDGE_LOOP('',(#9084,#9085,#9086,#9087));
#2097=EDGE_LOOP('',(#9088,#9089,#9090,#9091));
#2098=EDGE_LOOP('',(#9092,#9093,#9094,#9095));
#2099=EDGE_LOOP('',(#9096,#9097,#9098,#9099));
#2100=EDGE_LOOP('',(#9100,#9101,#9102,#9103));
#2101=EDGE_LOOP('',(#9104,#9105,#9106,#9107));
#2102=EDGE_LOOP('',(#9108,#9109,#9110,#9111));
#2103=EDGE_LOOP('',(#9112,#9113,#9114,#9115));
#2104=EDGE_LOOP('',(#9116,#9117,#9118,#9119));
#2105=EDGE_LOOP('',(#9120,#9121,#9122,#9123));
#2106=EDGE_LOOP('',(#9124,#9125,#9126,#9127));
#2107=EDGE_LOOP('',(#9128,#9129,#9130,#9131));
#2108=EDGE_LOOP('',(#9132,#9133,#9134,#9135));
#2109=EDGE_LOOP('',(#9136,#9137,#9138,#9139));
#2110=EDGE_LOOP('',(#9140,#9141,#9142,#9143));
#2111=EDGE_LOOP('',(#9144,#9145,#9146,#9147));
#2112=EDGE_LOOP('',(#9148,#9149,#9150,#9151));
#2113=EDGE_LOOP('',(#9152,#9153,#9154,#9155));
#2114=EDGE_LOOP('',(#9156,#9157,#9158,#9159));
#2115=EDGE_LOOP('',(#9160,#9161,#9162,#9163));
#2116=EDGE_LOOP('',(#9164,#9165,#9166,#9167));
#2117=EDGE_LOOP('',(#9168,#9169,#9170,#9171));
#2118=EDGE_LOOP('',(#9172,#9173,#9174,#9175));
#2119=EDGE_LOOP('',(#9176,#9177,#9178,#9179));
#2120=EDGE_LOOP('',(#9180,#9181,#9182,#9183));
#2121=EDGE_LOOP('',(#9184,#9185,#9186,#9187));
#2122=EDGE_LOOP('',(#9188,#9189,#9190,#9191));
#2123=EDGE_LOOP('',(#9192,#9193,#9194,#9195));
#2124=EDGE_LOOP('',(#9196,#9197,#9198,#9199));
#2125=EDGE_LOOP('',(#9200,#9201,#9202,#9203));
#2126=EDGE_LOOP('',(#9204,#9205,#9206,#9207));
#2127=EDGE_LOOP('',(#9208,#9209,#9210,#9211));
#2128=EDGE_LOOP('',(#9212,#9213,#9214,#9215));
#2129=EDGE_LOOP('',(#9216,#9217,#9218,#9219));
#2130=EDGE_LOOP('',(#9220,#9221,#9222,#9223));
#2131=EDGE_LOOP('',(#9224,#9225,#9226,#9227));
#2132=EDGE_LOOP('',(#9228,#9229,#9230,#9231));
#2133=EDGE_LOOP('',(#9232,#9233,#9234,#9235));
#2134=EDGE_LOOP('',(#9236,#9237,#9238,#9239));
#2135=EDGE_LOOP('',(#9240,#9241,#9242,#9243));
#2136=EDGE_LOOP('',(#9244,#9245,#9246,#9247));
#2137=EDGE_LOOP('',(#9248,#9249,#9250,#9251));
#2138=EDGE_LOOP('',(#9252,#9253,#9254,#9255));
#2139=EDGE_LOOP('',(#9256,#9257,#9258,#9259));
#2140=EDGE_LOOP('',(#9260,#9261,#9262,#9263));
#2141=EDGE_LOOP('',(#9264,#9265,#9266,#9267));
#2142=EDGE_LOOP('',(#9268,#9269,#9270,#9271));
#2143=EDGE_LOOP('',(#9272,#9273,#9274,#9275));
#2144=EDGE_LOOP('',(#9276,#9277,#9278,#9279));
#2145=EDGE_LOOP('',(#9280,#9281,#9282,#9283));
#2146=EDGE_LOOP('',(#9284,#9285,#9286,#9287));
#2147=EDGE_LOOP('',(#9288,#9289,#9290,#9291));
#2148=EDGE_LOOP('',(#9292,#9293,#9294,#9295));
#2149=EDGE_LOOP('',(#9296,#9297,#9298,#9299));
#2150=EDGE_LOOP('',(#9300,#9301,#9302,#9303));
#2151=EDGE_LOOP('',(#9304,#9305,#9306,#9307));
#2152=EDGE_LOOP('',(#9308,#9309,#9310,#9311));
#2153=EDGE_LOOP('',(#9312,#9313,#9314,#9315));
#2154=EDGE_LOOP('',(#9316,#9317,#9318,#9319));
#2155=EDGE_LOOP('',(#9320,#9321,#9322,#9323));
#2156=EDGE_LOOP('',(#9324,#9325,#9326,#9327));
#2157=EDGE_LOOP('',(#9328,#9329,#9330,#9331));
#2158=EDGE_LOOP('',(#9332,#9333,#9334,#9335));
#2159=EDGE_LOOP('',(#9336,#9337,#9338,#9339));
#2160=EDGE_LOOP('',(#9340,#9341,#9342,#9343));
#2161=EDGE_LOOP('',(#9344,#9345,#9346,#9347));
#2162=EDGE_LOOP('',(#9348,#9349,#9350,#9351));
#2163=LINE('',#13602,#3337);
#2164=LINE('',#13609,#3338);
#2165=LINE('',#13616,#3339);
#2166=LINE('',#13623,#3340);
#2167=LINE('',#13629,#3341);
#2168=LINE('',#13631,#3342);
#2169=LINE('',#13633,#3343);
#2170=LINE('',#13634,#3344);
#2171=LINE('',#13640,#3345);
#2172=LINE('',#13643,#3346);
#2173=LINE('',#13645,#3347);
#2174=LINE('',#13646,#3348);
#2175=LINE('',#13653,#3349);
#2176=LINE('',#13655,#3350);
#2177=LINE('',#13657,#3351);
#2178=LINE('',#13658,#3352);
#2179=LINE('',#13664,#3353);
#2180=LINE('',#13667,#3354);
#2181=LINE('',#13669,#3355);
#2182=LINE('',#13670,#3356);
#2183=LINE('',#13678,#3357);
#2184=LINE('',#13684,#3358);
#2185=LINE('',#13690,#3359);
#2186=LINE('',#13696,#3360);
#2187=LINE('',#13702,#3361);
#2188=LINE('',#13709,#3362);
#2189=LINE('',#13716,#3363);
#2190=LINE('',#13723,#3364);
#2191=LINE('',#13730,#3365);
#2192=LINE('',#13737,#3366);
#2193=LINE('',#13744,#3367);
#2194=LINE('',#13751,#3368);
#2195=LINE('',#13758,#3369);
#2196=LINE('',#13765,#3370);
#2197=LINE('',#13772,#3371);
#2198=LINE('',#13779,#3372);
#2199=LINE('',#13785,#3373);
#2200=LINE('',#13789,#3374);
#2201=LINE('',#13796,#3375);
#2202=LINE('',#13800,#3376);
#2203=LINE('',#13804,#3377);
#2204=LINE('',#13807,#3378);
#2205=LINE('',#13809,#3379);
#2206=LINE('',#13813,#3380);
#2207=LINE('',#13817,#3381);
#2208=LINE('',#13820,#3382);
#2209=LINE('',#13823,#3383);
#2210=LINE('',#13824,#3384);
#2211=LINE('',#13827,#3385);
#2212=LINE('',#13829,#3386);
#2213=LINE('',#13833,#3387);
#2214=LINE('',#13836,#3388);
#2215=LINE('',#13838,#3389);
#2216=LINE('',#13841,#3390);
#2217=LINE('',#13844,#3391);
#2218=LINE('',#13845,#3392);
#2219=LINE('',#13850,#3393);
#2220=LINE('',#13853,#3394);
#2221=LINE('',#13856,#3395);
#2222=LINE('',#13857,#3396);
#2223=LINE('',#13860,#3397);
#2224=LINE('',#13863,#3398);
#2225=LINE('',#13866,#3399);
#2226=LINE('',#13867,#3400);
#2227=LINE('',#13871,#3401);
#2228=LINE('',#13874,#3402);
#2229=LINE('',#13877,#3403);
#2230=LINE('',#13879,#3404);
#2231=LINE('',#13885,#3405);
#2232=LINE('',#13891,#3406);
#2233=LINE('',#13897,#3407);
#2234=LINE('',#13903,#3408);
#2235=LINE('',#13909,#3409);
#2236=LINE('',#13915,#3410);
#2237=LINE('',#13921,#3411);
#2238=LINE('',#13928,#3412);
#2239=LINE('',#13933,#3413);
#2240=LINE('',#13939,#3414);
#2241=LINE('',#13946,#3415);
#2242=LINE('',#13949,#3416);
#2243=LINE('',#13952,#3417);
#2244=LINE('',#13954,#3418);
#2245=LINE('',#13955,#3419);
#2246=LINE('',#13958,#3420);
#2247=LINE('',#13962,#3421);
#2248=LINE('',#13966,#3422);
#2249=LINE('',#13970,#3423);
#2250=LINE('',#13973,#3424);
#2251=LINE('',#13976,#3425);
#2252=LINE('',#13977,#3426);
#2253=LINE('',#13981,#3427);
#2254=LINE('',#13984,#3428);
#2255=LINE('',#13987,#3429);
#2256=LINE('',#13989,#3430);
#2257=LINE('',#13997,#3431);
#2258=LINE('',#14002,#3432);
#2259=LINE('',#14004,#3433);
#2260=LINE('',#14006,#3434);
#2261=LINE('',#14007,#3435);
#2262=LINE('',#14011,#3436);
#2263=LINE('',#14013,#3437);
#2264=LINE('',#14015,#3438);
#2265=LINE('',#14016,#3439);
#2266=LINE('',#14018,#3440);
#2267=LINE('',#14019,#3441);
#2268=LINE('',#14022,#3442);
#2269=LINE('',#14024,#3443);
#2270=LINE('',#14025,#3444);
#2271=LINE('',#14028,#3445);
#2272=LINE('',#14030,#3446);
#2273=LINE('',#14031,#3447);
#2274=LINE('',#14034,#3448);
#2275=LINE('',#14036,#3449);
#2276=LINE('',#14037,#3450);
#2277=LINE('',#14040,#3451);
#2278=LINE('',#14041,#3452);
#2279=LINE('',#14044,#3453);
#2280=LINE('',#14045,#3454);
#2281=LINE('',#14047,#3455);
#2282=LINE('',#14053,#3456);
#2283=LINE('',#14057,#3457);
#2284=LINE('',#14062,#3458);
#2285=LINE('',#14066,#3459);
#2286=LINE('',#14071,#3460);
#2287=LINE('',#14073,#3461);
#2288=LINE('',#14075,#3462);
#2289=LINE('',#14076,#3463);
#2290=LINE('',#14079,#3464);
#2291=LINE('',#14081,#3465);
#2292=LINE('',#14082,#3466);
#2293=LINE('',#14085,#3467);
#2294=LINE('',#14087,#3468);
#2295=LINE('',#14088,#3469);
#2296=LINE('',#14093,#3470);
#2297=LINE('',#14099,#3471);
#2298=LINE('',#14105,#3472);
#2299=LINE('',#14111,#3473);
#2300=LINE('',#14118,#3474);
#2301=LINE('',#14121,#3475);
#2302=LINE('',#14127,#3476);
#2303=LINE('',#14130,#3477);
#2304=LINE('',#14132,#3478);
#2305=LINE('',#14133,#3479);
#2306=LINE('',#14135,#3480);
#2307=LINE('',#14136,#3481);
#2308=LINE('',#14138,#3482);
#2309=LINE('',#14139,#3483);
#2310=LINE('',#14141,#3484);
#2311=LINE('',#14142,#3485);
#2312=LINE('',#14144,#3486);
#2313=LINE('',#14145,#3487);
#2314=LINE('',#14152,#3488);
#2315=LINE('',#14159,#3489);
#2316=LINE('',#14161,#3490);
#2317=LINE('',#14163,#3491);
#2318=LINE('',#14164,#3492);
#2319=LINE('',#14167,#3493);
#2320=LINE('',#14169,#3494);
#2321=LINE('',#14170,#3495);
#2322=LINE('',#14173,#3496);
#2323=LINE('',#14175,#3497);
#2324=LINE('',#14176,#3498);
#2325=LINE('',#14178,#3499);
#2326=LINE('',#14179,#3500);
#2327=LINE('',#14186,#3501);
#2328=LINE('',#14193,#3502);
#2329=LINE('',#14195,#3503);
#2330=LINE('',#14197,#3504);
#2331=LINE('',#14198,#3505);
#2332=LINE('',#14201,#3506);
#2333=LINE('',#14203,#3507);
#2334=LINE('',#14204,#3508);
#2335=LINE('',#14207,#3509);
#2336=LINE('',#14209,#3510);
#2337=LINE('',#14210,#3511);
#2338=LINE('',#14212,#3512);
#2339=LINE('',#14213,#3513);
#2340=LINE('',#14219,#3514);
#2341=LINE('',#14221,#3515);
#2342=LINE('',#14223,#3516);
#2343=LINE('',#14224,#3517);
#2344=LINE('',#14227,#3518);
#2345=LINE('',#14229,#3519);
#2346=LINE('',#14230,#3520);
#2347=LINE('',#14233,#3521);
#2348=LINE('',#14235,#3522);
#2349=LINE('',#14236,#3523);
#2350=LINE('',#14238,#3524);
#2351=LINE('',#14239,#3525);
#2352=LINE('',#14245,#3526);
#2353=LINE('',#14247,#3527);
#2354=LINE('',#14249,#3528);
#2355=LINE('',#14250,#3529);
#2356=LINE('',#14253,#3530);
#2357=LINE('',#14255,#3531);
#2358=LINE('',#14256,#3532);
#2359=LINE('',#14259,#3533);
#2360=LINE('',#14261,#3534);
#2361=LINE('',#14262,#3535);
#2362=LINE('',#14264,#3536);
#2363=LINE('',#14265,#3537);
#2364=LINE('',#14271,#3538);
#2365=LINE('',#14273,#3539);
#2366=LINE('',#14275,#3540);
#2367=LINE('',#14276,#3541);
#2368=LINE('',#14279,#3542);
#2369=LINE('',#14281,#3543);
#2370=LINE('',#14282,#3544);
#2371=LINE('',#14285,#3545);
#2372=LINE('',#14287,#3546);
#2373=LINE('',#14288,#3547);
#2374=LINE('',#14290,#3548);
#2375=LINE('',#14291,#3549);
#2376=LINE('',#14297,#3550);
#2377=LINE('',#14299,#3551);
#2378=LINE('',#14301,#3552);
#2379=LINE('',#14302,#3553);
#2380=LINE('',#14305,#3554);
#2381=LINE('',#14307,#3555);
#2382=LINE('',#14308,#3556);
#2383=LINE('',#14311,#3557);
#2384=LINE('',#14313,#3558);
#2385=LINE('',#14314,#3559);
#2386=LINE('',#14316,#3560);
#2387=LINE('',#14317,#3561);
#2388=LINE('',#14323,#3562);
#2389=LINE('',#14325,#3563);
#2390=LINE('',#14327,#3564);
#2391=LINE('',#14328,#3565);
#2392=LINE('',#14331,#3566);
#2393=LINE('',#14333,#3567);
#2394=LINE('',#14334,#3568);
#2395=LINE('',#14337,#3569);
#2396=LINE('',#14339,#3570);
#2397=LINE('',#14340,#3571);
#2398=LINE('',#14342,#3572);
#2399=LINE('',#14343,#3573);
#2400=LINE('',#14349,#3574);
#2401=LINE('',#14351,#3575);
#2402=LINE('',#14353,#3576);
#2403=LINE('',#14354,#3577);
#2404=LINE('',#14357,#3578);
#2405=LINE('',#14359,#3579);
#2406=LINE('',#14360,#3580);
#2407=LINE('',#14363,#3581);
#2408=LINE('',#14365,#3582);
#2409=LINE('',#14366,#3583);
#2410=LINE('',#14368,#3584);
#2411=LINE('',#14369,#3585);
#2412=LINE('',#14375,#3586);
#2413=LINE('',#14377,#3587);
#2414=LINE('',#14379,#3588);
#2415=LINE('',#14380,#3589);
#2416=LINE('',#14383,#3590);
#2417=LINE('',#14385,#3591);
#2418=LINE('',#14386,#3592);
#2419=LINE('',#14389,#3593);
#2420=LINE('',#14391,#3594);
#2421=LINE('',#14392,#3595);
#2422=LINE('',#14394,#3596);
#2423=LINE('',#14395,#3597);
#2424=LINE('',#14401,#3598);
#2425=LINE('',#14403,#3599);
#2426=LINE('',#14405,#3600);
#2427=LINE('',#14406,#3601);
#2428=LINE('',#14409,#3602);
#2429=LINE('',#14411,#3603);
#2430=LINE('',#14412,#3604);
#2431=LINE('',#14415,#3605);
#2432=LINE('',#14417,#3606);
#2433=LINE('',#14418,#3607);
#2434=LINE('',#14420,#3608);
#2435=LINE('',#14421,#3609);
#2436=LINE('',#14427,#3610);
#2437=LINE('',#14429,#3611);
#2438=LINE('',#14431,#3612);
#2439=LINE('',#14432,#3613);
#2440=LINE('',#14435,#3614);
#2441=LINE('',#14437,#3615);
#2442=LINE('',#14438,#3616);
#2443=LINE('',#14441,#3617);
#2444=LINE('',#14443,#3618);
#2445=LINE('',#14444,#3619);
#2446=LINE('',#14446,#3620);
#2447=LINE('',#14447,#3621);
#2448=LINE('',#14453,#3622);
#2449=LINE('',#14455,#3623);
#2450=LINE('',#14457,#3624);
#2451=LINE('',#14458,#3625);
#2452=LINE('',#14461,#3626);
#2453=LINE('',#14463,#3627);
#2454=LINE('',#14464,#3628);
#2455=LINE('',#14467,#3629);
#2456=LINE('',#14469,#3630);
#2457=LINE('',#14470,#3631);
#2458=LINE('',#14472,#3632);
#2459=LINE('',#14473,#3633);
#2460=LINE('',#14479,#3634);
#2461=LINE('',#14481,#3635);
#2462=LINE('',#14483,#3636);
#2463=LINE('',#14484,#3637);
#2464=LINE('',#14487,#3638);
#2465=LINE('',#14489,#3639);
#2466=LINE('',#14490,#3640);
#2467=LINE('',#14493,#3641);
#2468=LINE('',#14495,#3642);
#2469=LINE('',#14496,#3643);
#2470=LINE('',#14498,#3644);
#2471=LINE('',#14499,#3645);
#2472=LINE('',#14505,#3646);
#2473=LINE('',#14507,#3647);
#2474=LINE('',#14509,#3648);
#2475=LINE('',#14510,#3649);
#2476=LINE('',#14513,#3650);
#2477=LINE('',#14515,#3651);
#2478=LINE('',#14516,#3652);
#2479=LINE('',#14519,#3653);
#2480=LINE('',#14521,#3654);
#2481=LINE('',#14522,#3655);
#2482=LINE('',#14524,#3656);
#2483=LINE('',#14525,#3657);
#2484=LINE('',#14531,#3658);
#2485=LINE('',#14533,#3659);
#2486=LINE('',#14535,#3660);
#2487=LINE('',#14536,#3661);
#2488=LINE('',#14539,#3662);
#2489=LINE('',#14541,#3663);
#2490=LINE('',#14542,#3664);
#2491=LINE('',#14545,#3665);
#2492=LINE('',#14547,#3666);
#2493=LINE('',#14548,#3667);
#2494=LINE('',#14550,#3668);
#2495=LINE('',#14551,#3669);
#2496=LINE('',#14557,#3670);
#2497=LINE('',#14559,#3671);
#2498=LINE('',#14561,#3672);
#2499=LINE('',#14562,#3673);
#2500=LINE('',#14565,#3674);
#2501=LINE('',#14567,#3675);
#2502=LINE('',#14568,#3676);
#2503=LINE('',#14571,#3677);
#2504=LINE('',#14573,#3678);
#2505=LINE('',#14574,#3679);
#2506=LINE('',#14576,#3680);
#2507=LINE('',#14577,#3681);
#2508=LINE('',#14583,#3682);
#2509=LINE('',#14585,#3683);
#2510=LINE('',#14587,#3684);
#2511=LINE('',#14588,#3685);
#2512=LINE('',#14591,#3686);
#2513=LINE('',#14593,#3687);
#2514=LINE('',#14594,#3688);
#2515=LINE('',#14597,#3689);
#2516=LINE('',#14599,#3690);
#2517=LINE('',#14600,#3691);
#2518=LINE('',#14602,#3692);
#2519=LINE('',#14603,#3693);
#2520=LINE('',#14609,#3694);
#2521=LINE('',#14611,#3695);
#2522=LINE('',#14613,#3696);
#2523=LINE('',#14614,#3697);
#2524=LINE('',#14617,#3698);
#2525=LINE('',#14619,#3699);
#2526=LINE('',#14620,#3700);
#2527=LINE('',#14623,#3701);
#2528=LINE('',#14625,#3702);
#2529=LINE('',#14626,#3703);
#2530=LINE('',#14628,#3704);
#2531=LINE('',#14629,#3705);
#2532=LINE('',#14638,#3706);
#2533=LINE('',#14643,#3707);
#2534=LINE('',#14645,#3708);
#2535=LINE('',#14647,#3709);
#2536=LINE('',#14648,#3710);
#2537=LINE('',#14651,#3711);
#2538=LINE('',#14653,#3712);
#2539=LINE('',#14654,#3713);
#2540=LINE('',#14657,#3714);
#2541=LINE('',#14659,#3715);
#2542=LINE('',#14660,#3716);
#2543=LINE('',#14662,#3717);
#2544=LINE('',#14663,#3718);
#2545=LINE('',#14669,#3719);
#2546=LINE('',#14671,#3720);
#2547=LINE('',#14673,#3721);
#2548=LINE('',#14674,#3722);
#2549=LINE('',#14677,#3723);
#2550=LINE('',#14679,#3724);
#2551=LINE('',#14680,#3725);
#2552=LINE('',#14683,#3726);
#2553=LINE('',#14685,#3727);
#2554=LINE('',#14686,#3728);
#2555=LINE('',#14688,#3729);
#2556=LINE('',#14689,#3730);
#2557=LINE('',#14695,#3731);
#2558=LINE('',#14697,#3732);
#2559=LINE('',#14699,#3733);
#2560=LINE('',#14700,#3734);
#2561=LINE('',#14703,#3735);
#2562=LINE('',#14705,#3736);
#2563=LINE('',#14706,#3737);
#2564=LINE('',#14709,#3738);
#2565=LINE('',#14711,#3739);
#2566=LINE('',#14712,#3740);
#2567=LINE('',#14714,#3741);
#2568=LINE('',#14715,#3742);
#2569=LINE('',#14721,#3743);
#2570=LINE('',#14723,#3744);
#2571=LINE('',#14725,#3745);
#2572=LINE('',#14726,#3746);
#2573=LINE('',#14729,#3747);
#2574=LINE('',#14731,#3748);
#2575=LINE('',#14732,#3749);
#2576=LINE('',#14735,#3750);
#2577=LINE('',#14737,#3751);
#2578=LINE('',#14738,#3752);
#2579=LINE('',#14740,#3753);
#2580=LINE('',#14741,#3754);
#2581=LINE('',#14747,#3755);
#2582=LINE('',#14749,#3756);
#2583=LINE('',#14751,#3757);
#2584=LINE('',#14752,#3758);
#2585=LINE('',#14755,#3759);
#2586=LINE('',#14757,#3760);
#2587=LINE('',#14758,#3761);
#2588=LINE('',#14761,#3762);
#2589=LINE('',#14763,#3763);
#2590=LINE('',#14764,#3764);
#2591=LINE('',#14766,#3765);
#2592=LINE('',#14767,#3766);
#2593=LINE('',#14773,#3767);
#2594=LINE('',#14775,#3768);
#2595=LINE('',#14777,#3769);
#2596=LINE('',#14778,#3770);
#2597=LINE('',#14781,#3771);
#2598=LINE('',#14783,#3772);
#2599=LINE('',#14784,#3773);
#2600=LINE('',#14787,#3774);
#2601=LINE('',#14789,#3775);
#2602=LINE('',#14790,#3776);
#2603=LINE('',#14792,#3777);
#2604=LINE('',#14793,#3778);
#2605=LINE('',#14799,#3779);
#2606=LINE('',#14801,#3780);
#2607=LINE('',#14803,#3781);
#2608=LINE('',#14804,#3782);
#2609=LINE('',#14807,#3783);
#2610=LINE('',#14809,#3784);
#2611=LINE('',#14810,#3785);
#2612=LINE('',#14813,#3786);
#2613=LINE('',#14815,#3787);
#2614=LINE('',#14816,#3788);
#2615=LINE('',#14818,#3789);
#2616=LINE('',#14819,#3790);
#2617=LINE('',#14825,#3791);
#2618=LINE('',#14827,#3792);
#2619=LINE('',#14829,#3793);
#2620=LINE('',#14830,#3794);
#2621=LINE('',#14833,#3795);
#2622=LINE('',#14835,#3796);
#2623=LINE('',#14836,#3797);
#2624=LINE('',#14839,#3798);
#2625=LINE('',#14841,#3799);
#2626=LINE('',#14842,#3800);
#2627=LINE('',#14844,#3801);
#2628=LINE('',#14845,#3802);
#2629=LINE('',#14851,#3803);
#2630=LINE('',#14853,#3804);
#2631=LINE('',#14855,#3805);
#2632=LINE('',#14856,#3806);
#2633=LINE('',#14859,#3807);
#2634=LINE('',#14861,#3808);
#2635=LINE('',#14862,#3809);
#2636=LINE('',#14865,#3810);
#2637=LINE('',#14867,#3811);
#2638=LINE('',#14868,#3812);
#2639=LINE('',#14870,#3813);
#2640=LINE('',#14871,#3814);
#2641=LINE('',#14877,#3815);
#2642=LINE('',#14879,#3816);
#2643=LINE('',#14881,#3817);
#2644=LINE('',#14882,#3818);
#2645=LINE('',#14885,#3819);
#2646=LINE('',#14887,#3820);
#2647=LINE('',#14888,#3821);
#2648=LINE('',#14891,#3822);
#2649=LINE('',#14893,#3823);
#2650=LINE('',#14894,#3824);
#2651=LINE('',#14896,#3825);
#2652=LINE('',#14897,#3826);
#2653=LINE('',#14905,#3827);
#2654=LINE('',#14907,#3828);
#2655=LINE('',#14909,#3829);
#2656=LINE('',#14910,#3830);
#2657=LINE('',#14913,#3831);
#2658=LINE('',#14915,#3832);
#2659=LINE('',#14916,#3833);
#2660=LINE('',#14919,#3834);
#2661=LINE('',#14921,#3835);
#2662=LINE('',#14922,#3836);
#2663=LINE('',#14924,#3837);
#2664=LINE('',#14925,#3838);
#2665=LINE('',#14930,#3839);
#2666=LINE('',#14932,#3840);
#2667=LINE('',#14934,#3841);
#2668=LINE('',#14935,#3842);
#2669=LINE('',#14938,#3843);
#2670=LINE('',#14940,#3844);
#2671=LINE('',#14941,#3845);
#2672=LINE('',#14944,#3846);
#2673=LINE('',#14945,#3847);
#2674=LINE('',#14948,#3848);
#2675=LINE('',#14949,#3849);
#2676=LINE('',#14951,#3850);
#2677=LINE('',#14955,#3851);
#2678=LINE('',#14957,#3852);
#2679=LINE('',#14959,#3853);
#2680=LINE('',#14960,#3854);
#2681=LINE('',#14963,#3855);
#2682=LINE('',#14965,#3856);
#2683=LINE('',#14966,#3857);
#2684=LINE('',#14969,#3858);
#2685=LINE('',#14971,#3859);
#2686=LINE('',#14972,#3860);
#2687=LINE('',#14974,#3861);
#2688=LINE('',#14975,#3862);
#2689=LINE('',#14981,#3863);
#2690=LINE('',#14983,#3864);
#2691=LINE('',#14985,#3865);
#2692=LINE('',#14986,#3866);
#2693=LINE('',#14989,#3867);
#2694=LINE('',#14991,#3868);
#2695=LINE('',#14992,#3869);
#2696=LINE('',#14995,#3870);
#2697=LINE('',#14997,#3871);
#2698=LINE('',#14998,#3872);
#2699=LINE('',#15000,#3873);
#2700=LINE('',#15001,#3874);
#2701=LINE('',#15007,#3875);
#2702=LINE('',#15009,#3876);
#2703=LINE('',#15011,#3877);
#2704=LINE('',#15012,#3878);
#2705=LINE('',#15015,#3879);
#2706=LINE('',#15017,#3880);
#2707=LINE('',#15018,#3881);
#2708=LINE('',#15021,#3882);
#2709=LINE('',#15023,#3883);
#2710=LINE('',#15024,#3884);
#2711=LINE('',#15026,#3885);
#2712=LINE('',#15027,#3886);
#2713=LINE('',#15033,#3887);
#2714=LINE('',#15035,#3888);
#2715=LINE('',#15037,#3889);
#2716=LINE('',#15038,#3890);
#2717=LINE('',#15041,#3891);
#2718=LINE('',#15043,#3892);
#2719=LINE('',#15044,#3893);
#2720=LINE('',#15047,#3894);
#2721=LINE('',#15049,#3895);
#2722=LINE('',#15050,#3896);
#2723=LINE('',#15052,#3897);
#2724=LINE('',#15053,#3898);
#2725=LINE('',#15059,#3899);
#2726=LINE('',#15061,#3900);
#2727=LINE('',#15063,#3901);
#2728=LINE('',#15064,#3902);
#2729=LINE('',#15067,#3903);
#2730=LINE('',#15069,#3904);
#2731=LINE('',#15070,#3905);
#2732=LINE('',#15073,#3906);
#2733=LINE('',#15075,#3907);
#2734=LINE('',#15076,#3908);
#2735=LINE('',#15078,#3909);
#2736=LINE('',#15079,#3910);
#2737=LINE('',#15085,#3911);
#2738=LINE('',#15087,#3912);
#2739=LINE('',#15089,#3913);
#2740=LINE('',#15090,#3914);
#2741=LINE('',#15093,#3915);
#2742=LINE('',#15095,#3916);
#2743=LINE('',#15096,#3917);
#2744=LINE('',#15099,#3918);
#2745=LINE('',#15101,#3919);
#2746=LINE('',#15102,#3920);
#2747=LINE('',#15104,#3921);
#2748=LINE('',#15105,#3922);
#2749=LINE('',#15111,#3923);
#2750=LINE('',#15113,#3924);
#2751=LINE('',#15115,#3925);
#2752=LINE('',#15116,#3926);
#2753=LINE('',#15119,#3927);
#2754=LINE('',#15121,#3928);
#2755=LINE('',#15122,#3929);
#2756=LINE('',#15125,#3930);
#2757=LINE('',#15127,#3931);
#2758=LINE('',#15128,#3932);
#2759=LINE('',#15130,#3933);
#2760=LINE('',#15131,#3934);
#2761=LINE('',#15137,#3935);
#2762=LINE('',#15139,#3936);
#2763=LINE('',#15141,#3937);
#2764=LINE('',#15142,#3938);
#2765=LINE('',#15145,#3939);
#2766=LINE('',#15147,#3940);
#2767=LINE('',#15148,#3941);
#2768=LINE('',#15151,#3942);
#2769=LINE('',#15153,#3943);
#2770=LINE('',#15154,#3944);
#2771=LINE('',#15156,#3945);
#2772=LINE('',#15157,#3946);
#2773=LINE('',#15163,#3947);
#2774=LINE('',#15165,#3948);
#2775=LINE('',#15167,#3949);
#2776=LINE('',#15168,#3950);
#2777=LINE('',#15171,#3951);
#2778=LINE('',#15173,#3952);
#2779=LINE('',#15174,#3953);
#2780=LINE('',#15177,#3954);
#2781=LINE('',#15179,#3955);
#2782=LINE('',#15180,#3956);
#2783=LINE('',#15182,#3957);
#2784=LINE('',#15183,#3958);
#2785=LINE('',#15189,#3959);
#2786=LINE('',#15191,#3960);
#2787=LINE('',#15193,#3961);
#2788=LINE('',#15194,#3962);
#2789=LINE('',#15197,#3963);
#2790=LINE('',#15199,#3964);
#2791=LINE('',#15200,#3965);
#2792=LINE('',#15203,#3966);
#2793=LINE('',#15205,#3967);
#2794=LINE('',#15206,#3968);
#2795=LINE('',#15208,#3969);
#2796=LINE('',#15209,#3970);
#2797=LINE('',#15215,#3971);
#2798=LINE('',#15217,#3972);
#2799=LINE('',#15219,#3973);
#2800=LINE('',#15220,#3974);
#2801=LINE('',#15223,#3975);
#2802=LINE('',#15225,#3976);
#2803=LINE('',#15226,#3977);
#2804=LINE('',#15229,#3978);
#2805=LINE('',#15231,#3979);
#2806=LINE('',#15232,#3980);
#2807=LINE('',#15234,#3981);
#2808=LINE('',#15235,#3982);
#2809=LINE('',#15241,#3983);
#2810=LINE('',#15243,#3984);
#2811=LINE('',#15245,#3985);
#2812=LINE('',#15246,#3986);
#2813=LINE('',#15249,#3987);
#2814=LINE('',#15251,#3988);
#2815=LINE('',#15252,#3989);
#2816=LINE('',#15255,#3990);
#2817=LINE('',#15257,#3991);
#2818=LINE('',#15258,#3992);
#2819=LINE('',#15260,#3993);
#2820=LINE('',#15261,#3994);
#2821=LINE('',#15267,#3995);
#2822=LINE('',#15269,#3996);
#2823=LINE('',#15271,#3997);
#2824=LINE('',#15272,#3998);
#2825=LINE('',#15275,#3999);
#2826=LINE('',#15277,#4000);
#2827=LINE('',#15278,#4001);
#2828=LINE('',#15281,#4002);
#2829=LINE('',#15283,#4003);
#2830=LINE('',#15284,#4004);
#2831=LINE('',#15286,#4005);
#2832=LINE('',#15287,#4006);
#2833=LINE('',#15293,#4007);
#2834=LINE('',#15295,#4008);
#2835=LINE('',#15297,#4009);
#2836=LINE('',#15298,#4010);
#2837=LINE('',#15301,#4011);
#2838=LINE('',#15303,#4012);
#2839=LINE('',#15304,#4013);
#2840=LINE('',#15307,#4014);
#2841=LINE('',#15309,#4015);
#2842=LINE('',#15310,#4016);
#2843=LINE('',#15312,#4017);
#2844=LINE('',#15313,#4018);
#2845=LINE('',#15319,#4019);
#2846=LINE('',#15321,#4020);
#2847=LINE('',#15323,#4021);
#2848=LINE('',#15324,#4022);
#2849=LINE('',#15327,#4023);
#2850=LINE('',#15329,#4024);
#2851=LINE('',#15330,#4025);
#2852=LINE('',#15333,#4026);
#2853=LINE('',#15335,#4027);
#2854=LINE('',#15336,#4028);
#2855=LINE('',#15338,#4029);
#2856=LINE('',#15339,#4030);
#2857=LINE('',#15345,#4031);
#2858=LINE('',#15347,#4032);
#2859=LINE('',#15349,#4033);
#2860=LINE('',#15350,#4034);
#2861=LINE('',#15353,#4035);
#2862=LINE('',#15355,#4036);
#2863=LINE('',#15356,#4037);
#2864=LINE('',#15359,#4038);
#2865=LINE('',#15361,#4039);
#2866=LINE('',#15362,#4040);
#2867=LINE('',#15364,#4041);
#2868=LINE('',#15365,#4042);
#2869=LINE('',#15371,#4043);
#2870=LINE('',#15373,#4044);
#2871=LINE('',#15375,#4045);
#2872=LINE('',#15376,#4046);
#2873=LINE('',#15379,#4047);
#2874=LINE('',#15381,#4048);
#2875=LINE('',#15382,#4049);
#2876=LINE('',#15385,#4050);
#2877=LINE('',#15387,#4051);
#2878=LINE('',#15388,#4052);
#2879=LINE('',#15390,#4053);
#2880=LINE('',#15391,#4054);
#2881=LINE('',#15397,#4055);
#2882=LINE('',#15399,#4056);
#2883=LINE('',#15401,#4057);
#2884=LINE('',#15402,#4058);
#2885=LINE('',#15405,#4059);
#2886=LINE('',#15407,#4060);
#2887=LINE('',#15408,#4061);
#2888=LINE('',#15411,#4062);
#2889=LINE('',#15413,#4063);
#2890=LINE('',#15414,#4064);
#2891=LINE('',#15416,#4065);
#2892=LINE('',#15417,#4066);
#2893=LINE('',#15423,#4067);
#2894=LINE('',#15425,#4068);
#2895=LINE('',#15427,#4069);
#2896=LINE('',#15428,#4070);
#2897=LINE('',#15431,#4071);
#2898=LINE('',#15433,#4072);
#2899=LINE('',#15434,#4073);
#2900=LINE('',#15437,#4074);
#2901=LINE('',#15439,#4075);
#2902=LINE('',#15440,#4076);
#2903=LINE('',#15442,#4077);
#2904=LINE('',#15443,#4078);
#2905=LINE('',#15449,#4079);
#2906=LINE('',#15451,#4080);
#2907=LINE('',#15453,#4081);
#2908=LINE('',#15454,#4082);
#2909=LINE('',#15457,#4083);
#2910=LINE('',#15459,#4084);
#2911=LINE('',#15460,#4085);
#2912=LINE('',#15463,#4086);
#2913=LINE('',#15465,#4087);
#2914=LINE('',#15466,#4088);
#2915=LINE('',#15468,#4089);
#2916=LINE('',#15469,#4090);
#2917=LINE('',#15475,#4091);
#2918=LINE('',#15477,#4092);
#2919=LINE('',#15479,#4093);
#2920=LINE('',#15480,#4094);
#2921=LINE('',#15483,#4095);
#2922=LINE('',#15485,#4096);
#2923=LINE('',#15486,#4097);
#2924=LINE('',#15489,#4098);
#2925=LINE('',#15491,#4099);
#2926=LINE('',#15492,#4100);
#2927=LINE('',#15494,#4101);
#2928=LINE('',#15495,#4102);
#2929=LINE('',#15501,#4103);
#2930=LINE('',#15503,#4104);
#2931=LINE('',#15505,#4105);
#2932=LINE('',#15506,#4106);
#2933=LINE('',#15509,#4107);
#2934=LINE('',#15511,#4108);
#2935=LINE('',#15512,#4109);
#2936=LINE('',#15515,#4110);
#2937=LINE('',#15517,#4111);
#2938=LINE('',#15518,#4112);
#2939=LINE('',#15520,#4113);
#2940=LINE('',#15521,#4114);
#2941=LINE('',#15527,#4115);
#2942=LINE('',#15529,#4116);
#2943=LINE('',#15531,#4117);
#2944=LINE('',#15532,#4118);
#2945=LINE('',#15535,#4119);
#2946=LINE('',#15537,#4120);
#2947=LINE('',#15538,#4121);
#2948=LINE('',#15541,#4122);
#2949=LINE('',#15543,#4123);
#2950=LINE('',#15544,#4124);
#2951=LINE('',#15546,#4125);
#2952=LINE('',#15547,#4126);
#2953=LINE('',#15553,#4127);
#2954=LINE('',#15555,#4128);
#2955=LINE('',#15557,#4129);
#2956=LINE('',#15558,#4130);
#2957=LINE('',#15561,#4131);
#2958=LINE('',#15563,#4132);
#2959=LINE('',#15564,#4133);
#2960=LINE('',#15567,#4134);
#2961=LINE('',#15569,#4135);
#2962=LINE('',#15570,#4136);
#2963=LINE('',#15572,#4137);
#2964=LINE('',#15573,#4138);
#2965=LINE('',#15579,#4139);
#2966=LINE('',#15581,#4140);
#2967=LINE('',#15583,#4141);
#2968=LINE('',#15584,#4142);
#2969=LINE('',#15587,#4143);
#2970=LINE('',#15589,#4144);
#2971=LINE('',#15590,#4145);
#2972=LINE('',#15593,#4146);
#2973=LINE('',#15595,#4147);
#2974=LINE('',#15596,#4148);
#2975=LINE('',#15598,#4149);
#2976=LINE('',#15599,#4150);
#2977=LINE('',#15605,#4151);
#2978=LINE('',#15607,#4152);
#2979=LINE('',#15609,#4153);
#2980=LINE('',#15610,#4154);
#2981=LINE('',#15613,#4155);
#2982=LINE('',#15615,#4156);
#2983=LINE('',#15616,#4157);
#2984=LINE('',#15619,#4158);
#2985=LINE('',#15621,#4159);
#2986=LINE('',#15622,#4160);
#2987=LINE('',#15624,#4161);
#2988=LINE('',#15625,#4162);
#2989=LINE('',#15631,#4163);
#2990=LINE('',#15633,#4164);
#2991=LINE('',#15635,#4165);
#2992=LINE('',#15636,#4166);
#2993=LINE('',#15639,#4167);
#2994=LINE('',#15641,#4168);
#2995=LINE('',#15642,#4169);
#2996=LINE('',#15645,#4170);
#2997=LINE('',#15647,#4171);
#2998=LINE('',#15648,#4172);
#2999=LINE('',#15650,#4173);
#3000=LINE('',#15651,#4174);
#3001=LINE('',#15657,#4175);
#3002=LINE('',#15659,#4176);
#3003=LINE('',#15661,#4177);
#3004=LINE('',#15662,#4178);
#3005=LINE('',#15665,#4179);
#3006=LINE('',#15667,#4180);
#3007=LINE('',#15668,#4181);
#3008=LINE('',#15671,#4182);
#3009=LINE('',#15673,#4183);
#3010=LINE('',#15674,#4184);
#3011=LINE('',#15676,#4185);
#3012=LINE('',#15677,#4186);
#3013=LINE('',#15683,#4187);
#3014=LINE('',#15685,#4188);
#3015=LINE('',#15687,#4189);
#3016=LINE('',#15688,#4190);
#3017=LINE('',#15691,#4191);
#3018=LINE('',#15693,#4192);
#3019=LINE('',#15694,#4193);
#3020=LINE('',#15697,#4194);
#3021=LINE('',#15699,#4195);
#3022=LINE('',#15700,#4196);
#3023=LINE('',#15702,#4197);
#3024=LINE('',#15703,#4198);
#3025=LINE('',#15709,#4199);
#3026=LINE('',#15711,#4200);
#3027=LINE('',#15713,#4201);
#3028=LINE('',#15714,#4202);
#3029=LINE('',#15717,#4203);
#3030=LINE('',#15719,#4204);
#3031=LINE('',#15720,#4205);
#3032=LINE('',#15723,#4206);
#3033=LINE('',#15725,#4207);
#3034=LINE('',#15726,#4208);
#3035=LINE('',#15728,#4209);
#3036=LINE('',#15729,#4210);
#3037=LINE('',#15735,#4211);
#3038=LINE('',#15737,#4212);
#3039=LINE('',#15739,#4213);
#3040=LINE('',#15740,#4214);
#3041=LINE('',#15743,#4215);
#3042=LINE('',#15745,#4216);
#3043=LINE('',#15746,#4217);
#3044=LINE('',#15749,#4218);
#3045=LINE('',#15751,#4219);
#3046=LINE('',#15752,#4220);
#3047=LINE('',#15754,#4221);
#3048=LINE('',#15755,#4222);
#3049=LINE('',#15761,#4223);
#3050=LINE('',#15763,#4224);
#3051=LINE('',#15765,#4225);
#3052=LINE('',#15766,#4226);
#3053=LINE('',#15769,#4227);
#3054=LINE('',#15771,#4228);
#3055=LINE('',#15772,#4229);
#3056=LINE('',#15775,#4230);
#3057=LINE('',#15777,#4231);
#3058=LINE('',#15778,#4232);
#3059=LINE('',#15780,#4233);
#3060=LINE('',#15781,#4234);
#3061=LINE('',#15787,#4235);
#3062=LINE('',#15789,#4236);
#3063=LINE('',#15791,#4237);
#3064=LINE('',#15792,#4238);
#3065=LINE('',#15795,#4239);
#3066=LINE('',#15797,#4240);
#3067=LINE('',#15798,#4241);
#3068=LINE('',#15801,#4242);
#3069=LINE('',#15803,#4243);
#3070=LINE('',#15804,#4244);
#3071=LINE('',#15806,#4245);
#3072=LINE('',#15807,#4246);
#3073=LINE('',#15813,#4247);
#3074=LINE('',#15815,#4248);
#3075=LINE('',#15817,#4249);
#3076=LINE('',#15818,#4250);
#3077=LINE('',#15821,#4251);
#3078=LINE('',#15823,#4252);
#3079=LINE('',#15824,#4253);
#3080=LINE('',#15827,#4254);
#3081=LINE('',#15829,#4255);
#3082=LINE('',#15830,#4256);
#3083=LINE('',#15832,#4257);
#3084=LINE('',#15833,#4258);
#3085=LINE('',#15839,#4259);
#3086=LINE('',#15841,#4260);
#3087=LINE('',#15843,#4261);
#3088=LINE('',#15844,#4262);
#3089=LINE('',#15847,#4263);
#3090=LINE('',#15849,#4264);
#3091=LINE('',#15850,#4265);
#3092=LINE('',#15853,#4266);
#3093=LINE('',#15855,#4267);
#3094=LINE('',#15856,#4268);
#3095=LINE('',#15858,#4269);
#3096=LINE('',#15859,#4270);
#3097=LINE('',#15865,#4271);
#3098=LINE('',#15867,#4272);
#3099=LINE('',#15869,#4273);
#3100=LINE('',#15870,#4274);
#3101=LINE('',#15873,#4275);
#3102=LINE('',#15875,#4276);
#3103=LINE('',#15876,#4277);
#3104=LINE('',#15879,#4278);
#3105=LINE('',#15881,#4279);
#3106=LINE('',#15882,#4280);
#3107=LINE('',#15884,#4281);
#3108=LINE('',#15885,#4282);
#3109=LINE('',#15891,#4283);
#3110=LINE('',#15893,#4284);
#3111=LINE('',#15895,#4285);
#3112=LINE('',#15896,#4286);
#3113=LINE('',#15899,#4287);
#3114=LINE('',#15901,#4288);
#3115=LINE('',#15902,#4289);
#3116=LINE('',#15905,#4290);
#3117=LINE('',#15907,#4291);
#3118=LINE('',#15908,#4292);
#3119=LINE('',#15910,#4293);
#3120=LINE('',#15911,#4294);
#3121=LINE('',#15917,#4295);
#3122=LINE('',#15919,#4296);
#3123=LINE('',#15921,#4297);
#3124=LINE('',#15922,#4298);
#3125=LINE('',#15925,#4299);
#3126=LINE('',#15927,#4300);
#3127=LINE('',#15928,#4301);
#3128=LINE('',#15931,#4302);
#3129=LINE('',#15933,#4303);
#3130=LINE('',#15934,#4304);
#3131=LINE('',#15936,#4305);
#3132=LINE('',#15937,#4306);
#3133=LINE('',#15943,#4307);
#3134=LINE('',#15945,#4308);
#3135=LINE('',#15947,#4309);
#3136=LINE('',#15948,#4310);
#3137=LINE('',#15951,#4311);
#3138=LINE('',#15953,#4312);
#3139=LINE('',#15954,#4313);
#3140=LINE('',#15957,#4314);
#3141=LINE('',#15959,#4315);
#3142=LINE('',#15960,#4316);
#3143=LINE('',#15962,#4317);
#3144=LINE('',#15963,#4318);
#3145=LINE('',#15969,#4319);
#3146=LINE('',#15971,#4320);
#3147=LINE('',#15973,#4321);
#3148=LINE('',#15974,#4322);
#3149=LINE('',#15977,#4323);
#3150=LINE('',#15979,#4324);
#3151=LINE('',#15980,#4325);
#3152=LINE('',#15983,#4326);
#3153=LINE('',#15985,#4327);
#3154=LINE('',#15986,#4328);
#3155=LINE('',#15988,#4329);
#3156=LINE('',#15989,#4330);
#3157=LINE('',#15995,#4331);
#3158=LINE('',#15997,#4332);
#3159=LINE('',#15999,#4333);
#3160=LINE('',#16000,#4334);
#3161=LINE('',#16003,#4335);
#3162=LINE('',#16005,#4336);
#3163=LINE('',#16006,#4337);
#3164=LINE('',#16009,#4338);
#3165=LINE('',#16011,#4339);
#3166=LINE('',#16012,#4340);
#3167=LINE('',#16014,#4341);
#3168=LINE('',#16015,#4342);
#3169=LINE('',#16021,#4343);
#3170=LINE('',#16023,#4344);
#3171=LINE('',#16025,#4345);
#3172=LINE('',#16026,#4346);
#3173=LINE('',#16029,#4347);
#3174=LINE('',#16031,#4348);
#3175=LINE('',#16032,#4349);
#3176=LINE('',#16035,#4350);
#3177=LINE('',#16037,#4351);
#3178=LINE('',#16038,#4352);
#3179=LINE('',#16040,#4353);
#3180=LINE('',#16041,#4354);
#3181=LINE('',#16047,#4355);
#3182=LINE('',#16049,#4356);
#3183=LINE('',#16051,#4357);
#3184=LINE('',#16052,#4358);
#3185=LINE('',#16055,#4359);
#3186=LINE('',#16057,#4360);
#3187=LINE('',#16058,#4361);
#3188=LINE('',#16061,#4362);
#3189=LINE('',#16063,#4363);
#3190=LINE('',#16064,#4364);
#3191=LINE('',#16066,#4365);
#3192=LINE('',#16067,#4366);
#3193=LINE('',#16073,#4367);
#3194=LINE('',#16075,#4368);
#3195=LINE('',#16077,#4369);
#3196=LINE('',#16078,#4370);
#3197=LINE('',#16081,#4371);
#3198=LINE('',#16083,#4372);
#3199=LINE('',#16084,#4373);
#3200=LINE('',#16087,#4374);
#3201=LINE('',#16089,#4375);
#3202=LINE('',#16090,#4376);
#3203=LINE('',#16092,#4377);
#3204=LINE('',#16093,#4378);
#3205=LINE('',#16099,#4379);
#3206=LINE('',#16101,#4380);
#3207=LINE('',#16103,#4381);
#3208=LINE('',#16104,#4382);
#3209=LINE('',#16107,#4383);
#3210=LINE('',#16109,#4384);
#3211=LINE('',#16110,#4385);
#3212=LINE('',#16113,#4386);
#3213=LINE('',#16115,#4387);
#3214=LINE('',#16116,#4388);
#3215=LINE('',#16118,#4389);
#3216=LINE('',#16119,#4390);
#3217=LINE('',#16125,#4391);
#3218=LINE('',#16127,#4392);
#3219=LINE('',#16129,#4393);
#3220=LINE('',#16130,#4394);
#3221=LINE('',#16133,#4395);
#3222=LINE('',#16135,#4396);
#3223=LINE('',#16136,#4397);
#3224=LINE('',#16139,#4398);
#3225=LINE('',#16141,#4399);
#3226=LINE('',#16142,#4400);
#3227=LINE('',#16144,#4401);
#3228=LINE('',#16145,#4402);
#3229=LINE('',#16151,#4403);
#3230=LINE('',#16153,#4404);
#3231=LINE('',#16155,#4405);
#3232=LINE('',#16156,#4406);
#3233=LINE('',#16159,#4407);
#3234=LINE('',#16161,#4408);
#3235=LINE('',#16162,#4409);
#3236=LINE('',#16165,#4410);
#3237=LINE('',#16167,#4411);
#3238=LINE('',#16168,#4412);
#3239=LINE('',#16170,#4413);
#3240=LINE('',#16171,#4414);
#3241=LINE('',#16177,#4415);
#3242=LINE('',#16179,#4416);
#3243=LINE('',#16181,#4417);
#3244=LINE('',#16182,#4418);
#3245=LINE('',#16185,#4419);
#3246=LINE('',#16187,#4420);
#3247=LINE('',#16188,#4421);
#3248=LINE('',#16191,#4422);
#3249=LINE('',#16193,#4423);
#3250=LINE('',#16194,#4424);
#3251=LINE('',#16196,#4425);
#3252=LINE('',#16197,#4426);
#3253=LINE('',#16203,#4427);
#3254=LINE('',#16205,#4428);
#3255=LINE('',#16207,#4429);
#3256=LINE('',#16208,#4430);
#3257=LINE('',#16211,#4431);
#3258=LINE('',#16213,#4432);
#3259=LINE('',#16214,#4433);
#3260=LINE('',#16217,#4434);
#3261=LINE('',#16219,#4435);
#3262=LINE('',#16220,#4436);
#3263=LINE('',#16222,#4437);
#3264=LINE('',#16223,#4438);
#3265=LINE('',#16229,#4439);
#3266=LINE('',#16231,#4440);
#3267=LINE('',#16233,#4441);
#3268=LINE('',#16234,#4442);
#3269=LINE('',#16237,#4443);
#3270=LINE('',#16239,#4444);
#3271=LINE('',#16240,#4445);
#3272=LINE('',#16243,#4446);
#3273=LINE('',#16245,#4447);
#3274=LINE('',#16246,#4448);
#3275=LINE('',#16248,#4449);
#3276=LINE('',#16249,#4450);
#3277=LINE('',#16255,#4451);
#3278=LINE('',#16257,#4452);
#3279=LINE('',#16259,#4453);
#3280=LINE('',#16260,#4454);
#3281=LINE('',#16263,#4455);
#3282=LINE('',#16265,#4456);
#3283=LINE('',#16266,#4457);
#3284=LINE('',#16269,#4458);
#3285=LINE('',#16271,#4459);
#3286=LINE('',#16272,#4460);
#3287=LINE('',#16274,#4461);
#3288=LINE('',#16275,#4462);
#3289=LINE('',#16281,#4463);
#3290=LINE('',#16283,#4464);
#3291=LINE('',#16285,#4465);
#3292=LINE('',#16286,#4466);
#3293=LINE('',#16289,#4467);
#3294=LINE('',#16291,#4468);
#3295=LINE('',#16292,#4469);
#3296=LINE('',#16295,#4470);
#3297=LINE('',#16297,#4471);
#3298=LINE('',#16298,#4472);
#3299=LINE('',#16300,#4473);
#3300=LINE('',#16301,#4474);
#3301=LINE('',#16307,#4475);
#3302=LINE('',#16309,#4476);
#3303=LINE('',#16311,#4477);
#3304=LINE('',#16312,#4478);
#3305=LINE('',#16315,#4479);
#3306=LINE('',#16317,#4480);
#3307=LINE('',#16318,#4481);
#3308=LINE('',#16321,#4482);
#3309=LINE('',#16323,#4483);
#3310=LINE('',#16324,#4484);
#3311=LINE('',#16326,#4485);
#3312=LINE('',#16327,#4486);
#3313=LINE('',#16333,#4487);
#3314=LINE('',#16335,#4488);
#3315=LINE('',#16337,#4489);
#3316=LINE('',#16338,#4490);
#3317=LINE('',#16341,#4491);
#3318=LINE('',#16343,#4492);
#3319=LINE('',#16344,#4493);
#3320=LINE('',#16347,#4494);
#3321=LINE('',#16349,#4495);
#3322=LINE('',#16350,#4496);
#3323=LINE('',#16352,#4497);
#3324=LINE('',#16353,#4498);
#3325=LINE('',#16359,#4499);
#3326=LINE('',#16361,#4500);
#3327=LINE('',#16363,#4501);
#3328=LINE('',#16364,#4502);
#3329=LINE('',#16367,#4503);
#3330=LINE('',#16369,#4504);
#3331=LINE('',#16370,#4505);
#3332=LINE('',#16373,#4506);
#3333=LINE('',#16375,#4507);
#3334=LINE('',#16376,#4508);
#3335=LINE('',#16378,#4509);
#3336=LINE('',#16379,#4510);
#3337=VECTOR('',#10921,3.5);
#3338=VECTOR('',#10930,3.5);
#3339=VECTOR('',#10939,3.5);
#3340=VECTOR('',#10948,3.5);
#3341=VECTOR('',#10955,10.);
#3342=VECTOR('',#10956,10.);
#3343=VECTOR('',#10957,10.);
#3344=VECTOR('',#10958,10.);
#3345=VECTOR('',#10965,10.);
#3346=VECTOR('',#10968,10.);
#3347=VECTOR('',#10969,10.);
#3348=VECTOR('',#10970,10.);
#3349=VECTOR('',#10979,10.);
#3350=VECTOR('',#10980,10.);
#3351=VECTOR('',#10981,10.);
#3352=VECTOR('',#10982,10.);
#3353=VECTOR('',#10989,10.);
#3354=VECTOR('',#10992,10.);
#3355=VECTOR('',#10993,10.);
#3356=VECTOR('',#10994,10.);
#3357=VECTOR('',#11005,5.50000000000001);
#3358=VECTOR('',#11012,5.5);
#3359=VECTOR('',#11019,6.25);
#3360=VECTOR('',#11026,3.2);
#3361=VECTOR('',#11033,1.25);
#3362=VECTOR('',#11042,1.25);
#3363=VECTOR('',#11051,1.25);
#3364=VECTOR('',#11060,1.25);
#3365=VECTOR('',#11069,1.25);
#3366=VECTOR('',#11078,1.25);
#3367=VECTOR('',#11087,1.25);
#3368=VECTOR('',#11096,1.25);
#3369=VECTOR('',#11105,3.00000000000001);
#3370=VECTOR('',#11114,3.);
#3371=VECTOR('',#11123,3.00000000000001);
#3372=VECTOR('',#11132,3.);
#3373=VECTOR('',#11139,10.);
#3374=VECTOR('',#11142,10.);
#3375=VECTOR('',#11149,10.);
#3376=VECTOR('',#11152,10.);
#3377=VECTOR('',#11155,10.);
#3378=VECTOR('',#11158,10.);
#3379=VECTOR('',#11159,10.);
#3380=VECTOR('',#11162,10.);
#3381=VECTOR('',#11165,10.);
#3382=VECTOR('',#11168,10.);
#3383=VECTOR('',#11171,10.);
#3384=VECTOR('',#11172,10.);
#3385=VECTOR('',#11175,10.);
#3386=VECTOR('',#11176,10.);
#3387=VECTOR('',#11181,10.);
#3388=VECTOR('',#11184,10.);
#3389=VECTOR('',#11185,10.);
#3390=VECTOR('',#11190,10.);
#3391=VECTOR('',#11195,10.);
#3392=VECTOR('',#11196,10.);
#3393=VECTOR('',#11203,10.);
#3394=VECTOR('',#11206,10.);
#3395=VECTOR('',#11209,10.);
#3396=VECTOR('',#11210,10.);
#3397=VECTOR('',#11213,10.);
#3398=VECTOR('',#11216,10.);
#3399=VECTOR('',#11219,10.);
#3400=VECTOR('',#11220,10.);
#3401=VECTOR('',#11225,10.);
#3402=VECTOR('',#11228,10.);
#3403=VECTOR('',#11233,10.);
#3404=VECTOR('',#11236,10.);
#3405=VECTOR('',#11243,1.6);
#3406=VECTOR('',#11250,1.6);
#3407=VECTOR('',#11257,1.6);
#3408=VECTOR('',#11264,1.6);
#3409=VECTOR('',#11271,1.6);
#3410=VECTOR('',#11278,3.25);
#3411=VECTOR('',#11285,4.5);
#3412=VECTOR('',#11294,9.);
#3413=VECTOR('',#11301,7.5);
#3414=VECTOR('',#11308,11.5);
#3415=VECTOR('',#11315,10.);
#3416=VECTOR('',#11318,10.);
#3417=VECTOR('',#11321,10.);
#3418=VECTOR('',#11322,10.);
#3419=VECTOR('',#11323,10.);
#3420=VECTOR('',#11326,10.);
#3421=VECTOR('',#11329,10.);
#3422=VECTOR('',#11332,10.);
#3423=VECTOR('',#11337,10.);
#3424=VECTOR('',#11340,10.);
#3425=VECTOR('',#11343,10.);
#3426=VECTOR('',#11344,10.);
#3427=VECTOR('',#11349,10.);
#3428=VECTOR('',#11352,10.);
#3429=VECTOR('',#11357,10.);
#3430=VECTOR('',#11360,10.);
#3431=VECTOR('',#11371,7.5);
#3432=VECTOR('',#11376,10.);
#3433=VECTOR('',#11377,10.);
#3434=VECTOR('',#11378,10.);
#3435=VECTOR('',#11379,10.);
#3436=VECTOR('',#11382,10.);
#3437=VECTOR('',#11383,10.);
#3438=VECTOR('',#11384,10.);
#3439=VECTOR('',#11385,10.);
#3440=VECTOR('',#11388,10.);
#3441=VECTOR('',#11389,10.);
#3442=VECTOR('',#11392,10.);
#3443=VECTOR('',#11393,10.);
#3444=VECTOR('',#11394,10.);
#3445=VECTOR('',#11397,10.);
#3446=VECTOR('',#11398,10.);
#3447=VECTOR('',#11399,10.);
#3448=VECTOR('',#11402,10.);
#3449=VECTOR('',#11403,10.);
#3450=VECTOR('',#11404,10.);
#3451=VECTOR('',#11407,10.);
#3452=VECTOR('',#11408,10.);
#3453=VECTOR('',#11411,10.);
#3454=VECTOR('',#11412,10.);
#3455=VECTOR('',#11415,10.);
#3456=VECTOR('',#11422,10.);
#3457=VECTOR('',#11425,10.);
#3458=VECTOR('',#11430,10.);
#3459=VECTOR('',#11433,10.);
#3460=VECTOR('',#11438,10.);
#3461=VECTOR('',#11439,10.);
#3462=VECTOR('',#11440,10.);
#3463=VECTOR('',#11441,10.);
#3464=VECTOR('',#11444,10.);
#3465=VECTOR('',#11445,10.);
#3466=VECTOR('',#11446,10.);
#3467=VECTOR('',#11449,10.);
#3468=VECTOR('',#11450,10.);
#3469=VECTOR('',#11451,10.);
#3470=VECTOR('',#11456,1.6);
#3471=VECTOR('',#11463,1.6);
#3472=VECTOR('',#11470,1.6);
#3473=VECTOR('',#11477,1.6);
#3474=VECTOR('',#11484,10.);
#3475=VECTOR('',#11487,10.);
#3476=VECTOR('',#11492,10.);
#3477=VECTOR('',#11495,10.);
#3478=VECTOR('',#11498,10.);
#3479=VECTOR('',#11499,10.);
#3480=VECTOR('',#11502,10.);
#3481=VECTOR('',#11503,10.);
#3482=VECTOR('',#11506,10.);
#3483=VECTOR('',#11507,10.);
#3484=VECTOR('',#11510,10.);
#3485=VECTOR('',#11511,10.);
#3486=VECTOR('',#11514,10.);
#3487=VECTOR('',#11515,10.);
#3488=VECTOR('',#11524,4.5);
#3489=VECTOR('',#11533,10.);
#3490=VECTOR('',#11534,10.);
#3491=VECTOR('',#11535,10.);
#3492=VECTOR('',#11536,10.);
#3493=VECTOR('',#11539,10.);
#3494=VECTOR('',#11540,10.);
#3495=VECTOR('',#11541,10.);
#3496=VECTOR('',#11544,10.);
#3497=VECTOR('',#11545,10.);
#3498=VECTOR('',#11546,10.);
#3499=VECTOR('',#11549,10.);
#3500=VECTOR('',#11550,10.);
#3501=VECTOR('',#11559,1.5);
#3502=VECTOR('',#11568,10.);
#3503=VECTOR('',#11569,10.);
#3504=VECTOR('',#11570,10.);
#3505=VECTOR('',#11571,10.);
#3506=VECTOR('',#11574,10.);
#3507=VECTOR('',#11575,10.);
#3508=VECTOR('',#11576,10.);
#3509=VECTOR('',#11579,10.);
#3510=VECTOR('',#11580,10.);
#3511=VECTOR('',#11581,10.);
#3512=VECTOR('',#11584,10.);
#3513=VECTOR('',#11585,10.);
#3514=VECTOR('',#11592,10.);
#3515=VECTOR('',#11593,10.);
#3516=VECTOR('',#11594,10.);
#3517=VECTOR('',#11595,10.);
#3518=VECTOR('',#11598,10.);
#3519=VECTOR('',#11599,10.);
#3520=VECTOR('',#11600,10.);
#3521=VECTOR('',#11603,10.);
#3522=VECTOR('',#11604,10.);
#3523=VECTOR('',#11605,10.);
#3524=VECTOR('',#11608,10.);
#3525=VECTOR('',#11609,10.);
#3526=VECTOR('',#11616,10.);
#3527=VECTOR('',#11617,10.);
#3528=VECTOR('',#11618,10.);
#3529=VECTOR('',#11619,10.);
#3530=VECTOR('',#11622,10.);
#3531=VECTOR('',#11623,10.);
#3532=VECTOR('',#11624,10.);
#3533=VECTOR('',#11627,10.);
#3534=VECTOR('',#11628,10.);
#3535=VECTOR('',#11629,10.);
#3536=VECTOR('',#11632,10.);
#3537=VECTOR('',#11633,10.);
#3538=VECTOR('',#11640,10.);
#3539=VECTOR('',#11641,10.);
#3540=VECTOR('',#11642,10.);
#3541=VECTOR('',#11643,10.);
#3542=VECTOR('',#11646,10.);
#3543=VECTOR('',#11647,10.);
#3544=VECTOR('',#11648,10.);
#3545=VECTOR('',#11651,10.);
#3546=VECTOR('',#11652,10.);
#3547=VECTOR('',#11653,10.);
#3548=VECTOR('',#11656,10.);
#3549=VECTOR('',#11657,10.);
#3550=VECTOR('',#11664,10.);
#3551=VECTOR('',#11665,10.);
#3552=VECTOR('',#11666,10.);
#3553=VECTOR('',#11667,10.);
#3554=VECTOR('',#11670,10.);
#3555=VECTOR('',#11671,10.);
#3556=VECTOR('',#11672,10.);
#3557=VECTOR('',#11675,10.);
#3558=VECTOR('',#11676,10.);
#3559=VECTOR('',#11677,10.);
#3560=VECTOR('',#11680,10.);
#3561=VECTOR('',#11681,10.);
#3562=VECTOR('',#11688,10.);
#3563=VECTOR('',#11689,10.);
#3564=VECTOR('',#11690,10.);
#3565=VECTOR('',#11691,10.);
#3566=VECTOR('',#11694,10.);
#3567=VECTOR('',#11695,10.);
#3568=VECTOR('',#11696,10.);
#3569=VECTOR('',#11699,10.);
#3570=VECTOR('',#11700,10.);
#3571=VECTOR('',#11701,10.);
#3572=VECTOR('',#11704,10.);
#3573=VECTOR('',#11705,10.);
#3574=VECTOR('',#11712,10.);
#3575=VECTOR('',#11713,10.);
#3576=VECTOR('',#11714,10.);
#3577=VECTOR('',#11715,10.);
#3578=VECTOR('',#11718,10.);
#3579=VECTOR('',#11719,10.);
#3580=VECTOR('',#11720,10.);
#3581=VECTOR('',#11723,10.);
#3582=VECTOR('',#11724,10.);
#3583=VECTOR('',#11725,10.);
#3584=VECTOR('',#11728,10.);
#3585=VECTOR('',#11729,10.);
#3586=VECTOR('',#11736,10.);
#3587=VECTOR('',#11737,10.);
#3588=VECTOR('',#11738,10.);
#3589=VECTOR('',#11739,10.);
#3590=VECTOR('',#11742,10.);
#3591=VECTOR('',#11743,10.);
#3592=VECTOR('',#11744,10.);
#3593=VECTOR('',#11747,10.);
#3594=VECTOR('',#11748,10.);
#3595=VECTOR('',#11749,10.);
#3596=VECTOR('',#11752,10.);
#3597=VECTOR('',#11753,10.);
#3598=VECTOR('',#11760,10.);
#3599=VECTOR('',#11761,10.);
#3600=VECTOR('',#11762,10.);
#3601=VECTOR('',#11763,10.);
#3602=VECTOR('',#11766,10.);
#3603=VECTOR('',#11767,10.);
#3604=VECTOR('',#11768,10.);
#3605=VECTOR('',#11771,10.);
#3606=VECTOR('',#11772,10.);
#3607=VECTOR('',#11773,10.);
#3608=VECTOR('',#11776,10.);
#3609=VECTOR('',#11777,10.);
#3610=VECTOR('',#11784,10.);
#3611=VECTOR('',#11785,10.);
#3612=VECTOR('',#11786,10.);
#3613=VECTOR('',#11787,10.);
#3614=VECTOR('',#11790,10.);
#3615=VECTOR('',#11791,10.);
#3616=VECTOR('',#11792,10.);
#3617=VECTOR('',#11795,10.);
#3618=VECTOR('',#11796,10.);
#3619=VECTOR('',#11797,10.);
#3620=VECTOR('',#11800,10.);
#3621=VECTOR('',#11801,10.);
#3622=VECTOR('',#11808,10.);
#3623=VECTOR('',#11809,10.);
#3624=VECTOR('',#11810,10.);
#3625=VECTOR('',#11811,10.);
#3626=VECTOR('',#11814,10.);
#3627=VECTOR('',#11815,10.);
#3628=VECTOR('',#11816,10.);
#3629=VECTOR('',#11819,10.);
#3630=VECTOR('',#11820,10.);
#3631=VECTOR('',#11821,10.);
#3632=VECTOR('',#11824,10.);
#3633=VECTOR('',#11825,10.);
#3634=VECTOR('',#11832,10.);
#3635=VECTOR('',#11833,10.);
#3636=VECTOR('',#11834,10.);
#3637=VECTOR('',#11835,10.);
#3638=VECTOR('',#11838,10.);
#3639=VECTOR('',#11839,10.);
#3640=VECTOR('',#11840,10.);
#3641=VECTOR('',#11843,10.);
#3642=VECTOR('',#11844,10.);
#3643=VECTOR('',#11845,10.);
#3644=VECTOR('',#11848,10.);
#3645=VECTOR('',#11849,10.);
#3646=VECTOR('',#11856,10.);
#3647=VECTOR('',#11857,10.);
#3648=VECTOR('',#11858,10.);
#3649=VECTOR('',#11859,10.);
#3650=VECTOR('',#11862,10.);
#3651=VECTOR('',#11863,10.);
#3652=VECTOR('',#11864,10.);
#3653=VECTOR('',#11867,10.);
#3654=VECTOR('',#11868,10.);
#3655=VECTOR('',#11869,10.);
#3656=VECTOR('',#11872,10.);
#3657=VECTOR('',#11873,10.);
#3658=VECTOR('',#11880,10.);
#3659=VECTOR('',#11881,10.);
#3660=VECTOR('',#11882,10.);
#3661=VECTOR('',#11883,10.);
#3662=VECTOR('',#11886,10.);
#3663=VECTOR('',#11887,10.);
#3664=VECTOR('',#11888,10.);
#3665=VECTOR('',#11891,10.);
#3666=VECTOR('',#11892,10.);
#3667=VECTOR('',#11893,10.);
#3668=VECTOR('',#11896,10.);
#3669=VECTOR('',#11897,10.);
#3670=VECTOR('',#11904,10.);
#3671=VECTOR('',#11905,10.);
#3672=VECTOR('',#11906,10.);
#3673=VECTOR('',#11907,10.);
#3674=VECTOR('',#11910,10.);
#3675=VECTOR('',#11911,10.);
#3676=VECTOR('',#11912,10.);
#3677=VECTOR('',#11915,10.);
#3678=VECTOR('',#11916,10.);
#3679=VECTOR('',#11917,10.);
#3680=VECTOR('',#11920,10.);
#3681=VECTOR('',#11921,10.);
#3682=VECTOR('',#11928,10.);
#3683=VECTOR('',#11929,10.);
#3684=VECTOR('',#11930,10.);
#3685=VECTOR('',#11931,10.);
#3686=VECTOR('',#11934,10.);
#3687=VECTOR('',#11935,10.);
#3688=VECTOR('',#11936,10.);
#3689=VECTOR('',#11939,10.);
#3690=VECTOR('',#11940,10.);
#3691=VECTOR('',#11941,10.);
#3692=VECTOR('',#11944,10.);
#3693=VECTOR('',#11945,10.);
#3694=VECTOR('',#11952,10.);
#3695=VECTOR('',#11953,10.);
#3696=VECTOR('',#11954,10.);
#3697=VECTOR('',#11955,10.);
#3698=VECTOR('',#11958,10.);
#3699=VECTOR('',#11959,10.);
#3700=VECTOR('',#11960,10.);
#3701=VECTOR('',#11963,10.);
#3702=VECTOR('',#11964,10.);
#3703=VECTOR('',#11965,10.);
#3704=VECTOR('',#11968,10.);
#3705=VECTOR('',#11969,10.);
#3706=VECTOR('',#11982,10.75);
#3707=VECTOR('',#11987,10.);
#3708=VECTOR('',#11988,10.);
#3709=VECTOR('',#11989,10.);
#3710=VECTOR('',#11990,10.);
#3711=VECTOR('',#11993,10.);
#3712=VECTOR('',#11994,10.);
#3713=VECTOR('',#11995,10.);
#3714=VECTOR('',#11998,10.);
#3715=VECTOR('',#11999,10.);
#3716=VECTOR('',#12000,10.);
#3717=VECTOR('',#12003,10.);
#3718=VECTOR('',#12004,10.);
#3719=VECTOR('',#12011,10.);
#3720=VECTOR('',#12012,10.);
#3721=VECTOR('',#12013,10.);
#3722=VECTOR('',#12014,10.);
#3723=VECTOR('',#12017,10.);
#3724=VECTOR('',#12018,10.);
#3725=VECTOR('',#12019,10.);
#3726=VECTOR('',#12022,10.);
#3727=VECTOR('',#12023,10.);
#3728=VECTOR('',#12024,10.);
#3729=VECTOR('',#12027,10.);
#3730=VECTOR('',#12028,10.);
#3731=VECTOR('',#12035,10.);
#3732=VECTOR('',#12036,10.);
#3733=VECTOR('',#12037,10.);
#3734=VECTOR('',#12038,10.);
#3735=VECTOR('',#12041,10.);
#3736=VECTOR('',#12042,10.);
#3737=VECTOR('',#12043,10.);
#3738=VECTOR('',#12046,10.);
#3739=VECTOR('',#12047,10.);
#3740=VECTOR('',#12048,10.);
#3741=VECTOR('',#12051,10.);
#3742=VECTOR('',#12052,10.);
#3743=VECTOR('',#12059,10.);
#3744=VECTOR('',#12060,10.);
#3745=VECTOR('',#12061,10.);
#3746=VECTOR('',#12062,10.);
#3747=VECTOR('',#12065,10.);
#3748=VECTOR('',#12066,10.);
#3749=VECTOR('',#12067,10.);
#3750=VECTOR('',#12070,10.);
#3751=VECTOR('',#12071,10.);
#3752=VECTOR('',#12072,10.);
#3753=VECTOR('',#12075,10.);
#3754=VECTOR('',#12076,10.);
#3755=VECTOR('',#12083,10.);
#3756=VECTOR('',#12084,10.);
#3757=VECTOR('',#12085,10.);
#3758=VECTOR('',#12086,10.);
#3759=VECTOR('',#12089,10.);
#3760=VECTOR('',#12090,10.);
#3761=VECTOR('',#12091,10.);
#3762=VECTOR('',#12094,10.);
#3763=VECTOR('',#12095,10.);
#3764=VECTOR('',#12096,10.);
#3765=VECTOR('',#12099,10.);
#3766=VECTOR('',#12100,10.);
#3767=VECTOR('',#12107,10.);
#3768=VECTOR('',#12108,10.);
#3769=VECTOR('',#12109,10.);
#3770=VECTOR('',#12110,10.);
#3771=VECTOR('',#12113,10.);
#3772=VECTOR('',#12114,10.);
#3773=VECTOR('',#12115,10.);
#3774=VECTOR('',#12118,10.);
#3775=VECTOR('',#12119,10.);
#3776=VECTOR('',#12120,10.);
#3777=VECTOR('',#12123,10.);
#3778=VECTOR('',#12124,10.);
#3779=VECTOR('',#12131,10.);
#3780=VECTOR('',#12132,10.);
#3781=VECTOR('',#12133,10.);
#3782=VECTOR('',#12134,10.);
#3783=VECTOR('',#12137,10.);
#3784=VECTOR('',#12138,10.);
#3785=VECTOR('',#12139,10.);
#3786=VECTOR('',#12142,10.);
#3787=VECTOR('',#12143,10.);
#3788=VECTOR('',#12144,10.);
#3789=VECTOR('',#12147,10.);
#3790=VECTOR('',#12148,10.);
#3791=VECTOR('',#12155,10.);
#3792=VECTOR('',#12156,10.);
#3793=VECTOR('',#12157,10.);
#3794=VECTOR('',#12158,10.);
#3795=VECTOR('',#12161,10.);
#3796=VECTOR('',#12162,10.);
#3797=VECTOR('',#12163,10.);
#3798=VECTOR('',#12166,10.);
#3799=VECTOR('',#12167,10.);
#3800=VECTOR('',#12168,10.);
#3801=VECTOR('',#12171,10.);
#3802=VECTOR('',#12172,10.);
#3803=VECTOR('',#12179,10.);
#3804=VECTOR('',#12180,10.);
#3805=VECTOR('',#12181,10.);
#3806=VECTOR('',#12182,10.);
#3807=VECTOR('',#12185,10.);
#3808=VECTOR('',#12186,10.);
#3809=VECTOR('',#12187,10.);
#3810=VECTOR('',#12190,10.);
#3811=VECTOR('',#12191,10.);
#3812=VECTOR('',#12192,10.);
#3813=VECTOR('',#12195,10.);
#3814=VECTOR('',#12196,10.);
#3815=VECTOR('',#12203,10.);
#3816=VECTOR('',#12204,10.);
#3817=VECTOR('',#12205,10.);
#3818=VECTOR('',#12206,10.);
#3819=VECTOR('',#12209,10.);
#3820=VECTOR('',#12210,10.);
#3821=VECTOR('',#12211,10.);
#3822=VECTOR('',#12214,10.);
#3823=VECTOR('',#12215,10.);
#3824=VECTOR('',#12216,10.);
#3825=VECTOR('',#12219,10.);
#3826=VECTOR('',#12220,10.);
#3827=VECTOR('',#12231,10.);
#3828=VECTOR('',#12232,10.);
#3829=VECTOR('',#12233,10.);
#3830=VECTOR('',#12234,10.);
#3831=VECTOR('',#12237,10.);
#3832=VECTOR('',#12238,10.);
#3833=VECTOR('',#12239,10.);
#3834=VECTOR('',#12242,10.);
#3835=VECTOR('',#12243,10.);
#3836=VECTOR('',#12244,10.);
#3837=VECTOR('',#12247,10.);
#3838=VECTOR('',#12248,10.);
#3839=VECTOR('',#12253,10.);
#3840=VECTOR('',#12254,10.);
#3841=VECTOR('',#12255,10.);
#3842=VECTOR('',#12256,10.);
#3843=VECTOR('',#12259,10.);
#3844=VECTOR('',#12260,10.);
#3845=VECTOR('',#12261,10.);
#3846=VECTOR('',#12264,10.);
#3847=VECTOR('',#12265,10.);
#3848=VECTOR('',#12268,10.);
#3849=VECTOR('',#12269,10.);
#3850=VECTOR('',#12272,10.);
#3851=VECTOR('',#12275,10.);
#3852=VECTOR('',#12276,10.);
#3853=VECTOR('',#12277,10.);
#3854=VECTOR('',#12278,10.);
#3855=VECTOR('',#12281,10.);
#3856=VECTOR('',#12282,10.);
#3857=VECTOR('',#12283,10.);
#3858=VECTOR('',#12286,10.);
#3859=VECTOR('',#12287,10.);
#3860=VECTOR('',#12288,10.);
#3861=VECTOR('',#12291,10.);
#3862=VECTOR('',#12292,10.);
#3863=VECTOR('',#12299,10.);
#3864=VECTOR('',#12300,10.);
#3865=VECTOR('',#12301,10.);
#3866=VECTOR('',#12302,10.);
#3867=VECTOR('',#12305,10.);
#3868=VECTOR('',#12306,10.);
#3869=VECTOR('',#12307,10.);
#3870=VECTOR('',#12310,10.);
#3871=VECTOR('',#12311,10.);
#3872=VECTOR('',#12312,10.);
#3873=VECTOR('',#12315,10.);
#3874=VECTOR('',#12316,10.);
#3875=VECTOR('',#12323,10.);
#3876=VECTOR('',#12324,10.);
#3877=VECTOR('',#12325,10.);
#3878=VECTOR('',#12326,10.);
#3879=VECTOR('',#12329,10.);
#3880=VECTOR('',#12330,10.);
#3881=VECTOR('',#12331,10.);
#3882=VECTOR('',#12334,10.);
#3883=VECTOR('',#12335,10.);
#3884=VECTOR('',#12336,10.);
#3885=VECTOR('',#12339,10.);
#3886=VECTOR('',#12340,10.);
#3887=VECTOR('',#12347,10.);
#3888=VECTOR('',#12348,10.);
#3889=VECTOR('',#12349,10.);
#3890=VECTOR('',#12350,10.);
#3891=VECTOR('',#12353,10.);
#3892=VECTOR('',#12354,10.);
#3893=VECTOR('',#12355,10.);
#3894=VECTOR('',#12358,10.);
#3895=VECTOR('',#12359,10.);
#3896=VECTOR('',#12360,10.);
#3897=VECTOR('',#12363,10.);
#3898=VECTOR('',#12364,10.);
#3899=VECTOR('',#12371,10.);
#3900=VECTOR('',#12372,10.);
#3901=VECTOR('',#12373,10.);
#3902=VECTOR('',#12374,10.);
#3903=VECTOR('',#12377,10.);
#3904=VECTOR('',#12378,10.);
#3905=VECTOR('',#12379,10.);
#3906=VECTOR('',#12382,10.);
#3907=VECTOR('',#12383,10.);
#3908=VECTOR('',#12384,10.);
#3909=VECTOR('',#12387,10.);
#3910=VECTOR('',#12388,10.);
#3911=VECTOR('',#12395,10.);
#3912=VECTOR('',#12396,10.);
#3913=VECTOR('',#12397,10.);
#3914=VECTOR('',#12398,10.);
#3915=VECTOR('',#12401,10.);
#3916=VECTOR('',#12402,10.);
#3917=VECTOR('',#12403,10.);
#3918=VECTOR('',#12406,10.);
#3919=VECTOR('',#12407,10.);
#3920=VECTOR('',#12408,10.);
#3921=VECTOR('',#12411,10.);
#3922=VECTOR('',#12412,10.);
#3923=VECTOR('',#12419,10.);
#3924=VECTOR('',#12420,10.);
#3925=VECTOR('',#12421,10.);
#3926=VECTOR('',#12422,10.);
#3927=VECTOR('',#12425,10.);
#3928=VECTOR('',#12426,10.);
#3929=VECTOR('',#12427,10.);
#3930=VECTOR('',#12430,10.);
#3931=VECTOR('',#12431,10.);
#3932=VECTOR('',#12432,10.);
#3933=VECTOR('',#12435,10.);
#3934=VECTOR('',#12436,10.);
#3935=VECTOR('',#12443,10.);
#3936=VECTOR('',#12444,10.);
#3937=VECTOR('',#12445,10.);
#3938=VECTOR('',#12446,10.);
#3939=VECTOR('',#12449,10.);
#3940=VECTOR('',#12450,10.);
#3941=VECTOR('',#12451,10.);
#3942=VECTOR('',#12454,10.);
#3943=VECTOR('',#12455,10.);
#3944=VECTOR('',#12456,10.);
#3945=VECTOR('',#12459,10.);
#3946=VECTOR('',#12460,10.);
#3947=VECTOR('',#12467,10.);
#3948=VECTOR('',#12468,10.);
#3949=VECTOR('',#12469,10.);
#3950=VECTOR('',#12470,10.);
#3951=VECTOR('',#12473,10.);
#3952=VECTOR('',#12474,10.);
#3953=VECTOR('',#12475,10.);
#3954=VECTOR('',#12478,10.);
#3955=VECTOR('',#12479,10.);
#3956=VECTOR('',#12480,10.);
#3957=VECTOR('',#12483,10.);
#3958=VECTOR('',#12484,10.);
#3959=VECTOR('',#12491,10.);
#3960=VECTOR('',#12492,10.);
#3961=VECTOR('',#12493,10.);
#3962=VECTOR('',#12494,10.);
#3963=VECTOR('',#12497,10.);
#3964=VECTOR('',#12498,10.);
#3965=VECTOR('',#12499,10.);
#3966=VECTOR('',#12502,10.);
#3967=VECTOR('',#12503,10.);
#3968=VECTOR('',#12504,10.);
#3969=VECTOR('',#12507,10.);
#3970=VECTOR('',#12508,10.);
#3971=VECTOR('',#12515,10.);
#3972=VECTOR('',#12516,10.);
#3973=VECTOR('',#12517,10.);
#3974=VECTOR('',#12518,10.);
#3975=VECTOR('',#12521,10.);
#3976=VECTOR('',#12522,10.);
#3977=VECTOR('',#12523,10.);
#3978=VECTOR('',#12526,10.);
#3979=VECTOR('',#12527,10.);
#3980=VECTOR('',#12528,10.);
#3981=VECTOR('',#12531,10.);
#3982=VECTOR('',#12532,10.);
#3983=VECTOR('',#12539,10.);
#3984=VECTOR('',#12540,10.);
#3985=VECTOR('',#12541,10.);
#3986=VECTOR('',#12542,10.);
#3987=VECTOR('',#12545,10.);
#3988=VECTOR('',#12546,10.);
#3989=VECTOR('',#12547,10.);
#3990=VECTOR('',#12550,10.);
#3991=VECTOR('',#12551,10.);
#3992=VECTOR('',#12552,10.);
#3993=VECTOR('',#12555,10.);
#3994=VECTOR('',#12556,10.);
#3995=VECTOR('',#12563,10.);
#3996=VECTOR('',#12564,10.);
#3997=VECTOR('',#12565,10.);
#3998=VECTOR('',#12566,10.);
#3999=VECTOR('',#12569,10.);
#4000=VECTOR('',#12570,10.);
#4001=VECTOR('',#12571,10.);
#4002=VECTOR('',#12574,10.);
#4003=VECTOR('',#12575,10.);
#4004=VECTOR('',#12576,10.);
#4005=VECTOR('',#12579,10.);
#4006=VECTOR('',#12580,10.);
#4007=VECTOR('',#12587,10.);
#4008=VECTOR('',#12588,10.);
#4009=VECTOR('',#12589,10.);
#4010=VECTOR('',#12590,10.);
#4011=VECTOR('',#12593,10.);
#4012=VECTOR('',#12594,10.);
#4013=VECTOR('',#12595,10.);
#4014=VECTOR('',#12598,10.);
#4015=VECTOR('',#12599,10.);
#4016=VECTOR('',#12600,10.);
#4017=VECTOR('',#12603,10.);
#4018=VECTOR('',#12604,10.);
#4019=VECTOR('',#12611,10.);
#4020=VECTOR('',#12612,10.);
#4021=VECTOR('',#12613,10.);
#4022=VECTOR('',#12614,10.);
#4023=VECTOR('',#12617,10.);
#4024=VECTOR('',#12618,10.);
#4025=VECTOR('',#12619,10.);
#4026=VECTOR('',#12622,10.);
#4027=VECTOR('',#12623,10.);
#4028=VECTOR('',#12624,10.);
#4029=VECTOR('',#12627,10.);
#4030=VECTOR('',#12628,10.);
#4031=VECTOR('',#12635,10.);
#4032=VECTOR('',#12636,10.);
#4033=VECTOR('',#12637,10.);
#4034=VECTOR('',#12638,10.);
#4035=VECTOR('',#12641,10.);
#4036=VECTOR('',#12642,10.);
#4037=VECTOR('',#12643,10.);
#4038=VECTOR('',#12646,10.);
#4039=VECTOR('',#12647,10.);
#4040=VECTOR('',#12648,10.);
#4041=VECTOR('',#12651,10.);
#4042=VECTOR('',#12652,10.);
#4043=VECTOR('',#12659,10.);
#4044=VECTOR('',#12660,10.);
#4045=VECTOR('',#12661,10.);
#4046=VECTOR('',#12662,10.);
#4047=VECTOR('',#12665,10.);
#4048=VECTOR('',#12666,10.);
#4049=VECTOR('',#12667,10.);
#4050=VECTOR('',#12670,10.);
#4051=VECTOR('',#12671,10.);
#4052=VECTOR('',#12672,10.);
#4053=VECTOR('',#12675,10.);
#4054=VECTOR('',#12676,10.);
#4055=VECTOR('',#12683,10.);
#4056=VECTOR('',#12684,10.);
#4057=VECTOR('',#12685,10.);
#4058=VECTOR('',#12686,10.);
#4059=VECTOR('',#12689,10.);
#4060=VECTOR('',#12690,10.);
#4061=VECTOR('',#12691,10.);
#4062=VECTOR('',#12694,10.);
#4063=VECTOR('',#12695,10.);
#4064=VECTOR('',#12696,10.);
#4065=VECTOR('',#12699,10.);
#4066=VECTOR('',#12700,10.);
#4067=VECTOR('',#12707,10.);
#4068=VECTOR('',#12708,10.);
#4069=VECTOR('',#12709,10.);
#4070=VECTOR('',#12710,10.);
#4071=VECTOR('',#12713,10.);
#4072=VECTOR('',#12714,10.);
#4073=VECTOR('',#12715,10.);
#4074=VECTOR('',#12718,10.);
#4075=VECTOR('',#12719,10.);
#4076=VECTOR('',#12720,10.);
#4077=VECTOR('',#12723,10.);
#4078=VECTOR('',#12724,10.);
#4079=VECTOR('',#12731,10.);
#4080=VECTOR('',#12732,10.);
#4081=VECTOR('',#12733,10.);
#4082=VECTOR('',#12734,10.);
#4083=VECTOR('',#12737,10.);
#4084=VECTOR('',#12738,10.);
#4085=VECTOR('',#12739,10.);
#4086=VECTOR('',#12742,10.);
#4087=VECTOR('',#12743,10.);
#4088=VECTOR('',#12744,10.);
#4089=VECTOR('',#12747,10.);
#4090=VECTOR('',#12748,10.);
#4091=VECTOR('',#12755,10.);
#4092=VECTOR('',#12756,10.);
#4093=VECTOR('',#12757,10.);
#4094=VECTOR('',#12758,10.);
#4095=VECTOR('',#12761,10.);
#4096=VECTOR('',#12762,10.);
#4097=VECTOR('',#12763,10.);
#4098=VECTOR('',#12766,10.);
#4099=VECTOR('',#12767,10.);
#4100=VECTOR('',#12768,10.);
#4101=VECTOR('',#12771,10.);
#4102=VECTOR('',#12772,10.);
#4103=VECTOR('',#12779,10.);
#4104=VECTOR('',#12780,10.);
#4105=VECTOR('',#12781,10.);
#4106=VECTOR('',#12782,10.);
#4107=VECTOR('',#12785,10.);
#4108=VECTOR('',#12786,10.);
#4109=VECTOR('',#12787,10.);
#4110=VECTOR('',#12790,10.);
#4111=VECTOR('',#12791,10.);
#4112=VECTOR('',#12792,10.);
#4113=VECTOR('',#12795,10.);
#4114=VECTOR('',#12796,10.);
#4115=VECTOR('',#12803,10.);
#4116=VECTOR('',#12804,10.);
#4117=VECTOR('',#12805,10.);
#4118=VECTOR('',#12806,10.);
#4119=VECTOR('',#12809,10.);
#4120=VECTOR('',#12810,10.);
#4121=VECTOR('',#12811,10.);
#4122=VECTOR('',#12814,10.);
#4123=VECTOR('',#12815,10.);
#4124=VECTOR('',#12816,10.);
#4125=VECTOR('',#12819,10.);
#4126=VECTOR('',#12820,10.);
#4127=VECTOR('',#12827,10.);
#4128=VECTOR('',#12828,10.);
#4129=VECTOR('',#12829,10.);
#4130=VECTOR('',#12830,10.);
#4131=VECTOR('',#12833,10.);
#4132=VECTOR('',#12834,10.);
#4133=VECTOR('',#12835,10.);
#4134=VECTOR('',#12838,10.);
#4135=VECTOR('',#12839,10.);
#4136=VECTOR('',#12840,10.);
#4137=VECTOR('',#12843,10.);
#4138=VECTOR('',#12844,10.);
#4139=VECTOR('',#12851,10.);
#4140=VECTOR('',#12852,10.);
#4141=VECTOR('',#12853,10.);
#4142=VECTOR('',#12854,10.);
#4143=VECTOR('',#12857,10.);
#4144=VECTOR('',#12858,10.);
#4145=VECTOR('',#12859,10.);
#4146=VECTOR('',#12862,10.);
#4147=VECTOR('',#12863,10.);
#4148=VECTOR('',#12864,10.);
#4149=VECTOR('',#12867,10.);
#4150=VECTOR('',#12868,10.);
#4151=VECTOR('',#12875,10.);
#4152=VECTOR('',#12876,10.);
#4153=VECTOR('',#12877,10.);
#4154=VECTOR('',#12878,10.);
#4155=VECTOR('',#12881,10.);
#4156=VECTOR('',#12882,10.);
#4157=VECTOR('',#12883,10.);
#4158=VECTOR('',#12886,10.);
#4159=VECTOR('',#12887,10.);
#4160=VECTOR('',#12888,10.);
#4161=VECTOR('',#12891,10.);
#4162=VECTOR('',#12892,10.);
#4163=VECTOR('',#12899,10.);
#4164=VECTOR('',#12900,10.);
#4165=VECTOR('',#12901,10.);
#4166=VECTOR('',#12902,10.);
#4167=VECTOR('',#12905,10.);
#4168=VECTOR('',#12906,10.);
#4169=VECTOR('',#12907,10.);
#4170=VECTOR('',#12910,10.);
#4171=VECTOR('',#12911,10.);
#4172=VECTOR('',#12912,10.);
#4173=VECTOR('',#12915,10.);
#4174=VECTOR('',#12916,10.);
#4175=VECTOR('',#12923,10.);
#4176=VECTOR('',#12924,10.);
#4177=VECTOR('',#12925,10.);
#4178=VECTOR('',#12926,10.);
#4179=VECTOR('',#12929,10.);
#4180=VECTOR('',#12930,10.);
#4181=VECTOR('',#12931,10.);
#4182=VECTOR('',#12934,10.);
#4183=VECTOR('',#12935,10.);
#4184=VECTOR('',#12936,10.);
#4185=VECTOR('',#12939,10.);
#4186=VECTOR('',#12940,10.);
#4187=VECTOR('',#12947,10.);
#4188=VECTOR('',#12948,10.);
#4189=VECTOR('',#12949,10.);
#4190=VECTOR('',#12950,10.);
#4191=VECTOR('',#12953,10.);
#4192=VECTOR('',#12954,10.);
#4193=VECTOR('',#12955,10.);
#4194=VECTOR('',#12958,10.);
#4195=VECTOR('',#12959,10.);
#4196=VECTOR('',#12960,10.);
#4197=VECTOR('',#12963,10.);
#4198=VECTOR('',#12964,10.);
#4199=VECTOR('',#12971,10.);
#4200=VECTOR('',#12972,10.);
#4201=VECTOR('',#12973,10.);
#4202=VECTOR('',#12974,10.);
#4203=VECTOR('',#12977,10.);
#4204=VECTOR('',#12978,10.);
#4205=VECTOR('',#12979,10.);
#4206=VECTOR('',#12982,10.);
#4207=VECTOR('',#12983,10.);
#4208=VECTOR('',#12984,10.);
#4209=VECTOR('',#12987,10.);
#4210=VECTOR('',#12988,10.);
#4211=VECTOR('',#12995,10.);
#4212=VECTOR('',#12996,10.);
#4213=VECTOR('',#12997,10.);
#4214=VECTOR('',#12998,10.);
#4215=VECTOR('',#13001,10.);
#4216=VECTOR('',#13002,10.);
#4217=VECTOR('',#13003,10.);
#4218=VECTOR('',#13006,10.);
#4219=VECTOR('',#13007,10.);
#4220=VECTOR('',#13008,10.);
#4221=VECTOR('',#13011,10.);
#4222=VECTOR('',#13012,10.);
#4223=VECTOR('',#13019,10.);
#4224=VECTOR('',#13020,10.);
#4225=VECTOR('',#13021,10.);
#4226=VECTOR('',#13022,10.);
#4227=VECTOR('',#13025,10.);
#4228=VECTOR('',#13026,10.);
#4229=VECTOR('',#13027,10.);
#4230=VECTOR('',#13030,10.);
#4231=VECTOR('',#13031,10.);
#4232=VECTOR('',#13032,10.);
#4233=VECTOR('',#13035,10.);
#4234=VECTOR('',#13036,10.);
#4235=VECTOR('',#13043,10.);
#4236=VECTOR('',#13044,10.);
#4237=VECTOR('',#13045,10.);
#4238=VECTOR('',#13046,10.);
#4239=VECTOR('',#13049,10.);
#4240=VECTOR('',#13050,10.);
#4241=VECTOR('',#13051,10.);
#4242=VECTOR('',#13054,10.);
#4243=VECTOR('',#13055,10.);
#4244=VECTOR('',#13056,10.);
#4245=VECTOR('',#13059,10.);
#4246=VECTOR('',#13060,10.);
#4247=VECTOR('',#13067,10.);
#4248=VECTOR('',#13068,10.);
#4249=VECTOR('',#13069,10.);
#4250=VECTOR('',#13070,10.);
#4251=VECTOR('',#13073,10.);
#4252=VECTOR('',#13074,10.);
#4253=VECTOR('',#13075,10.);
#4254=VECTOR('',#13078,10.);
#4255=VECTOR('',#13079,10.);
#4256=VECTOR('',#13080,10.);
#4257=VECTOR('',#13083,10.);
#4258=VECTOR('',#13084,10.);
#4259=VECTOR('',#13091,10.);
#4260=VECTOR('',#13092,10.);
#4261=VECTOR('',#13093,10.);
#4262=VECTOR('',#13094,10.);
#4263=VECTOR('',#13097,10.);
#4264=VECTOR('',#13098,10.);
#4265=VECTOR('',#13099,10.);
#4266=VECTOR('',#13102,10.);
#4267=VECTOR('',#13103,10.);
#4268=VECTOR('',#13104,10.);
#4269=VECTOR('',#13107,10.);
#4270=VECTOR('',#13108,10.);
#4271=VECTOR('',#13115,10.);
#4272=VECTOR('',#13116,10.);
#4273=VECTOR('',#13117,10.);
#4274=VECTOR('',#13118,10.);
#4275=VECTOR('',#13121,10.);
#4276=VECTOR('',#13122,10.);
#4277=VECTOR('',#13123,10.);
#4278=VECTOR('',#13126,10.);
#4279=VECTOR('',#13127,10.);
#4280=VECTOR('',#13128,10.);
#4281=VECTOR('',#13131,10.);
#4282=VECTOR('',#13132,10.);
#4283=VECTOR('',#13139,10.);
#4284=VECTOR('',#13140,10.);
#4285=VECTOR('',#13141,10.);
#4286=VECTOR('',#13142,10.);
#4287=VECTOR('',#13145,10.);
#4288=VECTOR('',#13146,10.);
#4289=VECTOR('',#13147,10.);
#4290=VECTOR('',#13150,10.);
#4291=VECTOR('',#13151,10.);
#4292=VECTOR('',#13152,10.);
#4293=VECTOR('',#13155,10.);
#4294=VECTOR('',#13156,10.);
#4295=VECTOR('',#13163,10.);
#4296=VECTOR('',#13164,10.);
#4297=VECTOR('',#13165,10.);
#4298=VECTOR('',#13166,10.);
#4299=VECTOR('',#13169,10.);
#4300=VECTOR('',#13170,10.);
#4301=VECTOR('',#13171,10.);
#4302=VECTOR('',#13174,10.);
#4303=VECTOR('',#13175,10.);
#4304=VECTOR('',#13176,10.);
#4305=VECTOR('',#13179,10.);
#4306=VECTOR('',#13180,10.);
#4307=VECTOR('',#13187,10.);
#4308=VECTOR('',#13188,10.);
#4309=VECTOR('',#13189,10.);
#4310=VECTOR('',#13190,10.);
#4311=VECTOR('',#13193,10.);
#4312=VECTOR('',#13194,10.);
#4313=VECTOR('',#13195,10.);
#4314=VECTOR('',#13198,10.);
#4315=VECTOR('',#13199,10.);
#4316=VECTOR('',#13200,10.);
#4317=VECTOR('',#13203,10.);
#4318=VECTOR('',#13204,10.);
#4319=VECTOR('',#13211,10.);
#4320=VECTOR('',#13212,10.);
#4321=VECTOR('',#13213,10.);
#4322=VECTOR('',#13214,10.);
#4323=VECTOR('',#13217,10.);
#4324=VECTOR('',#13218,10.);
#4325=VECTOR('',#13219,10.);
#4326=VECTOR('',#13222,10.);
#4327=VECTOR('',#13223,10.);
#4328=VECTOR('',#13224,10.);
#4329=VECTOR('',#13227,10.);
#4330=VECTOR('',#13228,10.);
#4331=VECTOR('',#13235,10.);
#4332=VECTOR('',#13236,10.);
#4333=VECTOR('',#13237,10.);
#4334=VECTOR('',#13238,10.);
#4335=VECTOR('',#13241,10.);
#4336=VECTOR('',#13242,10.);
#4337=VECTOR('',#13243,10.);
#4338=VECTOR('',#13246,10.);
#4339=VECTOR('',#13247,10.);
#4340=VECTOR('',#13248,10.);
#4341=VECTOR('',#13251,10.);
#4342=VECTOR('',#13252,10.);
#4343=VECTOR('',#13259,10.);
#4344=VECTOR('',#13260,10.);
#4345=VECTOR('',#13261,10.);
#4346=VECTOR('',#13262,10.);
#4347=VECTOR('',#13265,10.);
#4348=VECTOR('',#13266,10.);
#4349=VECTOR('',#13267,10.);
#4350=VECTOR('',#13270,10.);
#4351=VECTOR('',#13271,10.);
#4352=VECTOR('',#13272,10.);
#4353=VECTOR('',#13275,10.);
#4354=VECTOR('',#13276,10.);
#4355=VECTOR('',#13283,10.);
#4356=VECTOR('',#13284,10.);
#4357=VECTOR('',#13285,10.);
#4358=VECTOR('',#13286,10.);
#4359=VECTOR('',#13289,10.);
#4360=VECTOR('',#13290,10.);
#4361=VECTOR('',#13291,10.);
#4362=VECTOR('',#13294,10.);
#4363=VECTOR('',#13295,10.);
#4364=VECTOR('',#13296,10.);
#4365=VECTOR('',#13299,10.);
#4366=VECTOR('',#13300,10.);
#4367=VECTOR('',#13307,10.);
#4368=VECTOR('',#13308,10.);
#4369=VECTOR('',#13309,10.);
#4370=VECTOR('',#13310,10.);
#4371=VECTOR('',#13313,10.);
#4372=VECTOR('',#13314,10.);
#4373=VECTOR('',#13315,10.);
#4374=VECTOR('',#13318,10.);
#4375=VECTOR('',#13319,10.);
#4376=VECTOR('',#13320,10.);
#4377=VECTOR('',#13323,10.);
#4378=VECTOR('',#13324,10.);
#4379=VECTOR('',#13331,10.);
#4380=VECTOR('',#13332,10.);
#4381=VECTOR('',#13333,10.);
#4382=VECTOR('',#13334,10.);
#4383=VECTOR('',#13337,10.);
#4384=VECTOR('',#13338,10.);
#4385=VECTOR('',#13339,10.);
#4386=VECTOR('',#13342,10.);
#4387=VECTOR('',#13343,10.);
#4388=VECTOR('',#13344,10.);
#4389=VECTOR('',#13347,10.);
#4390=VECTOR('',#13348,10.);
#4391=VECTOR('',#13355,10.);
#4392=VECTOR('',#13356,10.);
#4393=VECTOR('',#13357,10.);
#4394=VECTOR('',#13358,10.);
#4395=VECTOR('',#13361,10.);
#4396=VECTOR('',#13362,10.);
#4397=VECTOR('',#13363,10.);
#4398=VECTOR('',#13366,10.);
#4399=VECTOR('',#13367,10.);
#4400=VECTOR('',#13368,10.);
#4401=VECTOR('',#13371,10.);
#4402=VECTOR('',#13372,10.);
#4403=VECTOR('',#13379,10.);
#4404=VECTOR('',#13380,10.);
#4405=VECTOR('',#13381,10.);
#4406=VECTOR('',#13382,10.);
#4407=VECTOR('',#13385,10.);
#4408=VECTOR('',#13386,10.);
#4409=VECTOR('',#13387,10.);
#4410=VECTOR('',#13390,10.);
#4411=VECTOR('',#13391,10.);
#4412=VECTOR('',#13392,10.);
#4413=VECTOR('',#13395,10.);
#4414=VECTOR('',#13396,10.);
#4415=VECTOR('',#13403,10.);
#4416=VECTOR('',#13404,10.);
#4417=VECTOR('',#13405,10.);
#4418=VECTOR('',#13406,10.);
#4419=VECTOR('',#13409,10.);
#4420=VECTOR('',#13410,10.);
#4421=VECTOR('',#13411,10.);
#4422=VECTOR('',#13414,10.);
#4423=VECTOR('',#13415,10.);
#4424=VECTOR('',#13416,10.);
#4425=VECTOR('',#13419,10.);
#4426=VECTOR('',#13420,10.);
#4427=VECTOR('',#13427,10.);
#4428=VECTOR('',#13428,10.);
#4429=VECTOR('',#13429,10.);
#4430=VECTOR('',#13430,10.);
#4431=VECTOR('',#13433,10.);
#4432=VECTOR('',#13434,10.);
#4433=VECTOR('',#13435,10.);
#4434=VECTOR('',#13438,10.);
#4435=VECTOR('',#13439,10.);
#4436=VECTOR('',#13440,10.);
#4437=VECTOR('',#13443,10.);
#4438=VECTOR('',#13444,10.);
#4439=VECTOR('',#13451,10.);
#4440=VECTOR('',#13452,10.);
#4441=VECTOR('',#13453,10.);
#4442=VECTOR('',#13454,10.);
#4443=VECTOR('',#13457,10.);
#4444=VECTOR('',#13458,10.);
#4445=VECTOR('',#13459,10.);
#4446=VECTOR('',#13462,10.);
#4447=VECTOR('',#13463,10.);
#4448=VECTOR('',#13464,10.);
#4449=VECTOR('',#13467,10.);
#4450=VECTOR('',#13468,10.);
#4451=VECTOR('',#13475,10.);
#4452=VECTOR('',#13476,10.);
#4453=VECTOR('',#13477,10.);
#4454=VECTOR('',#13478,10.);
#4455=VECTOR('',#13481,10.);
#4456=VECTOR('',#13482,10.);
#4457=VECTOR('',#13483,10.);
#4458=VECTOR('',#13486,10.);
#4459=VECTOR('',#13487,10.);
#4460=VECTOR('',#13488,10.);
#4461=VECTOR('',#13491,10.);
#4462=VECTOR('',#13492,10.);
#4463=VECTOR('',#13499,10.);
#4464=VECTOR('',#13500,10.);
#4465=VECTOR('',#13501,10.);
#4466=VECTOR('',#13502,10.);
#4467=VECTOR('',#13505,10.);
#4468=VECTOR('',#13506,10.);
#4469=VECTOR('',#13507,10.);
#4470=VECTOR('',#13510,10.);
#4471=VECTOR('',#13511,10.);
#4472=VECTOR('',#13512,10.);
#4473=VECTOR('',#13515,10.);
#4474=VECTOR('',#13516,10.);
#4475=VECTOR('',#13523,10.);
#4476=VECTOR('',#13524,10.);
#4477=VECTOR('',#13525,10.);
#4478=VECTOR('',#13526,10.);
#4479=VECTOR('',#13529,10.);
#4480=VECTOR('',#13530,10.);
#4481=VECTOR('',#13531,10.);
#4482=VECTOR('',#13534,10.);
#4483=VECTOR('',#13535,10.);
#4484=VECTOR('',#13536,10.);
#4485=VECTOR('',#13539,10.);
#4486=VECTOR('',#13540,10.);
#4487=VECTOR('',#13547,10.);
#4488=VECTOR('',#13548,10.);
#4489=VECTOR('',#13549,10.);
#4490=VECTOR('',#13550,10.);
#4491=VECTOR('',#13553,10.);
#4492=VECTOR('',#13554,10.);
#4493=VECTOR('',#13555,10.);
#4494=VECTOR('',#13558,10.);
#4495=VECTOR('',#13559,10.);
#4496=VECTOR('',#13560,10.);
#4497=VECTOR('',#13563,10.);
#4498=VECTOR('',#13564,10.);
#4499=VECTOR('',#13571,10.);
#4500=VECTOR('',#13572,10.);
#4501=VECTOR('',#13573,10.);
#4502=VECTOR('',#13574,10.);
#4503=VECTOR('',#13577,10.);
#4504=VECTOR('',#13578,10.);
#4505=VECTOR('',#13579,10.);
#4506=VECTOR('',#13582,10.);
#4507=VECTOR('',#13583,10.);
#4508=VECTOR('',#13584,10.);
#4509=VECTOR('',#13587,10.);
#4510=VECTOR('',#13588,10.);
#4511=CIRCLE('',#10160,3.5);
#4512=CIRCLE('',#10161,3.5);
#4513=CIRCLE('',#10164,3.5);
#4514=CIRCLE('',#10165,3.5);
#4515=CIRCLE('',#10168,3.5);
#4516=CIRCLE('',#10169,3.5);
#4517=CIRCLE('',#10172,3.5);
#4518=CIRCLE('',#10173,3.5);
#4519=CIRCLE('',#10177,2.74999999999999);
#4520=CIRCLE('',#10178,2.74999999999999);
#4521=CIRCLE('',#10181,2.75);
#4522=CIRCLE('',#10182,2.75);
#4523=CIRCLE('',#10185,2.74999999999999);
#4524=CIRCLE('',#10186,2.74999999999999);
#4525=CIRCLE('',#10189,2.75);
#4526=CIRCLE('',#10190,2.75);
#4527=CIRCLE('',#10192,5.50000000000001);
#4528=CIRCLE('',#10193,5.50000000000001);
#4529=CIRCLE('',#10195,5.5);
#4530=CIRCLE('',#10196,5.5);
#4531=CIRCLE('',#10198,6.25);
#4532=CIRCLE('',#10199,6.25);
#4533=CIRCLE('',#10201,3.2);
#4534=CIRCLE('',#10202,3.2);
#4535=CIRCLE('',#10204,1.25);
#4536=CIRCLE('',#10205,1.25);
#4537=CIRCLE('',#10208,1.25);
#4538=CIRCLE('',#10209,1.25);
#4539=CIRCLE('',#10212,1.25);
#4540=CIRCLE('',#10213,1.25);
#4541=CIRCLE('',#10216,1.25);
#4542=CIRCLE('',#10217,1.25);
#4543=CIRCLE('',#10220,1.25);
#4544=CIRCLE('',#10221,1.25);
#4545=CIRCLE('',#10224,1.25);
#4546=CIRCLE('',#10225,1.25);
#4547=CIRCLE('',#10228,1.25);
#4548=CIRCLE('',#10229,1.25);
#4549=CIRCLE('',#10232,1.25);
#4550=CIRCLE('',#10233,1.25);
#4551=CIRCLE('',#10236,3.00000000000001);
#4552=CIRCLE('',#10237,3.00000000000001);
#4553=CIRCLE('',#10240,3.);
#4554=CIRCLE('',#10241,3.);
#4555=CIRCLE('',#10244,3.00000000000001);
#4556=CIRCLE('',#10245,3.00000000000001);
#4557=CIRCLE('',#10248,3.);
#4558=CIRCLE('',#10249,3.);
#4559=CIRCLE('',#10252,3.5);
#4560=CIRCLE('',#10253,3.5);
#4561=CIRCLE('',#10255,4.);
#4562=CIRCLE('',#10256,4.);
#4563=CIRCLE('',#10257,4.);
#4564=CIRCLE('',#10258,4.);
#4565=CIRCLE('',#10259,3.5);
#4566=CIRCLE('',#10260,3.5);
#4567=CIRCLE('',#10261,3.5);
#4568=CIRCLE('',#10264,3.5);
#4569=CIRCLE('',#10266,3.5);
#4570=CIRCLE('',#10267,3.5);
#4571=CIRCLE('',#10274,4.);
#4572=CIRCLE('',#10277,4.);
#4573=CIRCLE('',#10280,4.);
#4574=CIRCLE('',#10282,4.);
#4575=CIRCLE('',#10287,1.6);
#4576=CIRCLE('',#10288,1.6);
#4577=CIRCLE('',#10290,1.6);
#4578=CIRCLE('',#10291,1.6);
#4579=CIRCLE('',#10293,1.6);
#4580=CIRCLE('',#10294,1.6);
#4581=CIRCLE('',#10296,1.6);
#4582=CIRCLE('',#10297,1.6);
#4583=CIRCLE('',#10299,1.6);
#4584=CIRCLE('',#10300,1.6);
#4585=CIRCLE('',#10302,3.25);
#4586=CIRCLE('',#10303,3.25);
#4587=CIRCLE('',#10305,4.5);
#4588=CIRCLE('',#10306,4.5);
#4589=CIRCLE('',#10309,10.5);
#4590=CIRCLE('',#10310,7.5);
#4591=CIRCLE('',#10312,7.5);
#4592=CIRCLE('',#10314,11.5);
#4593=CIRCLE('',#10316,11.5);
#4594=CIRCLE('',#10318,4.);
#4595=CIRCLE('',#10319,4.);
#4596=CIRCLE('',#10322,4.);
#4597=CIRCLE('',#10323,4.);
#4598=CIRCLE('',#10324,4.);
#4599=CIRCLE('',#10326,4.);
#4600=CIRCLE('',#10329,4.);
#4601=CIRCLE('',#10331,4.);
#4602=CIRCLE('',#10336,7.5);
#4603=CIRCLE('',#10338,7.5);
#4604=CIRCLE('',#10352,4.);
#4605=CIRCLE('',#10353,4.);
#4606=CIRCLE('',#10355,4.);
#4607=CIRCLE('',#10356,4.);
#4608=CIRCLE('',#10361,1.6);
#4609=CIRCLE('',#10362,1.6);
#4610=CIRCLE('',#10364,1.6);
#4611=CIRCLE('',#10365,1.6);
#4612=CIRCLE('',#10367,1.6);
#4613=CIRCLE('',#10368,1.6);
#4614=CIRCLE('',#10370,1.6);
#4615=CIRCLE('',#10371,1.6);
#4616=CIRCLE('',#10373,4.);
#4617=CIRCLE('',#10374,4.);
#4618=CIRCLE('',#10376,4.);
#4619=CIRCLE('',#10377,4.);
#4620=CIRCLE('',#10386,4.5);
#4621=CIRCLE('',#10387,4.5);
#4622=CIRCLE('',#10397,1.5);
#4623=CIRCLE('',#10398,1.5);
#4624=CIRCLE('',#10504,10.75);
#4625=CIRCLE('',#10506,10.75);
#4626=VERTEX_POINT('',#13599);
#4627=VERTEX_POINT('',#13601);
#4628=VERTEX_POINT('',#13606);
#4629=VERTEX_POINT('',#13608);
#4630=VERTEX_POINT('',#13613);
#4631=VERTEX_POINT('',#13615);
#4632=VERTEX_POINT('',#13620);
#4633=VERTEX_POINT('',#13622);
#4634=VERTEX_POINT('',#13627);
#4635=VERTEX_POINT('',#13628);
#4636=VERTEX_POINT('',#13630);
#4637=VERTEX_POINT('',#13632);
#4638=VERTEX_POINT('',#13636);
#4639=VERTEX_POINT('',#13638);
#4640=VERTEX_POINT('',#13642);
#4641=VERTEX_POINT('',#13644);
#4642=VERTEX_POINT('',#13651);
#4643=VERTEX_POINT('',#13652);
#4644=VERTEX_POINT('',#13654);
#4645=VERTEX_POINT('',#13656);
#4646=VERTEX_POINT('',#13660);
#4647=VERTEX_POINT('',#13662);
#4648=VERTEX_POINT('',#13666);
#4649=VERTEX_POINT('',#13668);
#4650=VERTEX_POINT('',#13675);
#4651=VERTEX_POINT('',#13677);
#4652=VERTEX_POINT('',#13681);
#4653=VERTEX_POINT('',#13683);
#4654=VERTEX_POINT('',#13687);
#4655=VERTEX_POINT('',#13689);
#4656=VERTEX_POINT('',#13693);
#4657=VERTEX_POINT('',#13695);
#4658=VERTEX_POINT('',#13699);
#4659=VERTEX_POINT('',#13701);
#4660=VERTEX_POINT('',#13706);
#4661=VERTEX_POINT('',#13708);
#4662=VERTEX_POINT('',#13713);
#4663=VERTEX_POINT('',#13715);
#4664=VERTEX_POINT('',#13720);
#4665=VERTEX_POINT('',#13722);
#4666=VERTEX_POINT('',#13727);
#4667=VERTEX_POINT('',#13729);
#4668=VERTEX_POINT('',#13734);
#4669=VERTEX_POINT('',#13736);
#4670=VERTEX_POINT('',#13741);
#4671=VERTEX_POINT('',#13743);
#4672=VERTEX_POINT('',#13748);
#4673=VERTEX_POINT('',#13750);
#4674=VERTEX_POINT('',#13755);
#4675=VERTEX_POINT('',#13757);
#4676=VERTEX_POINT('',#13762);
#4677=VERTEX_POINT('',#13764);
#4678=VERTEX_POINT('',#13769);
#4679=VERTEX_POINT('',#13771);
#4680=VERTEX_POINT('',#13776);
#4681=VERTEX_POINT('',#13778);
#4682=VERTEX_POINT('',#13783);
#4683=VERTEX_POINT('',#13784);
#4684=VERTEX_POINT('',#13786);
#4685=VERTEX_POINT('',#13788);
#4686=VERTEX_POINT('',#13792);
#4687=VERTEX_POINT('',#13793);
#4688=VERTEX_POINT('',#13795);
#4689=VERTEX_POINT('',#13797);
#4690=VERTEX_POINT('',#13799);
#4691=VERTEX_POINT('',#13801);
#4692=VERTEX_POINT('',#13803);
#4693=VERTEX_POINT('',#13805);
#4694=VERTEX_POINT('',#13808);
#4695=VERTEX_POINT('',#13810);
#4696=VERTEX_POINT('',#13812);
#4697=VERTEX_POINT('',#13814);
#4698=VERTEX_POINT('',#13816);
#4699=VERTEX_POINT('',#13818);
#4700=VERTEX_POINT('',#13822);
#4701=VERTEX_POINT('',#13826);
#4702=VERTEX_POINT('',#13828);
#4703=VERTEX_POINT('',#13832);
#4704=VERTEX_POINT('',#13834);
#4705=VERTEX_POINT('',#13837);
#4706=VERTEX_POINT('',#13849);
#4707=VERTEX_POINT('',#13851);
#4708=VERTEX_POINT('',#13855);
#4709=VERTEX_POINT('',#13859);
#4710=VERTEX_POINT('',#13861);
#4711=VERTEX_POINT('',#13865);
#4712=VERTEX_POINT('',#13869);
#4713=VERTEX_POINT('',#13873);
#4714=VERTEX_POINT('',#13882);
#4715=VERTEX_POINT('',#13884);
#4716=VERTEX_POINT('',#13888);
#4717=VERTEX_POINT('',#13890);
#4718=VERTEX_POINT('',#13894);
#4719=VERTEX_POINT('',#13896);
#4720=VERTEX_POINT('',#13900);
#4721=VERTEX_POINT('',#13902);
#4722=VERTEX_POINT('',#13906);
#4723=VERTEX_POINT('',#13908);
#4724=VERTEX_POINT('',#13912);
#4725=VERTEX_POINT('',#13914);
#4726=VERTEX_POINT('',#13918);
#4727=VERTEX_POINT('',#13920);
#4728=VERTEX_POINT('',#13925);
#4729=VERTEX_POINT('',#13927);
#4730=VERTEX_POINT('',#13931);
#4731=VERTEX_POINT('',#13935);
#4732=VERTEX_POINT('',#13938);
#4733=VERTEX_POINT('',#13942);
#4734=VERTEX_POINT('',#13943);
#4735=VERTEX_POINT('',#13945);
#4736=VERTEX_POINT('',#13947);
#4737=VERTEX_POINT('',#13951);
#4738=VERTEX_POINT('',#13953);
#4739=VERTEX_POINT('',#13957);
#4740=VERTEX_POINT('',#13959);
#4741=VERTEX_POINT('',#13961);
#4742=VERTEX_POINT('',#13963);
#4743=VERTEX_POINT('',#13965);
#4744=VERTEX_POINT('',#13969);
#4745=VERTEX_POINT('',#13971);
#4746=VERTEX_POINT('',#13975);
#4747=VERTEX_POINT('',#13979);
#4748=VERTEX_POINT('',#13983);
#4749=VERTEX_POINT('',#13992);
#4750=VERTEX_POINT('',#13995);
#4751=VERTEX_POINT('',#14000);
#4752=VERTEX_POINT('',#14001);
#4753=VERTEX_POINT('',#14003);
#4754=VERTEX_POINT('',#14005);
#4755=VERTEX_POINT('',#14009);
#4756=VERTEX_POINT('',#14010);
#4757=VERTEX_POINT('',#14012);
#4758=VERTEX_POINT('',#14014);
#4759=VERTEX_POINT('',#14021);
#4760=VERTEX_POINT('',#14023);
#4761=VERTEX_POINT('',#14027);
#4762=VERTEX_POINT('',#14029);
#4763=VERTEX_POINT('',#14033);
#4764=VERTEX_POINT('',#14035);
#4765=VERTEX_POINT('',#14039);
#4766=VERTEX_POINT('',#14043);
#4767=VERTEX_POINT('',#14051);
#4768=VERTEX_POINT('',#14052);
#4769=VERTEX_POINT('',#14054);
#4770=VERTEX_POINT('',#14056);
#4771=VERTEX_POINT('',#14060);
#4772=VERTEX_POINT('',#14061);
#4773=VERTEX_POINT('',#14063);
#4774=VERTEX_POINT('',#14065);
#4775=VERTEX_POINT('',#14069);
#4776=VERTEX_POINT('',#14070);
#4777=VERTEX_POINT('',#14072);
#4778=VERTEX_POINT('',#14074);
#4779=VERTEX_POINT('',#14078);
#4780=VERTEX_POINT('',#14080);
#4781=VERTEX_POINT('',#14084);
#4782=VERTEX_POINT('',#14086);
#4783=VERTEX_POINT('',#14090);
#4784=VERTEX_POINT('',#14092);
#4785=VERTEX_POINT('',#14096);
#4786=VERTEX_POINT('',#14098);
#4787=VERTEX_POINT('',#14102);
#4788=VERTEX_POINT('',#14104);
#4789=VERTEX_POINT('',#14108);
#4790=VERTEX_POINT('',#14110);
#4791=VERTEX_POINT('',#14114);
#4792=VERTEX_POINT('',#14115);
#4793=VERTEX_POINT('',#14117);
#4794=VERTEX_POINT('',#14119);
#4795=VERTEX_POINT('',#14123);
#4796=VERTEX_POINT('',#14124);
#4797=VERTEX_POINT('',#14126);
#4798=VERTEX_POINT('',#14128);
#4799=VERTEX_POINT('',#14149);
#4800=VERTEX_POINT('',#14151);
#4801=VERTEX_POINT('',#14157);
#4802=VERTEX_POINT('',#14158);
#4803=VERTEX_POINT('',#14160);
#4804=VERTEX_POINT('',#14162);
#4805=VERTEX_POINT('',#14166);
#4806=VERTEX_POINT('',#14168);
#4807=VERTEX_POINT('',#14172);
#4808=VERTEX_POINT('',#14174);
#4809=VERTEX_POINT('',#14183);
#4810=VERTEX_POINT('',#14185);
#4811=VERTEX_POINT('',#14191);
#4812=VERTEX_POINT('',#14192);
#4813=VERTEX_POINT('',#14194);
#4814=VERTEX_POINT('',#14196);
#4815=VERTEX_POINT('',#14200);
#4816=VERTEX_POINT('',#14202);
#4817=VERTEX_POINT('',#14206);
#4818=VERTEX_POINT('',#14208);
#4819=VERTEX_POINT('',#14217);
#4820=VERTEX_POINT('',#14218);
#4821=VERTEX_POINT('',#14220);
#4822=VERTEX_POINT('',#14222);
#4823=VERTEX_POINT('',#14226);
#4824=VERTEX_POINT('',#14228);
#4825=VERTEX_POINT('',#14232);
#4826=VERTEX_POINT('',#14234);
#4827=VERTEX_POINT('',#14243);
#4828=VERTEX_POINT('',#14244);
#4829=VERTEX_POINT('',#14246);
#4830=VERTEX_POINT('',#14248);
#4831=VERTEX_POINT('',#14252);
#4832=VERTEX_POINT('',#14254);
#4833=VERTEX_POINT('',#14258);
#4834=VERTEX_POINT('',#14260);
#4835=VERTEX_POINT('',#14269);
#4836=VERTEX_POINT('',#14270);
#4837=VERTEX_POINT('',#14272);
#4838=VERTEX_POINT('',#14274);
#4839=VERTEX_POINT('',#14278);
#4840=VERTEX_POINT('',#14280);
#4841=VERTEX_POINT('',#14284);
#4842=VERTEX_POINT('',#14286);
#4843=VERTEX_POINT('',#14295);
#4844=VERTEX_POINT('',#14296);
#4845=VERTEX_POINT('',#14298);
#4846=VERTEX_POINT('',#14300);
#4847=VERTEX_POINT('',#14304);
#4848=VERTEX_POINT('',#14306);
#4849=VERTEX_POINT('',#14310);
#4850=VERTEX_POINT('',#14312);
#4851=VERTEX_POINT('',#14321);
#4852=VERTEX_POINT('',#14322);
#4853=VERTEX_POINT('',#14324);
#4854=VERTEX_POINT('',#14326);
#4855=VERTEX_POINT('',#14330);
#4856=VERTEX_POINT('',#14332);
#4857=VERTEX_POINT('',#14336);
#4858=VERTEX_POINT('',#14338);
#4859=VERTEX_POINT('',#14347);
#4860=VERTEX_POINT('',#14348);
#4861=VERTEX_POINT('',#14350);
#4862=VERTEX_POINT('',#14352);
#4863=VERTEX_POINT('',#14356);
#4864=VERTEX_POINT('',#14358);
#4865=VERTEX_POINT('',#14362);
#4866=VERTEX_POINT('',#14364);
#4867=VERTEX_POINT('',#14373);
#4868=VERTEX_POINT('',#14374);
#4869=VERTEX_POINT('',#14376);
#4870=VERTEX_POINT('',#14378);
#4871=VERTEX_POINT('',#14382);
#4872=VERTEX_POINT('',#14384);
#4873=VERTEX_POINT('',#14388);
#4874=VERTEX_POINT('',#14390);
#4875=VERTEX_POINT('',#14399);
#4876=VERTEX_POINT('',#14400);
#4877=VERTEX_POINT('',#14402);
#4878=VERTEX_POINT('',#14404);
#4879=VERTEX_POINT('',#14408);
#4880=VERTEX_POINT('',#14410);
#4881=VERTEX_POINT('',#14414);
#4882=VERTEX_POINT('',#14416);
#4883=VERTEX_POINT('',#14425);
#4884=VERTEX_POINT('',#14426);
#4885=VERTEX_POINT('',#14428);
#4886=VERTEX_POINT('',#14430);
#4887=VERTEX_POINT('',#14434);
#4888=VERTEX_POINT('',#14436);
#4889=VERTEX_POINT('',#14440);
#4890=VERTEX_POINT('',#14442);
#4891=VERTEX_POINT('',#14451);
#4892=VERTEX_POINT('',#14452);
#4893=VERTEX_POINT('',#14454);
#4894=VERTEX_POINT('',#14456);
#4895=VERTEX_POINT('',#14460);
#4896=VERTEX_POINT('',#14462);
#4897=VERTEX_POINT('',#14466);
#4898=VERTEX_POINT('',#14468);
#4899=VERTEX_POINT('',#14477);
#4900=VERTEX_POINT('',#14478);
#4901=VERTEX_POINT('',#14480);
#4902=VERTEX_POINT('',#14482);
#4903=VERTEX_POINT('',#14486);
#4904=VERTEX_POINT('',#14488);
#4905=VERTEX_POINT('',#14492);
#4906=VERTEX_POINT('',#14494);
#4907=VERTEX_POINT('',#14503);
#4908=VERTEX_POINT('',#14504);
#4909=VERTEX_POINT('',#14506);
#4910=VERTEX_POINT('',#14508);
#4911=VERTEX_POINT('',#14512);
#4912=VERTEX_POINT('',#14514);
#4913=VERTEX_POINT('',#14518);
#4914=VERTEX_POINT('',#14520);
#4915=VERTEX_POINT('',#14529);
#4916=VERTEX_POINT('',#14530);
#4917=VERTEX_POINT('',#14532);
#4918=VERTEX_POINT('',#14534);
#4919=VERTEX_POINT('',#14538);
#4920=VERTEX_POINT('',#14540);
#4921=VERTEX_POINT('',#14544);
#4922=VERTEX_POINT('',#14546);
#4923=VERTEX_POINT('',#14555);
#4924=VERTEX_POINT('',#14556);
#4925=VERTEX_POINT('',#14558);
#4926=VERTEX_POINT('',#14560);
#4927=VERTEX_POINT('',#14564);
#4928=VERTEX_POINT('',#14566);
#4929=VERTEX_POINT('',#14570);
#4930=VERTEX_POINT('',#14572);
#4931=VERTEX_POINT('',#14581);
#4932=VERTEX_POINT('',#14582);
#4933=VERTEX_POINT('',#14584);
#4934=VERTEX_POINT('',#14586);
#4935=VERTEX_POINT('',#14590);
#4936=VERTEX_POINT('',#14592);
#4937=VERTEX_POINT('',#14596);
#4938=VERTEX_POINT('',#14598);
#4939=VERTEX_POINT('',#14607);
#4940=VERTEX_POINT('',#14608);
#4941=VERTEX_POINT('',#14610);
#4942=VERTEX_POINT('',#14612);
#4943=VERTEX_POINT('',#14616);
#4944=VERTEX_POINT('',#14618);
#4945=VERTEX_POINT('',#14622);
#4946=VERTEX_POINT('',#14624);
#4947=VERTEX_POINT('',#14633);
#4948=VERTEX_POINT('',#14636);
#4949=VERTEX_POINT('',#14641);
#4950=VERTEX_POINT('',#14642);
#4951=VERTEX_POINT('',#14644);
#4952=VERTEX_POINT('',#14646);
#4953=VERTEX_POINT('',#14650);
#4954=VERTEX_POINT('',#14652);
#4955=VERTEX_POINT('',#14656);
#4956=VERTEX_POINT('',#14658);
#4957=VERTEX_POINT('',#14667);
#4958=VERTEX_POINT('',#14668);
#4959=VERTEX_POINT('',#14670);
#4960=VERTEX_POINT('',#14672);
#4961=VERTEX_POINT('',#14676);
#4962=VERTEX_POINT('',#14678);
#4963=VERTEX_POINT('',#14682);
#4964=VERTEX_POINT('',#14684);
#4965=VERTEX_POINT('',#14693);
#4966=VERTEX_POINT('',#14694);
#4967=VERTEX_POINT('',#14696);
#4968=VERTEX_POINT('',#14698);
#4969=VERTEX_POINT('',#14702);
#4970=VERTEX_POINT('',#14704);
#4971=VERTEX_POINT('',#14708);
#4972=VERTEX_POINT('',#14710);
#4973=VERTEX_POINT('',#14719);
#4974=VERTEX_POINT('',#14720);
#4975=VERTEX_POINT('',#14722);
#4976=VERTEX_POINT('',#14724);
#4977=VERTEX_POINT('',#14728);
#4978=VERTEX_POINT('',#14730);
#4979=VERTEX_POINT('',#14734);
#4980=VERTEX_POINT('',#14736);
#4981=VERTEX_POINT('',#14745);
#4982=VERTEX_POINT('',#14746);
#4983=VERTEX_POINT('',#14748);
#4984=VERTEX_POINT('',#14750);
#4985=VERTEX_POINT('',#14754);
#4986=VERTEX_POINT('',#14756);
#4987=VERTEX_POINT('',#14760);
#4988=VERTEX_POINT('',#14762);
#4989=VERTEX_POINT('',#14771);
#4990=VERTEX_POINT('',#14772);
#4991=VERTEX_POINT('',#14774);
#4992=VERTEX_POINT('',#14776);
#4993=VERTEX_POINT('',#14780);
#4994=VERTEX_POINT('',#14782);
#4995=VERTEX_POINT('',#14786);
#4996=VERTEX_POINT('',#14788);
#4997=VERTEX_POINT('',#14797);
#4998=VERTEX_POINT('',#14798);
#4999=VERTEX_POINT('',#14800);
#5000=VERTEX_POINT('',#14802);
#5001=VERTEX_POINT('',#14806);
#5002=VERTEX_POINT('',#14808);
#5003=VERTEX_POINT('',#14812);
#5004=VERTEX_POINT('',#14814);
#5005=VERTEX_POINT('',#14823);
#5006=VERTEX_POINT('',#14824);
#5007=VERTEX_POINT('',#14826);
#5008=VERTEX_POINT('',#14828);
#5009=VERTEX_POINT('',#14832);
#5010=VERTEX_POINT('',#14834);
#5011=VERTEX_POINT('',#14838);
#5012=VERTEX_POINT('',#14840);
#5013=VERTEX_POINT('',#14849);
#5014=VERTEX_POINT('',#14850);
#5015=VERTEX_POINT('',#14852);
#5016=VERTEX_POINT('',#14854);
#5017=VERTEX_POINT('',#14858);
#5018=VERTEX_POINT('',#14860);
#5019=VERTEX_POINT('',#14864);
#5020=VERTEX_POINT('',#14866);
#5021=VERTEX_POINT('',#14875);
#5022=VERTEX_POINT('',#14876);
#5023=VERTEX_POINT('',#14878);
#5024=VERTEX_POINT('',#14880);
#5025=VERTEX_POINT('',#14884);
#5026=VERTEX_POINT('',#14886);
#5027=VERTEX_POINT('',#14890);
#5028=VERTEX_POINT('',#14892);
#5029=VERTEX_POINT('',#14903);
#5030=VERTEX_POINT('',#14904);
#5031=VERTEX_POINT('',#14906);
#5032=VERTEX_POINT('',#14908);
#5033=VERTEX_POINT('',#14912);
#5034=VERTEX_POINT('',#14914);
#5035=VERTEX_POINT('',#14918);
#5036=VERTEX_POINT('',#14920);
#5037=VERTEX_POINT('',#14928);
#5038=VERTEX_POINT('',#14929);
#5039=VERTEX_POINT('',#14931);
#5040=VERTEX_POINT('',#14933);
#5041=VERTEX_POINT('',#14937);
#5042=VERTEX_POINT('',#14939);
#5043=VERTEX_POINT('',#14943);
#5044=VERTEX_POINT('',#14947);
#5045=VERTEX_POINT('',#14953);
#5046=VERTEX_POINT('',#14954);
#5047=VERTEX_POINT('',#14956);
#5048=VERTEX_POINT('',#14958);
#5049=VERTEX_POINT('',#14962);
#5050=VERTEX_POINT('',#14964);
#5051=VERTEX_POINT('',#14968);
#5052=VERTEX_POINT('',#14970);
#5053=VERTEX_POINT('',#14979);
#5054=VERTEX_POINT('',#14980);
#5055=VERTEX_POINT('',#14982);
#5056=VERTEX_POINT('',#14984);
#5057=VERTEX_POINT('',#14988);
#5058=VERTEX_POINT('',#14990);
#5059=VERTEX_POINT('',#14994);
#5060=VERTEX_POINT('',#14996);
#5061=VERTEX_POINT('',#15005);
#5062=VERTEX_POINT('',#15006);
#5063=VERTEX_POINT('',#15008);
#5064=VERTEX_POINT('',#15010);
#5065=VERTEX_POINT('',#15014);
#5066=VERTEX_POINT('',#15016);
#5067=VERTEX_POINT('',#15020);
#5068=VERTEX_POINT('',#15022);
#5069=VERTEX_POINT('',#15031);
#5070=VERTEX_POINT('',#15032);
#5071=VERTEX_POINT('',#15034);
#5072=VERTEX_POINT('',#15036);
#5073=VERTEX_POINT('',#15040);
#5074=VERTEX_POINT('',#15042);
#5075=VERTEX_POINT('',#15046);
#5076=VERTEX_POINT('',#15048);
#5077=VERTEX_POINT('',#15057);
#5078=VERTEX_POINT('',#15058);
#5079=VERTEX_POINT('',#15060);
#5080=VERTEX_POINT('',#15062);
#5081=VERTEX_POINT('',#15066);
#5082=VERTEX_POINT('',#15068);
#5083=VERTEX_POINT('',#15072);
#5084=VERTEX_POINT('',#15074);
#5085=VERTEX_POINT('',#15083);
#5086=VERTEX_POINT('',#15084);
#5087=VERTEX_POINT('',#15086);
#5088=VERTEX_POINT('',#15088);
#5089=VERTEX_POINT('',#15092);
#5090=VERTEX_POINT('',#15094);
#5091=VERTEX_POINT('',#15098);
#5092=VERTEX_POINT('',#15100);
#5093=VERTEX_POINT('',#15109);
#5094=VERTEX_POINT('',#15110);
#5095=VERTEX_POINT('',#15112);
#5096=VERTEX_POINT('',#15114);
#5097=VERTEX_POINT('',#15118);
#5098=VERTEX_POINT('',#15120);
#5099=VERTEX_POINT('',#15124);
#5100=VERTEX_POINT('',#15126);
#5101=VERTEX_POINT('',#15135);
#5102=VERTEX_POINT('',#15136);
#5103=VERTEX_POINT('',#15138);
#5104=VERTEX_POINT('',#15140);
#5105=VERTEX_POINT('',#15144);
#5106=VERTEX_POINT('',#15146);
#5107=VERTEX_POINT('',#15150);
#5108=VERTEX_POINT('',#15152);
#5109=VERTEX_POINT('',#15161);
#5110=VERTEX_POINT('',#15162);
#5111=VERTEX_POINT('',#15164);
#5112=VERTEX_POINT('',#15166);
#5113=VERTEX_POINT('',#15170);
#5114=VERTEX_POINT('',#15172);
#5115=VERTEX_POINT('',#15176);
#5116=VERTEX_POINT('',#15178);
#5117=VERTEX_POINT('',#15187);
#5118=VERTEX_POINT('',#15188);
#5119=VERTEX_POINT('',#15190);
#5120=VERTEX_POINT('',#15192);
#5121=VERTEX_POINT('',#15196);
#5122=VERTEX_POINT('',#15198);
#5123=VERTEX_POINT('',#15202);
#5124=VERTEX_POINT('',#15204);
#5125=VERTEX_POINT('',#15213);
#5126=VERTEX_POINT('',#15214);
#5127=VERTEX_POINT('',#15216);
#5128=VERTEX_POINT('',#15218);
#5129=VERTEX_POINT('',#15222);
#5130=VERTEX_POINT('',#15224);
#5131=VERTEX_POINT('',#15228);
#5132=VERTEX_POINT('',#15230);
#5133=VERTEX_POINT('',#15239);
#5134=VERTEX_POINT('',#15240);
#5135=VERTEX_POINT('',#15242);
#5136=VERTEX_POINT('',#15244);
#5137=VERTEX_POINT('',#15248);
#5138=VERTEX_POINT('',#15250);
#5139=VERTEX_POINT('',#15254);
#5140=VERTEX_POINT('',#15256);
#5141=VERTEX_POINT('',#15265);
#5142=VERTEX_POINT('',#15266);
#5143=VERTEX_POINT('',#15268);
#5144=VERTEX_POINT('',#15270);
#5145=VERTEX_POINT('',#15274);
#5146=VERTEX_POINT('',#15276);
#5147=VERTEX_POINT('',#15280);
#5148=VERTEX_POINT('',#15282);
#5149=VERTEX_POINT('',#15291);
#5150=VERTEX_POINT('',#15292);
#5151=VERTEX_POINT('',#15294);
#5152=VERTEX_POINT('',#15296);
#5153=VERTEX_POINT('',#15300);
#5154=VERTEX_POINT('',#15302);
#5155=VERTEX_POINT('',#15306);
#5156=VERTEX_POINT('',#15308);
#5157=VERTEX_POINT('',#15317);
#5158=VERTEX_POINT('',#15318);
#5159=VERTEX_POINT('',#15320);
#5160=VERTEX_POINT('',#15322);
#5161=VERTEX_POINT('',#15326);
#5162=VERTEX_POINT('',#15328);
#5163=VERTEX_POINT('',#15332);
#5164=VERTEX_POINT('',#15334);
#5165=VERTEX_POINT('',#15343);
#5166=VERTEX_POINT('',#15344);
#5167=VERTEX_POINT('',#15346);
#5168=VERTEX_POINT('',#15348);
#5169=VERTEX_POINT('',#15352);
#5170=VERTEX_POINT('',#15354);
#5171=VERTEX_POINT('',#15358);
#5172=VERTEX_POINT('',#15360);
#5173=VERTEX_POINT('',#15369);
#5174=VERTEX_POINT('',#15370);
#5175=VERTEX_POINT('',#15372);
#5176=VERTEX_POINT('',#15374);
#5177=VERTEX_POINT('',#15378);
#5178=VERTEX_POINT('',#15380);
#5179=VERTEX_POINT('',#15384);
#5180=VERTEX_POINT('',#15386);
#5181=VERTEX_POINT('',#15395);
#5182=VERTEX_POINT('',#15396);
#5183=VERTEX_POINT('',#15398);
#5184=VERTEX_POINT('',#15400);
#5185=VERTEX_POINT('',#15404);
#5186=VERTEX_POINT('',#15406);
#5187=VERTEX_POINT('',#15410);
#5188=VERTEX_POINT('',#15412);
#5189=VERTEX_POINT('',#15421);
#5190=VERTEX_POINT('',#15422);
#5191=VERTEX_POINT('',#15424);
#5192=VERTEX_POINT('',#15426);
#5193=VERTEX_POINT('',#15430);
#5194=VERTEX_POINT('',#15432);
#5195=VERTEX_POINT('',#15436);
#5196=VERTEX_POINT('',#15438);
#5197=VERTEX_POINT('',#15447);
#5198=VERTEX_POINT('',#15448);
#5199=VERTEX_POINT('',#15450);
#5200=VERTEX_POINT('',#15452);
#5201=VERTEX_POINT('',#15456);
#5202=VERTEX_POINT('',#15458);
#5203=VERTEX_POINT('',#15462);
#5204=VERTEX_POINT('',#15464);
#5205=VERTEX_POINT('',#15473);
#5206=VERTEX_POINT('',#15474);
#5207=VERTEX_POINT('',#15476);
#5208=VERTEX_POINT('',#15478);
#5209=VERTEX_POINT('',#15482);
#5210=VERTEX_POINT('',#15484);
#5211=VERTEX_POINT('',#15488);
#5212=VERTEX_POINT('',#15490);
#5213=VERTEX_POINT('',#15499);
#5214=VERTEX_POINT('',#15500);
#5215=VERTEX_POINT('',#15502);
#5216=VERTEX_POINT('',#15504);
#5217=VERTEX_POINT('',#15508);
#5218=VERTEX_POINT('',#15510);
#5219=VERTEX_POINT('',#15514);
#5220=VERTEX_POINT('',#15516);
#5221=VERTEX_POINT('',#15525);
#5222=VERTEX_POINT('',#15526);
#5223=VERTEX_POINT('',#15528);
#5224=VERTEX_POINT('',#15530);
#5225=VERTEX_POINT('',#15534);
#5226=VERTEX_POINT('',#15536);
#5227=VERTEX_POINT('',#15540);
#5228=VERTEX_POINT('',#15542);
#5229=VERTEX_POINT('',#15551);
#5230=VERTEX_POINT('',#15552);
#5231=VERTEX_POINT('',#15554);
#5232=VERTEX_POINT('',#15556);
#5233=VERTEX_POINT('',#15560);
#5234=VERTEX_POINT('',#15562);
#5235=VERTEX_POINT('',#15566);
#5236=VERTEX_POINT('',#15568);
#5237=VERTEX_POINT('',#15577);
#5238=VERTEX_POINT('',#15578);
#5239=VERTEX_POINT('',#15580);
#5240=VERTEX_POINT('',#15582);
#5241=VERTEX_POINT('',#15586);
#5242=VERTEX_POINT('',#15588);
#5243=VERTEX_POINT('',#15592);
#5244=VERTEX_POINT('',#15594);
#5245=VERTEX_POINT('',#15603);
#5246=VERTEX_POINT('',#15604);
#5247=VERTEX_POINT('',#15606);
#5248=VERTEX_POINT('',#15608);
#5249=VERTEX_POINT('',#15612);
#5250=VERTEX_POINT('',#15614);
#5251=VERTEX_POINT('',#15618);
#5252=VERTEX_POINT('',#15620);
#5253=VERTEX_POINT('',#15629);
#5254=VERTEX_POINT('',#15630);
#5255=VERTEX_POINT('',#15632);
#5256=VERTEX_POINT('',#15634);
#5257=VERTEX_POINT('',#15638);
#5258=VERTEX_POINT('',#15640);
#5259=VERTEX_POINT('',#15644);
#5260=VERTEX_POINT('',#15646);
#5261=VERTEX_POINT('',#15655);
#5262=VERTEX_POINT('',#15656);
#5263=VERTEX_POINT('',#15658);
#5264=VERTEX_POINT('',#15660);
#5265=VERTEX_POINT('',#15664);
#5266=VERTEX_POINT('',#15666);
#5267=VERTEX_POINT('',#15670);
#5268=VERTEX_POINT('',#15672);
#5269=VERTEX_POINT('',#15681);
#5270=VERTEX_POINT('',#15682);
#5271=VERTEX_POINT('',#15684);
#5272=VERTEX_POINT('',#15686);
#5273=VERTEX_POINT('',#15690);
#5274=VERTEX_POINT('',#15692);
#5275=VERTEX_POINT('',#15696);
#5276=VERTEX_POINT('',#15698);
#5277=VERTEX_POINT('',#15707);
#5278=VERTEX_POINT('',#15708);
#5279=VERTEX_POINT('',#15710);
#5280=VERTEX_POINT('',#15712);
#5281=VERTEX_POINT('',#15716);
#5282=VERTEX_POINT('',#15718);
#5283=VERTEX_POINT('',#15722);
#5284=VERTEX_POINT('',#15724);
#5285=VERTEX_POINT('',#15733);
#5286=VERTEX_POINT('',#15734);
#5287=VERTEX_POINT('',#15736);
#5288=VERTEX_POINT('',#15738);
#5289=VERTEX_POINT('',#15742);
#5290=VERTEX_POINT('',#15744);
#5291=VERTEX_POINT('',#15748);
#5292=VERTEX_POINT('',#15750);
#5293=VERTEX_POINT('',#15759);
#5294=VERTEX_POINT('',#15760);
#5295=VERTEX_POINT('',#15762);
#5296=VERTEX_POINT('',#15764);
#5297=VERTEX_POINT('',#15768);
#5298=VERTEX_POINT('',#15770);
#5299=VERTEX_POINT('',#15774);
#5300=VERTEX_POINT('',#15776);
#5301=VERTEX_POINT('',#15785);
#5302=VERTEX_POINT('',#15786);
#5303=VERTEX_POINT('',#15788);
#5304=VERTEX_POINT('',#15790);
#5305=VERTEX_POINT('',#15794);
#5306=VERTEX_POINT('',#15796);
#5307=VERTEX_POINT('',#15800);
#5308=VERTEX_POINT('',#15802);
#5309=VERTEX_POINT('',#15811);
#5310=VERTEX_POINT('',#15812);
#5311=VERTEX_POINT('',#15814);
#5312=VERTEX_POINT('',#15816);
#5313=VERTEX_POINT('',#15820);
#5314=VERTEX_POINT('',#15822);
#5315=VERTEX_POINT('',#15826);
#5316=VERTEX_POINT('',#15828);
#5317=VERTEX_POINT('',#15837);
#5318=VERTEX_POINT('',#15838);
#5319=VERTEX_POINT('',#15840);
#5320=VERTEX_POINT('',#15842);
#5321=VERTEX_POINT('',#15846);
#5322=VERTEX_POINT('',#15848);
#5323=VERTEX_POINT('',#15852);
#5324=VERTEX_POINT('',#15854);
#5325=VERTEX_POINT('',#15863);
#5326=VERTEX_POINT('',#15864);
#5327=VERTEX_POINT('',#15866);
#5328=VERTEX_POINT('',#15868);
#5329=VERTEX_POINT('',#15872);
#5330=VERTEX_POINT('',#15874);
#5331=VERTEX_POINT('',#15878);
#5332=VERTEX_POINT('',#15880);
#5333=VERTEX_POINT('',#15889);
#5334=VERTEX_POINT('',#15890);
#5335=VERTEX_POINT('',#15892);
#5336=VERTEX_POINT('',#15894);
#5337=VERTEX_POINT('',#15898);
#5338=VERTEX_POINT('',#15900);
#5339=VERTEX_POINT('',#15904);
#5340=VERTEX_POINT('',#15906);
#5341=VERTEX_POINT('',#15915);
#5342=VERTEX_POINT('',#15916);
#5343=VERTEX_POINT('',#15918);
#5344=VERTEX_POINT('',#15920);
#5345=VERTEX_POINT('',#15924);
#5346=VERTEX_POINT('',#15926);
#5347=VERTEX_POINT('',#15930);
#5348=VERTEX_POINT('',#15932);
#5349=VERTEX_POINT('',#15941);
#5350=VERTEX_POINT('',#15942);
#5351=VERTEX_POINT('',#15944);
#5352=VERTEX_POINT('',#15946);
#5353=VERTEX_POINT('',#15950);
#5354=VERTEX_POINT('',#15952);
#5355=VERTEX_POINT('',#15956);
#5356=VERTEX_POINT('',#15958);
#5357=VERTEX_POINT('',#15967);
#5358=VERTEX_POINT('',#15968);
#5359=VERTEX_POINT('',#15970);
#5360=VERTEX_POINT('',#15972);
#5361=VERTEX_POINT('',#15976);
#5362=VERTEX_POINT('',#15978);
#5363=VERTEX_POINT('',#15982);
#5364=VERTEX_POINT('',#15984);
#5365=VERTEX_POINT('',#15993);
#5366=VERTEX_POINT('',#15994);
#5367=VERTEX_POINT('',#15996);
#5368=VERTEX_POINT('',#15998);
#5369=VERTEX_POINT('',#16002);
#5370=VERTEX_POINT('',#16004);
#5371=VERTEX_POINT('',#16008);
#5372=VERTEX_POINT('',#16010);
#5373=VERTEX_POINT('',#16019);
#5374=VERTEX_POINT('',#16020);
#5375=VERTEX_POINT('',#16022);
#5376=VERTEX_POINT('',#16024);
#5377=VERTEX_POINT('',#16028);
#5378=VERTEX_POINT('',#16030);
#5379=VERTEX_POINT('',#16034);
#5380=VERTEX_POINT('',#16036);
#5381=VERTEX_POINT('',#16045);
#5382=VERTEX_POINT('',#16046);
#5383=VERTEX_POINT('',#16048);
#5384=VERTEX_POINT('',#16050);
#5385=VERTEX_POINT('',#16054);
#5386=VERTEX_POINT('',#16056);
#5387=VERTEX_POINT('',#16060);
#5388=VERTEX_POINT('',#16062);
#5389=VERTEX_POINT('',#16071);
#5390=VERTEX_POINT('',#16072);
#5391=VERTEX_POINT('',#16074);
#5392=VERTEX_POINT('',#16076);
#5393=VERTEX_POINT('',#16080);
#5394=VERTEX_POINT('',#16082);
#5395=VERTEX_POINT('',#16086);
#5396=VERTEX_POINT('',#16088);
#5397=VERTEX_POINT('',#16097);
#5398=VERTEX_POINT('',#16098);
#5399=VERTEX_POINT('',#16100);
#5400=VERTEX_POINT('',#16102);
#5401=VERTEX_POINT('',#16106);
#5402=VERTEX_POINT('',#16108);
#5403=VERTEX_POINT('',#16112);
#5404=VERTEX_POINT('',#16114);
#5405=VERTEX_POINT('',#16123);
#5406=VERTEX_POINT('',#16124);
#5407=VERTEX_POINT('',#16126);
#5408=VERTEX_POINT('',#16128);
#5409=VERTEX_POINT('',#16132);
#5410=VERTEX_POINT('',#16134);
#5411=VERTEX_POINT('',#16138);
#5412=VERTEX_POINT('',#16140);
#5413=VERTEX_POINT('',#16149);
#5414=VERTEX_POINT('',#16150);
#5415=VERTEX_POINT('',#16152);
#5416=VERTEX_POINT('',#16154);
#5417=VERTEX_POINT('',#16158);
#5418=VERTEX_POINT('',#16160);
#5419=VERTEX_POINT('',#16164);
#5420=VERTEX_POINT('',#16166);
#5421=VERTEX_POINT('',#16175);
#5422=VERTEX_POINT('',#16176);
#5423=VERTEX_POINT('',#16178);
#5424=VERTEX_POINT('',#16180);
#5425=VERTEX_POINT('',#16184);
#5426=VERTEX_POINT('',#16186);
#5427=VERTEX_POINT('',#16190);
#5428=VERTEX_POINT('',#16192);
#5429=VERTEX_POINT('',#16201);
#5430=VERTEX_POINT('',#16202);
#5431=VERTEX_POINT('',#16204);
#5432=VERTEX_POINT('',#16206);
#5433=VERTEX_POINT('',#16210);
#5434=VERTEX_POINT('',#16212);
#5435=VERTEX_POINT('',#16216);
#5436=VERTEX_POINT('',#16218);
#5437=VERTEX_POINT('',#16227);
#5438=VERTEX_POINT('',#16228);
#5439=VERTEX_POINT('',#16230);
#5440=VERTEX_POINT('',#16232);
#5441=VERTEX_POINT('',#16236);
#5442=VERTEX_POINT('',#16238);
#5443=VERTEX_POINT('',#16242);
#5444=VERTEX_POINT('',#16244);
#5445=VERTEX_POINT('',#16253);
#5446=VERTEX_POINT('',#16254);
#5447=VERTEX_POINT('',#16256);
#5448=VERTEX_POINT('',#16258);
#5449=VERTEX_POINT('',#16262);
#5450=VERTEX_POINT('',#16264);
#5451=VERTEX_POINT('',#16268);
#5452=VERTEX_POINT('',#16270);
#5453=VERTEX_POINT('',#16279);
#5454=VERTEX_POINT('',#16280);
#5455=VERTEX_POINT('',#16282);
#5456=VERTEX_POINT('',#16284);
#5457=VERTEX_POINT('',#16288);
#5458=VERTEX_POINT('',#16290);
#5459=VERTEX_POINT('',#16294);
#5460=VERTEX_POINT('',#16296);
#5461=VERTEX_POINT('',#16305);
#5462=VERTEX_POINT('',#16306);
#5463=VERTEX_POINT('',#16308);
#5464=VERTEX_POINT('',#16310);
#5465=VERTEX_POINT('',#16314);
#5466=VERTEX_POINT('',#16316);
#5467=VERTEX_POINT('',#16320);
#5468=VERTEX_POINT('',#16322);
#5469=VERTEX_POINT('',#16331);
#5470=VERTEX_POINT('',#16332);
#5471=VERTEX_POINT('',#16334);
#5472=VERTEX_POINT('',#16336);
#5473=VERTEX_POINT('',#16340);
#5474=VERTEX_POINT('',#16342);
#5475=VERTEX_POINT('',#16346);
#5476=VERTEX_POINT('',#16348);
#5477=VERTEX_POINT('',#16357);
#5478=VERTEX_POINT('',#16358);
#5479=VERTEX_POINT('',#16360);
#5480=VERTEX_POINT('',#16362);
#5481=VERTEX_POINT('',#16366);
#5482=VERTEX_POINT('',#16368);
#5483=VERTEX_POINT('',#16372);
#5484=VERTEX_POINT('',#16374);
#5485=EDGE_CURVE('',#4626,#4626,#4511,.T.);
#5486=EDGE_CURVE('',#4626,#4627,#2163,.T.);
#5487=EDGE_CURVE('',#4627,#4627,#4512,.T.);
#5488=EDGE_CURVE('',#4628,#4628,#4513,.T.);
#5489=EDGE_CURVE('',#4628,#4629,#2164,.T.);
#5490=EDGE_CURVE('',#4629,#4629,#4514,.T.);
#5491=EDGE_CURVE('',#4630,#4630,#4515,.T.);
#5492=EDGE_CURVE('',#4630,#4631,#2165,.T.);
#5493=EDGE_CURVE('',#4631,#4631,#4516,.T.);
#5494=EDGE_CURVE('',#4632,#4632,#4517,.T.);
#5495=EDGE_CURVE('',#4632,#4633,#2166,.T.);
#5496=EDGE_CURVE('',#4633,#4633,#4518,.T.);
#5497=EDGE_CURVE('',#4634,#4635,#2167,.T.);
#5498=EDGE_CURVE('',#4636,#4634,#2168,.T.);
#5499=EDGE_CURVE('',#4637,#4636,#2169,.T.);
#5500=EDGE_CURVE('',#4637,#4635,#2170,.T.);
#5501=EDGE_CURVE('',#4635,#4638,#4519,.T.);
#5502=EDGE_CURVE('',#4639,#4637,#4520,.T.);
#5503=EDGE_CURVE('',#4638,#4639,#2171,.T.);
#5504=EDGE_CURVE('',#4638,#4640,#2172,.T.);
#5505=EDGE_CURVE('',#4641,#4639,#2173,.T.);
#5506=EDGE_CURVE('',#4641,#4640,#2174,.T.);
#5507=EDGE_CURVE('',#4640,#4634,#4521,.T.);
#5508=EDGE_CURVE('',#4636,#4641,#4522,.T.);
#5509=EDGE_CURVE('',#4642,#4643,#2175,.T.);
#5510=EDGE_CURVE('',#4644,#4642,#2176,.T.);
#5511=EDGE_CURVE('',#4645,#4644,#2177,.T.);
#5512=EDGE_CURVE('',#4645,#4643,#2178,.T.);
#5513=EDGE_CURVE('',#4643,#4646,#4523,.T.);
#5514=EDGE_CURVE('',#4647,#4645,#4524,.T.);
#5515=EDGE_CURVE('',#4646,#4647,#2179,.T.);
#5516=EDGE_CURVE('',#4646,#4648,#2180,.T.);
#5517=EDGE_CURVE('',#4649,#4647,#2181,.T.);
#5518=EDGE_CURVE('',#4649,#4648,#2182,.T.);
#5519=EDGE_CURVE('',#4648,#4642,#4525,.T.);
#5520=EDGE_CURVE('',#4644,#4649,#4526,.T.);
#5521=EDGE_CURVE('',#4650,#4650,#4527,.T.);
#5522=EDGE_CURVE('',#4650,#4651,#2183,.T.);
#5523=EDGE_CURVE('',#4651,#4651,#4528,.T.);
#5524=EDGE_CURVE('',#4652,#4652,#4529,.T.);
#5525=EDGE_CURVE('',#4652,#4653,#2184,.T.);
#5526=EDGE_CURVE('',#4653,#4653,#4530,.T.);
#5527=EDGE_CURVE('',#4654,#4654,#4531,.T.);
#5528=EDGE_CURVE('',#4654,#4655,#2185,.T.);
#5529=EDGE_CURVE('',#4655,#4655,#4532,.T.);
#5530=EDGE_CURVE('',#4656,#4656,#4533,.T.);
#5531=EDGE_CURVE('',#4656,#4657,#2186,.T.);
#5532=EDGE_CURVE('',#4657,#4657,#4534,.T.);
#5533=EDGE_CURVE('',#4658,#4658,#4535,.T.);
#5534=EDGE_CURVE('',#4658,#4659,#2187,.T.);
#5535=EDGE_CURVE('',#4659,#4659,#4536,.T.);
#5536=EDGE_CURVE('',#4660,#4660,#4537,.T.);
#5537=EDGE_CURVE('',#4660,#4661,#2188,.T.);
#5538=EDGE_CURVE('',#4661,#4661,#4538,.T.);
#5539=EDGE_CURVE('',#4662,#4662,#4539,.T.);
#5540=EDGE_CURVE('',#4662,#4663,#2189,.T.);
#5541=EDGE_CURVE('',#4663,#4663,#4540,.T.);
#5542=EDGE_CURVE('',#4664,#4664,#4541,.T.);
#5543=EDGE_CURVE('',#4664,#4665,#2190,.T.);
#5544=EDGE_CURVE('',#4665,#4665,#4542,.T.);
#5545=EDGE_CURVE('',#4666,#4666,#4543,.T.);
#5546=EDGE_CURVE('',#4666,#4667,#2191,.T.);
#5547=EDGE_CURVE('',#4667,#4667,#4544,.T.);
#5548=EDGE_CURVE('',#4668,#4668,#4545,.T.);
#5549=EDGE_CURVE('',#4668,#4669,#2192,.T.);
#5550=EDGE_CURVE('',#4669,#4669,#4546,.T.);
#5551=EDGE_CURVE('',#4670,#4670,#4547,.T.);
#5552=EDGE_CURVE('',#4670,#4671,#2193,.T.);
#5553=EDGE_CURVE('',#4671,#4671,#4548,.T.);
#5554=EDGE_CURVE('',#4672,#4672,#4549,.T.);
#5555=EDGE_CURVE('',#4672,#4673,#2194,.T.);
#5556=EDGE_CURVE('',#4673,#4673,#4550,.T.);
#5557=EDGE_CURVE('',#4674,#4674,#4551,.T.);
#5558=EDGE_CURVE('',#4674,#4675,#2195,.T.);
#5559=EDGE_CURVE('',#4675,#4675,#4552,.T.);
#5560=EDGE_CURVE('',#4676,#4676,#4553,.T.);
#5561=EDGE_CURVE('',#4676,#4677,#2196,.T.);
#5562=EDGE_CURVE('',#4677,#4677,#4554,.T.);
#5563=EDGE_CURVE('',#4678,#4678,#4555,.T.);
#5564=EDGE_CURVE('',#4678,#4679,#2197,.T.);
#5565=EDGE_CURVE('',#4679,#4679,#4556,.T.);
#5566=EDGE_CURVE('',#4680,#4680,#4557,.T.);
#5567=EDGE_CURVE('',#4680,#4681,#2198,.T.);
#5568=EDGE_CURVE('',#4681,#4681,#4558,.T.);
#5569=EDGE_CURVE('',#4682,#4683,#2199,.T.);
#5570=EDGE_CURVE('',#4684,#4682,#4559,.T.);
#5571=EDGE_CURVE('',#4685,#4684,#2200,.T.);
#5572=EDGE_CURVE('',#4683,#4685,#4560,.T.);
#5573=EDGE_CURVE('',#4686,#4687,#4561,.T.);
#5574=EDGE_CURVE('',#4686,#4688,#2201,.T.);
#5575=EDGE_CURVE('',#4689,#4688,#4562,.T.);
#5576=EDGE_CURVE('',#4689,#4690,#2202,.T.);
#5577=EDGE_CURVE('',#4691,#4690,#4563,.T.);
#5578=EDGE_CURVE('',#4691,#4692,#2203,.T.);
#5579=EDGE_CURVE('',#4693,#4692,#4564,.T.);
#5580=EDGE_CURVE('',#4693,#4687,#2204,.T.);
#5581=EDGE_CURVE('',#4685,#4694,#2205,.T.);
#5582=EDGE_CURVE('',#4694,#4695,#4565,.T.);
#5583=EDGE_CURVE('',#4695,#4696,#2206,.T.);
#5584=EDGE_CURVE('',#4696,#4697,#4566,.T.);
#5585=EDGE_CURVE('',#4697,#4698,#2207,.T.);
#5586=EDGE_CURVE('',#4698,#4699,#4567,.T.);
#5587=EDGE_CURVE('',#4699,#4683,#2208,.T.);
#5588=EDGE_CURVE('',#4700,#4684,#2209,.F.);
#5589=EDGE_CURVE('',#4700,#4694,#2210,.T.);
#5590=EDGE_CURVE('',#4697,#4701,#2211,.T.);
#5591=EDGE_CURVE('',#4702,#4696,#2212,.T.);
#5592=EDGE_CURVE('',#4701,#4702,#4568,.T.);
#5593=EDGE_CURVE('',#4682,#4703,#2213,.F.);
#5594=EDGE_CURVE('',#4703,#4704,#4569,.T.);
#5595=EDGE_CURVE('',#4704,#4701,#2214,.F.);
#5596=EDGE_CURVE('',#4702,#4705,#2215,.F.);
#5597=EDGE_CURVE('',#4705,#4700,#4570,.T.);
#5598=EDGE_CURVE('',#4695,#4705,#2216,.T.);
#5599=EDGE_CURVE('',#4704,#4698,#2217,.T.);
#5600=EDGE_CURVE('',#4699,#4703,#2218,.T.);
#5601=EDGE_CURVE('',#4687,#4706,#2219,.T.);
#5602=EDGE_CURVE('',#4706,#4707,#4571,.T.);
#5603=EDGE_CURVE('',#4707,#4686,#2220,.T.);
#5604=EDGE_CURVE('',#4708,#4693,#2221,.T.);
#5605=EDGE_CURVE('',#4708,#4706,#2222,.T.);
#5606=EDGE_CURVE('',#4688,#4709,#2223,.T.);
#5607=EDGE_CURVE('',#4709,#4710,#4572,.T.);
#5608=EDGE_CURVE('',#4710,#4689,#2224,.T.);
#5609=EDGE_CURVE('',#4710,#4711,#2225,.T.);
#5610=EDGE_CURVE('',#4690,#4711,#2226,.T.);
#5611=EDGE_CURVE('',#4711,#4712,#4573,.T.);
#5612=EDGE_CURVE('',#4712,#4691,#2227,.T.);
#5613=EDGE_CURVE('',#4692,#4713,#2228,.T.);
#5614=EDGE_CURVE('',#4713,#4708,#4574,.T.);
#5615=EDGE_CURVE('',#4712,#4713,#2229,.T.);
#5616=EDGE_CURVE('',#4707,#4709,#2230,.T.);
#5617=EDGE_CURVE('',#4714,#4714,#4575,.T.);
#5618=EDGE_CURVE('',#4714,#4715,#2231,.T.);
#5619=EDGE_CURVE('',#4715,#4715,#4576,.T.);
#5620=EDGE_CURVE('',#4716,#4716,#4577,.T.);
#5621=EDGE_CURVE('',#4716,#4717,#2232,.T.);
#5622=EDGE_CURVE('',#4717,#4717,#4578,.T.);
#5623=EDGE_CURVE('',#4718,#4718,#4579,.T.);
#5624=EDGE_CURVE('',#4718,#4719,#2233,.T.);
#5625=EDGE_CURVE('',#4719,#4719,#4580,.T.);
#5626=EDGE_CURVE('',#4720,#4720,#4581,.T.);
#5627=EDGE_CURVE('',#4720,#4721,#2234,.T.);
#5628=EDGE_CURVE('',#4721,#4721,#4582,.T.);
#5629=EDGE_CURVE('',#4722,#4722,#4583,.T.);
#5630=EDGE_CURVE('',#4722,#4723,#2235,.T.);
#5631=EDGE_CURVE('',#4723,#4723,#4584,.T.);
#5632=EDGE_CURVE('',#4724,#4724,#4585,.T.);
#5633=EDGE_CURVE('',#4724,#4725,#2236,.T.);
#5634=EDGE_CURVE('',#4725,#4725,#4586,.T.);
#5635=EDGE_CURVE('',#4726,#4726,#4587,.T.);
#5636=EDGE_CURVE('',#4726,#4727,#2237,.T.);
#5637=EDGE_CURVE('',#4727,#4727,#4588,.T.);
#5638=EDGE_CURVE('',#4728,#4728,#4589,.T.);
#5639=EDGE_CURVE('',#4728,#4729,#2238,.T.);
#5640=EDGE_CURVE('',#4729,#4729,#4590,.T.);
#5641=EDGE_CURVE('',#4730,#4730,#4591,.T.);
#5642=EDGE_CURVE('',#4730,#4729,#2239,.T.);
#5643=EDGE_CURVE('',#4731,#4731,#4592,.T.);
#5644=EDGE_CURVE('',#4731,#4732,#2240,.T.);
#5645=EDGE_CURVE('',#4732,#4732,#4593,.T.);
#5646=EDGE_CURVE('',#4733,#4734,#4594,.T.);
#5647=EDGE_CURVE('',#4734,#4735,#2241,.T.);
#5648=EDGE_CURVE('',#4735,#4736,#4595,.T.);
#5649=EDGE_CURVE('',#4736,#4733,#2242,.T.);
#5650=EDGE_CURVE('',#4737,#4734,#2243,.T.);
#5651=EDGE_CURVE('',#4738,#4737,#2244,.T.);
#5652=EDGE_CURVE('',#4738,#4735,#2245,.T.);
#5653=EDGE_CURVE('',#4733,#4739,#2246,.T.);
#5654=EDGE_CURVE('',#4740,#4739,#4596,.T.);
#5655=EDGE_CURVE('',#4740,#4741,#2247,.T.);
#5656=EDGE_CURVE('',#4742,#4741,#4597,.T.);
#5657=EDGE_CURVE('',#4742,#4743,#2248,.T.);
#5658=EDGE_CURVE('',#4737,#4743,#4598,.T.);
#5659=EDGE_CURVE('',#4739,#4744,#2249,.T.);
#5660=EDGE_CURVE('',#4744,#4745,#4599,.T.);
#5661=EDGE_CURVE('',#4745,#4740,#2250,.T.);
#5662=EDGE_CURVE('',#4745,#4746,#2251,.T.);
#5663=EDGE_CURVE('',#4741,#4746,#2252,.T.);
#5664=EDGE_CURVE('',#4746,#4747,#4600,.T.);
#5665=EDGE_CURVE('',#4747,#4742,#2253,.T.);
#5666=EDGE_CURVE('',#4743,#4748,#2254,.T.);
#5667=EDGE_CURVE('',#4748,#4738,#4601,.T.);
#5668=EDGE_CURVE('',#4747,#4748,#2255,.T.);
#5669=EDGE_CURVE('',#4736,#4744,#2256,.T.);
#5670=EDGE_CURVE('',#4749,#4749,#4602,.T.);
#5671=EDGE_CURVE('',#4750,#4750,#4603,.T.);
#5672=EDGE_CURVE('',#4750,#4749,#2257,.T.);
#5673=EDGE_CURVE('',#4751,#4752,#2258,.T.);
#5674=EDGE_CURVE('',#4753,#4751,#2259,.T.);
#5675=EDGE_CURVE('',#4753,#4754,#2260,.T.);
#5676=EDGE_CURVE('',#4752,#4754,#2261,.T.);
#5677=EDGE_CURVE('',#4755,#4756,#2262,.T.);
#5678=EDGE_CURVE('',#4757,#4755,#2263,.T.);
#5679=EDGE_CURVE('',#4757,#4758,#2264,.T.);
#5680=EDGE_CURVE('',#4756,#4758,#2265,.T.);
#5681=EDGE_CURVE('',#4754,#4757,#2266,.T.);
#5682=EDGE_CURVE('',#4758,#4753,#2267,.T.);
#5683=EDGE_CURVE('',#4756,#4759,#2268,.T.);
#5684=EDGE_CURVE('',#4759,#4760,#2269,.T.);
#5685=EDGE_CURVE('',#4760,#4755,#2270,.T.);
#5686=EDGE_CURVE('',#4752,#4761,#2271,.T.);
#5687=EDGE_CURVE('',#4761,#4762,#2272,.T.);
#5688=EDGE_CURVE('',#4762,#4751,#2273,.T.);
#5689=EDGE_CURVE('',#4763,#4760,#2274,.T.);
#5690=EDGE_CURVE('',#4764,#4763,#2275,.T.);
#5691=EDGE_CURVE('',#4764,#4761,#2276,.T.);
#5692=EDGE_CURVE('',#4763,#4765,#2277,.T.);
#5693=EDGE_CURVE('',#4765,#4759,#2278,.T.);
#5694=EDGE_CURVE('',#4766,#4762,#2279,.T.);
#5695=EDGE_CURVE('',#4765,#4766,#2280,.T.);
#5696=EDGE_CURVE('',#4766,#4764,#2281,.T.);
#5697=EDGE_CURVE('',#4767,#4768,#2282,.T.);
#5698=EDGE_CURVE('',#4769,#4767,#4604,.T.);
#5699=EDGE_CURVE('',#4770,#4769,#2283,.T.);
#5700=EDGE_CURVE('',#4768,#4770,#4605,.T.);
#5701=EDGE_CURVE('',#4771,#4772,#2284,.T.);
#5702=EDGE_CURVE('',#4773,#4771,#4606,.T.);
#5703=EDGE_CURVE('',#4774,#4773,#2285,.T.);
#5704=EDGE_CURVE('',#4772,#4774,#4607,.T.);
#5705=EDGE_CURVE('',#4775,#4776,#2286,.T.);
#5706=EDGE_CURVE('',#4777,#4775,#2287,.T.);
#5707=EDGE_CURVE('',#4778,#4777,#2288,.T.);
#5708=EDGE_CURVE('',#4776,#4778,#2289,.T.);
#5709=EDGE_CURVE('',#4779,#4775,#2290,.T.);
#5710=EDGE_CURVE('',#4779,#4780,#2291,.T.);
#5711=EDGE_CURVE('',#4777,#4780,#2292,.T.);
#5712=EDGE_CURVE('',#4781,#4779,#2293,.T.);
#5713=EDGE_CURVE('',#4782,#4781,#2294,.T.);
#5714=EDGE_CURVE('',#4780,#4782,#2295,.T.);
#5715=EDGE_CURVE('',#4783,#4783,#4608,.T.);
#5716=EDGE_CURVE('',#4783,#4784,#2296,.T.);
#5717=EDGE_CURVE('',#4784,#4784,#4609,.T.);
#5718=EDGE_CURVE('',#4785,#4785,#4610,.T.);
#5719=EDGE_CURVE('',#4785,#4786,#2297,.T.);
#5720=EDGE_CURVE('',#4786,#4786,#4611,.T.);
#5721=EDGE_CURVE('',#4787,#4787,#4612,.T.);
#5722=EDGE_CURVE('',#4787,#4788,#2298,.T.);
#5723=EDGE_CURVE('',#4788,#4788,#4613,.T.);
#5724=EDGE_CURVE('',#4789,#4789,#4614,.T.);
#5725=EDGE_CURVE('',#4789,#4790,#2299,.T.);
#5726=EDGE_CURVE('',#4790,#4790,#4615,.T.);
#5727=EDGE_CURVE('',#4791,#4792,#4616,.T.);
#5728=EDGE_CURVE('',#4793,#4791,#2300,.T.);
#5729=EDGE_CURVE('',#4794,#4793,#4617,.T.);
#5730=EDGE_CURVE('',#4792,#4794,#2301,.T.);
#5731=EDGE_CURVE('',#4795,#4796,#4618,.T.);
#5732=EDGE_CURVE('',#4797,#4795,#2302,.T.);
#5733=EDGE_CURVE('',#4798,#4797,#4619,.T.);
#5734=EDGE_CURVE('',#4796,#4798,#2303,.T.);
#5735=EDGE_CURVE('',#4778,#4793,#2304,.T.);
#5736=EDGE_CURVE('',#4776,#4791,#2305,.T.);
#5737=EDGE_CURVE('',#4773,#4782,#2306,.T.);
#5738=EDGE_CURVE('',#4774,#4781,#2307,.T.);
#5739=EDGE_CURVE('',#4796,#4769,#2308,.T.);
#5740=EDGE_CURVE('',#4798,#4770,#2309,.T.);
#5741=EDGE_CURVE('',#4767,#4772,#2310,.T.);
#5742=EDGE_CURVE('',#4792,#4795,#2311,.T.);
#5743=EDGE_CURVE('',#4794,#4797,#2312,.T.);
#5744=EDGE_CURVE('',#4768,#4771,#2313,.T.);
#5745=EDGE_CURVE('',#4799,#4799,#4620,.T.);
#5746=EDGE_CURVE('',#4799,#4800,#2314,.T.);
#5747=EDGE_CURVE('',#4800,#4800,#4621,.T.);
#5748=EDGE_CURVE('',#4801,#4802,#2315,.T.);
#5749=EDGE_CURVE('',#4802,#4803,#2316,.T.);
#5750=EDGE_CURVE('',#4804,#4803,#2317,.T.);
#5751=EDGE_CURVE('',#4801,#4804,#2318,.T.);
#5752=EDGE_CURVE('',#4805,#4801,#2319,.T.);
#5753=EDGE_CURVE('',#4806,#4804,#2320,.T.);
#5754=EDGE_CURVE('',#4805,#4806,#2321,.T.);
#5755=EDGE_CURVE('',#4807,#4805,#2322,.T.);
#5756=EDGE_CURVE('',#4808,#4806,#2323,.T.);
#5757=EDGE_CURVE('',#4807,#4808,#2324,.T.);
#5758=EDGE_CURVE('',#4802,#4807,#2325,.T.);
#5759=EDGE_CURVE('',#4803,#4808,#2326,.T.);
#5760=EDGE_CURVE('',#4809,#4809,#4622,.T.);
#5761=EDGE_CURVE('',#4809,#4810,#2327,.T.);
#5762=EDGE_CURVE('',#4810,#4810,#4623,.T.);
#5763=EDGE_CURVE('',#4811,#4812,#2328,.T.);
#5764=EDGE_CURVE('',#4812,#4813,#2329,.T.);
#5765=EDGE_CURVE('',#4814,#4813,#2330,.T.);
#5766=EDGE_CURVE('',#4811,#4814,#2331,.T.);
#5767=EDGE_CURVE('',#4815,#4811,#2332,.T.);
#5768=EDGE_CURVE('',#4816,#4814,#2333,.T.);
#5769=EDGE_CURVE('',#4815,#4816,#2334,.T.);
#5770=EDGE_CURVE('',#4817,#4815,#2335,.T.);
#5771=EDGE_CURVE('',#4818,#4816,#2336,.T.);
#5772=EDGE_CURVE('',#4817,#4818,#2337,.T.);
#5773=EDGE_CURVE('',#4812,#4817,#2338,.T.);
#5774=EDGE_CURVE('',#4813,#4818,#2339,.T.);
#5775=EDGE_CURVE('',#4819,#4820,#2340,.T.);
#5776=EDGE_CURVE('',#4820,#4821,#2341,.T.);
#5777=EDGE_CURVE('',#4822,#4821,#2342,.T.);
#5778=EDGE_CURVE('',#4819,#4822,#2343,.T.);
#5779=EDGE_CURVE('',#4823,#4819,#2344,.T.);
#5780=EDGE_CURVE('',#4824,#4822,#2345,.T.);
#5781=EDGE_CURVE('',#4823,#4824,#2346,.T.);
#5782=EDGE_CURVE('',#4825,#4823,#2347,.T.);
#5783=EDGE_CURVE('',#4826,#4824,#2348,.T.);
#5784=EDGE_CURVE('',#4825,#4826,#2349,.T.);
#5785=EDGE_CURVE('',#4820,#4825,#2350,.T.);
#5786=EDGE_CURVE('',#4821,#4826,#2351,.T.);
#5787=EDGE_CURVE('',#4827,#4828,#2352,.T.);
#5788=EDGE_CURVE('',#4828,#4829,#2353,.T.);
#5789=EDGE_CURVE('',#4830,#4829,#2354,.T.);
#5790=EDGE_CURVE('',#4827,#4830,#2355,.T.);
#5791=EDGE_CURVE('',#4831,#4827,#2356,.T.);
#5792=EDGE_CURVE('',#4832,#4830,#2357,.T.);
#5793=EDGE_CURVE('',#4831,#4832,#2358,.T.);
#5794=EDGE_CURVE('',#4833,#4831,#2359,.T.);
#5795=EDGE_CURVE('',#4834,#4832,#2360,.T.);
#5796=EDGE_CURVE('',#4833,#4834,#2361,.T.);
#5797=EDGE_CURVE('',#4828,#4833,#2362,.T.);
#5798=EDGE_CURVE('',#4829,#4834,#2363,.T.);
#5799=EDGE_CURVE('',#4835,#4836,#2364,.T.);
#5800=EDGE_CURVE('',#4836,#4837,#2365,.T.);
#5801=EDGE_CURVE('',#4838,#4837,#2366,.T.);
#5802=EDGE_CURVE('',#4835,#4838,#2367,.T.);
#5803=EDGE_CURVE('',#4839,#4835,#2368,.T.);
#5804=EDGE_CURVE('',#4840,#4838,#2369,.T.);
#5805=EDGE_CURVE('',#4839,#4840,#2370,.T.);
#5806=EDGE_CURVE('',#4841,#4839,#2371,.T.);
#5807=EDGE_CURVE('',#4842,#4840,#2372,.T.);
#5808=EDGE_CURVE('',#4841,#4842,#2373,.T.);
#5809=EDGE_CURVE('',#4836,#4841,#2374,.T.);
#5810=EDGE_CURVE('',#4837,#4842,#2375,.T.);
#5811=EDGE_CURVE('',#4843,#4844,#2376,.T.);
#5812=EDGE_CURVE('',#4844,#4845,#2377,.T.);
#5813=EDGE_CURVE('',#4846,#4845,#2378,.T.);
#5814=EDGE_CURVE('',#4843,#4846,#2379,.T.);
#5815=EDGE_CURVE('',#4847,#4843,#2380,.T.);
#5816=EDGE_CURVE('',#4848,#4846,#2381,.T.);
#5817=EDGE_CURVE('',#4847,#4848,#2382,.T.);
#5818=EDGE_CURVE('',#4849,#4847,#2383,.T.);
#5819=EDGE_CURVE('',#4850,#4848,#2384,.T.);
#5820=EDGE_CURVE('',#4849,#4850,#2385,.T.);
#5821=EDGE_CURVE('',#4844,#4849,#2386,.T.);
#5822=EDGE_CURVE('',#4845,#4850,#2387,.T.);
#5823=EDGE_CURVE('',#4851,#4852,#2388,.T.);
#5824=EDGE_CURVE('',#4852,#4853,#2389,.T.);
#5825=EDGE_CURVE('',#4854,#4853,#2390,.T.);
#5826=EDGE_CURVE('',#4851,#4854,#2391,.T.);
#5827=EDGE_CURVE('',#4855,#4851,#2392,.T.);
#5828=EDGE_CURVE('',#4856,#4854,#2393,.T.);
#5829=EDGE_CURVE('',#4855,#4856,#2394,.T.);
#5830=EDGE_CURVE('',#4857,#4855,#2395,.T.);
#5831=EDGE_CURVE('',#4858,#4856,#2396,.T.);
#5832=EDGE_CURVE('',#4857,#4858,#2397,.T.);
#5833=EDGE_CURVE('',#4852,#4857,#2398,.T.);
#5834=EDGE_CURVE('',#4853,#4858,#2399,.T.);
#5835=EDGE_CURVE('',#4859,#4860,#2400,.T.);
#5836=EDGE_CURVE('',#4859,#4861,#2401,.T.);
#5837=EDGE_CURVE('',#4862,#4861,#2402,.T.);
#5838=EDGE_CURVE('',#4860,#4862,#2403,.T.);
#5839=EDGE_CURVE('',#4860,#4863,#2404,.T.);
#5840=EDGE_CURVE('',#4864,#4862,#2405,.T.);
#5841=EDGE_CURVE('',#4863,#4864,#2406,.T.);
#5842=EDGE_CURVE('',#4863,#4865,#2407,.T.);
#5843=EDGE_CURVE('',#4866,#4864,#2408,.T.);
#5844=EDGE_CURVE('',#4865,#4866,#2409,.T.);
#5845=EDGE_CURVE('',#4865,#4859,#2410,.T.);
#5846=EDGE_CURVE('',#4861,#4866,#2411,.T.);
#5847=EDGE_CURVE('',#4867,#4868,#2412,.T.);
#5848=EDGE_CURVE('',#4867,#4869,#2413,.T.);
#5849=EDGE_CURVE('',#4870,#4869,#2414,.T.);
#5850=EDGE_CURVE('',#4868,#4870,#2415,.T.);
#5851=EDGE_CURVE('',#4868,#4871,#2416,.T.);
#5852=EDGE_CURVE('',#4872,#4870,#2417,.T.);
#5853=EDGE_CURVE('',#4871,#4872,#2418,.T.);
#5854=EDGE_CURVE('',#4871,#4873,#2419,.T.);
#5855=EDGE_CURVE('',#4874,#4872,#2420,.T.);
#5856=EDGE_CURVE('',#4873,#4874,#2421,.T.);
#5857=EDGE_CURVE('',#4873,#4867,#2422,.T.);
#5858=EDGE_CURVE('',#4869,#4874,#2423,.T.);
#5859=EDGE_CURVE('',#4875,#4876,#2424,.T.);
#5860=EDGE_CURVE('',#4875,#4877,#2425,.T.);
#5861=EDGE_CURVE('',#4878,#4877,#2426,.T.);
#5862=EDGE_CURVE('',#4876,#4878,#2427,.T.);
#5863=EDGE_CURVE('',#4876,#4879,#2428,.T.);
#5864=EDGE_CURVE('',#4880,#4878,#2429,.T.);
#5865=EDGE_CURVE('',#4879,#4880,#2430,.T.);
#5866=EDGE_CURVE('',#4879,#4881,#2431,.T.);
#5867=EDGE_CURVE('',#4882,#4880,#2432,.T.);
#5868=EDGE_CURVE('',#4881,#4882,#2433,.T.);
#5869=EDGE_CURVE('',#4881,#4875,#2434,.T.);
#5870=EDGE_CURVE('',#4877,#4882,#2435,.T.);
#5871=EDGE_CURVE('',#4883,#4884,#2436,.T.);
#5872=EDGE_CURVE('',#4883,#4885,#2437,.T.);
#5873=EDGE_CURVE('',#4886,#4885,#2438,.T.);
#5874=EDGE_CURVE('',#4884,#4886,#2439,.T.);
#5875=EDGE_CURVE('',#4884,#4887,#2440,.T.);
#5876=EDGE_CURVE('',#4888,#4886,#2441,.T.);
#5877=EDGE_CURVE('',#4887,#4888,#2442,.T.);
#5878=EDGE_CURVE('',#4887,#4889,#2443,.T.);
#5879=EDGE_CURVE('',#4890,#4888,#2444,.T.);
#5880=EDGE_CURVE('',#4889,#4890,#2445,.T.);
#5881=EDGE_CURVE('',#4889,#4883,#2446,.T.);
#5882=EDGE_CURVE('',#4885,#4890,#2447,.T.);
#5883=EDGE_CURVE('',#4891,#4892,#2448,.T.);
#5884=EDGE_CURVE('',#4891,#4893,#2449,.T.);
#5885=EDGE_CURVE('',#4894,#4893,#2450,.T.);
#5886=EDGE_CURVE('',#4892,#4894,#2451,.T.);
#5887=EDGE_CURVE('',#4892,#4895,#2452,.T.);
#5888=EDGE_CURVE('',#4896,#4894,#2453,.T.);
#5889=EDGE_CURVE('',#4895,#4896,#2454,.T.);
#5890=EDGE_CURVE('',#4895,#4897,#2455,.T.);
#5891=EDGE_CURVE('',#4898,#4896,#2456,.T.);
#5892=EDGE_CURVE('',#4897,#4898,#2457,.T.);
#5893=EDGE_CURVE('',#4897,#4891,#2458,.T.);
#5894=EDGE_CURVE('',#4893,#4898,#2459,.T.);
#5895=EDGE_CURVE('',#4899,#4900,#2460,.T.);
#5896=EDGE_CURVE('',#4899,#4901,#2461,.T.);
#5897=EDGE_CURVE('',#4902,#4901,#2462,.T.);
#5898=EDGE_CURVE('',#4900,#4902,#2463,.T.);
#5899=EDGE_CURVE('',#4900,#4903,#2464,.T.);
#5900=EDGE_CURVE('',#4904,#4902,#2465,.T.);
#5901=EDGE_CURVE('',#4903,#4904,#2466,.T.);
#5902=EDGE_CURVE('',#4903,#4905,#2467,.T.);
#5903=EDGE_CURVE('',#4906,#4904,#2468,.T.);
#5904=EDGE_CURVE('',#4905,#4906,#2469,.T.);
#5905=EDGE_CURVE('',#4905,#4899,#2470,.T.);
#5906=EDGE_CURVE('',#4901,#4906,#2471,.T.);
#5907=EDGE_CURVE('',#4907,#4908,#2472,.T.);
#5908=EDGE_CURVE('',#4907,#4909,#2473,.T.);
#5909=EDGE_CURVE('',#4910,#4909,#2474,.T.);
#5910=EDGE_CURVE('',#4908,#4910,#2475,.T.);
#5911=EDGE_CURVE('',#4908,#4911,#2476,.T.);
#5912=EDGE_CURVE('',#4912,#4910,#2477,.T.);
#5913=EDGE_CURVE('',#4911,#4912,#2478,.T.);
#5914=EDGE_CURVE('',#4911,#4913,#2479,.T.);
#5915=EDGE_CURVE('',#4914,#4912,#2480,.T.);
#5916=EDGE_CURVE('',#4913,#4914,#2481,.T.);
#5917=EDGE_CURVE('',#4913,#4907,#2482,.T.);
#5918=EDGE_CURVE('',#4909,#4914,#2483,.T.);
#5919=EDGE_CURVE('',#4915,#4916,#2484,.T.);
#5920=EDGE_CURVE('',#4915,#4917,#2485,.T.);
#5921=EDGE_CURVE('',#4918,#4917,#2486,.T.);
#5922=EDGE_CURVE('',#4916,#4918,#2487,.T.);
#5923=EDGE_CURVE('',#4916,#4919,#2488,.T.);
#5924=EDGE_CURVE('',#4920,#4918,#2489,.T.);
#5925=EDGE_CURVE('',#4919,#4920,#2490,.T.);
#5926=EDGE_CURVE('',#4919,#4921,#2491,.T.);
#5927=EDGE_CURVE('',#4922,#4920,#2492,.T.);
#5928=EDGE_CURVE('',#4921,#4922,#2493,.T.);
#5929=EDGE_CURVE('',#4921,#4915,#2494,.T.);
#5930=EDGE_CURVE('',#4917,#4922,#2495,.T.);
#5931=EDGE_CURVE('',#4923,#4924,#2496,.T.);
#5932=EDGE_CURVE('',#4923,#4925,#2497,.T.);
#5933=EDGE_CURVE('',#4926,#4925,#2498,.T.);
#5934=EDGE_CURVE('',#4924,#4926,#2499,.T.);
#5935=EDGE_CURVE('',#4924,#4927,#2500,.T.);
#5936=EDGE_CURVE('',#4928,#4926,#2501,.T.);
#5937=EDGE_CURVE('',#4927,#4928,#2502,.T.);
#5938=EDGE_CURVE('',#4927,#4929,#2503,.T.);
#5939=EDGE_CURVE('',#4930,#4928,#2504,.T.);
#5940=EDGE_CURVE('',#4929,#4930,#2505,.T.);
#5941=EDGE_CURVE('',#4929,#4923,#2506,.T.);
#5942=EDGE_CURVE('',#4925,#4930,#2507,.T.);
#5943=EDGE_CURVE('',#4931,#4932,#2508,.T.);
#5944=EDGE_CURVE('',#4931,#4933,#2509,.T.);
#5945=EDGE_CURVE('',#4934,#4933,#2510,.T.);
#5946=EDGE_CURVE('',#4932,#4934,#2511,.T.);
#5947=EDGE_CURVE('',#4932,#4935,#2512,.T.);
#5948=EDGE_CURVE('',#4936,#4934,#2513,.T.);
#5949=EDGE_CURVE('',#4935,#4936,#2514,.T.);
#5950=EDGE_CURVE('',#4935,#4937,#2515,.T.);
#5951=EDGE_CURVE('',#4938,#4936,#2516,.T.);
#5952=EDGE_CURVE('',#4937,#4938,#2517,.T.);
#5953=EDGE_CURVE('',#4937,#4931,#2518,.T.);
#5954=EDGE_CURVE('',#4933,#4938,#2519,.T.);
#5955=EDGE_CURVE('',#4939,#4940,#2520,.T.);
#5956=EDGE_CURVE('',#4939,#4941,#2521,.T.);
#5957=EDGE_CURVE('',#4942,#4941,#2522,.T.);
#5958=EDGE_CURVE('',#4940,#4942,#2523,.T.);
#5959=EDGE_CURVE('',#4940,#4943,#2524,.T.);
#5960=EDGE_CURVE('',#4944,#4942,#2525,.T.);
#5961=EDGE_CURVE('',#4943,#4944,#2526,.T.);
#5962=EDGE_CURVE('',#4943,#4945,#2527,.T.);
#5963=EDGE_CURVE('',#4946,#4944,#2528,.T.);
#5964=EDGE_CURVE('',#4945,#4946,#2529,.T.);
#5965=EDGE_CURVE('',#4945,#4939,#2530,.T.);
#5966=EDGE_CURVE('',#4941,#4946,#2531,.T.);
#5967=EDGE_CURVE('',#4947,#4947,#4624,.T.);
#5968=EDGE_CURVE('',#4948,#4948,#4625,.T.);
#5969=EDGE_CURVE('',#4948,#4947,#2532,.T.);
#5970=EDGE_CURVE('',#4949,#4950,#2533,.T.);
#5971=EDGE_CURVE('',#4949,#4951,#2534,.T.);
#5972=EDGE_CURVE('',#4952,#4951,#2535,.T.);
#5973=EDGE_CURVE('',#4950,#4952,#2536,.T.);
#5974=EDGE_CURVE('',#4950,#4953,#2537,.T.);
#5975=EDGE_CURVE('',#4954,#4952,#2538,.T.);
#5976=EDGE_CURVE('',#4953,#4954,#2539,.T.);
#5977=EDGE_CURVE('',#4953,#4955,#2540,.T.);
#5978=EDGE_CURVE('',#4956,#4954,#2541,.T.);
#5979=EDGE_CURVE('',#4955,#4956,#2542,.T.);
#5980=EDGE_CURVE('',#4955,#4949,#2543,.T.);
#5981=EDGE_CURVE('',#4951,#4956,#2544,.T.);
#5982=EDGE_CURVE('',#4957,#4958,#2545,.T.);
#5983=EDGE_CURVE('',#4957,#4959,#2546,.T.);
#5984=EDGE_CURVE('',#4960,#4959,#2547,.T.);
#5985=EDGE_CURVE('',#4958,#4960,#2548,.T.);
#5986=EDGE_CURVE('',#4958,#4961,#2549,.T.);
#5987=EDGE_CURVE('',#4962,#4960,#2550,.T.);
#5988=EDGE_CURVE('',#4961,#4962,#2551,.T.);
#5989=EDGE_CURVE('',#4961,#4963,#2552,.T.);
#5990=EDGE_CURVE('',#4964,#4962,#2553,.T.);
#5991=EDGE_CURVE('',#4963,#4964,#2554,.T.);
#5992=EDGE_CURVE('',#4963,#4957,#2555,.T.);
#5993=EDGE_CURVE('',#4959,#4964,#2556,.T.);
#5994=EDGE_CURVE('',#4965,#4966,#2557,.T.);
#5995=EDGE_CURVE('',#4965,#4967,#2558,.T.);
#5996=EDGE_CURVE('',#4968,#4967,#2559,.T.);
#5997=EDGE_CURVE('',#4966,#4968,#2560,.T.);
#5998=EDGE_CURVE('',#4966,#4969,#2561,.T.);
#5999=EDGE_CURVE('',#4970,#4968,#2562,.T.);
#6000=EDGE_CURVE('',#4969,#4970,#2563,.T.);
#6001=EDGE_CURVE('',#4969,#4971,#2564,.T.);
#6002=EDGE_CURVE('',#4972,#4970,#2565,.T.);
#6003=EDGE_CURVE('',#4971,#4972,#2566,.T.);
#6004=EDGE_CURVE('',#4971,#4965,#2567,.T.);
#6005=EDGE_CURVE('',#4967,#4972,#2568,.T.);
#6006=EDGE_CURVE('',#4973,#4974,#2569,.T.);
#6007=EDGE_CURVE('',#4973,#4975,#2570,.T.);
#6008=EDGE_CURVE('',#4976,#4975,#2571,.T.);
#6009=EDGE_CURVE('',#4974,#4976,#2572,.T.);
#6010=EDGE_CURVE('',#4974,#4977,#2573,.T.);
#6011=EDGE_CURVE('',#4978,#4976,#2574,.T.);
#6012=EDGE_CURVE('',#4977,#4978,#2575,.T.);
#6013=EDGE_CURVE('',#4977,#4979,#2576,.T.);
#6014=EDGE_CURVE('',#4980,#4978,#2577,.T.);
#6015=EDGE_CURVE('',#4979,#4980,#2578,.T.);
#6016=EDGE_CURVE('',#4979,#4973,#2579,.T.);
#6017=EDGE_CURVE('',#4975,#4980,#2580,.T.);
#6018=EDGE_CURVE('',#4981,#4982,#2581,.T.);
#6019=EDGE_CURVE('',#4981,#4983,#2582,.T.);
#6020=EDGE_CURVE('',#4984,#4983,#2583,.T.);
#6021=EDGE_CURVE('',#4982,#4984,#2584,.T.);
#6022=EDGE_CURVE('',#4982,#4985,#2585,.T.);
#6023=EDGE_CURVE('',#4986,#4984,#2586,.T.);
#6024=EDGE_CURVE('',#4985,#4986,#2587,.T.);
#6025=EDGE_CURVE('',#4985,#4987,#2588,.T.);
#6026=EDGE_CURVE('',#4988,#4986,#2589,.T.);
#6027=EDGE_CURVE('',#4987,#4988,#2590,.T.);
#6028=EDGE_CURVE('',#4987,#4981,#2591,.T.);
#6029=EDGE_CURVE('',#4983,#4988,#2592,.T.);
#6030=EDGE_CURVE('',#4989,#4990,#2593,.T.);
#6031=EDGE_CURVE('',#4989,#4991,#2594,.T.);
#6032=EDGE_CURVE('',#4992,#4991,#2595,.T.);
#6033=EDGE_CURVE('',#4990,#4992,#2596,.T.);
#6034=EDGE_CURVE('',#4990,#4993,#2597,.T.);
#6035=EDGE_CURVE('',#4994,#4992,#2598,.T.);
#6036=EDGE_CURVE('',#4993,#4994,#2599,.T.);
#6037=EDGE_CURVE('',#4993,#4995,#2600,.T.);
#6038=EDGE_CURVE('',#4996,#4994,#2601,.T.);
#6039=EDGE_CURVE('',#4995,#4996,#2602,.T.);
#6040=EDGE_CURVE('',#4995,#4989,#2603,.T.);
#6041=EDGE_CURVE('',#4991,#4996,#2604,.T.);
#6042=EDGE_CURVE('',#4997,#4998,#2605,.T.);
#6043=EDGE_CURVE('',#4997,#4999,#2606,.T.);
#6044=EDGE_CURVE('',#5000,#4999,#2607,.T.);
#6045=EDGE_CURVE('',#4998,#5000,#2608,.T.);
#6046=EDGE_CURVE('',#4998,#5001,#2609,.T.);
#6047=EDGE_CURVE('',#5002,#5000,#2610,.T.);
#6048=EDGE_CURVE('',#5001,#5002,#2611,.T.);
#6049=EDGE_CURVE('',#5001,#5003,#2612,.T.);
#6050=EDGE_CURVE('',#5004,#5002,#2613,.T.);
#6051=EDGE_CURVE('',#5003,#5004,#2614,.T.);
#6052=EDGE_CURVE('',#5003,#4997,#2615,.T.);
#6053=EDGE_CURVE('',#4999,#5004,#2616,.T.);
#6054=EDGE_CURVE('',#5005,#5006,#2617,.T.);
#6055=EDGE_CURVE('',#5005,#5007,#2618,.T.);
#6056=EDGE_CURVE('',#5008,#5007,#2619,.T.);
#6057=EDGE_CURVE('',#5006,#5008,#2620,.T.);
#6058=EDGE_CURVE('',#5006,#5009,#2621,.T.);
#6059=EDGE_CURVE('',#5010,#5008,#2622,.T.);
#6060=EDGE_CURVE('',#5009,#5010,#2623,.T.);
#6061=EDGE_CURVE('',#5009,#5011,#2624,.T.);
#6062=EDGE_CURVE('',#5012,#5010,#2625,.T.);
#6063=EDGE_CURVE('',#5011,#5012,#2626,.T.);
#6064=EDGE_CURVE('',#5011,#5005,#2627,.T.);
#6065=EDGE_CURVE('',#5007,#5012,#2628,.T.);
#6066=EDGE_CURVE('',#5013,#5014,#2629,.T.);
#6067=EDGE_CURVE('',#5013,#5015,#2630,.T.);
#6068=EDGE_CURVE('',#5016,#5015,#2631,.T.);
#6069=EDGE_CURVE('',#5014,#5016,#2632,.T.);
#6070=EDGE_CURVE('',#5014,#5017,#2633,.T.);
#6071=EDGE_CURVE('',#5018,#5016,#2634,.T.);
#6072=EDGE_CURVE('',#5017,#5018,#2635,.T.);
#6073=EDGE_CURVE('',#5017,#5019,#2636,.T.);
#6074=EDGE_CURVE('',#5020,#5018,#2637,.T.);
#6075=EDGE_CURVE('',#5019,#5020,#2638,.T.);
#6076=EDGE_CURVE('',#5019,#5013,#2639,.T.);
#6077=EDGE_CURVE('',#5015,#5020,#2640,.T.);
#6078=EDGE_CURVE('',#5021,#5022,#2641,.T.);
#6079=EDGE_CURVE('',#5021,#5023,#2642,.T.);
#6080=EDGE_CURVE('',#5024,#5023,#2643,.T.);
#6081=EDGE_CURVE('',#5022,#5024,#2644,.T.);
#6082=EDGE_CURVE('',#5022,#5025,#2645,.T.);
#6083=EDGE_CURVE('',#5026,#5024,#2646,.T.);
#6084=EDGE_CURVE('',#5025,#5026,#2647,.T.);
#6085=EDGE_CURVE('',#5025,#5027,#2648,.T.);
#6086=EDGE_CURVE('',#5028,#5026,#2649,.T.);
#6087=EDGE_CURVE('',#5027,#5028,#2650,.T.);
#6088=EDGE_CURVE('',#5027,#5021,#2651,.T.);
#6089=EDGE_CURVE('',#5023,#5028,#2652,.T.);
#6090=EDGE_CURVE('',#5029,#5030,#2653,.T.);
#6091=EDGE_CURVE('',#5029,#5031,#2654,.T.);
#6092=EDGE_CURVE('',#5032,#5031,#2655,.T.);
#6093=EDGE_CURVE('',#5030,#5032,#2656,.T.);
#6094=EDGE_CURVE('',#5033,#5029,#2657,.T.);
#6095=EDGE_CURVE('',#5033,#5034,#2658,.T.);
#6096=EDGE_CURVE('',#5031,#5034,#2659,.T.);
#6097=EDGE_CURVE('',#5035,#5033,#2660,.T.);
#6098=EDGE_CURVE('',#5035,#5036,#2661,.T.);
#6099=EDGE_CURVE('',#5034,#5036,#2662,.T.);
#6100=EDGE_CURVE('',#5030,#5035,#2663,.T.);
#6101=EDGE_CURVE('',#5036,#5032,#2664,.T.);
#6102=EDGE_CURVE('',#5037,#5038,#2665,.T.);
#6103=EDGE_CURVE('',#5039,#5037,#2666,.T.);
#6104=EDGE_CURVE('',#5040,#5039,#2667,.T.);
#6105=EDGE_CURVE('',#5038,#5040,#2668,.T.);
#6106=EDGE_CURVE('',#5039,#5041,#2669,.F.);
#6107=EDGE_CURVE('',#5042,#5041,#2670,.T.);
#6108=EDGE_CURVE('',#5040,#5042,#2671,.F.);
#6109=EDGE_CURVE('',#5037,#5043,#2672,.F.);
#6110=EDGE_CURVE('',#5041,#5043,#2673,.T.);
#6111=EDGE_CURVE('',#5044,#5042,#2674,.T.);
#6112=EDGE_CURVE('',#5038,#5044,#2675,.T.);
#6113=EDGE_CURVE('',#5043,#5044,#2676,.T.);
#6114=EDGE_CURVE('',#5045,#5046,#2677,.T.);
#6115=EDGE_CURVE('',#5046,#5047,#2678,.T.);
#6116=EDGE_CURVE('',#5048,#5047,#2679,.T.);
#6117=EDGE_CURVE('',#5045,#5048,#2680,.T.);
#6118=EDGE_CURVE('',#5049,#5045,#2681,.T.);
#6119=EDGE_CURVE('',#5050,#5048,#2682,.T.);
#6120=EDGE_CURVE('',#5049,#5050,#2683,.T.);
#6121=EDGE_CURVE('',#5051,#5049,#2684,.T.);
#6122=EDGE_CURVE('',#5052,#5050,#2685,.T.);
#6123=EDGE_CURVE('',#5051,#5052,#2686,.T.);
#6124=EDGE_CURVE('',#5046,#5051,#2687,.T.);
#6125=EDGE_CURVE('',#5047,#5052,#2688,.T.);
#6126=EDGE_CURVE('',#5053,#5054,#2689,.T.);
#6127=EDGE_CURVE('',#5054,#5055,#2690,.T.);
#6128=EDGE_CURVE('',#5056,#5055,#2691,.T.);
#6129=EDGE_CURVE('',#5053,#5056,#2692,.T.);
#6130=EDGE_CURVE('',#5057,#5053,#2693,.T.);
#6131=EDGE_CURVE('',#5058,#5056,#2694,.T.);
#6132=EDGE_CURVE('',#5057,#5058,#2695,.T.);
#6133=EDGE_CURVE('',#5059,#5057,#2696,.T.);
#6134=EDGE_CURVE('',#5060,#5058,#2697,.T.);
#6135=EDGE_CURVE('',#5059,#5060,#2698,.T.);
#6136=EDGE_CURVE('',#5054,#5059,#2699,.T.);
#6137=EDGE_CURVE('',#5055,#5060,#2700,.T.);
#6138=EDGE_CURVE('',#5061,#5062,#2701,.T.);
#6139=EDGE_CURVE('',#5062,#5063,#2702,.T.);
#6140=EDGE_CURVE('',#5064,#5063,#2703,.T.);
#6141=EDGE_CURVE('',#5061,#5064,#2704,.T.);
#6142=EDGE_CURVE('',#5065,#5061,#2705,.T.);
#6143=EDGE_CURVE('',#5066,#5064,#2706,.T.);
#6144=EDGE_CURVE('',#5065,#5066,#2707,.T.);
#6145=EDGE_CURVE('',#5067,#5065,#2708,.T.);
#6146=EDGE_CURVE('',#5068,#5066,#2709,.T.);
#6147=EDGE_CURVE('',#5067,#5068,#2710,.T.);
#6148=EDGE_CURVE('',#5062,#5067,#2711,.T.);
#6149=EDGE_CURVE('',#5063,#5068,#2712,.T.);
#6150=EDGE_CURVE('',#5069,#5070,#2713,.T.);
#6151=EDGE_CURVE('',#5070,#5071,#2714,.T.);
#6152=EDGE_CURVE('',#5072,#5071,#2715,.T.);
#6153=EDGE_CURVE('',#5069,#5072,#2716,.T.);
#6154=EDGE_CURVE('',#5073,#5069,#2717,.T.);
#6155=EDGE_CURVE('',#5074,#5072,#2718,.T.);
#6156=EDGE_CURVE('',#5073,#5074,#2719,.T.);
#6157=EDGE_CURVE('',#5075,#5073,#2720,.T.);
#6158=EDGE_CURVE('',#5076,#5074,#2721,.T.);
#6159=EDGE_CURVE('',#5075,#5076,#2722,.T.);
#6160=EDGE_CURVE('',#5070,#5075,#2723,.T.);
#6161=EDGE_CURVE('',#5071,#5076,#2724,.T.);
#6162=EDGE_CURVE('',#5077,#5078,#2725,.T.);
#6163=EDGE_CURVE('',#5078,#5079,#2726,.T.);
#6164=EDGE_CURVE('',#5080,#5079,#2727,.T.);
#6165=EDGE_CURVE('',#5077,#5080,#2728,.T.);
#6166=EDGE_CURVE('',#5081,#5077,#2729,.T.);
#6167=EDGE_CURVE('',#5082,#5080,#2730,.T.);
#6168=EDGE_CURVE('',#5081,#5082,#2731,.T.);
#6169=EDGE_CURVE('',#5083,#5081,#2732,.T.);
#6170=EDGE_CURVE('',#5084,#5082,#2733,.T.);
#6171=EDGE_CURVE('',#5083,#5084,#2734,.T.);
#6172=EDGE_CURVE('',#5078,#5083,#2735,.T.);
#6173=EDGE_CURVE('',#5079,#5084,#2736,.T.);
#6174=EDGE_CURVE('',#5085,#5086,#2737,.T.);
#6175=EDGE_CURVE('',#5086,#5087,#2738,.T.);
#6176=EDGE_CURVE('',#5088,#5087,#2739,.T.);
#6177=EDGE_CURVE('',#5085,#5088,#2740,.T.);
#6178=EDGE_CURVE('',#5089,#5085,#2741,.T.);
#6179=EDGE_CURVE('',#5090,#5088,#2742,.T.);
#6180=EDGE_CURVE('',#5089,#5090,#2743,.T.);
#6181=EDGE_CURVE('',#5091,#5089,#2744,.T.);
#6182=EDGE_CURVE('',#5092,#5090,#2745,.T.);
#6183=EDGE_CURVE('',#5091,#5092,#2746,.T.);
#6184=EDGE_CURVE('',#5086,#5091,#2747,.T.);
#6185=EDGE_CURVE('',#5087,#5092,#2748,.T.);
#6186=EDGE_CURVE('',#5093,#5094,#2749,.T.);
#6187=EDGE_CURVE('',#5094,#5095,#2750,.T.);
#6188=EDGE_CURVE('',#5096,#5095,#2751,.T.);
#6189=EDGE_CURVE('',#5093,#5096,#2752,.T.);
#6190=EDGE_CURVE('',#5097,#5093,#2753,.T.);
#6191=EDGE_CURVE('',#5098,#5096,#2754,.T.);
#6192=EDGE_CURVE('',#5097,#5098,#2755,.T.);
#6193=EDGE_CURVE('',#5099,#5097,#2756,.T.);
#6194=EDGE_CURVE('',#5100,#5098,#2757,.T.);
#6195=EDGE_CURVE('',#5099,#5100,#2758,.T.);
#6196=EDGE_CURVE('',#5094,#5099,#2759,.T.);
#6197=EDGE_CURVE('',#5095,#5100,#2760,.T.);
#6198=EDGE_CURVE('',#5101,#5102,#2761,.T.);
#6199=EDGE_CURVE('',#5102,#5103,#2762,.T.);
#6200=EDGE_CURVE('',#5104,#5103,#2763,.T.);
#6201=EDGE_CURVE('',#5101,#5104,#2764,.T.);
#6202=EDGE_CURVE('',#5105,#5101,#2765,.T.);
#6203=EDGE_CURVE('',#5106,#5104,#2766,.T.);
#6204=EDGE_CURVE('',#5105,#5106,#2767,.T.);
#6205=EDGE_CURVE('',#5107,#5105,#2768,.T.);
#6206=EDGE_CURVE('',#5108,#5106,#2769,.T.);
#6207=EDGE_CURVE('',#5107,#5108,#2770,.T.);
#6208=EDGE_CURVE('',#5102,#5107,#2771,.T.);
#6209=EDGE_CURVE('',#5103,#5108,#2772,.T.);
#6210=EDGE_CURVE('',#5109,#5110,#2773,.T.);
#6211=EDGE_CURVE('',#5110,#5111,#2774,.T.);
#6212=EDGE_CURVE('',#5112,#5111,#2775,.T.);
#6213=EDGE_CURVE('',#5109,#5112,#2776,.T.);
#6214=EDGE_CURVE('',#5113,#5109,#2777,.T.);
#6215=EDGE_CURVE('',#5114,#5112,#2778,.T.);
#6216=EDGE_CURVE('',#5113,#5114,#2779,.T.);
#6217=EDGE_CURVE('',#5115,#5113,#2780,.T.);
#6218=EDGE_CURVE('',#5116,#5114,#2781,.T.);
#6219=EDGE_CURVE('',#5115,#5116,#2782,.T.);
#6220=EDGE_CURVE('',#5110,#5115,#2783,.T.);
#6221=EDGE_CURVE('',#5111,#5116,#2784,.T.);
#6222=EDGE_CURVE('',#5117,#5118,#2785,.T.);
#6223=EDGE_CURVE('',#5118,#5119,#2786,.T.);
#6224=EDGE_CURVE('',#5120,#5119,#2787,.T.);
#6225=EDGE_CURVE('',#5117,#5120,#2788,.T.);
#6226=EDGE_CURVE('',#5121,#5117,#2789,.T.);
#6227=EDGE_CURVE('',#5122,#5120,#2790,.T.);
#6228=EDGE_CURVE('',#5121,#5122,#2791,.T.);
#6229=EDGE_CURVE('',#5123,#5121,#2792,.T.);
#6230=EDGE_CURVE('',#5124,#5122,#2793,.T.);
#6231=EDGE_CURVE('',#5123,#5124,#2794,.T.);
#6232=EDGE_CURVE('',#5118,#5123,#2795,.T.);
#6233=EDGE_CURVE('',#5119,#5124,#2796,.T.);
#6234=EDGE_CURVE('',#5125,#5126,#2797,.T.);
#6235=EDGE_CURVE('',#5126,#5127,#2798,.T.);
#6236=EDGE_CURVE('',#5128,#5127,#2799,.T.);
#6237=EDGE_CURVE('',#5125,#5128,#2800,.T.);
#6238=EDGE_CURVE('',#5129,#5125,#2801,.T.);
#6239=EDGE_CURVE('',#5130,#5128,#2802,.T.);
#6240=EDGE_CURVE('',#5129,#5130,#2803,.T.);
#6241=EDGE_CURVE('',#5131,#5129,#2804,.T.);
#6242=EDGE_CURVE('',#5132,#5130,#2805,.T.);
#6243=EDGE_CURVE('',#5131,#5132,#2806,.T.);
#6244=EDGE_CURVE('',#5126,#5131,#2807,.T.);
#6245=EDGE_CURVE('',#5127,#5132,#2808,.T.);
#6246=EDGE_CURVE('',#5133,#5134,#2809,.T.);
#6247=EDGE_CURVE('',#5134,#5135,#2810,.T.);
#6248=EDGE_CURVE('',#5136,#5135,#2811,.T.);
#6249=EDGE_CURVE('',#5133,#5136,#2812,.T.);
#6250=EDGE_CURVE('',#5137,#5133,#2813,.T.);
#6251=EDGE_CURVE('',#5138,#5136,#2814,.T.);
#6252=EDGE_CURVE('',#5137,#5138,#2815,.T.);
#6253=EDGE_CURVE('',#5139,#5137,#2816,.T.);
#6254=EDGE_CURVE('',#5140,#5138,#2817,.T.);
#6255=EDGE_CURVE('',#5139,#5140,#2818,.T.);
#6256=EDGE_CURVE('',#5134,#5139,#2819,.T.);
#6257=EDGE_CURVE('',#5135,#5140,#2820,.T.);
#6258=EDGE_CURVE('',#5141,#5142,#2821,.T.);
#6259=EDGE_CURVE('',#5142,#5143,#2822,.T.);
#6260=EDGE_CURVE('',#5144,#5143,#2823,.T.);
#6261=EDGE_CURVE('',#5141,#5144,#2824,.T.);
#6262=EDGE_CURVE('',#5145,#5141,#2825,.T.);
#6263=EDGE_CURVE('',#5146,#5144,#2826,.T.);
#6264=EDGE_CURVE('',#5145,#5146,#2827,.T.);
#6265=EDGE_CURVE('',#5147,#5145,#2828,.T.);
#6266=EDGE_CURVE('',#5148,#5146,#2829,.T.);
#6267=EDGE_CURVE('',#5147,#5148,#2830,.T.);
#6268=EDGE_CURVE('',#5142,#5147,#2831,.T.);
#6269=EDGE_CURVE('',#5143,#5148,#2832,.T.);
#6270=EDGE_CURVE('',#5149,#5150,#2833,.T.);
#6271=EDGE_CURVE('',#5150,#5151,#2834,.T.);
#6272=EDGE_CURVE('',#5152,#5151,#2835,.T.);
#6273=EDGE_CURVE('',#5149,#5152,#2836,.T.);
#6274=EDGE_CURVE('',#5153,#5149,#2837,.T.);
#6275=EDGE_CURVE('',#5154,#5152,#2838,.T.);
#6276=EDGE_CURVE('',#5153,#5154,#2839,.T.);
#6277=EDGE_CURVE('',#5155,#5153,#2840,.T.);
#6278=EDGE_CURVE('',#5156,#5154,#2841,.T.);
#6279=EDGE_CURVE('',#5155,#5156,#2842,.T.);
#6280=EDGE_CURVE('',#5150,#5155,#2843,.T.);
#6281=EDGE_CURVE('',#5151,#5156,#2844,.T.);
#6282=EDGE_CURVE('',#5157,#5158,#2845,.T.);
#6283=EDGE_CURVE('',#5158,#5159,#2846,.T.);
#6284=EDGE_CURVE('',#5160,#5159,#2847,.T.);
#6285=EDGE_CURVE('',#5157,#5160,#2848,.T.);
#6286=EDGE_CURVE('',#5161,#5157,#2849,.T.);
#6287=EDGE_CURVE('',#5162,#5160,#2850,.T.);
#6288=EDGE_CURVE('',#5161,#5162,#2851,.T.);
#6289=EDGE_CURVE('',#5163,#5161,#2852,.T.);
#6290=EDGE_CURVE('',#5164,#5162,#2853,.T.);
#6291=EDGE_CURVE('',#5163,#5164,#2854,.T.);
#6292=EDGE_CURVE('',#5158,#5163,#2855,.T.);
#6293=EDGE_CURVE('',#5159,#5164,#2856,.T.);
#6294=EDGE_CURVE('',#5165,#5166,#2857,.T.);
#6295=EDGE_CURVE('',#5166,#5167,#2858,.T.);
#6296=EDGE_CURVE('',#5168,#5167,#2859,.T.);
#6297=EDGE_CURVE('',#5165,#5168,#2860,.T.);
#6298=EDGE_CURVE('',#5169,#5165,#2861,.T.);
#6299=EDGE_CURVE('',#5170,#5168,#2862,.T.);
#6300=EDGE_CURVE('',#5169,#5170,#2863,.T.);
#6301=EDGE_CURVE('',#5171,#5169,#2864,.T.);
#6302=EDGE_CURVE('',#5172,#5170,#2865,.T.);
#6303=EDGE_CURVE('',#5171,#5172,#2866,.T.);
#6304=EDGE_CURVE('',#5166,#5171,#2867,.T.);
#6305=EDGE_CURVE('',#5167,#5172,#2868,.T.);
#6306=EDGE_CURVE('',#5173,#5174,#2869,.T.);
#6307=EDGE_CURVE('',#5174,#5175,#2870,.T.);
#6308=EDGE_CURVE('',#5176,#5175,#2871,.T.);
#6309=EDGE_CURVE('',#5173,#5176,#2872,.T.);
#6310=EDGE_CURVE('',#5177,#5173,#2873,.T.);
#6311=EDGE_CURVE('',#5178,#5176,#2874,.T.);
#6312=EDGE_CURVE('',#5177,#5178,#2875,.T.);
#6313=EDGE_CURVE('',#5179,#5177,#2876,.T.);
#6314=EDGE_CURVE('',#5180,#5178,#2877,.T.);
#6315=EDGE_CURVE('',#5179,#5180,#2878,.T.);
#6316=EDGE_CURVE('',#5174,#5179,#2879,.T.);
#6317=EDGE_CURVE('',#5175,#5180,#2880,.T.);
#6318=EDGE_CURVE('',#5181,#5182,#2881,.T.);
#6319=EDGE_CURVE('',#5182,#5183,#2882,.T.);
#6320=EDGE_CURVE('',#5184,#5183,#2883,.T.);
#6321=EDGE_CURVE('',#5181,#5184,#2884,.T.);
#6322=EDGE_CURVE('',#5185,#5181,#2885,.T.);
#6323=EDGE_CURVE('',#5186,#5184,#2886,.T.);
#6324=EDGE_CURVE('',#5185,#5186,#2887,.T.);
#6325=EDGE_CURVE('',#5187,#5185,#2888,.T.);
#6326=EDGE_CURVE('',#5188,#5186,#2889,.T.);
#6327=EDGE_CURVE('',#5187,#5188,#2890,.T.);
#6328=EDGE_CURVE('',#5182,#5187,#2891,.T.);
#6329=EDGE_CURVE('',#5183,#5188,#2892,.T.);
#6330=EDGE_CURVE('',#5189,#5190,#2893,.T.);
#6331=EDGE_CURVE('',#5190,#5191,#2894,.T.);
#6332=EDGE_CURVE('',#5192,#5191,#2895,.T.);
#6333=EDGE_CURVE('',#5189,#5192,#2896,.T.);
#6334=EDGE_CURVE('',#5193,#5189,#2897,.T.);
#6335=EDGE_CURVE('',#5194,#5192,#2898,.T.);
#6336=EDGE_CURVE('',#5193,#5194,#2899,.T.);
#6337=EDGE_CURVE('',#5195,#5193,#2900,.T.);
#6338=EDGE_CURVE('',#5196,#5194,#2901,.T.);
#6339=EDGE_CURVE('',#5195,#5196,#2902,.T.);
#6340=EDGE_CURVE('',#5190,#5195,#2903,.T.);
#6341=EDGE_CURVE('',#5191,#5196,#2904,.T.);
#6342=EDGE_CURVE('',#5197,#5198,#2905,.T.);
#6343=EDGE_CURVE('',#5198,#5199,#2906,.T.);
#6344=EDGE_CURVE('',#5200,#5199,#2907,.T.);
#6345=EDGE_CURVE('',#5197,#5200,#2908,.T.);
#6346=EDGE_CURVE('',#5201,#5197,#2909,.T.);
#6347=EDGE_CURVE('',#5202,#5200,#2910,.T.);
#6348=EDGE_CURVE('',#5201,#5202,#2911,.T.);
#6349=EDGE_CURVE('',#5203,#5201,#2912,.T.);
#6350=EDGE_CURVE('',#5204,#5202,#2913,.T.);
#6351=EDGE_CURVE('',#5203,#5204,#2914,.T.);
#6352=EDGE_CURVE('',#5198,#5203,#2915,.T.);
#6353=EDGE_CURVE('',#5199,#5204,#2916,.T.);
#6354=EDGE_CURVE('',#5205,#5206,#2917,.T.);
#6355=EDGE_CURVE('',#5206,#5207,#2918,.T.);
#6356=EDGE_CURVE('',#5208,#5207,#2919,.T.);
#6357=EDGE_CURVE('',#5205,#5208,#2920,.T.);
#6358=EDGE_CURVE('',#5209,#5205,#2921,.T.);
#6359=EDGE_CURVE('',#5210,#5208,#2922,.T.);
#6360=EDGE_CURVE('',#5209,#5210,#2923,.T.);
#6361=EDGE_CURVE('',#5211,#5209,#2924,.T.);
#6362=EDGE_CURVE('',#5212,#5210,#2925,.T.);
#6363=EDGE_CURVE('',#5211,#5212,#2926,.T.);
#6364=EDGE_CURVE('',#5206,#5211,#2927,.T.);
#6365=EDGE_CURVE('',#5207,#5212,#2928,.T.);
#6366=EDGE_CURVE('',#5213,#5214,#2929,.T.);
#6367=EDGE_CURVE('',#5214,#5215,#2930,.T.);
#6368=EDGE_CURVE('',#5216,#5215,#2931,.T.);
#6369=EDGE_CURVE('',#5213,#5216,#2932,.T.);
#6370=EDGE_CURVE('',#5217,#5213,#2933,.T.);
#6371=EDGE_CURVE('',#5218,#5216,#2934,.T.);
#6372=EDGE_CURVE('',#5217,#5218,#2935,.T.);
#6373=EDGE_CURVE('',#5219,#5217,#2936,.T.);
#6374=EDGE_CURVE('',#5220,#5218,#2937,.T.);
#6375=EDGE_CURVE('',#5219,#5220,#2938,.T.);
#6376=EDGE_CURVE('',#5214,#5219,#2939,.T.);
#6377=EDGE_CURVE('',#5215,#5220,#2940,.T.);
#6378=EDGE_CURVE('',#5221,#5222,#2941,.T.);
#6379=EDGE_CURVE('',#5222,#5223,#2942,.T.);
#6380=EDGE_CURVE('',#5224,#5223,#2943,.T.);
#6381=EDGE_CURVE('',#5221,#5224,#2944,.T.);
#6382=EDGE_CURVE('',#5225,#5221,#2945,.T.);
#6383=EDGE_CURVE('',#5226,#5224,#2946,.T.);
#6384=EDGE_CURVE('',#5225,#5226,#2947,.T.);
#6385=EDGE_CURVE('',#5227,#5225,#2948,.T.);
#6386=EDGE_CURVE('',#5228,#5226,#2949,.T.);
#6387=EDGE_CURVE('',#5227,#5228,#2950,.T.);
#6388=EDGE_CURVE('',#5222,#5227,#2951,.T.);
#6389=EDGE_CURVE('',#5223,#5228,#2952,.T.);
#6390=EDGE_CURVE('',#5229,#5230,#2953,.T.);
#6391=EDGE_CURVE('',#5230,#5231,#2954,.T.);
#6392=EDGE_CURVE('',#5232,#5231,#2955,.T.);
#6393=EDGE_CURVE('',#5229,#5232,#2956,.T.);
#6394=EDGE_CURVE('',#5233,#5229,#2957,.T.);
#6395=EDGE_CURVE('',#5234,#5232,#2958,.T.);
#6396=EDGE_CURVE('',#5233,#5234,#2959,.T.);
#6397=EDGE_CURVE('',#5235,#5233,#2960,.T.);
#6398=EDGE_CURVE('',#5236,#5234,#2961,.T.);
#6399=EDGE_CURVE('',#5235,#5236,#2962,.T.);
#6400=EDGE_CURVE('',#5230,#5235,#2963,.T.);
#6401=EDGE_CURVE('',#5231,#5236,#2964,.T.);
#6402=EDGE_CURVE('',#5237,#5238,#2965,.T.);
#6403=EDGE_CURVE('',#5238,#5239,#2966,.T.);
#6404=EDGE_CURVE('',#5240,#5239,#2967,.T.);
#6405=EDGE_CURVE('',#5237,#5240,#2968,.T.);
#6406=EDGE_CURVE('',#5241,#5237,#2969,.T.);
#6407=EDGE_CURVE('',#5242,#5240,#2970,.T.);
#6408=EDGE_CURVE('',#5241,#5242,#2971,.T.);
#6409=EDGE_CURVE('',#5243,#5241,#2972,.T.);
#6410=EDGE_CURVE('',#5244,#5242,#2973,.T.);
#6411=EDGE_CURVE('',#5243,#5244,#2974,.T.);
#6412=EDGE_CURVE('',#5238,#5243,#2975,.T.);
#6413=EDGE_CURVE('',#5239,#5244,#2976,.T.);
#6414=EDGE_CURVE('',#5245,#5246,#2977,.T.);
#6415=EDGE_CURVE('',#5246,#5247,#2978,.T.);
#6416=EDGE_CURVE('',#5248,#5247,#2979,.T.);
#6417=EDGE_CURVE('',#5245,#5248,#2980,.T.);
#6418=EDGE_CURVE('',#5249,#5245,#2981,.T.);
#6419=EDGE_CURVE('',#5250,#5248,#2982,.T.);
#6420=EDGE_CURVE('',#5249,#5250,#2983,.T.);
#6421=EDGE_CURVE('',#5251,#5249,#2984,.T.);
#6422=EDGE_CURVE('',#5252,#5250,#2985,.T.);
#6423=EDGE_CURVE('',#5251,#5252,#2986,.T.);
#6424=EDGE_CURVE('',#5246,#5251,#2987,.T.);
#6425=EDGE_CURVE('',#5247,#5252,#2988,.T.);
#6426=EDGE_CURVE('',#5253,#5254,#2989,.T.);
#6427=EDGE_CURVE('',#5254,#5255,#2990,.T.);
#6428=EDGE_CURVE('',#5256,#5255,#2991,.T.);
#6429=EDGE_CURVE('',#5253,#5256,#2992,.T.);
#6430=EDGE_CURVE('',#5257,#5253,#2993,.T.);
#6431=EDGE_CURVE('',#5258,#5256,#2994,.T.);
#6432=EDGE_CURVE('',#5257,#5258,#2995,.T.);
#6433=EDGE_CURVE('',#5259,#5257,#2996,.T.);
#6434=EDGE_CURVE('',#5260,#5258,#2997,.T.);
#6435=EDGE_CURVE('',#5259,#5260,#2998,.T.);
#6436=EDGE_CURVE('',#5254,#5259,#2999,.T.);
#6437=EDGE_CURVE('',#5255,#5260,#3000,.T.);
#6438=EDGE_CURVE('',#5261,#5262,#3001,.T.);
#6439=EDGE_CURVE('',#5262,#5263,#3002,.T.);
#6440=EDGE_CURVE('',#5264,#5263,#3003,.T.);
#6441=EDGE_CURVE('',#5261,#5264,#3004,.T.);
#6442=EDGE_CURVE('',#5265,#5261,#3005,.T.);
#6443=EDGE_CURVE('',#5266,#5264,#3006,.T.);
#6444=EDGE_CURVE('',#5265,#5266,#3007,.T.);
#6445=EDGE_CURVE('',#5267,#5265,#3008,.T.);
#6446=EDGE_CURVE('',#5268,#5266,#3009,.T.);
#6447=EDGE_CURVE('',#5267,#5268,#3010,.T.);
#6448=EDGE_CURVE('',#5262,#5267,#3011,.T.);
#6449=EDGE_CURVE('',#5263,#5268,#3012,.T.);
#6450=EDGE_CURVE('',#5269,#5270,#3013,.T.);
#6451=EDGE_CURVE('',#5270,#5271,#3014,.T.);
#6452=EDGE_CURVE('',#5272,#5271,#3015,.T.);
#6453=EDGE_CURVE('',#5269,#5272,#3016,.T.);
#6454=EDGE_CURVE('',#5273,#5269,#3017,.T.);
#6455=EDGE_CURVE('',#5274,#5272,#3018,.T.);
#6456=EDGE_CURVE('',#5273,#5274,#3019,.T.);
#6457=EDGE_CURVE('',#5275,#5273,#3020,.T.);
#6458=EDGE_CURVE('',#5276,#5274,#3021,.T.);
#6459=EDGE_CURVE('',#5275,#5276,#3022,.T.);
#6460=EDGE_CURVE('',#5270,#5275,#3023,.T.);
#6461=EDGE_CURVE('',#5271,#5276,#3024,.T.);
#6462=EDGE_CURVE('',#5277,#5278,#3025,.T.);
#6463=EDGE_CURVE('',#5278,#5279,#3026,.T.);
#6464=EDGE_CURVE('',#5280,#5279,#3027,.T.);
#6465=EDGE_CURVE('',#5277,#5280,#3028,.T.);
#6466=EDGE_CURVE('',#5281,#5277,#3029,.T.);
#6467=EDGE_CURVE('',#5282,#5280,#3030,.T.);
#6468=EDGE_CURVE('',#5281,#5282,#3031,.T.);
#6469=EDGE_CURVE('',#5283,#5281,#3032,.T.);
#6470=EDGE_CURVE('',#5284,#5282,#3033,.T.);
#6471=EDGE_CURVE('',#5283,#5284,#3034,.T.);
#6472=EDGE_CURVE('',#5278,#5283,#3035,.T.);
#6473=EDGE_CURVE('',#5279,#5284,#3036,.T.);
#6474=EDGE_CURVE('',#5285,#5286,#3037,.T.);
#6475=EDGE_CURVE('',#5286,#5287,#3038,.T.);
#6476=EDGE_CURVE('',#5288,#5287,#3039,.T.);
#6477=EDGE_CURVE('',#5285,#5288,#3040,.T.);
#6478=EDGE_CURVE('',#5289,#5285,#3041,.T.);
#6479=EDGE_CURVE('',#5290,#5288,#3042,.T.);
#6480=EDGE_CURVE('',#5289,#5290,#3043,.T.);
#6481=EDGE_CURVE('',#5291,#5289,#3044,.T.);
#6482=EDGE_CURVE('',#5292,#5290,#3045,.T.);
#6483=EDGE_CURVE('',#5291,#5292,#3046,.T.);
#6484=EDGE_CURVE('',#5286,#5291,#3047,.T.);
#6485=EDGE_CURVE('',#5287,#5292,#3048,.T.);
#6486=EDGE_CURVE('',#5293,#5294,#3049,.T.);
#6487=EDGE_CURVE('',#5294,#5295,#3050,.T.);
#6488=EDGE_CURVE('',#5296,#5295,#3051,.T.);
#6489=EDGE_CURVE('',#5293,#5296,#3052,.T.);
#6490=EDGE_CURVE('',#5297,#5293,#3053,.T.);
#6491=EDGE_CURVE('',#5298,#5296,#3054,.T.);
#6492=EDGE_CURVE('',#5297,#5298,#3055,.T.);
#6493=EDGE_CURVE('',#5299,#5297,#3056,.T.);
#6494=EDGE_CURVE('',#5300,#5298,#3057,.T.);
#6495=EDGE_CURVE('',#5299,#5300,#3058,.T.);
#6496=EDGE_CURVE('',#5294,#5299,#3059,.T.);
#6497=EDGE_CURVE('',#5295,#5300,#3060,.T.);
#6498=EDGE_CURVE('',#5301,#5302,#3061,.T.);
#6499=EDGE_CURVE('',#5302,#5303,#3062,.T.);
#6500=EDGE_CURVE('',#5304,#5303,#3063,.T.);
#6501=EDGE_CURVE('',#5301,#5304,#3064,.T.);
#6502=EDGE_CURVE('',#5305,#5301,#3065,.T.);
#6503=EDGE_CURVE('',#5306,#5304,#3066,.T.);
#6504=EDGE_CURVE('',#5305,#5306,#3067,.T.);
#6505=EDGE_CURVE('',#5307,#5305,#3068,.T.);
#6506=EDGE_CURVE('',#5308,#5306,#3069,.T.);
#6507=EDGE_CURVE('',#5307,#5308,#3070,.T.);
#6508=EDGE_CURVE('',#5302,#5307,#3071,.T.);
#6509=EDGE_CURVE('',#5303,#5308,#3072,.T.);
#6510=EDGE_CURVE('',#5309,#5310,#3073,.T.);
#6511=EDGE_CURVE('',#5310,#5311,#3074,.T.);
#6512=EDGE_CURVE('',#5312,#5311,#3075,.T.);
#6513=EDGE_CURVE('',#5309,#5312,#3076,.T.);
#6514=EDGE_CURVE('',#5313,#5309,#3077,.T.);
#6515=EDGE_CURVE('',#5314,#5312,#3078,.T.);
#6516=EDGE_CURVE('',#5313,#5314,#3079,.T.);
#6517=EDGE_CURVE('',#5315,#5313,#3080,.T.);
#6518=EDGE_CURVE('',#5316,#5314,#3081,.T.);
#6519=EDGE_CURVE('',#5315,#5316,#3082,.T.);
#6520=EDGE_CURVE('',#5310,#5315,#3083,.T.);
#6521=EDGE_CURVE('',#5311,#5316,#3084,.T.);
#6522=EDGE_CURVE('',#5317,#5318,#3085,.T.);
#6523=EDGE_CURVE('',#5318,#5319,#3086,.T.);
#6524=EDGE_CURVE('',#5320,#5319,#3087,.T.);
#6525=EDGE_CURVE('',#5317,#5320,#3088,.T.);
#6526=EDGE_CURVE('',#5321,#5317,#3089,.T.);
#6527=EDGE_CURVE('',#5322,#5320,#3090,.T.);
#6528=EDGE_CURVE('',#5321,#5322,#3091,.T.);
#6529=EDGE_CURVE('',#5323,#5321,#3092,.T.);
#6530=EDGE_CURVE('',#5324,#5322,#3093,.T.);
#6531=EDGE_CURVE('',#5323,#5324,#3094,.T.);
#6532=EDGE_CURVE('',#5318,#5323,#3095,.T.);
#6533=EDGE_CURVE('',#5319,#5324,#3096,.T.);
#6534=EDGE_CURVE('',#5325,#5326,#3097,.T.);
#6535=EDGE_CURVE('',#5326,#5327,#3098,.T.);
#6536=EDGE_CURVE('',#5328,#5327,#3099,.T.);
#6537=EDGE_CURVE('',#5325,#5328,#3100,.T.);
#6538=EDGE_CURVE('',#5329,#5325,#3101,.T.);
#6539=EDGE_CURVE('',#5330,#5328,#3102,.T.);
#6540=EDGE_CURVE('',#5329,#5330,#3103,.T.);
#6541=EDGE_CURVE('',#5331,#5329,#3104,.T.);
#6542=EDGE_CURVE('',#5332,#5330,#3105,.T.);
#6543=EDGE_CURVE('',#5331,#5332,#3106,.T.);
#6544=EDGE_CURVE('',#5326,#5331,#3107,.T.);
#6545=EDGE_CURVE('',#5327,#5332,#3108,.T.);
#6546=EDGE_CURVE('',#5333,#5334,#3109,.T.);
#6547=EDGE_CURVE('',#5334,#5335,#3110,.T.);
#6548=EDGE_CURVE('',#5336,#5335,#3111,.T.);
#6549=EDGE_CURVE('',#5333,#5336,#3112,.T.);
#6550=EDGE_CURVE('',#5337,#5333,#3113,.T.);
#6551=EDGE_CURVE('',#5338,#5336,#3114,.T.);
#6552=EDGE_CURVE('',#5337,#5338,#3115,.T.);
#6553=EDGE_CURVE('',#5339,#5337,#3116,.T.);
#6554=EDGE_CURVE('',#5340,#5338,#3117,.T.);
#6555=EDGE_CURVE('',#5339,#5340,#3118,.T.);
#6556=EDGE_CURVE('',#5334,#5339,#3119,.T.);
#6557=EDGE_CURVE('',#5335,#5340,#3120,.T.);
#6558=EDGE_CURVE('',#5341,#5342,#3121,.T.);
#6559=EDGE_CURVE('',#5342,#5343,#3122,.T.);
#6560=EDGE_CURVE('',#5344,#5343,#3123,.T.);
#6561=EDGE_CURVE('',#5341,#5344,#3124,.T.);
#6562=EDGE_CURVE('',#5345,#5341,#3125,.T.);
#6563=EDGE_CURVE('',#5346,#5344,#3126,.T.);
#6564=EDGE_CURVE('',#5345,#5346,#3127,.T.);
#6565=EDGE_CURVE('',#5347,#5345,#3128,.T.);
#6566=EDGE_CURVE('',#5348,#5346,#3129,.T.);
#6567=EDGE_CURVE('',#5347,#5348,#3130,.T.);
#6568=EDGE_CURVE('',#5342,#5347,#3131,.T.);
#6569=EDGE_CURVE('',#5343,#5348,#3132,.T.);
#6570=EDGE_CURVE('',#5349,#5350,#3133,.T.);
#6571=EDGE_CURVE('',#5350,#5351,#3134,.T.);
#6572=EDGE_CURVE('',#5352,#5351,#3135,.T.);
#6573=EDGE_CURVE('',#5349,#5352,#3136,.T.);
#6574=EDGE_CURVE('',#5353,#5349,#3137,.T.);
#6575=EDGE_CURVE('',#5354,#5352,#3138,.T.);
#6576=EDGE_CURVE('',#5353,#5354,#3139,.T.);
#6577=EDGE_CURVE('',#5355,#5353,#3140,.T.);
#6578=EDGE_CURVE('',#5356,#5354,#3141,.T.);
#6579=EDGE_CURVE('',#5355,#5356,#3142,.T.);
#6580=EDGE_CURVE('',#5350,#5355,#3143,.T.);
#6581=EDGE_CURVE('',#5351,#5356,#3144,.T.);
#6582=EDGE_CURVE('',#5357,#5358,#3145,.T.);
#6583=EDGE_CURVE('',#5358,#5359,#3146,.T.);
#6584=EDGE_CURVE('',#5360,#5359,#3147,.T.);
#6585=EDGE_CURVE('',#5357,#5360,#3148,.T.);
#6586=EDGE_CURVE('',#5361,#5357,#3149,.T.);
#6587=EDGE_CURVE('',#5362,#5360,#3150,.T.);
#6588=EDGE_CURVE('',#5361,#5362,#3151,.T.);
#6589=EDGE_CURVE('',#5363,#5361,#3152,.T.);
#6590=EDGE_CURVE('',#5364,#5362,#3153,.T.);
#6591=EDGE_CURVE('',#5363,#5364,#3154,.T.);
#6592=EDGE_CURVE('',#5358,#5363,#3155,.T.);
#6593=EDGE_CURVE('',#5359,#5364,#3156,.T.);
#6594=EDGE_CURVE('',#5365,#5366,#3157,.T.);
#6595=EDGE_CURVE('',#5366,#5367,#3158,.T.);
#6596=EDGE_CURVE('',#5368,#5367,#3159,.T.);
#6597=EDGE_CURVE('',#5365,#5368,#3160,.T.);
#6598=EDGE_CURVE('',#5369,#5365,#3161,.T.);
#6599=EDGE_CURVE('',#5370,#5368,#3162,.T.);
#6600=EDGE_CURVE('',#5369,#5370,#3163,.T.);
#6601=EDGE_CURVE('',#5371,#5369,#3164,.T.);
#6602=EDGE_CURVE('',#5372,#5370,#3165,.T.);
#6603=EDGE_CURVE('',#5371,#5372,#3166,.T.);
#6604=EDGE_CURVE('',#5366,#5371,#3167,.T.);
#6605=EDGE_CURVE('',#5367,#5372,#3168,.T.);
#6606=EDGE_CURVE('',#5373,#5374,#3169,.T.);
#6607=EDGE_CURVE('',#5374,#5375,#3170,.T.);
#6608=EDGE_CURVE('',#5376,#5375,#3171,.T.);
#6609=EDGE_CURVE('',#5373,#5376,#3172,.T.);
#6610=EDGE_CURVE('',#5377,#5373,#3173,.T.);
#6611=EDGE_CURVE('',#5378,#5376,#3174,.T.);
#6612=EDGE_CURVE('',#5377,#5378,#3175,.T.);
#6613=EDGE_CURVE('',#5379,#5377,#3176,.T.);
#6614=EDGE_CURVE('',#5380,#5378,#3177,.T.);
#6615=EDGE_CURVE('',#5379,#5380,#3178,.T.);
#6616=EDGE_CURVE('',#5374,#5379,#3179,.T.);
#6617=EDGE_CURVE('',#5375,#5380,#3180,.T.);
#6618=EDGE_CURVE('',#5381,#5382,#3181,.T.);
#6619=EDGE_CURVE('',#5382,#5383,#3182,.T.);
#6620=EDGE_CURVE('',#5384,#5383,#3183,.T.);
#6621=EDGE_CURVE('',#5381,#5384,#3184,.T.);
#6622=EDGE_CURVE('',#5385,#5381,#3185,.T.);
#6623=EDGE_CURVE('',#5386,#5384,#3186,.T.);
#6624=EDGE_CURVE('',#5385,#5386,#3187,.T.);
#6625=EDGE_CURVE('',#5387,#5385,#3188,.T.);
#6626=EDGE_CURVE('',#5388,#5386,#3189,.T.);
#6627=EDGE_CURVE('',#5387,#5388,#3190,.T.);
#6628=EDGE_CURVE('',#5382,#5387,#3191,.T.);
#6629=EDGE_CURVE('',#5383,#5388,#3192,.T.);
#6630=EDGE_CURVE('',#5389,#5390,#3193,.T.);
#6631=EDGE_CURVE('',#5390,#5391,#3194,.T.);
#6632=EDGE_CURVE('',#5392,#5391,#3195,.T.);
#6633=EDGE_CURVE('',#5389,#5392,#3196,.T.);
#6634=EDGE_CURVE('',#5393,#5389,#3197,.T.);
#6635=EDGE_CURVE('',#5394,#5392,#3198,.T.);
#6636=EDGE_CURVE('',#5393,#5394,#3199,.T.);
#6637=EDGE_CURVE('',#5395,#5393,#3200,.T.);
#6638=EDGE_CURVE('',#5396,#5394,#3201,.T.);
#6639=EDGE_CURVE('',#5395,#5396,#3202,.T.);
#6640=EDGE_CURVE('',#5390,#5395,#3203,.T.);
#6641=EDGE_CURVE('',#5391,#5396,#3204,.T.);
#6642=EDGE_CURVE('',#5397,#5398,#3205,.T.);
#6643=EDGE_CURVE('',#5398,#5399,#3206,.T.);
#6644=EDGE_CURVE('',#5400,#5399,#3207,.T.);
#6645=EDGE_CURVE('',#5397,#5400,#3208,.T.);
#6646=EDGE_CURVE('',#5401,#5397,#3209,.T.);
#6647=EDGE_CURVE('',#5402,#5400,#3210,.T.);
#6648=EDGE_CURVE('',#5401,#5402,#3211,.T.);
#6649=EDGE_CURVE('',#5403,#5401,#3212,.T.);
#6650=EDGE_CURVE('',#5404,#5402,#3213,.T.);
#6651=EDGE_CURVE('',#5403,#5404,#3214,.T.);
#6652=EDGE_CURVE('',#5398,#5403,#3215,.T.);
#6653=EDGE_CURVE('',#5399,#5404,#3216,.T.);
#6654=EDGE_CURVE('',#5405,#5406,#3217,.T.);
#6655=EDGE_CURVE('',#5406,#5407,#3218,.T.);
#6656=EDGE_CURVE('',#5408,#5407,#3219,.T.);
#6657=EDGE_CURVE('',#5405,#5408,#3220,.T.);
#6658=EDGE_CURVE('',#5409,#5405,#3221,.T.);
#6659=EDGE_CURVE('',#5410,#5408,#3222,.T.);
#6660=EDGE_CURVE('',#5409,#5410,#3223,.T.);
#6661=EDGE_CURVE('',#5411,#5409,#3224,.T.);
#6662=EDGE_CURVE('',#5412,#5410,#3225,.T.);
#6663=EDGE_CURVE('',#5411,#5412,#3226,.T.);
#6664=EDGE_CURVE('',#5406,#5411,#3227,.T.);
#6665=EDGE_CURVE('',#5407,#5412,#3228,.T.);
#6666=EDGE_CURVE('',#5413,#5414,#3229,.T.);
#6667=EDGE_CURVE('',#5414,#5415,#3230,.T.);
#6668=EDGE_CURVE('',#5416,#5415,#3231,.T.);
#6669=EDGE_CURVE('',#5413,#5416,#3232,.T.);
#6670=EDGE_CURVE('',#5417,#5413,#3233,.T.);
#6671=EDGE_CURVE('',#5418,#5416,#3234,.T.);
#6672=EDGE_CURVE('',#5417,#5418,#3235,.T.);
#6673=EDGE_CURVE('',#5419,#5417,#3236,.T.);
#6674=EDGE_CURVE('',#5420,#5418,#3237,.T.);
#6675=EDGE_CURVE('',#5419,#5420,#3238,.T.);
#6676=EDGE_CURVE('',#5414,#5419,#3239,.T.);
#6677=EDGE_CURVE('',#5415,#5420,#3240,.T.);
#6678=EDGE_CURVE('',#5421,#5422,#3241,.T.);
#6679=EDGE_CURVE('',#5422,#5423,#3242,.T.);
#6680=EDGE_CURVE('',#5424,#5423,#3243,.T.);
#6681=EDGE_CURVE('',#5421,#5424,#3244,.T.);
#6682=EDGE_CURVE('',#5425,#5421,#3245,.T.);
#6683=EDGE_CURVE('',#5426,#5424,#3246,.T.);
#6684=EDGE_CURVE('',#5425,#5426,#3247,.T.);
#6685=EDGE_CURVE('',#5427,#5425,#3248,.T.);
#6686=EDGE_CURVE('',#5428,#5426,#3249,.T.);
#6687=EDGE_CURVE('',#5427,#5428,#3250,.T.);
#6688=EDGE_CURVE('',#5422,#5427,#3251,.T.);
#6689=EDGE_CURVE('',#5423,#5428,#3252,.T.);
#6690=EDGE_CURVE('',#5429,#5430,#3253,.T.);
#6691=EDGE_CURVE('',#5430,#5431,#3254,.T.);
#6692=EDGE_CURVE('',#5432,#5431,#3255,.T.);
#6693=EDGE_CURVE('',#5429,#5432,#3256,.T.);
#6694=EDGE_CURVE('',#5433,#5429,#3257,.T.);
#6695=EDGE_CURVE('',#5434,#5432,#3258,.T.);
#6696=EDGE_CURVE('',#5433,#5434,#3259,.T.);
#6697=EDGE_CURVE('',#5435,#5433,#3260,.T.);
#6698=EDGE_CURVE('',#5436,#5434,#3261,.T.);
#6699=EDGE_CURVE('',#5435,#5436,#3262,.T.);
#6700=EDGE_CURVE('',#5430,#5435,#3263,.T.);
#6701=EDGE_CURVE('',#5431,#5436,#3264,.T.);
#6702=EDGE_CURVE('',#5437,#5438,#3265,.T.);
#6703=EDGE_CURVE('',#5438,#5439,#3266,.T.);
#6704=EDGE_CURVE('',#5440,#5439,#3267,.T.);
#6705=EDGE_CURVE('',#5437,#5440,#3268,.T.);
#6706=EDGE_CURVE('',#5441,#5437,#3269,.T.);
#6707=EDGE_CURVE('',#5442,#5440,#3270,.T.);
#6708=EDGE_CURVE('',#5441,#5442,#3271,.T.);
#6709=EDGE_CURVE('',#5443,#5441,#3272,.T.);
#6710=EDGE_CURVE('',#5444,#5442,#3273,.T.);
#6711=EDGE_CURVE('',#5443,#5444,#3274,.T.);
#6712=EDGE_CURVE('',#5438,#5443,#3275,.T.);
#6713=EDGE_CURVE('',#5439,#5444,#3276,.T.);
#6714=EDGE_CURVE('',#5445,#5446,#3277,.T.);
#6715=EDGE_CURVE('',#5446,#5447,#3278,.T.);
#6716=EDGE_CURVE('',#5448,#5447,#3279,.T.);
#6717=EDGE_CURVE('',#5445,#5448,#3280,.T.);
#6718=EDGE_CURVE('',#5449,#5445,#3281,.T.);
#6719=EDGE_CURVE('',#5450,#5448,#3282,.T.);
#6720=EDGE_CURVE('',#5449,#5450,#3283,.T.);
#6721=EDGE_CURVE('',#5451,#5449,#3284,.T.);
#6722=EDGE_CURVE('',#5452,#5450,#3285,.T.);
#6723=EDGE_CURVE('',#5451,#5452,#3286,.T.);
#6724=EDGE_CURVE('',#5446,#5451,#3287,.T.);
#6725=EDGE_CURVE('',#5447,#5452,#3288,.T.);
#6726=EDGE_CURVE('',#5453,#5454,#3289,.T.);
#6727=EDGE_CURVE('',#5454,#5455,#3290,.T.);
#6728=EDGE_CURVE('',#5456,#5455,#3291,.T.);
#6729=EDGE_CURVE('',#5453,#5456,#3292,.T.);
#6730=EDGE_CURVE('',#5457,#5453,#3293,.T.);
#6731=EDGE_CURVE('',#5458,#5456,#3294,.T.);
#6732=EDGE_CURVE('',#5457,#5458,#3295,.T.);
#6733=EDGE_CURVE('',#5459,#5457,#3296,.T.);
#6734=EDGE_CURVE('',#5460,#5458,#3297,.T.);
#6735=EDGE_CURVE('',#5459,#5460,#3298,.T.);
#6736=EDGE_CURVE('',#5454,#5459,#3299,.T.);
#6737=EDGE_CURVE('',#5455,#5460,#3300,.T.);
#6738=EDGE_CURVE('',#5461,#5462,#3301,.T.);
#6739=EDGE_CURVE('',#5462,#5463,#3302,.T.);
#6740=EDGE_CURVE('',#5464,#5463,#3303,.T.);
#6741=EDGE_CURVE('',#5461,#5464,#3304,.T.);
#6742=EDGE_CURVE('',#5465,#5461,#3305,.T.);
#6743=EDGE_CURVE('',#5466,#5464,#3306,.T.);
#6744=EDGE_CURVE('',#5465,#5466,#3307,.T.);
#6745=EDGE_CURVE('',#5467,#5465,#3308,.T.);
#6746=EDGE_CURVE('',#5468,#5466,#3309,.T.);
#6747=EDGE_CURVE('',#5467,#5468,#3310,.T.);
#6748=EDGE_CURVE('',#5462,#5467,#3311,.T.);
#6749=EDGE_CURVE('',#5463,#5468,#3312,.T.);
#6750=EDGE_CURVE('',#5469,#5470,#3313,.T.);
#6751=EDGE_CURVE('',#5470,#5471,#3314,.T.);
#6752=EDGE_CURVE('',#5472,#5471,#3315,.T.);
#6753=EDGE_CURVE('',#5469,#5472,#3316,.T.);
#6754=EDGE_CURVE('',#5473,#5469,#3317,.T.);
#6755=EDGE_CURVE('',#5474,#5472,#3318,.T.);
#6756=EDGE_CURVE('',#5473,#5474,#3319,.T.);
#6757=EDGE_CURVE('',#5475,#5473,#3320,.T.);
#6758=EDGE_CURVE('',#5476,#5474,#3321,.T.);
#6759=EDGE_CURVE('',#5475,#5476,#3322,.T.);
#6760=EDGE_CURVE('',#5470,#5475,#3323,.T.);
#6761=EDGE_CURVE('',#5471,#5476,#3324,.T.);
#6762=EDGE_CURVE('',#5477,#5478,#3325,.T.);
#6763=EDGE_CURVE('',#5478,#5479,#3326,.T.);
#6764=EDGE_CURVE('',#5480,#5479,#3327,.T.);
#6765=EDGE_CURVE('',#5477,#5480,#3328,.T.);
#6766=EDGE_CURVE('',#5481,#5477,#3329,.T.);
#6767=EDGE_CURVE('',#5482,#5480,#3330,.T.);
#6768=EDGE_CURVE('',#5481,#5482,#3331,.T.);
#6769=EDGE_CURVE('',#5483,#5481,#3332,.T.);
#6770=EDGE_CURVE('',#5484,#5482,#3333,.T.);
#6771=EDGE_CURVE('',#5483,#5484,#3334,.T.);
#6772=EDGE_CURVE('',#5478,#5483,#3335,.T.);
#6773=EDGE_CURVE('',#5479,#5484,#3336,.T.);
#6774=ORIENTED_EDGE('',*,*,#5485,.F.);
#6775=ORIENTED_EDGE('',*,*,#5486,.T.);
#6776=ORIENTED_EDGE('',*,*,#5487,.T.);
#6777=ORIENTED_EDGE('',*,*,#5486,.F.);
#6778=ORIENTED_EDGE('',*,*,#5487,.F.);
#6779=ORIENTED_EDGE('',*,*,#5488,.F.);
#6780=ORIENTED_EDGE('',*,*,#5489,.T.);
#6781=ORIENTED_EDGE('',*,*,#5490,.T.);
#6782=ORIENTED_EDGE('',*,*,#5489,.F.);
#6783=ORIENTED_EDGE('',*,*,#5490,.F.);
#6784=ORIENTED_EDGE('',*,*,#5491,.F.);
#6785=ORIENTED_EDGE('',*,*,#5492,.T.);
#6786=ORIENTED_EDGE('',*,*,#5493,.T.);
#6787=ORIENTED_EDGE('',*,*,#5492,.F.);
#6788=ORIENTED_EDGE('',*,*,#5493,.F.);
#6789=ORIENTED_EDGE('',*,*,#5494,.F.);
#6790=ORIENTED_EDGE('',*,*,#5495,.T.);
#6791=ORIENTED_EDGE('',*,*,#5496,.T.);
#6792=ORIENTED_EDGE('',*,*,#5495,.F.);
#6793=ORIENTED_EDGE('',*,*,#5496,.F.);
#6794=ORIENTED_EDGE('',*,*,#5497,.F.);
#6795=ORIENTED_EDGE('',*,*,#5498,.F.);
#6796=ORIENTED_EDGE('',*,*,#5499,.F.);
#6797=ORIENTED_EDGE('',*,*,#5500,.T.);
#6798=ORIENTED_EDGE('',*,*,#5501,.F.);
#6799=ORIENTED_EDGE('',*,*,#5500,.F.);
#6800=ORIENTED_EDGE('',*,*,#5502,.F.);
#6801=ORIENTED_EDGE('',*,*,#5503,.F.);
#6802=ORIENTED_EDGE('',*,*,#5504,.F.);
#6803=ORIENTED_EDGE('',*,*,#5503,.T.);
#6804=ORIENTED_EDGE('',*,*,#5505,.F.);
#6805=ORIENTED_EDGE('',*,*,#5506,.T.);
#6806=ORIENTED_EDGE('',*,*,#5507,.F.);
#6807=ORIENTED_EDGE('',*,*,#5506,.F.);
#6808=ORIENTED_EDGE('',*,*,#5508,.F.);
#6809=ORIENTED_EDGE('',*,*,#5498,.T.);
#6810=ORIENTED_EDGE('',*,*,#5509,.F.);
#6811=ORIENTED_EDGE('',*,*,#5510,.F.);
#6812=ORIENTED_EDGE('',*,*,#5511,.F.);
#6813=ORIENTED_EDGE('',*,*,#5512,.T.);
#6814=ORIENTED_EDGE('',*,*,#5513,.F.);
#6815=ORIENTED_EDGE('',*,*,#5512,.F.);
#6816=ORIENTED_EDGE('',*,*,#5514,.F.);
#6817=ORIENTED_EDGE('',*,*,#5515,.F.);
#6818=ORIENTED_EDGE('',*,*,#5516,.F.);
#6819=ORIENTED_EDGE('',*,*,#5515,.T.);
#6820=ORIENTED_EDGE('',*,*,#5517,.F.);
#6821=ORIENTED_EDGE('',*,*,#5518,.T.);
#6822=ORIENTED_EDGE('',*,*,#5519,.F.);
#6823=ORIENTED_EDGE('',*,*,#5518,.F.);
#6824=ORIENTED_EDGE('',*,*,#5520,.F.);
#6825=ORIENTED_EDGE('',*,*,#5510,.T.);
#6826=ORIENTED_EDGE('',*,*,#5521,.F.);
#6827=ORIENTED_EDGE('',*,*,#5522,.T.);
#6828=ORIENTED_EDGE('',*,*,#5523,.F.);
#6829=ORIENTED_EDGE('',*,*,#5522,.F.);
#6830=ORIENTED_EDGE('',*,*,#5524,.F.);
#6831=ORIENTED_EDGE('',*,*,#5525,.T.);
#6832=ORIENTED_EDGE('',*,*,#5526,.F.);
#6833=ORIENTED_EDGE('',*,*,#5525,.F.);
#6834=ORIENTED_EDGE('',*,*,#5527,.F.);
#6835=ORIENTED_EDGE('',*,*,#5528,.T.);
#6836=ORIENTED_EDGE('',*,*,#5529,.F.);
#6837=ORIENTED_EDGE('',*,*,#5528,.F.);
#6838=ORIENTED_EDGE('',*,*,#5530,.F.);
#6839=ORIENTED_EDGE('',*,*,#5531,.T.);
#6840=ORIENTED_EDGE('',*,*,#5532,.F.);
#6841=ORIENTED_EDGE('',*,*,#5531,.F.);
#6842=ORIENTED_EDGE('',*,*,#5533,.F.);
#6843=ORIENTED_EDGE('',*,*,#5534,.T.);
#6844=ORIENTED_EDGE('',*,*,#5535,.T.);
#6845=ORIENTED_EDGE('',*,*,#5534,.F.);
#6846=ORIENTED_EDGE('',*,*,#5535,.F.);
#6847=ORIENTED_EDGE('',*,*,#5536,.F.);
#6848=ORIENTED_EDGE('',*,*,#5537,.T.);
#6849=ORIENTED_EDGE('',*,*,#5538,.T.);
#6850=ORIENTED_EDGE('',*,*,#5537,.F.);
#6851=ORIENTED_EDGE('',*,*,#5538,.F.);
#6852=ORIENTED_EDGE('',*,*,#5539,.F.);
#6853=ORIENTED_EDGE('',*,*,#5540,.T.);
#6854=ORIENTED_EDGE('',*,*,#5541,.T.);
#6855=ORIENTED_EDGE('',*,*,#5540,.F.);
#6856=ORIENTED_EDGE('',*,*,#5541,.F.);
#6857=ORIENTED_EDGE('',*,*,#5542,.F.);
#6858=ORIENTED_EDGE('',*,*,#5543,.T.);
#6859=ORIENTED_EDGE('',*,*,#5544,.T.);
#6860=ORIENTED_EDGE('',*,*,#5543,.F.);
#6861=ORIENTED_EDGE('',*,*,#5544,.F.);
#6862=ORIENTED_EDGE('',*,*,#5545,.F.);
#6863=ORIENTED_EDGE('',*,*,#5546,.T.);
#6864=ORIENTED_EDGE('',*,*,#5547,.T.);
#6865=ORIENTED_EDGE('',*,*,#5546,.F.);
#6866=ORIENTED_EDGE('',*,*,#5547,.F.);
#6867=ORIENTED_EDGE('',*,*,#5548,.F.);
#6868=ORIENTED_EDGE('',*,*,#5549,.T.);
#6869=ORIENTED_EDGE('',*,*,#5550,.T.);
#6870=ORIENTED_EDGE('',*,*,#5549,.F.);
#6871=ORIENTED_EDGE('',*,*,#5550,.F.);
#6872=ORIENTED_EDGE('',*,*,#5551,.F.);
#6873=ORIENTED_EDGE('',*,*,#5552,.T.);
#6874=ORIENTED_EDGE('',*,*,#5553,.T.);
#6875=ORIENTED_EDGE('',*,*,#5552,.F.);
#6876=ORIENTED_EDGE('',*,*,#5553,.F.);
#6877=ORIENTED_EDGE('',*,*,#5554,.F.);
#6878=ORIENTED_EDGE('',*,*,#5555,.T.);
#6879=ORIENTED_EDGE('',*,*,#5556,.T.);
#6880=ORIENTED_EDGE('',*,*,#5555,.F.);
#6881=ORIENTED_EDGE('',*,*,#5556,.F.);
#6882=ORIENTED_EDGE('',*,*,#5557,.F.);
#6883=ORIENTED_EDGE('',*,*,#5558,.T.);
#6884=ORIENTED_EDGE('',*,*,#5559,.F.);
#6885=ORIENTED_EDGE('',*,*,#5558,.F.);
#6886=ORIENTED_EDGE('',*,*,#5557,.T.);
#6887=ORIENTED_EDGE('',*,*,#5554,.T.);
#6888=ORIENTED_EDGE('',*,*,#5560,.F.);
#6889=ORIENTED_EDGE('',*,*,#5561,.T.);
#6890=ORIENTED_EDGE('',*,*,#5562,.F.);
#6891=ORIENTED_EDGE('',*,*,#5561,.F.);
#6892=ORIENTED_EDGE('',*,*,#5560,.T.);
#6893=ORIENTED_EDGE('',*,*,#5551,.T.);
#6894=ORIENTED_EDGE('',*,*,#5563,.F.);
#6895=ORIENTED_EDGE('',*,*,#5564,.T.);
#6896=ORIENTED_EDGE('',*,*,#5565,.F.);
#6897=ORIENTED_EDGE('',*,*,#5564,.F.);
#6898=ORIENTED_EDGE('',*,*,#5563,.T.);
#6899=ORIENTED_EDGE('',*,*,#5548,.T.);
#6900=ORIENTED_EDGE('',*,*,#5566,.F.);
#6901=ORIENTED_EDGE('',*,*,#5567,.T.);
#6902=ORIENTED_EDGE('',*,*,#5568,.F.);
#6903=ORIENTED_EDGE('',*,*,#5567,.F.);
#6904=ORIENTED_EDGE('',*,*,#5566,.T.);
#6905=ORIENTED_EDGE('',*,*,#5545,.T.);
#6906=ORIENTED_EDGE('',*,*,#5569,.F.);
#6907=ORIENTED_EDGE('',*,*,#5570,.F.);
#6908=ORIENTED_EDGE('',*,*,#5571,.F.);
#6909=ORIENTED_EDGE('',*,*,#5572,.F.);
#6910=ORIENTED_EDGE('',*,*,#5573,.F.);
#6911=ORIENTED_EDGE('',*,*,#5574,.T.);
#6912=ORIENTED_EDGE('',*,*,#5575,.F.);
#6913=ORIENTED_EDGE('',*,*,#5576,.T.);
#6914=ORIENTED_EDGE('',*,*,#5577,.F.);
#6915=ORIENTED_EDGE('',*,*,#5578,.T.);
#6916=ORIENTED_EDGE('',*,*,#5579,.F.);
#6917=ORIENTED_EDGE('',*,*,#5580,.T.);
#6918=ORIENTED_EDGE('',*,*,#5572,.T.);
#6919=ORIENTED_EDGE('',*,*,#5581,.T.);
#6920=ORIENTED_EDGE('',*,*,#5582,.T.);
#6921=ORIENTED_EDGE('',*,*,#5583,.T.);
#6922=ORIENTED_EDGE('',*,*,#5584,.T.);
#6923=ORIENTED_EDGE('',*,*,#5585,.T.);
#6924=ORIENTED_EDGE('',*,*,#5586,.T.);
#6925=ORIENTED_EDGE('',*,*,#5587,.T.);
#6926=ORIENTED_EDGE('',*,*,#5542,.T.);
#6927=ORIENTED_EDGE('',*,*,#5539,.T.);
#6928=ORIENTED_EDGE('',*,*,#5536,.T.);
#6929=ORIENTED_EDGE('',*,*,#5533,.T.);
#6930=ORIENTED_EDGE('',*,*,#5571,.T.);
#6931=ORIENTED_EDGE('',*,*,#5588,.F.);
#6932=ORIENTED_EDGE('',*,*,#5589,.T.);
#6933=ORIENTED_EDGE('',*,*,#5581,.F.);
#6934=ORIENTED_EDGE('',*,*,#5590,.F.);
#6935=ORIENTED_EDGE('',*,*,#5584,.F.);
#6936=ORIENTED_EDGE('',*,*,#5591,.F.);
#6937=ORIENTED_EDGE('',*,*,#5592,.F.);
#6938=ORIENTED_EDGE('',*,*,#5570,.T.);
#6939=ORIENTED_EDGE('',*,*,#5593,.T.);
#6940=ORIENTED_EDGE('',*,*,#5594,.T.);
#6941=ORIENTED_EDGE('',*,*,#5595,.T.);
#6942=ORIENTED_EDGE('',*,*,#5592,.T.);
#6943=ORIENTED_EDGE('',*,*,#5596,.T.);
#6944=ORIENTED_EDGE('',*,*,#5597,.T.);
#6945=ORIENTED_EDGE('',*,*,#5588,.T.);
#6946=ORIENTED_EDGE('',*,*,#5504,.T.);
#6947=ORIENTED_EDGE('',*,*,#5507,.T.);
#6948=ORIENTED_EDGE('',*,*,#5497,.T.);
#6949=ORIENTED_EDGE('',*,*,#5501,.T.);
#6950=ORIENTED_EDGE('',*,*,#5516,.T.);
#6951=ORIENTED_EDGE('',*,*,#5519,.T.);
#6952=ORIENTED_EDGE('',*,*,#5509,.T.);
#6953=ORIENTED_EDGE('',*,*,#5513,.T.);
#6954=ORIENTED_EDGE('',*,*,#5559,.T.);
#6955=ORIENTED_EDGE('',*,*,#5562,.T.);
#6956=ORIENTED_EDGE('',*,*,#5565,.T.);
#6957=ORIENTED_EDGE('',*,*,#5568,.T.);
#6958=ORIENTED_EDGE('',*,*,#5591,.T.);
#6959=ORIENTED_EDGE('',*,*,#5583,.F.);
#6960=ORIENTED_EDGE('',*,*,#5598,.T.);
#6961=ORIENTED_EDGE('',*,*,#5596,.F.);
#6962=ORIENTED_EDGE('',*,*,#5523,.T.);
#6963=ORIENTED_EDGE('',*,*,#5526,.T.);
#6964=ORIENTED_EDGE('',*,*,#5529,.T.);
#6965=ORIENTED_EDGE('',*,*,#5532,.T.);
#6966=ORIENTED_EDGE('',*,*,#5598,.F.);
#6967=ORIENTED_EDGE('',*,*,#5582,.F.);
#6968=ORIENTED_EDGE('',*,*,#5589,.F.);
#6969=ORIENTED_EDGE('',*,*,#5597,.F.);
#6970=ORIENTED_EDGE('',*,*,#5599,.F.);
#6971=ORIENTED_EDGE('',*,*,#5594,.F.);
#6972=ORIENTED_EDGE('',*,*,#5600,.F.);
#6973=ORIENTED_EDGE('',*,*,#5586,.F.);
#6974=ORIENTED_EDGE('',*,*,#5590,.T.);
#6975=ORIENTED_EDGE('',*,*,#5595,.F.);
#6976=ORIENTED_EDGE('',*,*,#5599,.T.);
#6977=ORIENTED_EDGE('',*,*,#5585,.F.);
#6978=ORIENTED_EDGE('',*,*,#5569,.T.);
#6979=ORIENTED_EDGE('',*,*,#5587,.F.);
#6980=ORIENTED_EDGE('',*,*,#5600,.T.);
#6981=ORIENTED_EDGE('',*,*,#5593,.F.);
#6982=ORIENTED_EDGE('',*,*,#5573,.T.);
#6983=ORIENTED_EDGE('',*,*,#5601,.T.);
#6984=ORIENTED_EDGE('',*,*,#5602,.T.);
#6985=ORIENTED_EDGE('',*,*,#5603,.T.);
#6986=ORIENTED_EDGE('',*,*,#5601,.F.);
#6987=ORIENTED_EDGE('',*,*,#5580,.F.);
#6988=ORIENTED_EDGE('',*,*,#5604,.F.);
#6989=ORIENTED_EDGE('',*,*,#5605,.T.);
#6990=ORIENTED_EDGE('',*,*,#5575,.T.);
#6991=ORIENTED_EDGE('',*,*,#5606,.T.);
#6992=ORIENTED_EDGE('',*,*,#5607,.T.);
#6993=ORIENTED_EDGE('',*,*,#5608,.T.);
#6994=ORIENTED_EDGE('',*,*,#5608,.F.);
#6995=ORIENTED_EDGE('',*,*,#5609,.T.);
#6996=ORIENTED_EDGE('',*,*,#5610,.F.);
#6997=ORIENTED_EDGE('',*,*,#5576,.F.);
#6998=ORIENTED_EDGE('',*,*,#5577,.T.);
#6999=ORIENTED_EDGE('',*,*,#5610,.T.);
#7000=ORIENTED_EDGE('',*,*,#5611,.T.);
#7001=ORIENTED_EDGE('',*,*,#5612,.T.);
#7002=ORIENTED_EDGE('',*,*,#5579,.T.);
#7003=ORIENTED_EDGE('',*,*,#5613,.T.);
#7004=ORIENTED_EDGE('',*,*,#5614,.T.);
#7005=ORIENTED_EDGE('',*,*,#5604,.T.);
#7006=ORIENTED_EDGE('',*,*,#5612,.F.);
#7007=ORIENTED_EDGE('',*,*,#5615,.T.);
#7008=ORIENTED_EDGE('',*,*,#5613,.F.);
#7009=ORIENTED_EDGE('',*,*,#5578,.F.);
#7010=ORIENTED_EDGE('',*,*,#5603,.F.);
#7011=ORIENTED_EDGE('',*,*,#5616,.T.);
#7012=ORIENTED_EDGE('',*,*,#5606,.F.);
#7013=ORIENTED_EDGE('',*,*,#5574,.F.);
#7014=ORIENTED_EDGE('',*,*,#5521,.T.);
#7015=ORIENTED_EDGE('',*,*,#5524,.T.);
#7016=ORIENTED_EDGE('',*,*,#5527,.T.);
#7017=ORIENTED_EDGE('',*,*,#5530,.T.);
#7018=ORIENTED_EDGE('',*,*,#5602,.F.);
#7019=ORIENTED_EDGE('',*,*,#5605,.F.);
#7020=ORIENTED_EDGE('',*,*,#5614,.F.);
#7021=ORIENTED_EDGE('',*,*,#5615,.F.);
#7022=ORIENTED_EDGE('',*,*,#5611,.F.);
#7023=ORIENTED_EDGE('',*,*,#5609,.F.);
#7024=ORIENTED_EDGE('',*,*,#5607,.F.);
#7025=ORIENTED_EDGE('',*,*,#5616,.F.);
#7026=ORIENTED_EDGE('',*,*,#5517,.T.);
#7027=ORIENTED_EDGE('',*,*,#5514,.T.);
#7028=ORIENTED_EDGE('',*,*,#5511,.T.);
#7029=ORIENTED_EDGE('',*,*,#5520,.T.);
#7030=ORIENTED_EDGE('',*,*,#5505,.T.);
#7031=ORIENTED_EDGE('',*,*,#5502,.T.);
#7032=ORIENTED_EDGE('',*,*,#5499,.T.);
#7033=ORIENTED_EDGE('',*,*,#5508,.T.);
#7034=ORIENTED_EDGE('',*,*,#5494,.T.);
#7035=ORIENTED_EDGE('',*,*,#5491,.T.);
#7036=ORIENTED_EDGE('',*,*,#5488,.T.);
#7037=ORIENTED_EDGE('',*,*,#5485,.T.);
#7038=ORIENTED_EDGE('',*,*,#5617,.F.);
#7039=ORIENTED_EDGE('',*,*,#5618,.T.);
#7040=ORIENTED_EDGE('',*,*,#5619,.F.);
#7041=ORIENTED_EDGE('',*,*,#5618,.F.);
#7042=ORIENTED_EDGE('',*,*,#5620,.F.);
#7043=ORIENTED_EDGE('',*,*,#5621,.T.);
#7044=ORIENTED_EDGE('',*,*,#5622,.F.);
#7045=ORIENTED_EDGE('',*,*,#5621,.F.);
#7046=ORIENTED_EDGE('',*,*,#5623,.F.);
#7047=ORIENTED_EDGE('',*,*,#5624,.T.);
#7048=ORIENTED_EDGE('',*,*,#5625,.F.);
#7049=ORIENTED_EDGE('',*,*,#5624,.F.);
#7050=ORIENTED_EDGE('',*,*,#5626,.F.);
#7051=ORIENTED_EDGE('',*,*,#5627,.T.);
#7052=ORIENTED_EDGE('',*,*,#5628,.F.);
#7053=ORIENTED_EDGE('',*,*,#5627,.F.);
#7054=ORIENTED_EDGE('',*,*,#5629,.F.);
#7055=ORIENTED_EDGE('',*,*,#5630,.T.);
#7056=ORIENTED_EDGE('',*,*,#5631,.F.);
#7057=ORIENTED_EDGE('',*,*,#5630,.F.);
#7058=ORIENTED_EDGE('',*,*,#5632,.F.);
#7059=ORIENTED_EDGE('',*,*,#5633,.T.);
#7060=ORIENTED_EDGE('',*,*,#5634,.F.);
#7061=ORIENTED_EDGE('',*,*,#5633,.F.);
#7062=ORIENTED_EDGE('',*,*,#5635,.F.);
#7063=ORIENTED_EDGE('',*,*,#5636,.T.);
#7064=ORIENTED_EDGE('',*,*,#5637,.F.);
#7065=ORIENTED_EDGE('',*,*,#5636,.F.);
#7066=ORIENTED_EDGE('',*,*,#5635,.T.);
#7067=ORIENTED_EDGE('',*,*,#5634,.T.);
#7068=ORIENTED_EDGE('',*,*,#5638,.T.);
#7069=ORIENTED_EDGE('',*,*,#5639,.T.);
#7070=ORIENTED_EDGE('',*,*,#5640,.T.);
#7071=ORIENTED_EDGE('',*,*,#5639,.F.);
#7072=ORIENTED_EDGE('',*,*,#5641,.F.);
#7073=ORIENTED_EDGE('',*,*,#5642,.T.);
#7074=ORIENTED_EDGE('',*,*,#5640,.F.);
#7075=ORIENTED_EDGE('',*,*,#5642,.F.);
#7076=ORIENTED_EDGE('',*,*,#5643,.T.);
#7077=ORIENTED_EDGE('',*,*,#5638,.F.);
#7078=ORIENTED_EDGE('',*,*,#5643,.F.);
#7079=ORIENTED_EDGE('',*,*,#5644,.T.);
#7080=ORIENTED_EDGE('',*,*,#5645,.F.);
#7081=ORIENTED_EDGE('',*,*,#5644,.F.);
#7082=ORIENTED_EDGE('',*,*,#5646,.T.);
#7083=ORIENTED_EDGE('',*,*,#5647,.T.);
#7084=ORIENTED_EDGE('',*,*,#5648,.T.);
#7085=ORIENTED_EDGE('',*,*,#5649,.T.);
#7086=ORIENTED_EDGE('',*,*,#5647,.F.);
#7087=ORIENTED_EDGE('',*,*,#5650,.F.);
#7088=ORIENTED_EDGE('',*,*,#5651,.F.);
#7089=ORIENTED_EDGE('',*,*,#5652,.T.);
#7090=ORIENTED_EDGE('',*,*,#5646,.F.);
#7091=ORIENTED_EDGE('',*,*,#5653,.T.);
#7092=ORIENTED_EDGE('',*,*,#5654,.F.);
#7093=ORIENTED_EDGE('',*,*,#5655,.T.);
#7094=ORIENTED_EDGE('',*,*,#5656,.F.);
#7095=ORIENTED_EDGE('',*,*,#5657,.T.);
#7096=ORIENTED_EDGE('',*,*,#5658,.F.);
#7097=ORIENTED_EDGE('',*,*,#5650,.T.);
#7098=ORIENTED_EDGE('',*,*,#5645,.T.);
#7099=ORIENTED_EDGE('',*,*,#5637,.T.);
#7100=ORIENTED_EDGE('',*,*,#5631,.T.);
#7101=ORIENTED_EDGE('',*,*,#5628,.T.);
#7102=ORIENTED_EDGE('',*,*,#5625,.T.);
#7103=ORIENTED_EDGE('',*,*,#5622,.T.);
#7104=ORIENTED_EDGE('',*,*,#5619,.T.);
#7105=ORIENTED_EDGE('',*,*,#5654,.T.);
#7106=ORIENTED_EDGE('',*,*,#5659,.T.);
#7107=ORIENTED_EDGE('',*,*,#5660,.T.);
#7108=ORIENTED_EDGE('',*,*,#5661,.T.);
#7109=ORIENTED_EDGE('',*,*,#5661,.F.);
#7110=ORIENTED_EDGE('',*,*,#5662,.T.);
#7111=ORIENTED_EDGE('',*,*,#5663,.F.);
#7112=ORIENTED_EDGE('',*,*,#5655,.F.);
#7113=ORIENTED_EDGE('',*,*,#5656,.T.);
#7114=ORIENTED_EDGE('',*,*,#5663,.T.);
#7115=ORIENTED_EDGE('',*,*,#5664,.T.);
#7116=ORIENTED_EDGE('',*,*,#5665,.T.);
#7117=ORIENTED_EDGE('',*,*,#5658,.T.);
#7118=ORIENTED_EDGE('',*,*,#5666,.T.);
#7119=ORIENTED_EDGE('',*,*,#5667,.T.);
#7120=ORIENTED_EDGE('',*,*,#5651,.T.);
#7121=ORIENTED_EDGE('',*,*,#5665,.F.);
#7122=ORIENTED_EDGE('',*,*,#5668,.T.);
#7123=ORIENTED_EDGE('',*,*,#5666,.F.);
#7124=ORIENTED_EDGE('',*,*,#5657,.F.);
#7125=ORIENTED_EDGE('',*,*,#5649,.F.);
#7126=ORIENTED_EDGE('',*,*,#5669,.T.);
#7127=ORIENTED_EDGE('',*,*,#5659,.F.);
#7128=ORIENTED_EDGE('',*,*,#5653,.F.);
#7129=ORIENTED_EDGE('',*,*,#5648,.F.);
#7130=ORIENTED_EDGE('',*,*,#5652,.F.);
#7131=ORIENTED_EDGE('',*,*,#5667,.F.);
#7132=ORIENTED_EDGE('',*,*,#5668,.F.);
#7133=ORIENTED_EDGE('',*,*,#5664,.F.);
#7134=ORIENTED_EDGE('',*,*,#5662,.F.);
#7135=ORIENTED_EDGE('',*,*,#5660,.F.);
#7136=ORIENTED_EDGE('',*,*,#5669,.F.);
#7137=ORIENTED_EDGE('',*,*,#5641,.T.);
#7138=ORIENTED_EDGE('',*,*,#5632,.T.);
#7139=ORIENTED_EDGE('',*,*,#5629,.T.);
#7140=ORIENTED_EDGE('',*,*,#5626,.T.);
#7141=ORIENTED_EDGE('',*,*,#5623,.T.);
#7142=ORIENTED_EDGE('',*,*,#5620,.T.);
#7143=ORIENTED_EDGE('',*,*,#5617,.T.);
#7144=ORIENTED_EDGE('',*,*,#5670,.T.);
#7145=ORIENTED_EDGE('',*,*,#5671,.F.);
#7146=ORIENTED_EDGE('',*,*,#5672,.T.);
#7147=ORIENTED_EDGE('',*,*,#5670,.F.);
#7148=ORIENTED_EDGE('',*,*,#5672,.F.);
#7149=ORIENTED_EDGE('',*,*,#5671,.T.);
#7150=ORIENTED_EDGE('',*,*,#5673,.F.);
#7151=ORIENTED_EDGE('',*,*,#5674,.F.);
#7152=ORIENTED_EDGE('',*,*,#5675,.T.);
#7153=ORIENTED_EDGE('',*,*,#5676,.F.);
#7154=ORIENTED_EDGE('',*,*,#5677,.F.);
#7155=ORIENTED_EDGE('',*,*,#5678,.F.);
#7156=ORIENTED_EDGE('',*,*,#5679,.T.);
#7157=ORIENTED_EDGE('',*,*,#5680,.F.);
#7158=ORIENTED_EDGE('',*,*,#5681,.F.);
#7159=ORIENTED_EDGE('',*,*,#5675,.F.);
#7160=ORIENTED_EDGE('',*,*,#5682,.F.);
#7161=ORIENTED_EDGE('',*,*,#5679,.F.);
#7162=ORIENTED_EDGE('',*,*,#5677,.T.);
#7163=ORIENTED_EDGE('',*,*,#5683,.T.);
#7164=ORIENTED_EDGE('',*,*,#5684,.T.);
#7165=ORIENTED_EDGE('',*,*,#5685,.T.);
#7166=ORIENTED_EDGE('',*,*,#5673,.T.);
#7167=ORIENTED_EDGE('',*,*,#5686,.T.);
#7168=ORIENTED_EDGE('',*,*,#5687,.T.);
#7169=ORIENTED_EDGE('',*,*,#5688,.T.);
#7170=ORIENTED_EDGE('',*,*,#5676,.T.);
#7171=ORIENTED_EDGE('',*,*,#5681,.T.);
#7172=ORIENTED_EDGE('',*,*,#5678,.T.);
#7173=ORIENTED_EDGE('',*,*,#5685,.F.);
#7174=ORIENTED_EDGE('',*,*,#5689,.F.);
#7175=ORIENTED_EDGE('',*,*,#5690,.F.);
#7176=ORIENTED_EDGE('',*,*,#5691,.T.);
#7177=ORIENTED_EDGE('',*,*,#5686,.F.);
#7178=ORIENTED_EDGE('',*,*,#5692,.F.);
#7179=ORIENTED_EDGE('',*,*,#5689,.T.);
#7180=ORIENTED_EDGE('',*,*,#5684,.F.);
#7181=ORIENTED_EDGE('',*,*,#5693,.F.);
#7182=ORIENTED_EDGE('',*,*,#5674,.T.);
#7183=ORIENTED_EDGE('',*,*,#5688,.F.);
#7184=ORIENTED_EDGE('',*,*,#5694,.F.);
#7185=ORIENTED_EDGE('',*,*,#5695,.F.);
#7186=ORIENTED_EDGE('',*,*,#5693,.T.);
#7187=ORIENTED_EDGE('',*,*,#5683,.F.);
#7188=ORIENTED_EDGE('',*,*,#5680,.T.);
#7189=ORIENTED_EDGE('',*,*,#5682,.T.);
#7190=ORIENTED_EDGE('',*,*,#5696,.F.);
#7191=ORIENTED_EDGE('',*,*,#5694,.T.);
#7192=ORIENTED_EDGE('',*,*,#5687,.F.);
#7193=ORIENTED_EDGE('',*,*,#5691,.F.);
#7194=ORIENTED_EDGE('',*,*,#5690,.T.);
#7195=ORIENTED_EDGE('',*,*,#5692,.T.);
#7196=ORIENTED_EDGE('',*,*,#5695,.T.);
#7197=ORIENTED_EDGE('',*,*,#5696,.T.);
#7198=ORIENTED_EDGE('',*,*,#5697,.F.);
#7199=ORIENTED_EDGE('',*,*,#5698,.F.);
#7200=ORIENTED_EDGE('',*,*,#5699,.F.);
#7201=ORIENTED_EDGE('',*,*,#5700,.F.);
#7202=ORIENTED_EDGE('',*,*,#5701,.F.);
#7203=ORIENTED_EDGE('',*,*,#5702,.F.);
#7204=ORIENTED_EDGE('',*,*,#5703,.F.);
#7205=ORIENTED_EDGE('',*,*,#5704,.F.);
#7206=ORIENTED_EDGE('',*,*,#5705,.F.);
#7207=ORIENTED_EDGE('',*,*,#5706,.F.);
#7208=ORIENTED_EDGE('',*,*,#5707,.F.);
#7209=ORIENTED_EDGE('',*,*,#5708,.F.);
#7210=ORIENTED_EDGE('',*,*,#5709,.F.);
#7211=ORIENTED_EDGE('',*,*,#5710,.T.);
#7212=ORIENTED_EDGE('',*,*,#5711,.F.);
#7213=ORIENTED_EDGE('',*,*,#5706,.T.);
#7214=ORIENTED_EDGE('',*,*,#5712,.F.);
#7215=ORIENTED_EDGE('',*,*,#5713,.F.);
#7216=ORIENTED_EDGE('',*,*,#5714,.F.);
#7217=ORIENTED_EDGE('',*,*,#5710,.F.);
#7218=ORIENTED_EDGE('',*,*,#5715,.F.);
#7219=ORIENTED_EDGE('',*,*,#5716,.T.);
#7220=ORIENTED_EDGE('',*,*,#5717,.F.);
#7221=ORIENTED_EDGE('',*,*,#5716,.F.);
#7222=ORIENTED_EDGE('',*,*,#5718,.F.);
#7223=ORIENTED_EDGE('',*,*,#5719,.T.);
#7224=ORIENTED_EDGE('',*,*,#5720,.F.);
#7225=ORIENTED_EDGE('',*,*,#5719,.F.);
#7226=ORIENTED_EDGE('',*,*,#5721,.F.);
#7227=ORIENTED_EDGE('',*,*,#5722,.T.);
#7228=ORIENTED_EDGE('',*,*,#5723,.F.);
#7229=ORIENTED_EDGE('',*,*,#5722,.F.);
#7230=ORIENTED_EDGE('',*,*,#5724,.F.);
#7231=ORIENTED_EDGE('',*,*,#5725,.T.);
#7232=ORIENTED_EDGE('',*,*,#5726,.F.);
#7233=ORIENTED_EDGE('',*,*,#5725,.F.);
#7234=ORIENTED_EDGE('',*,*,#5727,.F.);
#7235=ORIENTED_EDGE('',*,*,#5728,.F.);
#7236=ORIENTED_EDGE('',*,*,#5729,.F.);
#7237=ORIENTED_EDGE('',*,*,#5730,.F.);
#7238=ORIENTED_EDGE('',*,*,#5731,.F.);
#7239=ORIENTED_EDGE('',*,*,#5732,.F.);
#7240=ORIENTED_EDGE('',*,*,#5733,.F.);
#7241=ORIENTED_EDGE('',*,*,#5734,.F.);
#7242=ORIENTED_EDGE('',*,*,#5708,.T.);
#7243=ORIENTED_EDGE('',*,*,#5735,.T.);
#7244=ORIENTED_EDGE('',*,*,#5728,.T.);
#7245=ORIENTED_EDGE('',*,*,#5736,.F.);
#7246=ORIENTED_EDGE('',*,*,#5703,.T.);
#7247=ORIENTED_EDGE('',*,*,#5737,.T.);
#7248=ORIENTED_EDGE('',*,*,#5713,.T.);
#7249=ORIENTED_EDGE('',*,*,#5738,.F.);
#7250=ORIENTED_EDGE('',*,*,#5699,.T.);
#7251=ORIENTED_EDGE('',*,*,#5739,.F.);
#7252=ORIENTED_EDGE('',*,*,#5734,.T.);
#7253=ORIENTED_EDGE('',*,*,#5740,.T.);
#7254=ORIENTED_EDGE('',*,*,#5698,.T.);
#7255=ORIENTED_EDGE('',*,*,#5741,.T.);
#7256=ORIENTED_EDGE('',*,*,#5704,.T.);
#7257=ORIENTED_EDGE('',*,*,#5738,.T.);
#7258=ORIENTED_EDGE('',*,*,#5712,.T.);
#7259=ORIENTED_EDGE('',*,*,#5709,.T.);
#7260=ORIENTED_EDGE('',*,*,#5705,.T.);
#7261=ORIENTED_EDGE('',*,*,#5736,.T.);
#7262=ORIENTED_EDGE('',*,*,#5727,.T.);
#7263=ORIENTED_EDGE('',*,*,#5742,.T.);
#7264=ORIENTED_EDGE('',*,*,#5731,.T.);
#7265=ORIENTED_EDGE('',*,*,#5739,.T.);
#7266=ORIENTED_EDGE('',*,*,#5726,.T.);
#7267=ORIENTED_EDGE('',*,*,#5723,.T.);
#7268=ORIENTED_EDGE('',*,*,#5720,.T.);
#7269=ORIENTED_EDGE('',*,*,#5717,.T.);
#7270=ORIENTED_EDGE('',*,*,#5700,.T.);
#7271=ORIENTED_EDGE('',*,*,#5740,.F.);
#7272=ORIENTED_EDGE('',*,*,#5733,.T.);
#7273=ORIENTED_EDGE('',*,*,#5743,.F.);
#7274=ORIENTED_EDGE('',*,*,#5729,.T.);
#7275=ORIENTED_EDGE('',*,*,#5735,.F.);
#7276=ORIENTED_EDGE('',*,*,#5707,.T.);
#7277=ORIENTED_EDGE('',*,*,#5711,.T.);
#7278=ORIENTED_EDGE('',*,*,#5714,.T.);
#7279=ORIENTED_EDGE('',*,*,#5737,.F.);
#7280=ORIENTED_EDGE('',*,*,#5702,.T.);
#7281=ORIENTED_EDGE('',*,*,#5744,.F.);
#7282=ORIENTED_EDGE('',*,*,#5724,.T.);
#7283=ORIENTED_EDGE('',*,*,#5721,.T.);
#7284=ORIENTED_EDGE('',*,*,#5718,.T.);
#7285=ORIENTED_EDGE('',*,*,#5715,.T.);
#7286=ORIENTED_EDGE('',*,*,#5697,.T.);
#7287=ORIENTED_EDGE('',*,*,#5744,.T.);
#7288=ORIENTED_EDGE('',*,*,#5701,.T.);
#7289=ORIENTED_EDGE('',*,*,#5741,.F.);
#7290=ORIENTED_EDGE('',*,*,#5730,.T.);
#7291=ORIENTED_EDGE('',*,*,#5743,.T.);
#7292=ORIENTED_EDGE('',*,*,#5732,.T.);
#7293=ORIENTED_EDGE('',*,*,#5742,.F.);
#7294=ORIENTED_EDGE('',*,*,#5745,.F.);
#7295=ORIENTED_EDGE('',*,*,#5746,.T.);
#7296=ORIENTED_EDGE('',*,*,#5747,.T.);
#7297=ORIENTED_EDGE('',*,*,#5746,.F.);
#7298=ORIENTED_EDGE('',*,*,#5745,.T.);
#7299=ORIENTED_EDGE('',*,*,#5747,.F.);
#7300=ORIENTED_EDGE('',*,*,#5748,.T.);
#7301=ORIENTED_EDGE('',*,*,#5749,.T.);
#7302=ORIENTED_EDGE('',*,*,#5750,.F.);
#7303=ORIENTED_EDGE('',*,*,#5751,.F.);
#7304=ORIENTED_EDGE('',*,*,#5752,.T.);
#7305=ORIENTED_EDGE('',*,*,#5751,.T.);
#7306=ORIENTED_EDGE('',*,*,#5753,.F.);
#7307=ORIENTED_EDGE('',*,*,#5754,.F.);
#7308=ORIENTED_EDGE('',*,*,#5755,.T.);
#7309=ORIENTED_EDGE('',*,*,#5754,.T.);
#7310=ORIENTED_EDGE('',*,*,#5756,.F.);
#7311=ORIENTED_EDGE('',*,*,#5757,.F.);
#7312=ORIENTED_EDGE('',*,*,#5758,.T.);
#7313=ORIENTED_EDGE('',*,*,#5757,.T.);
#7314=ORIENTED_EDGE('',*,*,#5759,.F.);
#7315=ORIENTED_EDGE('',*,*,#5749,.F.);
#7316=ORIENTED_EDGE('',*,*,#5759,.T.);
#7317=ORIENTED_EDGE('',*,*,#5756,.T.);
#7318=ORIENTED_EDGE('',*,*,#5753,.T.);
#7319=ORIENTED_EDGE('',*,*,#5750,.T.);
#7320=ORIENTED_EDGE('',*,*,#5758,.F.);
#7321=ORIENTED_EDGE('',*,*,#5748,.F.);
#7322=ORIENTED_EDGE('',*,*,#5752,.F.);
#7323=ORIENTED_EDGE('',*,*,#5755,.F.);
#7324=ORIENTED_EDGE('',*,*,#5760,.F.);
#7325=ORIENTED_EDGE('',*,*,#5761,.T.);
#7326=ORIENTED_EDGE('',*,*,#5762,.T.);
#7327=ORIENTED_EDGE('',*,*,#5761,.F.);
#7328=ORIENTED_EDGE('',*,*,#5760,.T.);
#7329=ORIENTED_EDGE('',*,*,#5762,.F.);
#7330=ORIENTED_EDGE('',*,*,#5763,.T.);
#7331=ORIENTED_EDGE('',*,*,#5764,.T.);
#7332=ORIENTED_EDGE('',*,*,#5765,.F.);
#7333=ORIENTED_EDGE('',*,*,#5766,.F.);
#7334=ORIENTED_EDGE('',*,*,#5767,.T.);
#7335=ORIENTED_EDGE('',*,*,#5766,.T.);
#7336=ORIENTED_EDGE('',*,*,#5768,.F.);
#7337=ORIENTED_EDGE('',*,*,#5769,.F.);
#7338=ORIENTED_EDGE('',*,*,#5770,.T.);
#7339=ORIENTED_EDGE('',*,*,#5769,.T.);
#7340=ORIENTED_EDGE('',*,*,#5771,.F.);
#7341=ORIENTED_EDGE('',*,*,#5772,.F.);
#7342=ORIENTED_EDGE('',*,*,#5773,.T.);
#7343=ORIENTED_EDGE('',*,*,#5772,.T.);
#7344=ORIENTED_EDGE('',*,*,#5774,.F.);
#7345=ORIENTED_EDGE('',*,*,#5764,.F.);
#7346=ORIENTED_EDGE('',*,*,#5774,.T.);
#7347=ORIENTED_EDGE('',*,*,#5771,.T.);
#7348=ORIENTED_EDGE('',*,*,#5768,.T.);
#7349=ORIENTED_EDGE('',*,*,#5765,.T.);
#7350=ORIENTED_EDGE('',*,*,#5773,.F.);
#7351=ORIENTED_EDGE('',*,*,#5763,.F.);
#7352=ORIENTED_EDGE('',*,*,#5767,.F.);
#7353=ORIENTED_EDGE('',*,*,#5770,.F.);
#7354=ORIENTED_EDGE('',*,*,#5775,.T.);
#7355=ORIENTED_EDGE('',*,*,#5776,.T.);
#7356=ORIENTED_EDGE('',*,*,#5777,.F.);
#7357=ORIENTED_EDGE('',*,*,#5778,.F.);
#7358=ORIENTED_EDGE('',*,*,#5779,.T.);
#7359=ORIENTED_EDGE('',*,*,#5778,.T.);
#7360=ORIENTED_EDGE('',*,*,#5780,.F.);
#7361=ORIENTED_EDGE('',*,*,#5781,.F.);
#7362=ORIENTED_EDGE('',*,*,#5782,.T.);
#7363=ORIENTED_EDGE('',*,*,#5781,.T.);
#7364=ORIENTED_EDGE('',*,*,#5783,.F.);
#7365=ORIENTED_EDGE('',*,*,#5784,.F.);
#7366=ORIENTED_EDGE('',*,*,#5785,.T.);
#7367=ORIENTED_EDGE('',*,*,#5784,.T.);
#7368=ORIENTED_EDGE('',*,*,#5786,.F.);
#7369=ORIENTED_EDGE('',*,*,#5776,.F.);
#7370=ORIENTED_EDGE('',*,*,#5786,.T.);
#7371=ORIENTED_EDGE('',*,*,#5783,.T.);
#7372=ORIENTED_EDGE('',*,*,#5780,.T.);
#7373=ORIENTED_EDGE('',*,*,#5777,.T.);
#7374=ORIENTED_EDGE('',*,*,#5785,.F.);
#7375=ORIENTED_EDGE('',*,*,#5775,.F.);
#7376=ORIENTED_EDGE('',*,*,#5779,.F.);
#7377=ORIENTED_EDGE('',*,*,#5782,.F.);
#7378=ORIENTED_EDGE('',*,*,#5787,.T.);
#7379=ORIENTED_EDGE('',*,*,#5788,.T.);
#7380=ORIENTED_EDGE('',*,*,#5789,.F.);
#7381=ORIENTED_EDGE('',*,*,#5790,.F.);
#7382=ORIENTED_EDGE('',*,*,#5791,.T.);
#7383=ORIENTED_EDGE('',*,*,#5790,.T.);
#7384=ORIENTED_EDGE('',*,*,#5792,.F.);
#7385=ORIENTED_EDGE('',*,*,#5793,.F.);
#7386=ORIENTED_EDGE('',*,*,#5794,.T.);
#7387=ORIENTED_EDGE('',*,*,#5793,.T.);
#7388=ORIENTED_EDGE('',*,*,#5795,.F.);
#7389=ORIENTED_EDGE('',*,*,#5796,.F.);
#7390=ORIENTED_EDGE('',*,*,#5797,.T.);
#7391=ORIENTED_EDGE('',*,*,#5796,.T.);
#7392=ORIENTED_EDGE('',*,*,#5798,.F.);
#7393=ORIENTED_EDGE('',*,*,#5788,.F.);
#7394=ORIENTED_EDGE('',*,*,#5798,.T.);
#7395=ORIENTED_EDGE('',*,*,#5795,.T.);
#7396=ORIENTED_EDGE('',*,*,#5792,.T.);
#7397=ORIENTED_EDGE('',*,*,#5789,.T.);
#7398=ORIENTED_EDGE('',*,*,#5797,.F.);
#7399=ORIENTED_EDGE('',*,*,#5787,.F.);
#7400=ORIENTED_EDGE('',*,*,#5791,.F.);
#7401=ORIENTED_EDGE('',*,*,#5794,.F.);
#7402=ORIENTED_EDGE('',*,*,#5799,.T.);
#7403=ORIENTED_EDGE('',*,*,#5800,.T.);
#7404=ORIENTED_EDGE('',*,*,#5801,.F.);
#7405=ORIENTED_EDGE('',*,*,#5802,.F.);
#7406=ORIENTED_EDGE('',*,*,#5803,.T.);
#7407=ORIENTED_EDGE('',*,*,#5802,.T.);
#7408=ORIENTED_EDGE('',*,*,#5804,.F.);
#7409=ORIENTED_EDGE('',*,*,#5805,.F.);
#7410=ORIENTED_EDGE('',*,*,#5806,.T.);
#7411=ORIENTED_EDGE('',*,*,#5805,.T.);
#7412=ORIENTED_EDGE('',*,*,#5807,.F.);
#7413=ORIENTED_EDGE('',*,*,#5808,.F.);
#7414=ORIENTED_EDGE('',*,*,#5809,.T.);
#7415=ORIENTED_EDGE('',*,*,#5808,.T.);
#7416=ORIENTED_EDGE('',*,*,#5810,.F.);
#7417=ORIENTED_EDGE('',*,*,#5800,.F.);
#7418=ORIENTED_EDGE('',*,*,#5810,.T.);
#7419=ORIENTED_EDGE('',*,*,#5807,.T.);
#7420=ORIENTED_EDGE('',*,*,#5804,.T.);
#7421=ORIENTED_EDGE('',*,*,#5801,.T.);
#7422=ORIENTED_EDGE('',*,*,#5809,.F.);
#7423=ORIENTED_EDGE('',*,*,#5799,.F.);
#7424=ORIENTED_EDGE('',*,*,#5803,.F.);
#7425=ORIENTED_EDGE('',*,*,#5806,.F.);
#7426=ORIENTED_EDGE('',*,*,#5811,.T.);
#7427=ORIENTED_EDGE('',*,*,#5812,.T.);
#7428=ORIENTED_EDGE('',*,*,#5813,.F.);
#7429=ORIENTED_EDGE('',*,*,#5814,.F.);
#7430=ORIENTED_EDGE('',*,*,#5815,.T.);
#7431=ORIENTED_EDGE('',*,*,#5814,.T.);
#7432=ORIENTED_EDGE('',*,*,#5816,.F.);
#7433=ORIENTED_EDGE('',*,*,#5817,.F.);
#7434=ORIENTED_EDGE('',*,*,#5818,.T.);
#7435=ORIENTED_EDGE('',*,*,#5817,.T.);
#7436=ORIENTED_EDGE('',*,*,#5819,.F.);
#7437=ORIENTED_EDGE('',*,*,#5820,.F.);
#7438=ORIENTED_EDGE('',*,*,#5821,.T.);
#7439=ORIENTED_EDGE('',*,*,#5820,.T.);
#7440=ORIENTED_EDGE('',*,*,#5822,.F.);
#7441=ORIENTED_EDGE('',*,*,#5812,.F.);
#7442=ORIENTED_EDGE('',*,*,#5822,.T.);
#7443=ORIENTED_EDGE('',*,*,#5819,.T.);
#7444=ORIENTED_EDGE('',*,*,#5816,.T.);
#7445=ORIENTED_EDGE('',*,*,#5813,.T.);
#7446=ORIENTED_EDGE('',*,*,#5821,.F.);
#7447=ORIENTED_EDGE('',*,*,#5811,.F.);
#7448=ORIENTED_EDGE('',*,*,#5815,.F.);
#7449=ORIENTED_EDGE('',*,*,#5818,.F.);
#7450=ORIENTED_EDGE('',*,*,#5823,.T.);
#7451=ORIENTED_EDGE('',*,*,#5824,.T.);
#7452=ORIENTED_EDGE('',*,*,#5825,.F.);
#7453=ORIENTED_EDGE('',*,*,#5826,.F.);
#7454=ORIENTED_EDGE('',*,*,#5827,.T.);
#7455=ORIENTED_EDGE('',*,*,#5826,.T.);
#7456=ORIENTED_EDGE('',*,*,#5828,.F.);
#7457=ORIENTED_EDGE('',*,*,#5829,.F.);
#7458=ORIENTED_EDGE('',*,*,#5830,.T.);
#7459=ORIENTED_EDGE('',*,*,#5829,.T.);
#7460=ORIENTED_EDGE('',*,*,#5831,.F.);
#7461=ORIENTED_EDGE('',*,*,#5832,.F.);
#7462=ORIENTED_EDGE('',*,*,#5833,.T.);
#7463=ORIENTED_EDGE('',*,*,#5832,.T.);
#7464=ORIENTED_EDGE('',*,*,#5834,.F.);
#7465=ORIENTED_EDGE('',*,*,#5824,.F.);
#7466=ORIENTED_EDGE('',*,*,#5834,.T.);
#7467=ORIENTED_EDGE('',*,*,#5831,.T.);
#7468=ORIENTED_EDGE('',*,*,#5828,.T.);
#7469=ORIENTED_EDGE('',*,*,#5825,.T.);
#7470=ORIENTED_EDGE('',*,*,#5833,.F.);
#7471=ORIENTED_EDGE('',*,*,#5823,.F.);
#7472=ORIENTED_EDGE('',*,*,#5827,.F.);
#7473=ORIENTED_EDGE('',*,*,#5830,.F.);
#7474=ORIENTED_EDGE('',*,*,#5835,.F.);
#7475=ORIENTED_EDGE('',*,*,#5836,.T.);
#7476=ORIENTED_EDGE('',*,*,#5837,.F.);
#7477=ORIENTED_EDGE('',*,*,#5838,.F.);
#7478=ORIENTED_EDGE('',*,*,#5839,.F.);
#7479=ORIENTED_EDGE('',*,*,#5838,.T.);
#7480=ORIENTED_EDGE('',*,*,#5840,.F.);
#7481=ORIENTED_EDGE('',*,*,#5841,.F.);
#7482=ORIENTED_EDGE('',*,*,#5842,.F.);
#7483=ORIENTED_EDGE('',*,*,#5841,.T.);
#7484=ORIENTED_EDGE('',*,*,#5843,.F.);
#7485=ORIENTED_EDGE('',*,*,#5844,.F.);
#7486=ORIENTED_EDGE('',*,*,#5845,.F.);
#7487=ORIENTED_EDGE('',*,*,#5844,.T.);
#7488=ORIENTED_EDGE('',*,*,#5846,.F.);
#7489=ORIENTED_EDGE('',*,*,#5836,.F.);
#7490=ORIENTED_EDGE('',*,*,#5845,.T.);
#7491=ORIENTED_EDGE('',*,*,#5835,.T.);
#7492=ORIENTED_EDGE('',*,*,#5839,.T.);
#7493=ORIENTED_EDGE('',*,*,#5842,.T.);
#7494=ORIENTED_EDGE('',*,*,#5846,.T.);
#7495=ORIENTED_EDGE('',*,*,#5843,.T.);
#7496=ORIENTED_EDGE('',*,*,#5840,.T.);
#7497=ORIENTED_EDGE('',*,*,#5837,.T.);
#7498=ORIENTED_EDGE('',*,*,#5847,.F.);
#7499=ORIENTED_EDGE('',*,*,#5848,.T.);
#7500=ORIENTED_EDGE('',*,*,#5849,.F.);
#7501=ORIENTED_EDGE('',*,*,#5850,.F.);
#7502=ORIENTED_EDGE('',*,*,#5851,.F.);
#7503=ORIENTED_EDGE('',*,*,#5850,.T.);
#7504=ORIENTED_EDGE('',*,*,#5852,.F.);
#7505=ORIENTED_EDGE('',*,*,#5853,.F.);
#7506=ORIENTED_EDGE('',*,*,#5854,.F.);
#7507=ORIENTED_EDGE('',*,*,#5853,.T.);
#7508=ORIENTED_EDGE('',*,*,#5855,.F.);
#7509=ORIENTED_EDGE('',*,*,#5856,.F.);
#7510=ORIENTED_EDGE('',*,*,#5857,.F.);
#7511=ORIENTED_EDGE('',*,*,#5856,.T.);
#7512=ORIENTED_EDGE('',*,*,#5858,.F.);
#7513=ORIENTED_EDGE('',*,*,#5848,.F.);
#7514=ORIENTED_EDGE('',*,*,#5857,.T.);
#7515=ORIENTED_EDGE('',*,*,#5847,.T.);
#7516=ORIENTED_EDGE('',*,*,#5851,.T.);
#7517=ORIENTED_EDGE('',*,*,#5854,.T.);
#7518=ORIENTED_EDGE('',*,*,#5858,.T.);
#7519=ORIENTED_EDGE('',*,*,#5855,.T.);
#7520=ORIENTED_EDGE('',*,*,#5852,.T.);
#7521=ORIENTED_EDGE('',*,*,#5849,.T.);
#7522=ORIENTED_EDGE('',*,*,#5859,.F.);
#7523=ORIENTED_EDGE('',*,*,#5860,.T.);
#7524=ORIENTED_EDGE('',*,*,#5861,.F.);
#7525=ORIENTED_EDGE('',*,*,#5862,.F.);
#7526=ORIENTED_EDGE('',*,*,#5863,.F.);
#7527=ORIENTED_EDGE('',*,*,#5862,.T.);
#7528=ORIENTED_EDGE('',*,*,#5864,.F.);
#7529=ORIENTED_EDGE('',*,*,#5865,.F.);
#7530=ORIENTED_EDGE('',*,*,#5866,.F.);
#7531=ORIENTED_EDGE('',*,*,#5865,.T.);
#7532=ORIENTED_EDGE('',*,*,#5867,.F.);
#7533=ORIENTED_EDGE('',*,*,#5868,.F.);
#7534=ORIENTED_EDGE('',*,*,#5869,.F.);
#7535=ORIENTED_EDGE('',*,*,#5868,.T.);
#7536=ORIENTED_EDGE('',*,*,#5870,.F.);
#7537=ORIENTED_EDGE('',*,*,#5860,.F.);
#7538=ORIENTED_EDGE('',*,*,#5869,.T.);
#7539=ORIENTED_EDGE('',*,*,#5859,.T.);
#7540=ORIENTED_EDGE('',*,*,#5863,.T.);
#7541=ORIENTED_EDGE('',*,*,#5866,.T.);
#7542=ORIENTED_EDGE('',*,*,#5870,.T.);
#7543=ORIENTED_EDGE('',*,*,#5867,.T.);
#7544=ORIENTED_EDGE('',*,*,#5864,.T.);
#7545=ORIENTED_EDGE('',*,*,#5861,.T.);
#7546=ORIENTED_EDGE('',*,*,#5871,.F.);
#7547=ORIENTED_EDGE('',*,*,#5872,.T.);
#7548=ORIENTED_EDGE('',*,*,#5873,.F.);
#7549=ORIENTED_EDGE('',*,*,#5874,.F.);
#7550=ORIENTED_EDGE('',*,*,#5875,.F.);
#7551=ORIENTED_EDGE('',*,*,#5874,.T.);
#7552=ORIENTED_EDGE('',*,*,#5876,.F.);
#7553=ORIENTED_EDGE('',*,*,#5877,.F.);
#7554=ORIENTED_EDGE('',*,*,#5878,.F.);
#7555=ORIENTED_EDGE('',*,*,#5877,.T.);
#7556=ORIENTED_EDGE('',*,*,#5879,.F.);
#7557=ORIENTED_EDGE('',*,*,#5880,.F.);
#7558=ORIENTED_EDGE('',*,*,#5881,.F.);
#7559=ORIENTED_EDGE('',*,*,#5880,.T.);
#7560=ORIENTED_EDGE('',*,*,#5882,.F.);
#7561=ORIENTED_EDGE('',*,*,#5872,.F.);
#7562=ORIENTED_EDGE('',*,*,#5881,.T.);
#7563=ORIENTED_EDGE('',*,*,#5871,.T.);
#7564=ORIENTED_EDGE('',*,*,#5875,.T.);
#7565=ORIENTED_EDGE('',*,*,#5878,.T.);
#7566=ORIENTED_EDGE('',*,*,#5882,.T.);
#7567=ORIENTED_EDGE('',*,*,#5879,.T.);
#7568=ORIENTED_EDGE('',*,*,#5876,.T.);
#7569=ORIENTED_EDGE('',*,*,#5873,.T.);
#7570=ORIENTED_EDGE('',*,*,#5883,.F.);
#7571=ORIENTED_EDGE('',*,*,#5884,.T.);
#7572=ORIENTED_EDGE('',*,*,#5885,.F.);
#7573=ORIENTED_EDGE('',*,*,#5886,.F.);
#7574=ORIENTED_EDGE('',*,*,#5887,.F.);
#7575=ORIENTED_EDGE('',*,*,#5886,.T.);
#7576=ORIENTED_EDGE('',*,*,#5888,.F.);
#7577=ORIENTED_EDGE('',*,*,#5889,.F.);
#7578=ORIENTED_EDGE('',*,*,#5890,.F.);
#7579=ORIENTED_EDGE('',*,*,#5889,.T.);
#7580=ORIENTED_EDGE('',*,*,#5891,.F.);
#7581=ORIENTED_EDGE('',*,*,#5892,.F.);
#7582=ORIENTED_EDGE('',*,*,#5893,.F.);
#7583=ORIENTED_EDGE('',*,*,#5892,.T.);
#7584=ORIENTED_EDGE('',*,*,#5894,.F.);
#7585=ORIENTED_EDGE('',*,*,#5884,.F.);
#7586=ORIENTED_EDGE('',*,*,#5893,.T.);
#7587=ORIENTED_EDGE('',*,*,#5883,.T.);
#7588=ORIENTED_EDGE('',*,*,#5887,.T.);
#7589=ORIENTED_EDGE('',*,*,#5890,.T.);
#7590=ORIENTED_EDGE('',*,*,#5894,.T.);
#7591=ORIENTED_EDGE('',*,*,#5891,.T.);
#7592=ORIENTED_EDGE('',*,*,#5888,.T.);
#7593=ORIENTED_EDGE('',*,*,#5885,.T.);
#7594=ORIENTED_EDGE('',*,*,#5895,.F.);
#7595=ORIENTED_EDGE('',*,*,#5896,.T.);
#7596=ORIENTED_EDGE('',*,*,#5897,.F.);
#7597=ORIENTED_EDGE('',*,*,#5898,.F.);
#7598=ORIENTED_EDGE('',*,*,#5899,.F.);
#7599=ORIENTED_EDGE('',*,*,#5898,.T.);
#7600=ORIENTED_EDGE('',*,*,#5900,.F.);
#7601=ORIENTED_EDGE('',*,*,#5901,.F.);
#7602=ORIENTED_EDGE('',*,*,#5902,.F.);
#7603=ORIENTED_EDGE('',*,*,#5901,.T.);
#7604=ORIENTED_EDGE('',*,*,#5903,.F.);
#7605=ORIENTED_EDGE('',*,*,#5904,.F.);
#7606=ORIENTED_EDGE('',*,*,#5905,.F.);
#7607=ORIENTED_EDGE('',*,*,#5904,.T.);
#7608=ORIENTED_EDGE('',*,*,#5906,.F.);
#7609=ORIENTED_EDGE('',*,*,#5896,.F.);
#7610=ORIENTED_EDGE('',*,*,#5905,.T.);
#7611=ORIENTED_EDGE('',*,*,#5895,.T.);
#7612=ORIENTED_EDGE('',*,*,#5899,.T.);
#7613=ORIENTED_EDGE('',*,*,#5902,.T.);
#7614=ORIENTED_EDGE('',*,*,#5906,.T.);
#7615=ORIENTED_EDGE('',*,*,#5903,.T.);
#7616=ORIENTED_EDGE('',*,*,#5900,.T.);
#7617=ORIENTED_EDGE('',*,*,#5897,.T.);
#7618=ORIENTED_EDGE('',*,*,#5907,.F.);
#7619=ORIENTED_EDGE('',*,*,#5908,.T.);
#7620=ORIENTED_EDGE('',*,*,#5909,.F.);
#7621=ORIENTED_EDGE('',*,*,#5910,.F.);
#7622=ORIENTED_EDGE('',*,*,#5911,.F.);
#7623=ORIENTED_EDGE('',*,*,#5910,.T.);
#7624=ORIENTED_EDGE('',*,*,#5912,.F.);
#7625=ORIENTED_EDGE('',*,*,#5913,.F.);
#7626=ORIENTED_EDGE('',*,*,#5914,.F.);
#7627=ORIENTED_EDGE('',*,*,#5913,.T.);
#7628=ORIENTED_EDGE('',*,*,#5915,.F.);
#7629=ORIENTED_EDGE('',*,*,#5916,.F.);
#7630=ORIENTED_EDGE('',*,*,#5917,.F.);
#7631=ORIENTED_EDGE('',*,*,#5916,.T.);
#7632=ORIENTED_EDGE('',*,*,#5918,.F.);
#7633=ORIENTED_EDGE('',*,*,#5908,.F.);
#7634=ORIENTED_EDGE('',*,*,#5917,.T.);
#7635=ORIENTED_EDGE('',*,*,#5907,.T.);
#7636=ORIENTED_EDGE('',*,*,#5911,.T.);
#7637=ORIENTED_EDGE('',*,*,#5914,.T.);
#7638=ORIENTED_EDGE('',*,*,#5918,.T.);
#7639=ORIENTED_EDGE('',*,*,#5915,.T.);
#7640=ORIENTED_EDGE('',*,*,#5912,.T.);
#7641=ORIENTED_EDGE('',*,*,#5909,.T.);
#7642=ORIENTED_EDGE('',*,*,#5919,.F.);
#7643=ORIENTED_EDGE('',*,*,#5920,.T.);
#7644=ORIENTED_EDGE('',*,*,#5921,.F.);
#7645=ORIENTED_EDGE('',*,*,#5922,.F.);
#7646=ORIENTED_EDGE('',*,*,#5923,.F.);
#7647=ORIENTED_EDGE('',*,*,#5922,.T.);
#7648=ORIENTED_EDGE('',*,*,#5924,.F.);
#7649=ORIENTED_EDGE('',*,*,#5925,.F.);
#7650=ORIENTED_EDGE('',*,*,#5926,.F.);
#7651=ORIENTED_EDGE('',*,*,#5925,.T.);
#7652=ORIENTED_EDGE('',*,*,#5927,.F.);
#7653=ORIENTED_EDGE('',*,*,#5928,.F.);
#7654=ORIENTED_EDGE('',*,*,#5929,.F.);
#7655=ORIENTED_EDGE('',*,*,#5928,.T.);
#7656=ORIENTED_EDGE('',*,*,#5930,.F.);
#7657=ORIENTED_EDGE('',*,*,#5920,.F.);
#7658=ORIENTED_EDGE('',*,*,#5929,.T.);
#7659=ORIENTED_EDGE('',*,*,#5919,.T.);
#7660=ORIENTED_EDGE('',*,*,#5923,.T.);
#7661=ORIENTED_EDGE('',*,*,#5926,.T.);
#7662=ORIENTED_EDGE('',*,*,#5930,.T.);
#7663=ORIENTED_EDGE('',*,*,#5927,.T.);
#7664=ORIENTED_EDGE('',*,*,#5924,.T.);
#7665=ORIENTED_EDGE('',*,*,#5921,.T.);
#7666=ORIENTED_EDGE('',*,*,#5931,.F.);
#7667=ORIENTED_EDGE('',*,*,#5932,.T.);
#7668=ORIENTED_EDGE('',*,*,#5933,.F.);
#7669=ORIENTED_EDGE('',*,*,#5934,.F.);
#7670=ORIENTED_EDGE('',*,*,#5935,.F.);
#7671=ORIENTED_EDGE('',*,*,#5934,.T.);
#7672=ORIENTED_EDGE('',*,*,#5936,.F.);
#7673=ORIENTED_EDGE('',*,*,#5937,.F.);
#7674=ORIENTED_EDGE('',*,*,#5938,.F.);
#7675=ORIENTED_EDGE('',*,*,#5937,.T.);
#7676=ORIENTED_EDGE('',*,*,#5939,.F.);
#7677=ORIENTED_EDGE('',*,*,#5940,.F.);
#7678=ORIENTED_EDGE('',*,*,#5941,.F.);
#7679=ORIENTED_EDGE('',*,*,#5940,.T.);
#7680=ORIENTED_EDGE('',*,*,#5942,.F.);
#7681=ORIENTED_EDGE('',*,*,#5932,.F.);
#7682=ORIENTED_EDGE('',*,*,#5941,.T.);
#7683=ORIENTED_EDGE('',*,*,#5931,.T.);
#7684=ORIENTED_EDGE('',*,*,#5935,.T.);
#7685=ORIENTED_EDGE('',*,*,#5938,.T.);
#7686=ORIENTED_EDGE('',*,*,#5942,.T.);
#7687=ORIENTED_EDGE('',*,*,#5939,.T.);
#7688=ORIENTED_EDGE('',*,*,#5936,.T.);
#7689=ORIENTED_EDGE('',*,*,#5933,.T.);
#7690=ORIENTED_EDGE('',*,*,#5943,.F.);
#7691=ORIENTED_EDGE('',*,*,#5944,.T.);
#7692=ORIENTED_EDGE('',*,*,#5945,.F.);
#7693=ORIENTED_EDGE('',*,*,#5946,.F.);
#7694=ORIENTED_EDGE('',*,*,#5947,.F.);
#7695=ORIENTED_EDGE('',*,*,#5946,.T.);
#7696=ORIENTED_EDGE('',*,*,#5948,.F.);
#7697=ORIENTED_EDGE('',*,*,#5949,.F.);
#7698=ORIENTED_EDGE('',*,*,#5950,.F.);
#7699=ORIENTED_EDGE('',*,*,#5949,.T.);
#7700=ORIENTED_EDGE('',*,*,#5951,.F.);
#7701=ORIENTED_EDGE('',*,*,#5952,.F.);
#7702=ORIENTED_EDGE('',*,*,#5953,.F.);
#7703=ORIENTED_EDGE('',*,*,#5952,.T.);
#7704=ORIENTED_EDGE('',*,*,#5954,.F.);
#7705=ORIENTED_EDGE('',*,*,#5944,.F.);
#7706=ORIENTED_EDGE('',*,*,#5953,.T.);
#7707=ORIENTED_EDGE('',*,*,#5943,.T.);
#7708=ORIENTED_EDGE('',*,*,#5947,.T.);
#7709=ORIENTED_EDGE('',*,*,#5950,.T.);
#7710=ORIENTED_EDGE('',*,*,#5954,.T.);
#7711=ORIENTED_EDGE('',*,*,#5951,.T.);
#7712=ORIENTED_EDGE('',*,*,#5948,.T.);
#7713=ORIENTED_EDGE('',*,*,#5945,.T.);
#7714=ORIENTED_EDGE('',*,*,#5955,.F.);
#7715=ORIENTED_EDGE('',*,*,#5956,.T.);
#7716=ORIENTED_EDGE('',*,*,#5957,.F.);
#7717=ORIENTED_EDGE('',*,*,#5958,.F.);
#7718=ORIENTED_EDGE('',*,*,#5959,.F.);
#7719=ORIENTED_EDGE('',*,*,#5958,.T.);
#7720=ORIENTED_EDGE('',*,*,#5960,.F.);
#7721=ORIENTED_EDGE('',*,*,#5961,.F.);
#7722=ORIENTED_EDGE('',*,*,#5962,.F.);
#7723=ORIENTED_EDGE('',*,*,#5961,.T.);
#7724=ORIENTED_EDGE('',*,*,#5963,.F.);
#7725=ORIENTED_EDGE('',*,*,#5964,.F.);
#7726=ORIENTED_EDGE('',*,*,#5965,.F.);
#7727=ORIENTED_EDGE('',*,*,#5964,.T.);
#7728=ORIENTED_EDGE('',*,*,#5966,.F.);
#7729=ORIENTED_EDGE('',*,*,#5956,.F.);
#7730=ORIENTED_EDGE('',*,*,#5965,.T.);
#7731=ORIENTED_EDGE('',*,*,#5955,.T.);
#7732=ORIENTED_EDGE('',*,*,#5959,.T.);
#7733=ORIENTED_EDGE('',*,*,#5962,.T.);
#7734=ORIENTED_EDGE('',*,*,#5966,.T.);
#7735=ORIENTED_EDGE('',*,*,#5963,.T.);
#7736=ORIENTED_EDGE('',*,*,#5960,.T.);
#7737=ORIENTED_EDGE('',*,*,#5957,.T.);
#7738=ORIENTED_EDGE('',*,*,#5967,.T.);
#7739=ORIENTED_EDGE('',*,*,#5968,.F.);
#7740=ORIENTED_EDGE('',*,*,#5969,.T.);
#7741=ORIENTED_EDGE('',*,*,#5967,.F.);
#7742=ORIENTED_EDGE('',*,*,#5969,.F.);
#7743=ORIENTED_EDGE('',*,*,#5968,.T.);
#7744=ORIENTED_EDGE('',*,*,#5970,.F.);
#7745=ORIENTED_EDGE('',*,*,#5971,.T.);
#7746=ORIENTED_EDGE('',*,*,#5972,.F.);
#7747=ORIENTED_EDGE('',*,*,#5973,.F.);
#7748=ORIENTED_EDGE('',*,*,#5974,.F.);
#7749=ORIENTED_EDGE('',*,*,#5973,.T.);
#7750=ORIENTED_EDGE('',*,*,#5975,.F.);
#7751=ORIENTED_EDGE('',*,*,#5976,.F.);
#7752=ORIENTED_EDGE('',*,*,#5977,.F.);
#7753=ORIENTED_EDGE('',*,*,#5976,.T.);
#7754=ORIENTED_EDGE('',*,*,#5978,.F.);
#7755=ORIENTED_EDGE('',*,*,#5979,.F.);
#7756=ORIENTED_EDGE('',*,*,#5980,.F.);
#7757=ORIENTED_EDGE('',*,*,#5979,.T.);
#7758=ORIENTED_EDGE('',*,*,#5981,.F.);
#7759=ORIENTED_EDGE('',*,*,#5971,.F.);
#7760=ORIENTED_EDGE('',*,*,#5980,.T.);
#7761=ORIENTED_EDGE('',*,*,#5970,.T.);
#7762=ORIENTED_EDGE('',*,*,#5974,.T.);
#7763=ORIENTED_EDGE('',*,*,#5977,.T.);
#7764=ORIENTED_EDGE('',*,*,#5981,.T.);
#7765=ORIENTED_EDGE('',*,*,#5978,.T.);
#7766=ORIENTED_EDGE('',*,*,#5975,.T.);
#7767=ORIENTED_EDGE('',*,*,#5972,.T.);
#7768=ORIENTED_EDGE('',*,*,#5982,.F.);
#7769=ORIENTED_EDGE('',*,*,#5983,.T.);
#7770=ORIENTED_EDGE('',*,*,#5984,.F.);
#7771=ORIENTED_EDGE('',*,*,#5985,.F.);
#7772=ORIENTED_EDGE('',*,*,#5986,.F.);
#7773=ORIENTED_EDGE('',*,*,#5985,.T.);
#7774=ORIENTED_EDGE('',*,*,#5987,.F.);
#7775=ORIENTED_EDGE('',*,*,#5988,.F.);
#7776=ORIENTED_EDGE('',*,*,#5989,.F.);
#7777=ORIENTED_EDGE('',*,*,#5988,.T.);
#7778=ORIENTED_EDGE('',*,*,#5990,.F.);
#7779=ORIENTED_EDGE('',*,*,#5991,.F.);
#7780=ORIENTED_EDGE('',*,*,#5992,.F.);
#7781=ORIENTED_EDGE('',*,*,#5991,.T.);
#7782=ORIENTED_EDGE('',*,*,#5993,.F.);
#7783=ORIENTED_EDGE('',*,*,#5983,.F.);
#7784=ORIENTED_EDGE('',*,*,#5992,.T.);
#7785=ORIENTED_EDGE('',*,*,#5982,.T.);
#7786=ORIENTED_EDGE('',*,*,#5986,.T.);
#7787=ORIENTED_EDGE('',*,*,#5989,.T.);
#7788=ORIENTED_EDGE('',*,*,#5993,.T.);
#7789=ORIENTED_EDGE('',*,*,#5990,.T.);
#7790=ORIENTED_EDGE('',*,*,#5987,.T.);
#7791=ORIENTED_EDGE('',*,*,#5984,.T.);
#7792=ORIENTED_EDGE('',*,*,#5994,.F.);
#7793=ORIENTED_EDGE('',*,*,#5995,.T.);
#7794=ORIENTED_EDGE('',*,*,#5996,.F.);
#7795=ORIENTED_EDGE('',*,*,#5997,.F.);
#7796=ORIENTED_EDGE('',*,*,#5998,.F.);
#7797=ORIENTED_EDGE('',*,*,#5997,.T.);
#7798=ORIENTED_EDGE('',*,*,#5999,.F.);
#7799=ORIENTED_EDGE('',*,*,#6000,.F.);
#7800=ORIENTED_EDGE('',*,*,#6001,.F.);
#7801=ORIENTED_EDGE('',*,*,#6000,.T.);
#7802=ORIENTED_EDGE('',*,*,#6002,.F.);
#7803=ORIENTED_EDGE('',*,*,#6003,.F.);
#7804=ORIENTED_EDGE('',*,*,#6004,.F.);
#7805=ORIENTED_EDGE('',*,*,#6003,.T.);
#7806=ORIENTED_EDGE('',*,*,#6005,.F.);
#7807=ORIENTED_EDGE('',*,*,#5995,.F.);
#7808=ORIENTED_EDGE('',*,*,#6004,.T.);
#7809=ORIENTED_EDGE('',*,*,#5994,.T.);
#7810=ORIENTED_EDGE('',*,*,#5998,.T.);
#7811=ORIENTED_EDGE('',*,*,#6001,.T.);
#7812=ORIENTED_EDGE('',*,*,#6005,.T.);
#7813=ORIENTED_EDGE('',*,*,#6002,.T.);
#7814=ORIENTED_EDGE('',*,*,#5999,.T.);
#7815=ORIENTED_EDGE('',*,*,#5996,.T.);
#7816=ORIENTED_EDGE('',*,*,#6006,.F.);
#7817=ORIENTED_EDGE('',*,*,#6007,.T.);
#7818=ORIENTED_EDGE('',*,*,#6008,.F.);
#7819=ORIENTED_EDGE('',*,*,#6009,.F.);
#7820=ORIENTED_EDGE('',*,*,#6010,.F.);
#7821=ORIENTED_EDGE('',*,*,#6009,.T.);
#7822=ORIENTED_EDGE('',*,*,#6011,.F.);
#7823=ORIENTED_EDGE('',*,*,#6012,.F.);
#7824=ORIENTED_EDGE('',*,*,#6013,.F.);
#7825=ORIENTED_EDGE('',*,*,#6012,.T.);
#7826=ORIENTED_EDGE('',*,*,#6014,.F.);
#7827=ORIENTED_EDGE('',*,*,#6015,.F.);
#7828=ORIENTED_EDGE('',*,*,#6016,.F.);
#7829=ORIENTED_EDGE('',*,*,#6015,.T.);
#7830=ORIENTED_EDGE('',*,*,#6017,.F.);
#7831=ORIENTED_EDGE('',*,*,#6007,.F.);
#7832=ORIENTED_EDGE('',*,*,#6016,.T.);
#7833=ORIENTED_EDGE('',*,*,#6006,.T.);
#7834=ORIENTED_EDGE('',*,*,#6010,.T.);
#7835=ORIENTED_EDGE('',*,*,#6013,.T.);
#7836=ORIENTED_EDGE('',*,*,#6017,.T.);
#7837=ORIENTED_EDGE('',*,*,#6014,.T.);
#7838=ORIENTED_EDGE('',*,*,#6011,.T.);
#7839=ORIENTED_EDGE('',*,*,#6008,.T.);
#7840=ORIENTED_EDGE('',*,*,#6018,.F.);
#7841=ORIENTED_EDGE('',*,*,#6019,.T.);
#7842=ORIENTED_EDGE('',*,*,#6020,.F.);
#7843=ORIENTED_EDGE('',*,*,#6021,.F.);
#7844=ORIENTED_EDGE('',*,*,#6022,.F.);
#7845=ORIENTED_EDGE('',*,*,#6021,.T.);
#7846=ORIENTED_EDGE('',*,*,#6023,.F.);
#7847=ORIENTED_EDGE('',*,*,#6024,.F.);
#7848=ORIENTED_EDGE('',*,*,#6025,.F.);
#7849=ORIENTED_EDGE('',*,*,#6024,.T.);
#7850=ORIENTED_EDGE('',*,*,#6026,.F.);
#7851=ORIENTED_EDGE('',*,*,#6027,.F.);
#7852=ORIENTED_EDGE('',*,*,#6028,.F.);
#7853=ORIENTED_EDGE('',*,*,#6027,.T.);
#7854=ORIENTED_EDGE('',*,*,#6029,.F.);
#7855=ORIENTED_EDGE('',*,*,#6019,.F.);
#7856=ORIENTED_EDGE('',*,*,#6028,.T.);
#7857=ORIENTED_EDGE('',*,*,#6018,.T.);
#7858=ORIENTED_EDGE('',*,*,#6022,.T.);
#7859=ORIENTED_EDGE('',*,*,#6025,.T.);
#7860=ORIENTED_EDGE('',*,*,#6029,.T.);
#7861=ORIENTED_EDGE('',*,*,#6026,.T.);
#7862=ORIENTED_EDGE('',*,*,#6023,.T.);
#7863=ORIENTED_EDGE('',*,*,#6020,.T.);
#7864=ORIENTED_EDGE('',*,*,#6030,.F.);
#7865=ORIENTED_EDGE('',*,*,#6031,.T.);
#7866=ORIENTED_EDGE('',*,*,#6032,.F.);
#7867=ORIENTED_EDGE('',*,*,#6033,.F.);
#7868=ORIENTED_EDGE('',*,*,#6034,.F.);
#7869=ORIENTED_EDGE('',*,*,#6033,.T.);
#7870=ORIENTED_EDGE('',*,*,#6035,.F.);
#7871=ORIENTED_EDGE('',*,*,#6036,.F.);
#7872=ORIENTED_EDGE('',*,*,#6037,.F.);
#7873=ORIENTED_EDGE('',*,*,#6036,.T.);
#7874=ORIENTED_EDGE('',*,*,#6038,.F.);
#7875=ORIENTED_EDGE('',*,*,#6039,.F.);
#7876=ORIENTED_EDGE('',*,*,#6040,.F.);
#7877=ORIENTED_EDGE('',*,*,#6039,.T.);
#7878=ORIENTED_EDGE('',*,*,#6041,.F.);
#7879=ORIENTED_EDGE('',*,*,#6031,.F.);
#7880=ORIENTED_EDGE('',*,*,#6040,.T.);
#7881=ORIENTED_EDGE('',*,*,#6030,.T.);
#7882=ORIENTED_EDGE('',*,*,#6034,.T.);
#7883=ORIENTED_EDGE('',*,*,#6037,.T.);
#7884=ORIENTED_EDGE('',*,*,#6041,.T.);
#7885=ORIENTED_EDGE('',*,*,#6038,.T.);
#7886=ORIENTED_EDGE('',*,*,#6035,.T.);
#7887=ORIENTED_EDGE('',*,*,#6032,.T.);
#7888=ORIENTED_EDGE('',*,*,#6042,.F.);
#7889=ORIENTED_EDGE('',*,*,#6043,.T.);
#7890=ORIENTED_EDGE('',*,*,#6044,.F.);
#7891=ORIENTED_EDGE('',*,*,#6045,.F.);
#7892=ORIENTED_EDGE('',*,*,#6046,.F.);
#7893=ORIENTED_EDGE('',*,*,#6045,.T.);
#7894=ORIENTED_EDGE('',*,*,#6047,.F.);
#7895=ORIENTED_EDGE('',*,*,#6048,.F.);
#7896=ORIENTED_EDGE('',*,*,#6049,.F.);
#7897=ORIENTED_EDGE('',*,*,#6048,.T.);
#7898=ORIENTED_EDGE('',*,*,#6050,.F.);
#7899=ORIENTED_EDGE('',*,*,#6051,.F.);
#7900=ORIENTED_EDGE('',*,*,#6052,.F.);
#7901=ORIENTED_EDGE('',*,*,#6051,.T.);
#7902=ORIENTED_EDGE('',*,*,#6053,.F.);
#7903=ORIENTED_EDGE('',*,*,#6043,.F.);
#7904=ORIENTED_EDGE('',*,*,#6052,.T.);
#7905=ORIENTED_EDGE('',*,*,#6042,.T.);
#7906=ORIENTED_EDGE('',*,*,#6046,.T.);
#7907=ORIENTED_EDGE('',*,*,#6049,.T.);
#7908=ORIENTED_EDGE('',*,*,#6053,.T.);
#7909=ORIENTED_EDGE('',*,*,#6050,.T.);
#7910=ORIENTED_EDGE('',*,*,#6047,.T.);
#7911=ORIENTED_EDGE('',*,*,#6044,.T.);
#7912=ORIENTED_EDGE('',*,*,#6054,.F.);
#7913=ORIENTED_EDGE('',*,*,#6055,.T.);
#7914=ORIENTED_EDGE('',*,*,#6056,.F.);
#7915=ORIENTED_EDGE('',*,*,#6057,.F.);
#7916=ORIENTED_EDGE('',*,*,#6058,.F.);
#7917=ORIENTED_EDGE('',*,*,#6057,.T.);
#7918=ORIENTED_EDGE('',*,*,#6059,.F.);
#7919=ORIENTED_EDGE('',*,*,#6060,.F.);
#7920=ORIENTED_EDGE('',*,*,#6061,.F.);
#7921=ORIENTED_EDGE('',*,*,#6060,.T.);
#7922=ORIENTED_EDGE('',*,*,#6062,.F.);
#7923=ORIENTED_EDGE('',*,*,#6063,.F.);
#7924=ORIENTED_EDGE('',*,*,#6064,.F.);
#7925=ORIENTED_EDGE('',*,*,#6063,.T.);
#7926=ORIENTED_EDGE('',*,*,#6065,.F.);
#7927=ORIENTED_EDGE('',*,*,#6055,.F.);
#7928=ORIENTED_EDGE('',*,*,#6064,.T.);
#7929=ORIENTED_EDGE('',*,*,#6054,.T.);
#7930=ORIENTED_EDGE('',*,*,#6058,.T.);
#7931=ORIENTED_EDGE('',*,*,#6061,.T.);
#7932=ORIENTED_EDGE('',*,*,#6065,.T.);
#7933=ORIENTED_EDGE('',*,*,#6062,.T.);
#7934=ORIENTED_EDGE('',*,*,#6059,.T.);
#7935=ORIENTED_EDGE('',*,*,#6056,.T.);
#7936=ORIENTED_EDGE('',*,*,#6066,.F.);
#7937=ORIENTED_EDGE('',*,*,#6067,.T.);
#7938=ORIENTED_EDGE('',*,*,#6068,.F.);
#7939=ORIENTED_EDGE('',*,*,#6069,.F.);
#7940=ORIENTED_EDGE('',*,*,#6070,.F.);
#7941=ORIENTED_EDGE('',*,*,#6069,.T.);
#7942=ORIENTED_EDGE('',*,*,#6071,.F.);
#7943=ORIENTED_EDGE('',*,*,#6072,.F.);
#7944=ORIENTED_EDGE('',*,*,#6073,.F.);
#7945=ORIENTED_EDGE('',*,*,#6072,.T.);
#7946=ORIENTED_EDGE('',*,*,#6074,.F.);
#7947=ORIENTED_EDGE('',*,*,#6075,.F.);
#7948=ORIENTED_EDGE('',*,*,#6076,.F.);
#7949=ORIENTED_EDGE('',*,*,#6075,.T.);
#7950=ORIENTED_EDGE('',*,*,#6077,.F.);
#7951=ORIENTED_EDGE('',*,*,#6067,.F.);
#7952=ORIENTED_EDGE('',*,*,#6076,.T.);
#7953=ORIENTED_EDGE('',*,*,#6066,.T.);
#7954=ORIENTED_EDGE('',*,*,#6070,.T.);
#7955=ORIENTED_EDGE('',*,*,#6073,.T.);
#7956=ORIENTED_EDGE('',*,*,#6077,.T.);
#7957=ORIENTED_EDGE('',*,*,#6074,.T.);
#7958=ORIENTED_EDGE('',*,*,#6071,.T.);
#7959=ORIENTED_EDGE('',*,*,#6068,.T.);
#7960=ORIENTED_EDGE('',*,*,#6078,.F.);
#7961=ORIENTED_EDGE('',*,*,#6079,.T.);
#7962=ORIENTED_EDGE('',*,*,#6080,.F.);
#7963=ORIENTED_EDGE('',*,*,#6081,.F.);
#7964=ORIENTED_EDGE('',*,*,#6082,.F.);
#7965=ORIENTED_EDGE('',*,*,#6081,.T.);
#7966=ORIENTED_EDGE('',*,*,#6083,.F.);
#7967=ORIENTED_EDGE('',*,*,#6084,.F.);
#7968=ORIENTED_EDGE('',*,*,#6085,.F.);
#7969=ORIENTED_EDGE('',*,*,#6084,.T.);
#7970=ORIENTED_EDGE('',*,*,#6086,.F.);
#7971=ORIENTED_EDGE('',*,*,#6087,.F.);
#7972=ORIENTED_EDGE('',*,*,#6088,.F.);
#7973=ORIENTED_EDGE('',*,*,#6087,.T.);
#7974=ORIENTED_EDGE('',*,*,#6089,.F.);
#7975=ORIENTED_EDGE('',*,*,#6079,.F.);
#7976=ORIENTED_EDGE('',*,*,#6088,.T.);
#7977=ORIENTED_EDGE('',*,*,#6078,.T.);
#7978=ORIENTED_EDGE('',*,*,#6082,.T.);
#7979=ORIENTED_EDGE('',*,*,#6085,.T.);
#7980=ORIENTED_EDGE('',*,*,#6089,.T.);
#7981=ORIENTED_EDGE('',*,*,#6086,.T.);
#7982=ORIENTED_EDGE('',*,*,#6083,.T.);
#7983=ORIENTED_EDGE('',*,*,#6080,.T.);
#7984=ORIENTED_EDGE('',*,*,#6090,.F.);
#7985=ORIENTED_EDGE('',*,*,#6091,.T.);
#7986=ORIENTED_EDGE('',*,*,#6092,.F.);
#7987=ORIENTED_EDGE('',*,*,#6093,.F.);
#7988=ORIENTED_EDGE('',*,*,#6094,.F.);
#7989=ORIENTED_EDGE('',*,*,#6095,.T.);
#7990=ORIENTED_EDGE('',*,*,#6096,.F.);
#7991=ORIENTED_EDGE('',*,*,#6091,.F.);
#7992=ORIENTED_EDGE('',*,*,#6097,.F.);
#7993=ORIENTED_EDGE('',*,*,#6098,.T.);
#7994=ORIENTED_EDGE('',*,*,#6099,.F.);
#7995=ORIENTED_EDGE('',*,*,#6095,.F.);
#7996=ORIENTED_EDGE('',*,*,#6100,.F.);
#7997=ORIENTED_EDGE('',*,*,#6093,.T.);
#7998=ORIENTED_EDGE('',*,*,#6101,.F.);
#7999=ORIENTED_EDGE('',*,*,#6098,.F.);
#8000=ORIENTED_EDGE('',*,*,#6100,.T.);
#8001=ORIENTED_EDGE('',*,*,#6097,.T.);
#8002=ORIENTED_EDGE('',*,*,#6094,.T.);
#8003=ORIENTED_EDGE('',*,*,#6090,.T.);
#8004=ORIENTED_EDGE('',*,*,#6102,.F.);
#8005=ORIENTED_EDGE('',*,*,#6103,.F.);
#8006=ORIENTED_EDGE('',*,*,#6104,.F.);
#8007=ORIENTED_EDGE('',*,*,#6105,.F.);
#8008=ORIENTED_EDGE('',*,*,#6092,.T.);
#8009=ORIENTED_EDGE('',*,*,#6096,.T.);
#8010=ORIENTED_EDGE('',*,*,#6099,.T.);
#8011=ORIENTED_EDGE('',*,*,#6101,.T.);
#8012=ORIENTED_EDGE('',*,*,#6104,.T.);
#8013=ORIENTED_EDGE('',*,*,#6106,.T.);
#8014=ORIENTED_EDGE('',*,*,#6107,.F.);
#8015=ORIENTED_EDGE('',*,*,#6108,.F.);
#8016=ORIENTED_EDGE('',*,*,#6103,.T.);
#8017=ORIENTED_EDGE('',*,*,#6109,.T.);
#8018=ORIENTED_EDGE('',*,*,#6110,.F.);
#8019=ORIENTED_EDGE('',*,*,#6106,.F.);
#8020=ORIENTED_EDGE('',*,*,#6105,.T.);
#8021=ORIENTED_EDGE('',*,*,#6108,.T.);
#8022=ORIENTED_EDGE('',*,*,#6111,.F.);
#8023=ORIENTED_EDGE('',*,*,#6112,.F.);
#8024=ORIENTED_EDGE('',*,*,#6102,.T.);
#8025=ORIENTED_EDGE('',*,*,#6112,.T.);
#8026=ORIENTED_EDGE('',*,*,#6113,.F.);
#8027=ORIENTED_EDGE('',*,*,#6109,.F.);
#8028=ORIENTED_EDGE('',*,*,#6114,.T.);
#8029=ORIENTED_EDGE('',*,*,#6115,.T.);
#8030=ORIENTED_EDGE('',*,*,#6116,.F.);
#8031=ORIENTED_EDGE('',*,*,#6117,.F.);
#8032=ORIENTED_EDGE('',*,*,#6118,.T.);
#8033=ORIENTED_EDGE('',*,*,#6117,.T.);
#8034=ORIENTED_EDGE('',*,*,#6119,.F.);
#8035=ORIENTED_EDGE('',*,*,#6120,.F.);
#8036=ORIENTED_EDGE('',*,*,#6121,.T.);
#8037=ORIENTED_EDGE('',*,*,#6120,.T.);
#8038=ORIENTED_EDGE('',*,*,#6122,.F.);
#8039=ORIENTED_EDGE('',*,*,#6123,.F.);
#8040=ORIENTED_EDGE('',*,*,#6124,.T.);
#8041=ORIENTED_EDGE('',*,*,#6123,.T.);
#8042=ORIENTED_EDGE('',*,*,#6125,.F.);
#8043=ORIENTED_EDGE('',*,*,#6115,.F.);
#8044=ORIENTED_EDGE('',*,*,#6125,.T.);
#8045=ORIENTED_EDGE('',*,*,#6122,.T.);
#8046=ORIENTED_EDGE('',*,*,#6119,.T.);
#8047=ORIENTED_EDGE('',*,*,#6116,.T.);
#8048=ORIENTED_EDGE('',*,*,#6111,.T.);
#8049=ORIENTED_EDGE('',*,*,#6107,.T.);
#8050=ORIENTED_EDGE('',*,*,#6110,.T.);
#8051=ORIENTED_EDGE('',*,*,#6113,.T.);
#8052=ORIENTED_EDGE('',*,*,#6124,.F.);
#8053=ORIENTED_EDGE('',*,*,#6114,.F.);
#8054=ORIENTED_EDGE('',*,*,#6118,.F.);
#8055=ORIENTED_EDGE('',*,*,#6121,.F.);
#8056=ORIENTED_EDGE('',*,*,#6126,.T.);
#8057=ORIENTED_EDGE('',*,*,#6127,.T.);
#8058=ORIENTED_EDGE('',*,*,#6128,.F.);
#8059=ORIENTED_EDGE('',*,*,#6129,.F.);
#8060=ORIENTED_EDGE('',*,*,#6130,.T.);
#8061=ORIENTED_EDGE('',*,*,#6129,.T.);
#8062=ORIENTED_EDGE('',*,*,#6131,.F.);
#8063=ORIENTED_EDGE('',*,*,#6132,.F.);
#8064=ORIENTED_EDGE('',*,*,#6133,.T.);
#8065=ORIENTED_EDGE('',*,*,#6132,.T.);
#8066=ORIENTED_EDGE('',*,*,#6134,.F.);
#8067=ORIENTED_EDGE('',*,*,#6135,.F.);
#8068=ORIENTED_EDGE('',*,*,#6136,.T.);
#8069=ORIENTED_EDGE('',*,*,#6135,.T.);
#8070=ORIENTED_EDGE('',*,*,#6137,.F.);
#8071=ORIENTED_EDGE('',*,*,#6127,.F.);
#8072=ORIENTED_EDGE('',*,*,#6137,.T.);
#8073=ORIENTED_EDGE('',*,*,#6134,.T.);
#8074=ORIENTED_EDGE('',*,*,#6131,.T.);
#8075=ORIENTED_EDGE('',*,*,#6128,.T.);
#8076=ORIENTED_EDGE('',*,*,#6136,.F.);
#8077=ORIENTED_EDGE('',*,*,#6126,.F.);
#8078=ORIENTED_EDGE('',*,*,#6130,.F.);
#8079=ORIENTED_EDGE('',*,*,#6133,.F.);
#8080=ORIENTED_EDGE('',*,*,#6138,.T.);
#8081=ORIENTED_EDGE('',*,*,#6139,.T.);
#8082=ORIENTED_EDGE('',*,*,#6140,.F.);
#8083=ORIENTED_EDGE('',*,*,#6141,.F.);
#8084=ORIENTED_EDGE('',*,*,#6142,.T.);
#8085=ORIENTED_EDGE('',*,*,#6141,.T.);
#8086=ORIENTED_EDGE('',*,*,#6143,.F.);
#8087=ORIENTED_EDGE('',*,*,#6144,.F.);
#8088=ORIENTED_EDGE('',*,*,#6145,.T.);
#8089=ORIENTED_EDGE('',*,*,#6144,.T.);
#8090=ORIENTED_EDGE('',*,*,#6146,.F.);
#8091=ORIENTED_EDGE('',*,*,#6147,.F.);
#8092=ORIENTED_EDGE('',*,*,#6148,.T.);
#8093=ORIENTED_EDGE('',*,*,#6147,.T.);
#8094=ORIENTED_EDGE('',*,*,#6149,.F.);
#8095=ORIENTED_EDGE('',*,*,#6139,.F.);
#8096=ORIENTED_EDGE('',*,*,#6149,.T.);
#8097=ORIENTED_EDGE('',*,*,#6146,.T.);
#8098=ORIENTED_EDGE('',*,*,#6143,.T.);
#8099=ORIENTED_EDGE('',*,*,#6140,.T.);
#8100=ORIENTED_EDGE('',*,*,#6148,.F.);
#8101=ORIENTED_EDGE('',*,*,#6138,.F.);
#8102=ORIENTED_EDGE('',*,*,#6142,.F.);
#8103=ORIENTED_EDGE('',*,*,#6145,.F.);
#8104=ORIENTED_EDGE('',*,*,#6150,.T.);
#8105=ORIENTED_EDGE('',*,*,#6151,.T.);
#8106=ORIENTED_EDGE('',*,*,#6152,.F.);
#8107=ORIENTED_EDGE('',*,*,#6153,.F.);
#8108=ORIENTED_EDGE('',*,*,#6154,.T.);
#8109=ORIENTED_EDGE('',*,*,#6153,.T.);
#8110=ORIENTED_EDGE('',*,*,#6155,.F.);
#8111=ORIENTED_EDGE('',*,*,#6156,.F.);
#8112=ORIENTED_EDGE('',*,*,#6157,.T.);
#8113=ORIENTED_EDGE('',*,*,#6156,.T.);
#8114=ORIENTED_EDGE('',*,*,#6158,.F.);
#8115=ORIENTED_EDGE('',*,*,#6159,.F.);
#8116=ORIENTED_EDGE('',*,*,#6160,.T.);
#8117=ORIENTED_EDGE('',*,*,#6159,.T.);
#8118=ORIENTED_EDGE('',*,*,#6161,.F.);
#8119=ORIENTED_EDGE('',*,*,#6151,.F.);
#8120=ORIENTED_EDGE('',*,*,#6161,.T.);
#8121=ORIENTED_EDGE('',*,*,#6158,.T.);
#8122=ORIENTED_EDGE('',*,*,#6155,.T.);
#8123=ORIENTED_EDGE('',*,*,#6152,.T.);
#8124=ORIENTED_EDGE('',*,*,#6160,.F.);
#8125=ORIENTED_EDGE('',*,*,#6150,.F.);
#8126=ORIENTED_EDGE('',*,*,#6154,.F.);
#8127=ORIENTED_EDGE('',*,*,#6157,.F.);
#8128=ORIENTED_EDGE('',*,*,#6162,.T.);
#8129=ORIENTED_EDGE('',*,*,#6163,.T.);
#8130=ORIENTED_EDGE('',*,*,#6164,.F.);
#8131=ORIENTED_EDGE('',*,*,#6165,.F.);
#8132=ORIENTED_EDGE('',*,*,#6166,.T.);
#8133=ORIENTED_EDGE('',*,*,#6165,.T.);
#8134=ORIENTED_EDGE('',*,*,#6167,.F.);
#8135=ORIENTED_EDGE('',*,*,#6168,.F.);
#8136=ORIENTED_EDGE('',*,*,#6169,.T.);
#8137=ORIENTED_EDGE('',*,*,#6168,.T.);
#8138=ORIENTED_EDGE('',*,*,#6170,.F.);
#8139=ORIENTED_EDGE('',*,*,#6171,.F.);
#8140=ORIENTED_EDGE('',*,*,#6172,.T.);
#8141=ORIENTED_EDGE('',*,*,#6171,.T.);
#8142=ORIENTED_EDGE('',*,*,#6173,.F.);
#8143=ORIENTED_EDGE('',*,*,#6163,.F.);
#8144=ORIENTED_EDGE('',*,*,#6173,.T.);
#8145=ORIENTED_EDGE('',*,*,#6170,.T.);
#8146=ORIENTED_EDGE('',*,*,#6167,.T.);
#8147=ORIENTED_EDGE('',*,*,#6164,.T.);
#8148=ORIENTED_EDGE('',*,*,#6172,.F.);
#8149=ORIENTED_EDGE('',*,*,#6162,.F.);
#8150=ORIENTED_EDGE('',*,*,#6166,.F.);
#8151=ORIENTED_EDGE('',*,*,#6169,.F.);
#8152=ORIENTED_EDGE('',*,*,#6174,.T.);
#8153=ORIENTED_EDGE('',*,*,#6175,.T.);
#8154=ORIENTED_EDGE('',*,*,#6176,.F.);
#8155=ORIENTED_EDGE('',*,*,#6177,.F.);
#8156=ORIENTED_EDGE('',*,*,#6178,.T.);
#8157=ORIENTED_EDGE('',*,*,#6177,.T.);
#8158=ORIENTED_EDGE('',*,*,#6179,.F.);
#8159=ORIENTED_EDGE('',*,*,#6180,.F.);
#8160=ORIENTED_EDGE('',*,*,#6181,.T.);
#8161=ORIENTED_EDGE('',*,*,#6180,.T.);
#8162=ORIENTED_EDGE('',*,*,#6182,.F.);
#8163=ORIENTED_EDGE('',*,*,#6183,.F.);
#8164=ORIENTED_EDGE('',*,*,#6184,.T.);
#8165=ORIENTED_EDGE('',*,*,#6183,.T.);
#8166=ORIENTED_EDGE('',*,*,#6185,.F.);
#8167=ORIENTED_EDGE('',*,*,#6175,.F.);
#8168=ORIENTED_EDGE('',*,*,#6185,.T.);
#8169=ORIENTED_EDGE('',*,*,#6182,.T.);
#8170=ORIENTED_EDGE('',*,*,#6179,.T.);
#8171=ORIENTED_EDGE('',*,*,#6176,.T.);
#8172=ORIENTED_EDGE('',*,*,#6184,.F.);
#8173=ORIENTED_EDGE('',*,*,#6174,.F.);
#8174=ORIENTED_EDGE('',*,*,#6178,.F.);
#8175=ORIENTED_EDGE('',*,*,#6181,.F.);
#8176=ORIENTED_EDGE('',*,*,#6186,.T.);
#8177=ORIENTED_EDGE('',*,*,#6187,.T.);
#8178=ORIENTED_EDGE('',*,*,#6188,.F.);
#8179=ORIENTED_EDGE('',*,*,#6189,.F.);
#8180=ORIENTED_EDGE('',*,*,#6190,.T.);
#8181=ORIENTED_EDGE('',*,*,#6189,.T.);
#8182=ORIENTED_EDGE('',*,*,#6191,.F.);
#8183=ORIENTED_EDGE('',*,*,#6192,.F.);
#8184=ORIENTED_EDGE('',*,*,#6193,.T.);
#8185=ORIENTED_EDGE('',*,*,#6192,.T.);
#8186=ORIENTED_EDGE('',*,*,#6194,.F.);
#8187=ORIENTED_EDGE('',*,*,#6195,.F.);
#8188=ORIENTED_EDGE('',*,*,#6196,.T.);
#8189=ORIENTED_EDGE('',*,*,#6195,.T.);
#8190=ORIENTED_EDGE('',*,*,#6197,.F.);
#8191=ORIENTED_EDGE('',*,*,#6187,.F.);
#8192=ORIENTED_EDGE('',*,*,#6197,.T.);
#8193=ORIENTED_EDGE('',*,*,#6194,.T.);
#8194=ORIENTED_EDGE('',*,*,#6191,.T.);
#8195=ORIENTED_EDGE('',*,*,#6188,.T.);
#8196=ORIENTED_EDGE('',*,*,#6196,.F.);
#8197=ORIENTED_EDGE('',*,*,#6186,.F.);
#8198=ORIENTED_EDGE('',*,*,#6190,.F.);
#8199=ORIENTED_EDGE('',*,*,#6193,.F.);
#8200=ORIENTED_EDGE('',*,*,#6198,.T.);
#8201=ORIENTED_EDGE('',*,*,#6199,.T.);
#8202=ORIENTED_EDGE('',*,*,#6200,.F.);
#8203=ORIENTED_EDGE('',*,*,#6201,.F.);
#8204=ORIENTED_EDGE('',*,*,#6202,.T.);
#8205=ORIENTED_EDGE('',*,*,#6201,.T.);
#8206=ORIENTED_EDGE('',*,*,#6203,.F.);
#8207=ORIENTED_EDGE('',*,*,#6204,.F.);
#8208=ORIENTED_EDGE('',*,*,#6205,.T.);
#8209=ORIENTED_EDGE('',*,*,#6204,.T.);
#8210=ORIENTED_EDGE('',*,*,#6206,.F.);
#8211=ORIENTED_EDGE('',*,*,#6207,.F.);
#8212=ORIENTED_EDGE('',*,*,#6208,.T.);
#8213=ORIENTED_EDGE('',*,*,#6207,.T.);
#8214=ORIENTED_EDGE('',*,*,#6209,.F.);
#8215=ORIENTED_EDGE('',*,*,#6199,.F.);
#8216=ORIENTED_EDGE('',*,*,#6209,.T.);
#8217=ORIENTED_EDGE('',*,*,#6206,.T.);
#8218=ORIENTED_EDGE('',*,*,#6203,.T.);
#8219=ORIENTED_EDGE('',*,*,#6200,.T.);
#8220=ORIENTED_EDGE('',*,*,#6208,.F.);
#8221=ORIENTED_EDGE('',*,*,#6198,.F.);
#8222=ORIENTED_EDGE('',*,*,#6202,.F.);
#8223=ORIENTED_EDGE('',*,*,#6205,.F.);
#8224=ORIENTED_EDGE('',*,*,#6210,.T.);
#8225=ORIENTED_EDGE('',*,*,#6211,.T.);
#8226=ORIENTED_EDGE('',*,*,#6212,.F.);
#8227=ORIENTED_EDGE('',*,*,#6213,.F.);
#8228=ORIENTED_EDGE('',*,*,#6214,.T.);
#8229=ORIENTED_EDGE('',*,*,#6213,.T.);
#8230=ORIENTED_EDGE('',*,*,#6215,.F.);
#8231=ORIENTED_EDGE('',*,*,#6216,.F.);
#8232=ORIENTED_EDGE('',*,*,#6217,.T.);
#8233=ORIENTED_EDGE('',*,*,#6216,.T.);
#8234=ORIENTED_EDGE('',*,*,#6218,.F.);
#8235=ORIENTED_EDGE('',*,*,#6219,.F.);
#8236=ORIENTED_EDGE('',*,*,#6220,.T.);
#8237=ORIENTED_EDGE('',*,*,#6219,.T.);
#8238=ORIENTED_EDGE('',*,*,#6221,.F.);
#8239=ORIENTED_EDGE('',*,*,#6211,.F.);
#8240=ORIENTED_EDGE('',*,*,#6221,.T.);
#8241=ORIENTED_EDGE('',*,*,#6218,.T.);
#8242=ORIENTED_EDGE('',*,*,#6215,.T.);
#8243=ORIENTED_EDGE('',*,*,#6212,.T.);
#8244=ORIENTED_EDGE('',*,*,#6220,.F.);
#8245=ORIENTED_EDGE('',*,*,#6210,.F.);
#8246=ORIENTED_EDGE('',*,*,#6214,.F.);
#8247=ORIENTED_EDGE('',*,*,#6217,.F.);
#8248=ORIENTED_EDGE('',*,*,#6222,.T.);
#8249=ORIENTED_EDGE('',*,*,#6223,.T.);
#8250=ORIENTED_EDGE('',*,*,#6224,.F.);
#8251=ORIENTED_EDGE('',*,*,#6225,.F.);
#8252=ORIENTED_EDGE('',*,*,#6226,.T.);
#8253=ORIENTED_EDGE('',*,*,#6225,.T.);
#8254=ORIENTED_EDGE('',*,*,#6227,.F.);
#8255=ORIENTED_EDGE('',*,*,#6228,.F.);
#8256=ORIENTED_EDGE('',*,*,#6229,.T.);
#8257=ORIENTED_EDGE('',*,*,#6228,.T.);
#8258=ORIENTED_EDGE('',*,*,#6230,.F.);
#8259=ORIENTED_EDGE('',*,*,#6231,.F.);
#8260=ORIENTED_EDGE('',*,*,#6232,.T.);
#8261=ORIENTED_EDGE('',*,*,#6231,.T.);
#8262=ORIENTED_EDGE('',*,*,#6233,.F.);
#8263=ORIENTED_EDGE('',*,*,#6223,.F.);
#8264=ORIENTED_EDGE('',*,*,#6233,.T.);
#8265=ORIENTED_EDGE('',*,*,#6230,.T.);
#8266=ORIENTED_EDGE('',*,*,#6227,.T.);
#8267=ORIENTED_EDGE('',*,*,#6224,.T.);
#8268=ORIENTED_EDGE('',*,*,#6232,.F.);
#8269=ORIENTED_EDGE('',*,*,#6222,.F.);
#8270=ORIENTED_EDGE('',*,*,#6226,.F.);
#8271=ORIENTED_EDGE('',*,*,#6229,.F.);
#8272=ORIENTED_EDGE('',*,*,#6234,.T.);
#8273=ORIENTED_EDGE('',*,*,#6235,.T.);
#8274=ORIENTED_EDGE('',*,*,#6236,.F.);
#8275=ORIENTED_EDGE('',*,*,#6237,.F.);
#8276=ORIENTED_EDGE('',*,*,#6238,.T.);
#8277=ORIENTED_EDGE('',*,*,#6237,.T.);
#8278=ORIENTED_EDGE('',*,*,#6239,.F.);
#8279=ORIENTED_EDGE('',*,*,#6240,.F.);
#8280=ORIENTED_EDGE('',*,*,#6241,.T.);
#8281=ORIENTED_EDGE('',*,*,#6240,.T.);
#8282=ORIENTED_EDGE('',*,*,#6242,.F.);
#8283=ORIENTED_EDGE('',*,*,#6243,.F.);
#8284=ORIENTED_EDGE('',*,*,#6244,.T.);
#8285=ORIENTED_EDGE('',*,*,#6243,.T.);
#8286=ORIENTED_EDGE('',*,*,#6245,.F.);
#8287=ORIENTED_EDGE('',*,*,#6235,.F.);
#8288=ORIENTED_EDGE('',*,*,#6245,.T.);
#8289=ORIENTED_EDGE('',*,*,#6242,.T.);
#8290=ORIENTED_EDGE('',*,*,#6239,.T.);
#8291=ORIENTED_EDGE('',*,*,#6236,.T.);
#8292=ORIENTED_EDGE('',*,*,#6244,.F.);
#8293=ORIENTED_EDGE('',*,*,#6234,.F.);
#8294=ORIENTED_EDGE('',*,*,#6238,.F.);
#8295=ORIENTED_EDGE('',*,*,#6241,.F.);
#8296=ORIENTED_EDGE('',*,*,#6246,.T.);
#8297=ORIENTED_EDGE('',*,*,#6247,.T.);
#8298=ORIENTED_EDGE('',*,*,#6248,.F.);
#8299=ORIENTED_EDGE('',*,*,#6249,.F.);
#8300=ORIENTED_EDGE('',*,*,#6250,.T.);
#8301=ORIENTED_EDGE('',*,*,#6249,.T.);
#8302=ORIENTED_EDGE('',*,*,#6251,.F.);
#8303=ORIENTED_EDGE('',*,*,#6252,.F.);
#8304=ORIENTED_EDGE('',*,*,#6253,.T.);
#8305=ORIENTED_EDGE('',*,*,#6252,.T.);
#8306=ORIENTED_EDGE('',*,*,#6254,.F.);
#8307=ORIENTED_EDGE('',*,*,#6255,.F.);
#8308=ORIENTED_EDGE('',*,*,#6256,.T.);
#8309=ORIENTED_EDGE('',*,*,#6255,.T.);
#8310=ORIENTED_EDGE('',*,*,#6257,.F.);
#8311=ORIENTED_EDGE('',*,*,#6247,.F.);
#8312=ORIENTED_EDGE('',*,*,#6257,.T.);
#8313=ORIENTED_EDGE('',*,*,#6254,.T.);
#8314=ORIENTED_EDGE('',*,*,#6251,.T.);
#8315=ORIENTED_EDGE('',*,*,#6248,.T.);
#8316=ORIENTED_EDGE('',*,*,#6256,.F.);
#8317=ORIENTED_EDGE('',*,*,#6246,.F.);
#8318=ORIENTED_EDGE('',*,*,#6250,.F.);
#8319=ORIENTED_EDGE('',*,*,#6253,.F.);
#8320=ORIENTED_EDGE('',*,*,#6258,.T.);
#8321=ORIENTED_EDGE('',*,*,#6259,.T.);
#8322=ORIENTED_EDGE('',*,*,#6260,.F.);
#8323=ORIENTED_EDGE('',*,*,#6261,.F.);
#8324=ORIENTED_EDGE('',*,*,#6262,.T.);
#8325=ORIENTED_EDGE('',*,*,#6261,.T.);
#8326=ORIENTED_EDGE('',*,*,#6263,.F.);
#8327=ORIENTED_EDGE('',*,*,#6264,.F.);
#8328=ORIENTED_EDGE('',*,*,#6265,.T.);
#8329=ORIENTED_EDGE('',*,*,#6264,.T.);
#8330=ORIENTED_EDGE('',*,*,#6266,.F.);
#8331=ORIENTED_EDGE('',*,*,#6267,.F.);
#8332=ORIENTED_EDGE('',*,*,#6268,.T.);
#8333=ORIENTED_EDGE('',*,*,#6267,.T.);
#8334=ORIENTED_EDGE('',*,*,#6269,.F.);
#8335=ORIENTED_EDGE('',*,*,#6259,.F.);
#8336=ORIENTED_EDGE('',*,*,#6269,.T.);
#8337=ORIENTED_EDGE('',*,*,#6266,.T.);
#8338=ORIENTED_EDGE('',*,*,#6263,.T.);
#8339=ORIENTED_EDGE('',*,*,#6260,.T.);
#8340=ORIENTED_EDGE('',*,*,#6268,.F.);
#8341=ORIENTED_EDGE('',*,*,#6258,.F.);
#8342=ORIENTED_EDGE('',*,*,#6262,.F.);
#8343=ORIENTED_EDGE('',*,*,#6265,.F.);
#8344=ORIENTED_EDGE('',*,*,#6270,.T.);
#8345=ORIENTED_EDGE('',*,*,#6271,.T.);
#8346=ORIENTED_EDGE('',*,*,#6272,.F.);
#8347=ORIENTED_EDGE('',*,*,#6273,.F.);
#8348=ORIENTED_EDGE('',*,*,#6274,.T.);
#8349=ORIENTED_EDGE('',*,*,#6273,.T.);
#8350=ORIENTED_EDGE('',*,*,#6275,.F.);
#8351=ORIENTED_EDGE('',*,*,#6276,.F.);
#8352=ORIENTED_EDGE('',*,*,#6277,.T.);
#8353=ORIENTED_EDGE('',*,*,#6276,.T.);
#8354=ORIENTED_EDGE('',*,*,#6278,.F.);
#8355=ORIENTED_EDGE('',*,*,#6279,.F.);
#8356=ORIENTED_EDGE('',*,*,#6280,.T.);
#8357=ORIENTED_EDGE('',*,*,#6279,.T.);
#8358=ORIENTED_EDGE('',*,*,#6281,.F.);
#8359=ORIENTED_EDGE('',*,*,#6271,.F.);
#8360=ORIENTED_EDGE('',*,*,#6281,.T.);
#8361=ORIENTED_EDGE('',*,*,#6278,.T.);
#8362=ORIENTED_EDGE('',*,*,#6275,.T.);
#8363=ORIENTED_EDGE('',*,*,#6272,.T.);
#8364=ORIENTED_EDGE('',*,*,#6280,.F.);
#8365=ORIENTED_EDGE('',*,*,#6270,.F.);
#8366=ORIENTED_EDGE('',*,*,#6274,.F.);
#8367=ORIENTED_EDGE('',*,*,#6277,.F.);
#8368=ORIENTED_EDGE('',*,*,#6282,.T.);
#8369=ORIENTED_EDGE('',*,*,#6283,.T.);
#8370=ORIENTED_EDGE('',*,*,#6284,.F.);
#8371=ORIENTED_EDGE('',*,*,#6285,.F.);
#8372=ORIENTED_EDGE('',*,*,#6286,.T.);
#8373=ORIENTED_EDGE('',*,*,#6285,.T.);
#8374=ORIENTED_EDGE('',*,*,#6287,.F.);
#8375=ORIENTED_EDGE('',*,*,#6288,.F.);
#8376=ORIENTED_EDGE('',*,*,#6289,.T.);
#8377=ORIENTED_EDGE('',*,*,#6288,.T.);
#8378=ORIENTED_EDGE('',*,*,#6290,.F.);
#8379=ORIENTED_EDGE('',*,*,#6291,.F.);
#8380=ORIENTED_EDGE('',*,*,#6292,.T.);
#8381=ORIENTED_EDGE('',*,*,#6291,.T.);
#8382=ORIENTED_EDGE('',*,*,#6293,.F.);
#8383=ORIENTED_EDGE('',*,*,#6283,.F.);
#8384=ORIENTED_EDGE('',*,*,#6293,.T.);
#8385=ORIENTED_EDGE('',*,*,#6290,.T.);
#8386=ORIENTED_EDGE('',*,*,#6287,.T.);
#8387=ORIENTED_EDGE('',*,*,#6284,.T.);
#8388=ORIENTED_EDGE('',*,*,#6292,.F.);
#8389=ORIENTED_EDGE('',*,*,#6282,.F.);
#8390=ORIENTED_EDGE('',*,*,#6286,.F.);
#8391=ORIENTED_EDGE('',*,*,#6289,.F.);
#8392=ORIENTED_EDGE('',*,*,#6294,.T.);
#8393=ORIENTED_EDGE('',*,*,#6295,.T.);
#8394=ORIENTED_EDGE('',*,*,#6296,.F.);
#8395=ORIENTED_EDGE('',*,*,#6297,.F.);
#8396=ORIENTED_EDGE('',*,*,#6298,.T.);
#8397=ORIENTED_EDGE('',*,*,#6297,.T.);
#8398=ORIENTED_EDGE('',*,*,#6299,.F.);
#8399=ORIENTED_EDGE('',*,*,#6300,.F.);
#8400=ORIENTED_EDGE('',*,*,#6301,.T.);
#8401=ORIENTED_EDGE('',*,*,#6300,.T.);
#8402=ORIENTED_EDGE('',*,*,#6302,.F.);
#8403=ORIENTED_EDGE('',*,*,#6303,.F.);
#8404=ORIENTED_EDGE('',*,*,#6304,.T.);
#8405=ORIENTED_EDGE('',*,*,#6303,.T.);
#8406=ORIENTED_EDGE('',*,*,#6305,.F.);
#8407=ORIENTED_EDGE('',*,*,#6295,.F.);
#8408=ORIENTED_EDGE('',*,*,#6305,.T.);
#8409=ORIENTED_EDGE('',*,*,#6302,.T.);
#8410=ORIENTED_EDGE('',*,*,#6299,.T.);
#8411=ORIENTED_EDGE('',*,*,#6296,.T.);
#8412=ORIENTED_EDGE('',*,*,#6304,.F.);
#8413=ORIENTED_EDGE('',*,*,#6294,.F.);
#8414=ORIENTED_EDGE('',*,*,#6298,.F.);
#8415=ORIENTED_EDGE('',*,*,#6301,.F.);
#8416=ORIENTED_EDGE('',*,*,#6306,.T.);
#8417=ORIENTED_EDGE('',*,*,#6307,.T.);
#8418=ORIENTED_EDGE('',*,*,#6308,.F.);
#8419=ORIENTED_EDGE('',*,*,#6309,.F.);
#8420=ORIENTED_EDGE('',*,*,#6310,.T.);
#8421=ORIENTED_EDGE('',*,*,#6309,.T.);
#8422=ORIENTED_EDGE('',*,*,#6311,.F.);
#8423=ORIENTED_EDGE('',*,*,#6312,.F.);
#8424=ORIENTED_EDGE('',*,*,#6313,.T.);
#8425=ORIENTED_EDGE('',*,*,#6312,.T.);
#8426=ORIENTED_EDGE('',*,*,#6314,.F.);
#8427=ORIENTED_EDGE('',*,*,#6315,.F.);
#8428=ORIENTED_EDGE('',*,*,#6316,.T.);
#8429=ORIENTED_EDGE('',*,*,#6315,.T.);
#8430=ORIENTED_EDGE('',*,*,#6317,.F.);
#8431=ORIENTED_EDGE('',*,*,#6307,.F.);
#8432=ORIENTED_EDGE('',*,*,#6317,.T.);
#8433=ORIENTED_EDGE('',*,*,#6314,.T.);
#8434=ORIENTED_EDGE('',*,*,#6311,.T.);
#8435=ORIENTED_EDGE('',*,*,#6308,.T.);
#8436=ORIENTED_EDGE('',*,*,#6316,.F.);
#8437=ORIENTED_EDGE('',*,*,#6306,.F.);
#8438=ORIENTED_EDGE('',*,*,#6310,.F.);
#8439=ORIENTED_EDGE('',*,*,#6313,.F.);
#8440=ORIENTED_EDGE('',*,*,#6318,.T.);
#8441=ORIENTED_EDGE('',*,*,#6319,.T.);
#8442=ORIENTED_EDGE('',*,*,#6320,.F.);
#8443=ORIENTED_EDGE('',*,*,#6321,.F.);
#8444=ORIENTED_EDGE('',*,*,#6322,.T.);
#8445=ORIENTED_EDGE('',*,*,#6321,.T.);
#8446=ORIENTED_EDGE('',*,*,#6323,.F.);
#8447=ORIENTED_EDGE('',*,*,#6324,.F.);
#8448=ORIENTED_EDGE('',*,*,#6325,.T.);
#8449=ORIENTED_EDGE('',*,*,#6324,.T.);
#8450=ORIENTED_EDGE('',*,*,#6326,.F.);
#8451=ORIENTED_EDGE('',*,*,#6327,.F.);
#8452=ORIENTED_EDGE('',*,*,#6328,.T.);
#8453=ORIENTED_EDGE('',*,*,#6327,.T.);
#8454=ORIENTED_EDGE('',*,*,#6329,.F.);
#8455=ORIENTED_EDGE('',*,*,#6319,.F.);
#8456=ORIENTED_EDGE('',*,*,#6329,.T.);
#8457=ORIENTED_EDGE('',*,*,#6326,.T.);
#8458=ORIENTED_EDGE('',*,*,#6323,.T.);
#8459=ORIENTED_EDGE('',*,*,#6320,.T.);
#8460=ORIENTED_EDGE('',*,*,#6328,.F.);
#8461=ORIENTED_EDGE('',*,*,#6318,.F.);
#8462=ORIENTED_EDGE('',*,*,#6322,.F.);
#8463=ORIENTED_EDGE('',*,*,#6325,.F.);
#8464=ORIENTED_EDGE('',*,*,#6330,.T.);
#8465=ORIENTED_EDGE('',*,*,#6331,.T.);
#8466=ORIENTED_EDGE('',*,*,#6332,.F.);
#8467=ORIENTED_EDGE('',*,*,#6333,.F.);
#8468=ORIENTED_EDGE('',*,*,#6334,.T.);
#8469=ORIENTED_EDGE('',*,*,#6333,.T.);
#8470=ORIENTED_EDGE('',*,*,#6335,.F.);
#8471=ORIENTED_EDGE('',*,*,#6336,.F.);
#8472=ORIENTED_EDGE('',*,*,#6337,.T.);
#8473=ORIENTED_EDGE('',*,*,#6336,.T.);
#8474=ORIENTED_EDGE('',*,*,#6338,.F.);
#8475=ORIENTED_EDGE('',*,*,#6339,.F.);
#8476=ORIENTED_EDGE('',*,*,#6340,.T.);
#8477=ORIENTED_EDGE('',*,*,#6339,.T.);
#8478=ORIENTED_EDGE('',*,*,#6341,.F.);
#8479=ORIENTED_EDGE('',*,*,#6331,.F.);
#8480=ORIENTED_EDGE('',*,*,#6341,.T.);
#8481=ORIENTED_EDGE('',*,*,#6338,.T.);
#8482=ORIENTED_EDGE('',*,*,#6335,.T.);
#8483=ORIENTED_EDGE('',*,*,#6332,.T.);
#8484=ORIENTED_EDGE('',*,*,#6340,.F.);
#8485=ORIENTED_EDGE('',*,*,#6330,.F.);
#8486=ORIENTED_EDGE('',*,*,#6334,.F.);
#8487=ORIENTED_EDGE('',*,*,#6337,.F.);
#8488=ORIENTED_EDGE('',*,*,#6342,.T.);
#8489=ORIENTED_EDGE('',*,*,#6343,.T.);
#8490=ORIENTED_EDGE('',*,*,#6344,.F.);
#8491=ORIENTED_EDGE('',*,*,#6345,.F.);
#8492=ORIENTED_EDGE('',*,*,#6346,.T.);
#8493=ORIENTED_EDGE('',*,*,#6345,.T.);
#8494=ORIENTED_EDGE('',*,*,#6347,.F.);
#8495=ORIENTED_EDGE('',*,*,#6348,.F.);
#8496=ORIENTED_EDGE('',*,*,#6349,.T.);
#8497=ORIENTED_EDGE('',*,*,#6348,.T.);
#8498=ORIENTED_EDGE('',*,*,#6350,.F.);
#8499=ORIENTED_EDGE('',*,*,#6351,.F.);
#8500=ORIENTED_EDGE('',*,*,#6352,.T.);
#8501=ORIENTED_EDGE('',*,*,#6351,.T.);
#8502=ORIENTED_EDGE('',*,*,#6353,.F.);
#8503=ORIENTED_EDGE('',*,*,#6343,.F.);
#8504=ORIENTED_EDGE('',*,*,#6353,.T.);
#8505=ORIENTED_EDGE('',*,*,#6350,.T.);
#8506=ORIENTED_EDGE('',*,*,#6347,.T.);
#8507=ORIENTED_EDGE('',*,*,#6344,.T.);
#8508=ORIENTED_EDGE('',*,*,#6352,.F.);
#8509=ORIENTED_EDGE('',*,*,#6342,.F.);
#8510=ORIENTED_EDGE('',*,*,#6346,.F.);
#8511=ORIENTED_EDGE('',*,*,#6349,.F.);
#8512=ORIENTED_EDGE('',*,*,#6354,.T.);
#8513=ORIENTED_EDGE('',*,*,#6355,.T.);
#8514=ORIENTED_EDGE('',*,*,#6356,.F.);
#8515=ORIENTED_EDGE('',*,*,#6357,.F.);
#8516=ORIENTED_EDGE('',*,*,#6358,.T.);
#8517=ORIENTED_EDGE('',*,*,#6357,.T.);
#8518=ORIENTED_EDGE('',*,*,#6359,.F.);
#8519=ORIENTED_EDGE('',*,*,#6360,.F.);
#8520=ORIENTED_EDGE('',*,*,#6361,.T.);
#8521=ORIENTED_EDGE('',*,*,#6360,.T.);
#8522=ORIENTED_EDGE('',*,*,#6362,.F.);
#8523=ORIENTED_EDGE('',*,*,#6363,.F.);
#8524=ORIENTED_EDGE('',*,*,#6364,.T.);
#8525=ORIENTED_EDGE('',*,*,#6363,.T.);
#8526=ORIENTED_EDGE('',*,*,#6365,.F.);
#8527=ORIENTED_EDGE('',*,*,#6355,.F.);
#8528=ORIENTED_EDGE('',*,*,#6365,.T.);
#8529=ORIENTED_EDGE('',*,*,#6362,.T.);
#8530=ORIENTED_EDGE('',*,*,#6359,.T.);
#8531=ORIENTED_EDGE('',*,*,#6356,.T.);
#8532=ORIENTED_EDGE('',*,*,#6364,.F.);
#8533=ORIENTED_EDGE('',*,*,#6354,.F.);
#8534=ORIENTED_EDGE('',*,*,#6358,.F.);
#8535=ORIENTED_EDGE('',*,*,#6361,.F.);
#8536=ORIENTED_EDGE('',*,*,#6366,.T.);
#8537=ORIENTED_EDGE('',*,*,#6367,.T.);
#8538=ORIENTED_EDGE('',*,*,#6368,.F.);
#8539=ORIENTED_EDGE('',*,*,#6369,.F.);
#8540=ORIENTED_EDGE('',*,*,#6370,.T.);
#8541=ORIENTED_EDGE('',*,*,#6369,.T.);
#8542=ORIENTED_EDGE('',*,*,#6371,.F.);
#8543=ORIENTED_EDGE('',*,*,#6372,.F.);
#8544=ORIENTED_EDGE('',*,*,#6373,.T.);
#8545=ORIENTED_EDGE('',*,*,#6372,.T.);
#8546=ORIENTED_EDGE('',*,*,#6374,.F.);
#8547=ORIENTED_EDGE('',*,*,#6375,.F.);
#8548=ORIENTED_EDGE('',*,*,#6376,.T.);
#8549=ORIENTED_EDGE('',*,*,#6375,.T.);
#8550=ORIENTED_EDGE('',*,*,#6377,.F.);
#8551=ORIENTED_EDGE('',*,*,#6367,.F.);
#8552=ORIENTED_EDGE('',*,*,#6377,.T.);
#8553=ORIENTED_EDGE('',*,*,#6374,.T.);
#8554=ORIENTED_EDGE('',*,*,#6371,.T.);
#8555=ORIENTED_EDGE('',*,*,#6368,.T.);
#8556=ORIENTED_EDGE('',*,*,#6376,.F.);
#8557=ORIENTED_EDGE('',*,*,#6366,.F.);
#8558=ORIENTED_EDGE('',*,*,#6370,.F.);
#8559=ORIENTED_EDGE('',*,*,#6373,.F.);
#8560=ORIENTED_EDGE('',*,*,#6378,.T.);
#8561=ORIENTED_EDGE('',*,*,#6379,.T.);
#8562=ORIENTED_EDGE('',*,*,#6380,.F.);
#8563=ORIENTED_EDGE('',*,*,#6381,.F.);
#8564=ORIENTED_EDGE('',*,*,#6382,.T.);
#8565=ORIENTED_EDGE('',*,*,#6381,.T.);
#8566=ORIENTED_EDGE('',*,*,#6383,.F.);
#8567=ORIENTED_EDGE('',*,*,#6384,.F.);
#8568=ORIENTED_EDGE('',*,*,#6385,.T.);
#8569=ORIENTED_EDGE('',*,*,#6384,.T.);
#8570=ORIENTED_EDGE('',*,*,#6386,.F.);
#8571=ORIENTED_EDGE('',*,*,#6387,.F.);
#8572=ORIENTED_EDGE('',*,*,#6388,.T.);
#8573=ORIENTED_EDGE('',*,*,#6387,.T.);
#8574=ORIENTED_EDGE('',*,*,#6389,.F.);
#8575=ORIENTED_EDGE('',*,*,#6379,.F.);
#8576=ORIENTED_EDGE('',*,*,#6389,.T.);
#8577=ORIENTED_EDGE('',*,*,#6386,.T.);
#8578=ORIENTED_EDGE('',*,*,#6383,.T.);
#8579=ORIENTED_EDGE('',*,*,#6380,.T.);
#8580=ORIENTED_EDGE('',*,*,#6388,.F.);
#8581=ORIENTED_EDGE('',*,*,#6378,.F.);
#8582=ORIENTED_EDGE('',*,*,#6382,.F.);
#8583=ORIENTED_EDGE('',*,*,#6385,.F.);
#8584=ORIENTED_EDGE('',*,*,#6390,.T.);
#8585=ORIENTED_EDGE('',*,*,#6391,.T.);
#8586=ORIENTED_EDGE('',*,*,#6392,.F.);
#8587=ORIENTED_EDGE('',*,*,#6393,.F.);
#8588=ORIENTED_EDGE('',*,*,#6394,.T.);
#8589=ORIENTED_EDGE('',*,*,#6393,.T.);
#8590=ORIENTED_EDGE('',*,*,#6395,.F.);
#8591=ORIENTED_EDGE('',*,*,#6396,.F.);
#8592=ORIENTED_EDGE('',*,*,#6397,.T.);
#8593=ORIENTED_EDGE('',*,*,#6396,.T.);
#8594=ORIENTED_EDGE('',*,*,#6398,.F.);
#8595=ORIENTED_EDGE('',*,*,#6399,.F.);
#8596=ORIENTED_EDGE('',*,*,#6400,.T.);
#8597=ORIENTED_EDGE('',*,*,#6399,.T.);
#8598=ORIENTED_EDGE('',*,*,#6401,.F.);
#8599=ORIENTED_EDGE('',*,*,#6391,.F.);
#8600=ORIENTED_EDGE('',*,*,#6401,.T.);
#8601=ORIENTED_EDGE('',*,*,#6398,.T.);
#8602=ORIENTED_EDGE('',*,*,#6395,.T.);
#8603=ORIENTED_EDGE('',*,*,#6392,.T.);
#8604=ORIENTED_EDGE('',*,*,#6400,.F.);
#8605=ORIENTED_EDGE('',*,*,#6390,.F.);
#8606=ORIENTED_EDGE('',*,*,#6394,.F.);
#8607=ORIENTED_EDGE('',*,*,#6397,.F.);
#8608=ORIENTED_EDGE('',*,*,#6402,.T.);
#8609=ORIENTED_EDGE('',*,*,#6403,.T.);
#8610=ORIENTED_EDGE('',*,*,#6404,.F.);
#8611=ORIENTED_EDGE('',*,*,#6405,.F.);
#8612=ORIENTED_EDGE('',*,*,#6406,.T.);
#8613=ORIENTED_EDGE('',*,*,#6405,.T.);
#8614=ORIENTED_EDGE('',*,*,#6407,.F.);
#8615=ORIENTED_EDGE('',*,*,#6408,.F.);
#8616=ORIENTED_EDGE('',*,*,#6409,.T.);
#8617=ORIENTED_EDGE('',*,*,#6408,.T.);
#8618=ORIENTED_EDGE('',*,*,#6410,.F.);
#8619=ORIENTED_EDGE('',*,*,#6411,.F.);
#8620=ORIENTED_EDGE('',*,*,#6412,.T.);
#8621=ORIENTED_EDGE('',*,*,#6411,.T.);
#8622=ORIENTED_EDGE('',*,*,#6413,.F.);
#8623=ORIENTED_EDGE('',*,*,#6403,.F.);
#8624=ORIENTED_EDGE('',*,*,#6413,.T.);
#8625=ORIENTED_EDGE('',*,*,#6410,.T.);
#8626=ORIENTED_EDGE('',*,*,#6407,.T.);
#8627=ORIENTED_EDGE('',*,*,#6404,.T.);
#8628=ORIENTED_EDGE('',*,*,#6412,.F.);
#8629=ORIENTED_EDGE('',*,*,#6402,.F.);
#8630=ORIENTED_EDGE('',*,*,#6406,.F.);
#8631=ORIENTED_EDGE('',*,*,#6409,.F.);
#8632=ORIENTED_EDGE('',*,*,#6414,.T.);
#8633=ORIENTED_EDGE('',*,*,#6415,.T.);
#8634=ORIENTED_EDGE('',*,*,#6416,.F.);
#8635=ORIENTED_EDGE('',*,*,#6417,.F.);
#8636=ORIENTED_EDGE('',*,*,#6418,.T.);
#8637=ORIENTED_EDGE('',*,*,#6417,.T.);
#8638=ORIENTED_EDGE('',*,*,#6419,.F.);
#8639=ORIENTED_EDGE('',*,*,#6420,.F.);
#8640=ORIENTED_EDGE('',*,*,#6421,.T.);
#8641=ORIENTED_EDGE('',*,*,#6420,.T.);
#8642=ORIENTED_EDGE('',*,*,#6422,.F.);
#8643=ORIENTED_EDGE('',*,*,#6423,.F.);
#8644=ORIENTED_EDGE('',*,*,#6424,.T.);
#8645=ORIENTED_EDGE('',*,*,#6423,.T.);
#8646=ORIENTED_EDGE('',*,*,#6425,.F.);
#8647=ORIENTED_EDGE('',*,*,#6415,.F.);
#8648=ORIENTED_EDGE('',*,*,#6425,.T.);
#8649=ORIENTED_EDGE('',*,*,#6422,.T.);
#8650=ORIENTED_EDGE('',*,*,#6419,.T.);
#8651=ORIENTED_EDGE('',*,*,#6416,.T.);
#8652=ORIENTED_EDGE('',*,*,#6424,.F.);
#8653=ORIENTED_EDGE('',*,*,#6414,.F.);
#8654=ORIENTED_EDGE('',*,*,#6418,.F.);
#8655=ORIENTED_EDGE('',*,*,#6421,.F.);
#8656=ORIENTED_EDGE('',*,*,#6426,.T.);
#8657=ORIENTED_EDGE('',*,*,#6427,.T.);
#8658=ORIENTED_EDGE('',*,*,#6428,.F.);
#8659=ORIENTED_EDGE('',*,*,#6429,.F.);
#8660=ORIENTED_EDGE('',*,*,#6430,.T.);
#8661=ORIENTED_EDGE('',*,*,#6429,.T.);
#8662=ORIENTED_EDGE('',*,*,#6431,.F.);
#8663=ORIENTED_EDGE('',*,*,#6432,.F.);
#8664=ORIENTED_EDGE('',*,*,#6433,.T.);
#8665=ORIENTED_EDGE('',*,*,#6432,.T.);
#8666=ORIENTED_EDGE('',*,*,#6434,.F.);
#8667=ORIENTED_EDGE('',*,*,#6435,.F.);
#8668=ORIENTED_EDGE('',*,*,#6436,.T.);
#8669=ORIENTED_EDGE('',*,*,#6435,.T.);
#8670=ORIENTED_EDGE('',*,*,#6437,.F.);
#8671=ORIENTED_EDGE('',*,*,#6427,.F.);
#8672=ORIENTED_EDGE('',*,*,#6437,.T.);
#8673=ORIENTED_EDGE('',*,*,#6434,.T.);
#8674=ORIENTED_EDGE('',*,*,#6431,.T.);
#8675=ORIENTED_EDGE('',*,*,#6428,.T.);
#8676=ORIENTED_EDGE('',*,*,#6436,.F.);
#8677=ORIENTED_EDGE('',*,*,#6426,.F.);
#8678=ORIENTED_EDGE('',*,*,#6430,.F.);
#8679=ORIENTED_EDGE('',*,*,#6433,.F.);
#8680=ORIENTED_EDGE('',*,*,#6438,.T.);
#8681=ORIENTED_EDGE('',*,*,#6439,.T.);
#8682=ORIENTED_EDGE('',*,*,#6440,.F.);
#8683=ORIENTED_EDGE('',*,*,#6441,.F.);
#8684=ORIENTED_EDGE('',*,*,#6442,.T.);
#8685=ORIENTED_EDGE('',*,*,#6441,.T.);
#8686=ORIENTED_EDGE('',*,*,#6443,.F.);
#8687=ORIENTED_EDGE('',*,*,#6444,.F.);
#8688=ORIENTED_EDGE('',*,*,#6445,.T.);
#8689=ORIENTED_EDGE('',*,*,#6444,.T.);
#8690=ORIENTED_EDGE('',*,*,#6446,.F.);
#8691=ORIENTED_EDGE('',*,*,#6447,.F.);
#8692=ORIENTED_EDGE('',*,*,#6448,.T.);
#8693=ORIENTED_EDGE('',*,*,#6447,.T.);
#8694=ORIENTED_EDGE('',*,*,#6449,.F.);
#8695=ORIENTED_EDGE('',*,*,#6439,.F.);
#8696=ORIENTED_EDGE('',*,*,#6449,.T.);
#8697=ORIENTED_EDGE('',*,*,#6446,.T.);
#8698=ORIENTED_EDGE('',*,*,#6443,.T.);
#8699=ORIENTED_EDGE('',*,*,#6440,.T.);
#8700=ORIENTED_EDGE('',*,*,#6448,.F.);
#8701=ORIENTED_EDGE('',*,*,#6438,.F.);
#8702=ORIENTED_EDGE('',*,*,#6442,.F.);
#8703=ORIENTED_EDGE('',*,*,#6445,.F.);
#8704=ORIENTED_EDGE('',*,*,#6450,.T.);
#8705=ORIENTED_EDGE('',*,*,#6451,.T.);
#8706=ORIENTED_EDGE('',*,*,#6452,.F.);
#8707=ORIENTED_EDGE('',*,*,#6453,.F.);
#8708=ORIENTED_EDGE('',*,*,#6454,.T.);
#8709=ORIENTED_EDGE('',*,*,#6453,.T.);
#8710=ORIENTED_EDGE('',*,*,#6455,.F.);
#8711=ORIENTED_EDGE('',*,*,#6456,.F.);
#8712=ORIENTED_EDGE('',*,*,#6457,.T.);
#8713=ORIENTED_EDGE('',*,*,#6456,.T.);
#8714=ORIENTED_EDGE('',*,*,#6458,.F.);
#8715=ORIENTED_EDGE('',*,*,#6459,.F.);
#8716=ORIENTED_EDGE('',*,*,#6460,.T.);
#8717=ORIENTED_EDGE('',*,*,#6459,.T.);
#8718=ORIENTED_EDGE('',*,*,#6461,.F.);
#8719=ORIENTED_EDGE('',*,*,#6451,.F.);
#8720=ORIENTED_EDGE('',*,*,#6461,.T.);
#8721=ORIENTED_EDGE('',*,*,#6458,.T.);
#8722=ORIENTED_EDGE('',*,*,#6455,.T.);
#8723=ORIENTED_EDGE('',*,*,#6452,.T.);
#8724=ORIENTED_EDGE('',*,*,#6460,.F.);
#8725=ORIENTED_EDGE('',*,*,#6450,.F.);
#8726=ORIENTED_EDGE('',*,*,#6454,.F.);
#8727=ORIENTED_EDGE('',*,*,#6457,.F.);
#8728=ORIENTED_EDGE('',*,*,#6462,.T.);
#8729=ORIENTED_EDGE('',*,*,#6463,.T.);
#8730=ORIENTED_EDGE('',*,*,#6464,.F.);
#8731=ORIENTED_EDGE('',*,*,#6465,.F.);
#8732=ORIENTED_EDGE('',*,*,#6466,.T.);
#8733=ORIENTED_EDGE('',*,*,#6465,.T.);
#8734=ORIENTED_EDGE('',*,*,#6467,.F.);
#8735=ORIENTED_EDGE('',*,*,#6468,.F.);
#8736=ORIENTED_EDGE('',*,*,#6469,.T.);
#8737=ORIENTED_EDGE('',*,*,#6468,.T.);
#8738=ORIENTED_EDGE('',*,*,#6470,.F.);
#8739=ORIENTED_EDGE('',*,*,#6471,.F.);
#8740=ORIENTED_EDGE('',*,*,#6472,.T.);
#8741=ORIENTED_EDGE('',*,*,#6471,.T.);
#8742=ORIENTED_EDGE('',*,*,#6473,.F.);
#8743=ORIENTED_EDGE('',*,*,#6463,.F.);
#8744=ORIENTED_EDGE('',*,*,#6473,.T.);
#8745=ORIENTED_EDGE('',*,*,#6470,.T.);
#8746=ORIENTED_EDGE('',*,*,#6467,.T.);
#8747=ORIENTED_EDGE('',*,*,#6464,.T.);
#8748=ORIENTED_EDGE('',*,*,#6472,.F.);
#8749=ORIENTED_EDGE('',*,*,#6462,.F.);
#8750=ORIENTED_EDGE('',*,*,#6466,.F.);
#8751=ORIENTED_EDGE('',*,*,#6469,.F.);
#8752=ORIENTED_EDGE('',*,*,#6474,.T.);
#8753=ORIENTED_EDGE('',*,*,#6475,.T.);
#8754=ORIENTED_EDGE('',*,*,#6476,.F.);
#8755=ORIENTED_EDGE('',*,*,#6477,.F.);
#8756=ORIENTED_EDGE('',*,*,#6478,.T.);
#8757=ORIENTED_EDGE('',*,*,#6477,.T.);
#8758=ORIENTED_EDGE('',*,*,#6479,.F.);
#8759=ORIENTED_EDGE('',*,*,#6480,.F.);
#8760=ORIENTED_EDGE('',*,*,#6481,.T.);
#8761=ORIENTED_EDGE('',*,*,#6480,.T.);
#8762=ORIENTED_EDGE('',*,*,#6482,.F.);
#8763=ORIENTED_EDGE('',*,*,#6483,.F.);
#8764=ORIENTED_EDGE('',*,*,#6484,.T.);
#8765=ORIENTED_EDGE('',*,*,#6483,.T.);
#8766=ORIENTED_EDGE('',*,*,#6485,.F.);
#8767=ORIENTED_EDGE('',*,*,#6475,.F.);
#8768=ORIENTED_EDGE('',*,*,#6485,.T.);
#8769=ORIENTED_EDGE('',*,*,#6482,.T.);
#8770=ORIENTED_EDGE('',*,*,#6479,.T.);
#8771=ORIENTED_EDGE('',*,*,#6476,.T.);
#8772=ORIENTED_EDGE('',*,*,#6484,.F.);
#8773=ORIENTED_EDGE('',*,*,#6474,.F.);
#8774=ORIENTED_EDGE('',*,*,#6478,.F.);
#8775=ORIENTED_EDGE('',*,*,#6481,.F.);
#8776=ORIENTED_EDGE('',*,*,#6486,.T.);
#8777=ORIENTED_EDGE('',*,*,#6487,.T.);
#8778=ORIENTED_EDGE('',*,*,#6488,.F.);
#8779=ORIENTED_EDGE('',*,*,#6489,.F.);
#8780=ORIENTED_EDGE('',*,*,#6490,.T.);
#8781=ORIENTED_EDGE('',*,*,#6489,.T.);
#8782=ORIENTED_EDGE('',*,*,#6491,.F.);
#8783=ORIENTED_EDGE('',*,*,#6492,.F.);
#8784=ORIENTED_EDGE('',*,*,#6493,.T.);
#8785=ORIENTED_EDGE('',*,*,#6492,.T.);
#8786=ORIENTED_EDGE('',*,*,#6494,.F.);
#8787=ORIENTED_EDGE('',*,*,#6495,.F.);
#8788=ORIENTED_EDGE('',*,*,#6496,.T.);
#8789=ORIENTED_EDGE('',*,*,#6495,.T.);
#8790=ORIENTED_EDGE('',*,*,#6497,.F.);
#8791=ORIENTED_EDGE('',*,*,#6487,.F.);
#8792=ORIENTED_EDGE('',*,*,#6497,.T.);
#8793=ORIENTED_EDGE('',*,*,#6494,.T.);
#8794=ORIENTED_EDGE('',*,*,#6491,.T.);
#8795=ORIENTED_EDGE('',*,*,#6488,.T.);
#8796=ORIENTED_EDGE('',*,*,#6496,.F.);
#8797=ORIENTED_EDGE('',*,*,#6486,.F.);
#8798=ORIENTED_EDGE('',*,*,#6490,.F.);
#8799=ORIENTED_EDGE('',*,*,#6493,.F.);
#8800=ORIENTED_EDGE('',*,*,#6498,.T.);
#8801=ORIENTED_EDGE('',*,*,#6499,.T.);
#8802=ORIENTED_EDGE('',*,*,#6500,.F.);
#8803=ORIENTED_EDGE('',*,*,#6501,.F.);
#8804=ORIENTED_EDGE('',*,*,#6502,.T.);
#8805=ORIENTED_EDGE('',*,*,#6501,.T.);
#8806=ORIENTED_EDGE('',*,*,#6503,.F.);
#8807=ORIENTED_EDGE('',*,*,#6504,.F.);
#8808=ORIENTED_EDGE('',*,*,#6505,.T.);
#8809=ORIENTED_EDGE('',*,*,#6504,.T.);
#8810=ORIENTED_EDGE('',*,*,#6506,.F.);
#8811=ORIENTED_EDGE('',*,*,#6507,.F.);
#8812=ORIENTED_EDGE('',*,*,#6508,.T.);
#8813=ORIENTED_EDGE('',*,*,#6507,.T.);
#8814=ORIENTED_EDGE('',*,*,#6509,.F.);
#8815=ORIENTED_EDGE('',*,*,#6499,.F.);
#8816=ORIENTED_EDGE('',*,*,#6509,.T.);
#8817=ORIENTED_EDGE('',*,*,#6506,.T.);
#8818=ORIENTED_EDGE('',*,*,#6503,.T.);
#8819=ORIENTED_EDGE('',*,*,#6500,.T.);
#8820=ORIENTED_EDGE('',*,*,#6508,.F.);
#8821=ORIENTED_EDGE('',*,*,#6498,.F.);
#8822=ORIENTED_EDGE('',*,*,#6502,.F.);
#8823=ORIENTED_EDGE('',*,*,#6505,.F.);
#8824=ORIENTED_EDGE('',*,*,#6510,.T.);
#8825=ORIENTED_EDGE('',*,*,#6511,.T.);
#8826=ORIENTED_EDGE('',*,*,#6512,.F.);
#8827=ORIENTED_EDGE('',*,*,#6513,.F.);
#8828=ORIENTED_EDGE('',*,*,#6514,.T.);
#8829=ORIENTED_EDGE('',*,*,#6513,.T.);
#8830=ORIENTED_EDGE('',*,*,#6515,.F.);
#8831=ORIENTED_EDGE('',*,*,#6516,.F.);
#8832=ORIENTED_EDGE('',*,*,#6517,.T.);
#8833=ORIENTED_EDGE('',*,*,#6516,.T.);
#8834=ORIENTED_EDGE('',*,*,#6518,.F.);
#8835=ORIENTED_EDGE('',*,*,#6519,.F.);
#8836=ORIENTED_EDGE('',*,*,#6520,.T.);
#8837=ORIENTED_EDGE('',*,*,#6519,.T.);
#8838=ORIENTED_EDGE('',*,*,#6521,.F.);
#8839=ORIENTED_EDGE('',*,*,#6511,.F.);
#8840=ORIENTED_EDGE('',*,*,#6521,.T.);
#8841=ORIENTED_EDGE('',*,*,#6518,.T.);
#8842=ORIENTED_EDGE('',*,*,#6515,.T.);
#8843=ORIENTED_EDGE('',*,*,#6512,.T.);
#8844=ORIENTED_EDGE('',*,*,#6520,.F.);
#8845=ORIENTED_EDGE('',*,*,#6510,.F.);
#8846=ORIENTED_EDGE('',*,*,#6514,.F.);
#8847=ORIENTED_EDGE('',*,*,#6517,.F.);
#8848=ORIENTED_EDGE('',*,*,#6522,.T.);
#8849=ORIENTED_EDGE('',*,*,#6523,.T.);
#8850=ORIENTED_EDGE('',*,*,#6524,.F.);
#8851=ORIENTED_EDGE('',*,*,#6525,.F.);
#8852=ORIENTED_EDGE('',*,*,#6526,.T.);
#8853=ORIENTED_EDGE('',*,*,#6525,.T.);
#8854=ORIENTED_EDGE('',*,*,#6527,.F.);
#8855=ORIENTED_EDGE('',*,*,#6528,.F.);
#8856=ORIENTED_EDGE('',*,*,#6529,.T.);
#8857=ORIENTED_EDGE('',*,*,#6528,.T.);
#8858=ORIENTED_EDGE('',*,*,#6530,.F.);
#8859=ORIENTED_EDGE('',*,*,#6531,.F.);
#8860=ORIENTED_EDGE('',*,*,#6532,.T.);
#8861=ORIENTED_EDGE('',*,*,#6531,.T.);
#8862=ORIENTED_EDGE('',*,*,#6533,.F.);
#8863=ORIENTED_EDGE('',*,*,#6523,.F.);
#8864=ORIENTED_EDGE('',*,*,#6533,.T.);
#8865=ORIENTED_EDGE('',*,*,#6530,.T.);
#8866=ORIENTED_EDGE('',*,*,#6527,.T.);
#8867=ORIENTED_EDGE('',*,*,#6524,.T.);
#8868=ORIENTED_EDGE('',*,*,#6532,.F.);
#8869=ORIENTED_EDGE('',*,*,#6522,.F.);
#8870=ORIENTED_EDGE('',*,*,#6526,.F.);
#8871=ORIENTED_EDGE('',*,*,#6529,.F.);
#8872=ORIENTED_EDGE('',*,*,#6534,.T.);
#8873=ORIENTED_EDGE('',*,*,#6535,.T.);
#8874=ORIENTED_EDGE('',*,*,#6536,.F.);
#8875=ORIENTED_EDGE('',*,*,#6537,.F.);
#8876=ORIENTED_EDGE('',*,*,#6538,.T.);
#8877=ORIENTED_EDGE('',*,*,#6537,.T.);
#8878=ORIENTED_EDGE('',*,*,#6539,.F.);
#8879=ORIENTED_EDGE('',*,*,#6540,.F.);
#8880=ORIENTED_EDGE('',*,*,#6541,.T.);
#8881=ORIENTED_EDGE('',*,*,#6540,.T.);
#8882=ORIENTED_EDGE('',*,*,#6542,.F.);
#8883=ORIENTED_EDGE('',*,*,#6543,.F.);
#8884=ORIENTED_EDGE('',*,*,#6544,.T.);
#8885=ORIENTED_EDGE('',*,*,#6543,.T.);
#8886=ORIENTED_EDGE('',*,*,#6545,.F.);
#8887=ORIENTED_EDGE('',*,*,#6535,.F.);
#8888=ORIENTED_EDGE('',*,*,#6545,.T.);
#8889=ORIENTED_EDGE('',*,*,#6542,.T.);
#8890=ORIENTED_EDGE('',*,*,#6539,.T.);
#8891=ORIENTED_EDGE('',*,*,#6536,.T.);
#8892=ORIENTED_EDGE('',*,*,#6544,.F.);
#8893=ORIENTED_EDGE('',*,*,#6534,.F.);
#8894=ORIENTED_EDGE('',*,*,#6538,.F.);
#8895=ORIENTED_EDGE('',*,*,#6541,.F.);
#8896=ORIENTED_EDGE('',*,*,#6546,.T.);
#8897=ORIENTED_EDGE('',*,*,#6547,.T.);
#8898=ORIENTED_EDGE('',*,*,#6548,.F.);
#8899=ORIENTED_EDGE('',*,*,#6549,.F.);
#8900=ORIENTED_EDGE('',*,*,#6550,.T.);
#8901=ORIENTED_EDGE('',*,*,#6549,.T.);
#8902=ORIENTED_EDGE('',*,*,#6551,.F.);
#8903=ORIENTED_EDGE('',*,*,#6552,.F.);
#8904=ORIENTED_EDGE('',*,*,#6553,.T.);
#8905=ORIENTED_EDGE('',*,*,#6552,.T.);
#8906=ORIENTED_EDGE('',*,*,#6554,.F.);
#8907=ORIENTED_EDGE('',*,*,#6555,.F.);
#8908=ORIENTED_EDGE('',*,*,#6556,.T.);
#8909=ORIENTED_EDGE('',*,*,#6555,.T.);
#8910=ORIENTED_EDGE('',*,*,#6557,.F.);
#8911=ORIENTED_EDGE('',*,*,#6547,.F.);
#8912=ORIENTED_EDGE('',*,*,#6557,.T.);
#8913=ORIENTED_EDGE('',*,*,#6554,.T.);
#8914=ORIENTED_EDGE('',*,*,#6551,.T.);
#8915=ORIENTED_EDGE('',*,*,#6548,.T.);
#8916=ORIENTED_EDGE('',*,*,#6556,.F.);
#8917=ORIENTED_EDGE('',*,*,#6546,.F.);
#8918=ORIENTED_EDGE('',*,*,#6550,.F.);
#8919=ORIENTED_EDGE('',*,*,#6553,.F.);
#8920=ORIENTED_EDGE('',*,*,#6558,.T.);
#8921=ORIENTED_EDGE('',*,*,#6559,.T.);
#8922=ORIENTED_EDGE('',*,*,#6560,.F.);
#8923=ORIENTED_EDGE('',*,*,#6561,.F.);
#8924=ORIENTED_EDGE('',*,*,#6562,.T.);
#8925=ORIENTED_EDGE('',*,*,#6561,.T.);
#8926=ORIENTED_EDGE('',*,*,#6563,.F.);
#8927=ORIENTED_EDGE('',*,*,#6564,.F.);
#8928=ORIENTED_EDGE('',*,*,#6565,.T.);
#8929=ORIENTED_EDGE('',*,*,#6564,.T.);
#8930=ORIENTED_EDGE('',*,*,#6566,.F.);
#8931=ORIENTED_EDGE('',*,*,#6567,.F.);
#8932=ORIENTED_EDGE('',*,*,#6568,.T.);
#8933=ORIENTED_EDGE('',*,*,#6567,.T.);
#8934=ORIENTED_EDGE('',*,*,#6569,.F.);
#8935=ORIENTED_EDGE('',*,*,#6559,.F.);
#8936=ORIENTED_EDGE('',*,*,#6569,.T.);
#8937=ORIENTED_EDGE('',*,*,#6566,.T.);
#8938=ORIENTED_EDGE('',*,*,#6563,.T.);
#8939=ORIENTED_EDGE('',*,*,#6560,.T.);
#8940=ORIENTED_EDGE('',*,*,#6568,.F.);
#8941=ORIENTED_EDGE('',*,*,#6558,.F.);
#8942=ORIENTED_EDGE('',*,*,#6562,.F.);
#8943=ORIENTED_EDGE('',*,*,#6565,.F.);
#8944=ORIENTED_EDGE('',*,*,#6570,.T.);
#8945=ORIENTED_EDGE('',*,*,#6571,.T.);
#8946=ORIENTED_EDGE('',*,*,#6572,.F.);
#8947=ORIENTED_EDGE('',*,*,#6573,.F.);
#8948=ORIENTED_EDGE('',*,*,#6574,.T.);
#8949=ORIENTED_EDGE('',*,*,#6573,.T.);
#8950=ORIENTED_EDGE('',*,*,#6575,.F.);
#8951=ORIENTED_EDGE('',*,*,#6576,.F.);
#8952=ORIENTED_EDGE('',*,*,#6577,.T.);
#8953=ORIENTED_EDGE('',*,*,#6576,.T.);
#8954=ORIENTED_EDGE('',*,*,#6578,.F.);
#8955=ORIENTED_EDGE('',*,*,#6579,.F.);
#8956=ORIENTED_EDGE('',*,*,#6580,.T.);
#8957=ORIENTED_EDGE('',*,*,#6579,.T.);
#8958=ORIENTED_EDGE('',*,*,#6581,.F.);
#8959=ORIENTED_EDGE('',*,*,#6571,.F.);
#8960=ORIENTED_EDGE('',*,*,#6581,.T.);
#8961=ORIENTED_EDGE('',*,*,#6578,.T.);
#8962=ORIENTED_EDGE('',*,*,#6575,.T.);
#8963=ORIENTED_EDGE('',*,*,#6572,.T.);
#8964=ORIENTED_EDGE('',*,*,#6580,.F.);
#8965=ORIENTED_EDGE('',*,*,#6570,.F.);
#8966=ORIENTED_EDGE('',*,*,#6574,.F.);
#8967=ORIENTED_EDGE('',*,*,#6577,.F.);
#8968=ORIENTED_EDGE('',*,*,#6582,.T.);
#8969=ORIENTED_EDGE('',*,*,#6583,.T.);
#8970=ORIENTED_EDGE('',*,*,#6584,.F.);
#8971=ORIENTED_EDGE('',*,*,#6585,.F.);
#8972=ORIENTED_EDGE('',*,*,#6586,.T.);
#8973=ORIENTED_EDGE('',*,*,#6585,.T.);
#8974=ORIENTED_EDGE('',*,*,#6587,.F.);
#8975=ORIENTED_EDGE('',*,*,#6588,.F.);
#8976=ORIENTED_EDGE('',*,*,#6589,.T.);
#8977=ORIENTED_EDGE('',*,*,#6588,.T.);
#8978=ORIENTED_EDGE('',*,*,#6590,.F.);
#8979=ORIENTED_EDGE('',*,*,#6591,.F.);
#8980=ORIENTED_EDGE('',*,*,#6592,.T.);
#8981=ORIENTED_EDGE('',*,*,#6591,.T.);
#8982=ORIENTED_EDGE('',*,*,#6593,.F.);
#8983=ORIENTED_EDGE('',*,*,#6583,.F.);
#8984=ORIENTED_EDGE('',*,*,#6593,.T.);
#8985=ORIENTED_EDGE('',*,*,#6590,.T.);
#8986=ORIENTED_EDGE('',*,*,#6587,.T.);
#8987=ORIENTED_EDGE('',*,*,#6584,.T.);
#8988=ORIENTED_EDGE('',*,*,#6592,.F.);
#8989=ORIENTED_EDGE('',*,*,#6582,.F.);
#8990=ORIENTED_EDGE('',*,*,#6586,.F.);
#8991=ORIENTED_EDGE('',*,*,#6589,.F.);
#8992=ORIENTED_EDGE('',*,*,#6594,.T.);
#8993=ORIENTED_EDGE('',*,*,#6595,.T.);
#8994=ORIENTED_EDGE('',*,*,#6596,.F.);
#8995=ORIENTED_EDGE('',*,*,#6597,.F.);
#8996=ORIENTED_EDGE('',*,*,#6598,.T.);
#8997=ORIENTED_EDGE('',*,*,#6597,.T.);
#8998=ORIENTED_EDGE('',*,*,#6599,.F.);
#8999=ORIENTED_EDGE('',*,*,#6600,.F.);
#9000=ORIENTED_EDGE('',*,*,#6601,.T.);
#9001=ORIENTED_EDGE('',*,*,#6600,.T.);
#9002=ORIENTED_EDGE('',*,*,#6602,.F.);
#9003=ORIENTED_EDGE('',*,*,#6603,.F.);
#9004=ORIENTED_EDGE('',*,*,#6604,.T.);
#9005=ORIENTED_EDGE('',*,*,#6603,.T.);
#9006=ORIENTED_EDGE('',*,*,#6605,.F.);
#9007=ORIENTED_EDGE('',*,*,#6595,.F.);
#9008=ORIENTED_EDGE('',*,*,#6605,.T.);
#9009=ORIENTED_EDGE('',*,*,#6602,.T.);
#9010=ORIENTED_EDGE('',*,*,#6599,.T.);
#9011=ORIENTED_EDGE('',*,*,#6596,.T.);
#9012=ORIENTED_EDGE('',*,*,#6604,.F.);
#9013=ORIENTED_EDGE('',*,*,#6594,.F.);
#9014=ORIENTED_EDGE('',*,*,#6598,.F.);
#9015=ORIENTED_EDGE('',*,*,#6601,.F.);
#9016=ORIENTED_EDGE('',*,*,#6606,.T.);
#9017=ORIENTED_EDGE('',*,*,#6607,.T.);
#9018=ORIENTED_EDGE('',*,*,#6608,.F.);
#9019=ORIENTED_EDGE('',*,*,#6609,.F.);
#9020=ORIENTED_EDGE('',*,*,#6610,.T.);
#9021=ORIENTED_EDGE('',*,*,#6609,.T.);
#9022=ORIENTED_EDGE('',*,*,#6611,.F.);
#9023=ORIENTED_EDGE('',*,*,#6612,.F.);
#9024=ORIENTED_EDGE('',*,*,#6613,.T.);
#9025=ORIENTED_EDGE('',*,*,#6612,.T.);
#9026=ORIENTED_EDGE('',*,*,#6614,.F.);
#9027=ORIENTED_EDGE('',*,*,#6615,.F.);
#9028=ORIENTED_EDGE('',*,*,#6616,.T.);
#9029=ORIENTED_EDGE('',*,*,#6615,.T.);
#9030=ORIENTED_EDGE('',*,*,#6617,.F.);
#9031=ORIENTED_EDGE('',*,*,#6607,.F.);
#9032=ORIENTED_EDGE('',*,*,#6617,.T.);
#9033=ORIENTED_EDGE('',*,*,#6614,.T.);
#9034=ORIENTED_EDGE('',*,*,#6611,.T.);
#9035=ORIENTED_EDGE('',*,*,#6608,.T.);
#9036=ORIENTED_EDGE('',*,*,#6616,.F.);
#9037=ORIENTED_EDGE('',*,*,#6606,.F.);
#9038=ORIENTED_EDGE('',*,*,#6610,.F.);
#9039=ORIENTED_EDGE('',*,*,#6613,.F.);
#9040=ORIENTED_EDGE('',*,*,#6618,.T.);
#9041=ORIENTED_EDGE('',*,*,#6619,.T.);
#9042=ORIENTED_EDGE('',*,*,#6620,.F.);
#9043=ORIENTED_EDGE('',*,*,#6621,.F.);
#9044=ORIENTED_EDGE('',*,*,#6622,.T.);
#9045=ORIENTED_EDGE('',*,*,#6621,.T.);
#9046=ORIENTED_EDGE('',*,*,#6623,.F.);
#9047=ORIENTED_EDGE('',*,*,#6624,.F.);
#9048=ORIENTED_EDGE('',*,*,#6625,.T.);
#9049=ORIENTED_EDGE('',*,*,#6624,.T.);
#9050=ORIENTED_EDGE('',*,*,#6626,.F.);
#9051=ORIENTED_EDGE('',*,*,#6627,.F.);
#9052=ORIENTED_EDGE('',*,*,#6628,.T.);
#9053=ORIENTED_EDGE('',*,*,#6627,.T.);
#9054=ORIENTED_EDGE('',*,*,#6629,.F.);
#9055=ORIENTED_EDGE('',*,*,#6619,.F.);
#9056=ORIENTED_EDGE('',*,*,#6629,.T.);
#9057=ORIENTED_EDGE('',*,*,#6626,.T.);
#9058=ORIENTED_EDGE('',*,*,#6623,.T.);
#9059=ORIENTED_EDGE('',*,*,#6620,.T.);
#9060=ORIENTED_EDGE('',*,*,#6628,.F.);
#9061=ORIENTED_EDGE('',*,*,#6618,.F.);
#9062=ORIENTED_EDGE('',*,*,#6622,.F.);
#9063=ORIENTED_EDGE('',*,*,#6625,.F.);
#9064=ORIENTED_EDGE('',*,*,#6630,.T.);
#9065=ORIENTED_EDGE('',*,*,#6631,.T.);
#9066=ORIENTED_EDGE('',*,*,#6632,.F.);
#9067=ORIENTED_EDGE('',*,*,#6633,.F.);
#9068=ORIENTED_EDGE('',*,*,#6634,.T.);
#9069=ORIENTED_EDGE('',*,*,#6633,.T.);
#9070=ORIENTED_EDGE('',*,*,#6635,.F.);
#9071=ORIENTED_EDGE('',*,*,#6636,.F.);
#9072=ORIENTED_EDGE('',*,*,#6637,.T.);
#9073=ORIENTED_EDGE('',*,*,#6636,.T.);
#9074=ORIENTED_EDGE('',*,*,#6638,.F.);
#9075=ORIENTED_EDGE('',*,*,#6639,.F.);
#9076=ORIENTED_EDGE('',*,*,#6640,.T.);
#9077=ORIENTED_EDGE('',*,*,#6639,.T.);
#9078=ORIENTED_EDGE('',*,*,#6641,.F.);
#9079=ORIENTED_EDGE('',*,*,#6631,.F.);
#9080=ORIENTED_EDGE('',*,*,#6641,.T.);
#9081=ORIENTED_EDGE('',*,*,#6638,.T.);
#9082=ORIENTED_EDGE('',*,*,#6635,.T.);
#9083=ORIENTED_EDGE('',*,*,#6632,.T.);
#9084=ORIENTED_EDGE('',*,*,#6640,.F.);
#9085=ORIENTED_EDGE('',*,*,#6630,.F.);
#9086=ORIENTED_EDGE('',*,*,#6634,.F.);
#9087=ORIENTED_EDGE('',*,*,#6637,.F.);
#9088=ORIENTED_EDGE('',*,*,#6642,.T.);
#9089=ORIENTED_EDGE('',*,*,#6643,.T.);
#9090=ORIENTED_EDGE('',*,*,#6644,.F.);
#9091=ORIENTED_EDGE('',*,*,#6645,.F.);
#9092=ORIENTED_EDGE('',*,*,#6646,.T.);
#9093=ORIENTED_EDGE('',*,*,#6645,.T.);
#9094=ORIENTED_EDGE('',*,*,#6647,.F.);
#9095=ORIENTED_EDGE('',*,*,#6648,.F.);
#9096=ORIENTED_EDGE('',*,*,#6649,.T.);
#9097=ORIENTED_EDGE('',*,*,#6648,.T.);
#9098=ORIENTED_EDGE('',*,*,#6650,.F.);
#9099=ORIENTED_EDGE('',*,*,#6651,.F.);
#9100=ORIENTED_EDGE('',*,*,#6652,.T.);
#9101=ORIENTED_EDGE('',*,*,#6651,.T.);
#9102=ORIENTED_EDGE('',*,*,#6653,.F.);
#9103=ORIENTED_EDGE('',*,*,#6643,.F.);
#9104=ORIENTED_EDGE('',*,*,#6653,.T.);
#9105=ORIENTED_EDGE('',*,*,#6650,.T.);
#9106=ORIENTED_EDGE('',*,*,#6647,.T.);
#9107=ORIENTED_EDGE('',*,*,#6644,.T.);
#9108=ORIENTED_EDGE('',*,*,#6652,.F.);
#9109=ORIENTED_EDGE('',*,*,#6642,.F.);
#9110=ORIENTED_EDGE('',*,*,#6646,.F.);
#9111=ORIENTED_EDGE('',*,*,#6649,.F.);
#9112=ORIENTED_EDGE('',*,*,#6654,.T.);
#9113=ORIENTED_EDGE('',*,*,#6655,.T.);
#9114=ORIENTED_EDGE('',*,*,#6656,.F.);
#9115=ORIENTED_EDGE('',*,*,#6657,.F.);
#9116=ORIENTED_EDGE('',*,*,#6658,.T.);
#9117=ORIENTED_EDGE('',*,*,#6657,.T.);
#9118=ORIENTED_EDGE('',*,*,#6659,.F.);
#9119=ORIENTED_EDGE('',*,*,#6660,.F.);
#9120=ORIENTED_EDGE('',*,*,#6661,.T.);
#9121=ORIENTED_EDGE('',*,*,#6660,.T.);
#9122=ORIENTED_EDGE('',*,*,#6662,.F.);
#9123=ORIENTED_EDGE('',*,*,#6663,.F.);
#9124=ORIENTED_EDGE('',*,*,#6664,.T.);
#9125=ORIENTED_EDGE('',*,*,#6663,.T.);
#9126=ORIENTED_EDGE('',*,*,#6665,.F.);
#9127=ORIENTED_EDGE('',*,*,#6655,.F.);
#9128=ORIENTED_EDGE('',*,*,#6665,.T.);
#9129=ORIENTED_EDGE('',*,*,#6662,.T.);
#9130=ORIENTED_EDGE('',*,*,#6659,.T.);
#9131=ORIENTED_EDGE('',*,*,#6656,.T.);
#9132=ORIENTED_EDGE('',*,*,#6664,.F.);
#9133=ORIENTED_EDGE('',*,*,#6654,.F.);
#9134=ORIENTED_EDGE('',*,*,#6658,.F.);
#9135=ORIENTED_EDGE('',*,*,#6661,.F.);
#9136=ORIENTED_EDGE('',*,*,#6666,.T.);
#9137=ORIENTED_EDGE('',*,*,#6667,.T.);
#9138=ORIENTED_EDGE('',*,*,#6668,.F.);
#9139=ORIENTED_EDGE('',*,*,#6669,.F.);
#9140=ORIENTED_EDGE('',*,*,#6670,.T.);
#9141=ORIENTED_EDGE('',*,*,#6669,.T.);
#9142=ORIENTED_EDGE('',*,*,#6671,.F.);
#9143=ORIENTED_EDGE('',*,*,#6672,.F.);
#9144=ORIENTED_EDGE('',*,*,#6673,.T.);
#9145=ORIENTED_EDGE('',*,*,#6672,.T.);
#9146=ORIENTED_EDGE('',*,*,#6674,.F.);
#9147=ORIENTED_EDGE('',*,*,#6675,.F.);
#9148=ORIENTED_EDGE('',*,*,#6676,.T.);
#9149=ORIENTED_EDGE('',*,*,#6675,.T.);
#9150=ORIENTED_EDGE('',*,*,#6677,.F.);
#9151=ORIENTED_EDGE('',*,*,#6667,.F.);
#9152=ORIENTED_EDGE('',*,*,#6677,.T.);
#9153=ORIENTED_EDGE('',*,*,#6674,.T.);
#9154=ORIENTED_EDGE('',*,*,#6671,.T.);
#9155=ORIENTED_EDGE('',*,*,#6668,.T.);
#9156=ORIENTED_EDGE('',*,*,#6676,.F.);
#9157=ORIENTED_EDGE('',*,*,#6666,.F.);
#9158=ORIENTED_EDGE('',*,*,#6670,.F.);
#9159=ORIENTED_EDGE('',*,*,#6673,.F.);
#9160=ORIENTED_EDGE('',*,*,#6678,.T.);
#9161=ORIENTED_EDGE('',*,*,#6679,.T.);
#9162=ORIENTED_EDGE('',*,*,#6680,.F.);
#9163=ORIENTED_EDGE('',*,*,#6681,.F.);
#9164=ORIENTED_EDGE('',*,*,#6682,.T.);
#9165=ORIENTED_EDGE('',*,*,#6681,.T.);
#9166=ORIENTED_EDGE('',*,*,#6683,.F.);
#9167=ORIENTED_EDGE('',*,*,#6684,.F.);
#9168=ORIENTED_EDGE('',*,*,#6685,.T.);
#9169=ORIENTED_EDGE('',*,*,#6684,.T.);
#9170=ORIENTED_EDGE('',*,*,#6686,.F.);
#9171=ORIENTED_EDGE('',*,*,#6687,.F.);
#9172=ORIENTED_EDGE('',*,*,#6688,.T.);
#9173=ORIENTED_EDGE('',*,*,#6687,.T.);
#9174=ORIENTED_EDGE('',*,*,#6689,.F.);
#9175=ORIENTED_EDGE('',*,*,#6679,.F.);
#9176=ORIENTED_EDGE('',*,*,#6689,.T.);
#9177=ORIENTED_EDGE('',*,*,#6686,.T.);
#9178=ORIENTED_EDGE('',*,*,#6683,.T.);
#9179=ORIENTED_EDGE('',*,*,#6680,.T.);
#9180=ORIENTED_EDGE('',*,*,#6688,.F.);
#9181=ORIENTED_EDGE('',*,*,#6678,.F.);
#9182=ORIENTED_EDGE('',*,*,#6682,.F.);
#9183=ORIENTED_EDGE('',*,*,#6685,.F.);
#9184=ORIENTED_EDGE('',*,*,#6690,.T.);
#9185=ORIENTED_EDGE('',*,*,#6691,.T.);
#9186=ORIENTED_EDGE('',*,*,#6692,.F.);
#9187=ORIENTED_EDGE('',*,*,#6693,.F.);
#9188=ORIENTED_EDGE('',*,*,#6694,.T.);
#9189=ORIENTED_EDGE('',*,*,#6693,.T.);
#9190=ORIENTED_EDGE('',*,*,#6695,.F.);
#9191=ORIENTED_EDGE('',*,*,#6696,.F.);
#9192=ORIENTED_EDGE('',*,*,#6697,.T.);
#9193=ORIENTED_EDGE('',*,*,#6696,.T.);
#9194=ORIENTED_EDGE('',*,*,#6698,.F.);
#9195=ORIENTED_EDGE('',*,*,#6699,.F.);
#9196=ORIENTED_EDGE('',*,*,#6700,.T.);
#9197=ORIENTED_EDGE('',*,*,#6699,.T.);
#9198=ORIENTED_EDGE('',*,*,#6701,.F.);
#9199=ORIENTED_EDGE('',*,*,#6691,.F.);
#9200=ORIENTED_EDGE('',*,*,#6701,.T.);
#9201=ORIENTED_EDGE('',*,*,#6698,.T.);
#9202=ORIENTED_EDGE('',*,*,#6695,.T.);
#9203=ORIENTED_EDGE('',*,*,#6692,.T.);
#9204=ORIENTED_EDGE('',*,*,#6700,.F.);
#9205=ORIENTED_EDGE('',*,*,#6690,.F.);
#9206=ORIENTED_EDGE('',*,*,#6694,.F.);
#9207=ORIENTED_EDGE('',*,*,#6697,.F.);
#9208=ORIENTED_EDGE('',*,*,#6702,.T.);
#9209=ORIENTED_EDGE('',*,*,#6703,.T.);
#9210=ORIENTED_EDGE('',*,*,#6704,.F.);
#9211=ORIENTED_EDGE('',*,*,#6705,.F.);
#9212=ORIENTED_EDGE('',*,*,#6706,.T.);
#9213=ORIENTED_EDGE('',*,*,#6705,.T.);
#9214=ORIENTED_EDGE('',*,*,#6707,.F.);
#9215=ORIENTED_EDGE('',*,*,#6708,.F.);
#9216=ORIENTED_EDGE('',*,*,#6709,.T.);
#9217=ORIENTED_EDGE('',*,*,#6708,.T.);
#9218=ORIENTED_EDGE('',*,*,#6710,.F.);
#9219=ORIENTED_EDGE('',*,*,#6711,.F.);
#9220=ORIENTED_EDGE('',*,*,#6712,.T.);
#9221=ORIENTED_EDGE('',*,*,#6711,.T.);
#9222=ORIENTED_EDGE('',*,*,#6713,.F.);
#9223=ORIENTED_EDGE('',*,*,#6703,.F.);
#9224=ORIENTED_EDGE('',*,*,#6713,.T.);
#9225=ORIENTED_EDGE('',*,*,#6710,.T.);
#9226=ORIENTED_EDGE('',*,*,#6707,.T.);
#9227=ORIENTED_EDGE('',*,*,#6704,.T.);
#9228=ORIENTED_EDGE('',*,*,#6712,.F.);
#9229=ORIENTED_EDGE('',*,*,#6702,.F.);
#9230=ORIENTED_EDGE('',*,*,#6706,.F.);
#9231=ORIENTED_EDGE('',*,*,#6709,.F.);
#9232=ORIENTED_EDGE('',*,*,#6714,.T.);
#9233=ORIENTED_EDGE('',*,*,#6715,.T.);
#9234=ORIENTED_EDGE('',*,*,#6716,.F.);
#9235=ORIENTED_EDGE('',*,*,#6717,.F.);
#9236=ORIENTED_EDGE('',*,*,#6718,.T.);
#9237=ORIENTED_EDGE('',*,*,#6717,.T.);
#9238=ORIENTED_EDGE('',*,*,#6719,.F.);
#9239=ORIENTED_EDGE('',*,*,#6720,.F.);
#9240=ORIENTED_EDGE('',*,*,#6721,.T.);
#9241=ORIENTED_EDGE('',*,*,#6720,.T.);
#9242=ORIENTED_EDGE('',*,*,#6722,.F.);
#9243=ORIENTED_EDGE('',*,*,#6723,.F.);
#9244=ORIENTED_EDGE('',*,*,#6724,.T.);
#9245=ORIENTED_EDGE('',*,*,#6723,.T.);
#9246=ORIENTED_EDGE('',*,*,#6725,.F.);
#9247=ORIENTED_EDGE('',*,*,#6715,.F.);
#9248=ORIENTED_EDGE('',*,*,#6725,.T.);
#9249=ORIENTED_EDGE('',*,*,#6722,.T.);
#9250=ORIENTED_EDGE('',*,*,#6719,.T.);
#9251=ORIENTED_EDGE('',*,*,#6716,.T.);
#9252=ORIENTED_EDGE('',*,*,#6724,.F.);
#9253=ORIENTED_EDGE('',*,*,#6714,.F.);
#9254=ORIENTED_EDGE('',*,*,#6718,.F.);
#9255=ORIENTED_EDGE('',*,*,#6721,.F.);
#9256=ORIENTED_EDGE('',*,*,#6726,.T.);
#9257=ORIENTED_EDGE('',*,*,#6727,.T.);
#9258=ORIENTED_EDGE('',*,*,#6728,.F.);
#9259=ORIENTED_EDGE('',*,*,#6729,.F.);
#9260=ORIENTED_EDGE('',*,*,#6730,.T.);
#9261=ORIENTED_EDGE('',*,*,#6729,.T.);
#9262=ORIENTED_EDGE('',*,*,#6731,.F.);
#9263=ORIENTED_EDGE('',*,*,#6732,.F.);
#9264=ORIENTED_EDGE('',*,*,#6733,.T.);
#9265=ORIENTED_EDGE('',*,*,#6732,.T.);
#9266=ORIENTED_EDGE('',*,*,#6734,.F.);
#9267=ORIENTED_EDGE('',*,*,#6735,.F.);
#9268=ORIENTED_EDGE('',*,*,#6736,.T.);
#9269=ORIENTED_EDGE('',*,*,#6735,.T.);
#9270=ORIENTED_EDGE('',*,*,#6737,.F.);
#9271=ORIENTED_EDGE('',*,*,#6727,.F.);
#9272=ORIENTED_EDGE('',*,*,#6737,.T.);
#9273=ORIENTED_EDGE('',*,*,#6734,.T.);
#9274=ORIENTED_EDGE('',*,*,#6731,.T.);
#9275=ORIENTED_EDGE('',*,*,#6728,.T.);
#9276=ORIENTED_EDGE('',*,*,#6736,.F.);
#9277=ORIENTED_EDGE('',*,*,#6726,.F.);
#9278=ORIENTED_EDGE('',*,*,#6730,.F.);
#9279=ORIENTED_EDGE('',*,*,#6733,.F.);
#9280=ORIENTED_EDGE('',*,*,#6738,.T.);
#9281=ORIENTED_EDGE('',*,*,#6739,.T.);
#9282=ORIENTED_EDGE('',*,*,#6740,.F.);
#9283=ORIENTED_EDGE('',*,*,#6741,.F.);
#9284=ORIENTED_EDGE('',*,*,#6742,.T.);
#9285=ORIENTED_EDGE('',*,*,#6741,.T.);
#9286=ORIENTED_EDGE('',*,*,#6743,.F.);
#9287=ORIENTED_EDGE('',*,*,#6744,.F.);
#9288=ORIENTED_EDGE('',*,*,#6745,.T.);
#9289=ORIENTED_EDGE('',*,*,#6744,.T.);
#9290=ORIENTED_EDGE('',*,*,#6746,.F.);
#9291=ORIENTED_EDGE('',*,*,#6747,.F.);
#9292=ORIENTED_EDGE('',*,*,#6748,.T.);
#9293=ORIENTED_EDGE('',*,*,#6747,.T.);
#9294=ORIENTED_EDGE('',*,*,#6749,.F.);
#9295=ORIENTED_EDGE('',*,*,#6739,.F.);
#9296=ORIENTED_EDGE('',*,*,#6749,.T.);
#9297=ORIENTED_EDGE('',*,*,#6746,.T.);
#9298=ORIENTED_EDGE('',*,*,#6743,.T.);
#9299=ORIENTED_EDGE('',*,*,#6740,.T.);
#9300=ORIENTED_EDGE('',*,*,#6748,.F.);
#9301=ORIENTED_EDGE('',*,*,#6738,.F.);
#9302=ORIENTED_EDGE('',*,*,#6742,.F.);
#9303=ORIENTED_EDGE('',*,*,#6745,.F.);
#9304=ORIENTED_EDGE('',*,*,#6750,.T.);
#9305=ORIENTED_EDGE('',*,*,#6751,.T.);
#9306=ORIENTED_EDGE('',*,*,#6752,.F.);
#9307=ORIENTED_EDGE('',*,*,#6753,.F.);
#9308=ORIENTED_EDGE('',*,*,#6754,.T.);
#9309=ORIENTED_EDGE('',*,*,#6753,.T.);
#9310=ORIENTED_EDGE('',*,*,#6755,.F.);
#9311=ORIENTED_EDGE('',*,*,#6756,.F.);
#9312=ORIENTED_EDGE('',*,*,#6757,.T.);
#9313=ORIENTED_EDGE('',*,*,#6756,.T.);
#9314=ORIENTED_EDGE('',*,*,#6758,.F.);
#9315=ORIENTED_EDGE('',*,*,#6759,.F.);
#9316=ORIENTED_EDGE('',*,*,#6760,.T.);
#9317=ORIENTED_EDGE('',*,*,#6759,.T.);
#9318=ORIENTED_EDGE('',*,*,#6761,.F.);
#9319=ORIENTED_EDGE('',*,*,#6751,.F.);
#9320=ORIENTED_EDGE('',*,*,#6761,.T.);
#9321=ORIENTED_EDGE('',*,*,#6758,.T.);
#9322=ORIENTED_EDGE('',*,*,#6755,.T.);
#9323=ORIENTED_EDGE('',*,*,#6752,.T.);
#9324=ORIENTED_EDGE('',*,*,#6760,.F.);
#9325=ORIENTED_EDGE('',*,*,#6750,.F.);
#9326=ORIENTED_EDGE('',*,*,#6754,.F.);
#9327=ORIENTED_EDGE('',*,*,#6757,.F.);
#9328=ORIENTED_EDGE('',*,*,#6762,.T.);
#9329=ORIENTED_EDGE('',*,*,#6763,.T.);
#9330=ORIENTED_EDGE('',*,*,#6764,.F.);
#9331=ORIENTED_EDGE('',*,*,#6765,.F.);
#9332=ORIENTED_EDGE('',*,*,#6766,.T.);
#9333=ORIENTED_EDGE('',*,*,#6765,.T.);
#9334=ORIENTED_EDGE('',*,*,#6767,.F.);
#9335=ORIENTED_EDGE('',*,*,#6768,.F.);
#9336=ORIENTED_EDGE('',*,*,#6769,.T.);
#9337=ORIENTED_EDGE('',*,*,#6768,.T.);
#9338=ORIENTED_EDGE('',*,*,#6770,.F.);
#9339=ORIENTED_EDGE('',*,*,#6771,.F.);
#9340=ORIENTED_EDGE('',*,*,#6772,.T.);
#9341=ORIENTED_EDGE('',*,*,#6771,.T.);
#9342=ORIENTED_EDGE('',*,*,#6773,.F.);
#9343=ORIENTED_EDGE('',*,*,#6763,.F.);
#9344=ORIENTED_EDGE('',*,*,#6773,.T.);
#9345=ORIENTED_EDGE('',*,*,#6770,.T.);
#9346=ORIENTED_EDGE('',*,*,#6767,.T.);
#9347=ORIENTED_EDGE('',*,*,#6764,.T.);
#9348=ORIENTED_EDGE('',*,*,#6772,.F.);
#9349=ORIENTED_EDGE('',*,*,#6762,.F.);
#9350=ORIENTED_EDGE('',*,*,#6766,.F.);
#9351=ORIENTED_EDGE('',*,*,#6769,.F.);
#9352=CYLINDRICAL_SURFACE('',#10159,3.5);
#9353=CYLINDRICAL_SURFACE('',#10163,3.5);
#9354=CYLINDRICAL_SURFACE('',#10167,3.5);
#9355=CYLINDRICAL_SURFACE('',#10171,3.5);
#9356=CYLINDRICAL_SURFACE('',#10176,2.74999999999999);
#9357=CYLINDRICAL_SURFACE('',#10180,2.75);
#9358=CYLINDRICAL_SURFACE('',#10184,2.74999999999999);
#9359=CYLINDRICAL_SURFACE('',#10188,2.75);
#9360=CYLINDRICAL_SURFACE('',#10191,5.50000000000001);
#9361=CYLINDRICAL_SURFACE('',#10194,5.5);
#9362=CYLINDRICAL_SURFACE('',#10197,6.25);
#9363=CYLINDRICAL_SURFACE('',#10200,3.2);
#9364=CYLINDRICAL_SURFACE('',#10203,1.25);
#9365=CYLINDRICAL_SURFACE('',#10207,1.25);
#9366=CYLINDRICAL_SURFACE('',#10211,1.25);
#9367=CYLINDRICAL_SURFACE('',#10215,1.25);
#9368=CYLINDRICAL_SURFACE('',#10219,1.25);
#9369=CYLINDRICAL_SURFACE('',#10223,1.25);
#9370=CYLINDRICAL_SURFACE('',#10227,1.25);
#9371=CYLINDRICAL_SURFACE('',#10231,1.25);
#9372=CYLINDRICAL_SURFACE('',#10235,3.00000000000001);
#9373=CYLINDRICAL_SURFACE('',#10239,3.);
#9374=CYLINDRICAL_SURFACE('',#10243,3.00000000000001);
#9375=CYLINDRICAL_SURFACE('',#10247,3.);
#9376=CYLINDRICAL_SURFACE('',#10251,3.5);
#9377=CYLINDRICAL_SURFACE('',#10263,3.5);
#9378=CYLINDRICAL_SURFACE('',#10269,3.5);
#9379=CYLINDRICAL_SURFACE('',#10270,3.5);
#9380=CYLINDRICAL_SURFACE('',#10273,4.);
#9381=CYLINDRICAL_SURFACE('',#10276,4.);
#9382=CYLINDRICAL_SURFACE('',#10279,4.);
#9383=CYLINDRICAL_SURFACE('',#10281,4.);
#9384=CYLINDRICAL_SURFACE('',#10286,1.6);
#9385=CYLINDRICAL_SURFACE('',#10289,1.6);
#9386=CYLINDRICAL_SURFACE('',#10292,1.6);
#9387=CYLINDRICAL_SURFACE('',#10295,1.6);
#9388=CYLINDRICAL_SURFACE('',#10298,1.6);
#9389=CYLINDRICAL_SURFACE('',#10301,3.25);
#9390=CYLINDRICAL_SURFACE('',#10304,4.5);
#9391=CYLINDRICAL_SURFACE('',#10311,7.5);
#9392=CYLINDRICAL_SURFACE('',#10315,11.5);
#9393=CYLINDRICAL_SURFACE('',#10317,4.);
#9394=CYLINDRICAL_SURFACE('',#10325,4.);
#9395=CYLINDRICAL_SURFACE('',#10328,4.);
#9396=CYLINDRICAL_SURFACE('',#10330,4.);
#9397=CYLINDRICAL_SURFACE('',#10337,7.5);
#9398=CYLINDRICAL_SURFACE('',#10351,4.);
#9399=CYLINDRICAL_SURFACE('',#10354,4.);
#9400=CYLINDRICAL_SURFACE('',#10360,1.6);
#9401=CYLINDRICAL_SURFACE('',#10363,1.6);
#9402=CYLINDRICAL_SURFACE('',#10366,1.6);
#9403=CYLINDRICAL_SURFACE('',#10369,1.6);
#9404=CYLINDRICAL_SURFACE('',#10372,4.);
#9405=CYLINDRICAL_SURFACE('',#10375,4.);
#9406=CYLINDRICAL_SURFACE('',#10385,4.5);
#9407=CYLINDRICAL_SURFACE('',#10396,1.5);
#9408=CYLINDRICAL_SURFACE('',#10505,10.75);
#9409=ADVANCED_FACE('',(#842),#9352,.F.);
#9410=ADVANCED_FACE('',(#843),#267,.F.);
#9411=ADVANCED_FACE('',(#844),#9353,.F.);
#9412=ADVANCED_FACE('',(#845),#268,.F.);
#9413=ADVANCED_FACE('',(#846),#9354,.F.);
#9414=ADVANCED_FACE('',(#847),#269,.F.);
#9415=ADVANCED_FACE('',(#848),#9355,.F.);
#9416=ADVANCED_FACE('',(#849),#270,.F.);
#9417=ADVANCED_FACE('',(#850),#271,.F.);
#9418=ADVANCED_FACE('',(#851),#9356,.F.);
#9419=ADVANCED_FACE('',(#852),#272,.F.);
#9420=ADVANCED_FACE('',(#853),#9357,.F.);
#9421=ADVANCED_FACE('',(#854),#273,.F.);
#9422=ADVANCED_FACE('',(#855),#9358,.F.);
#9423=ADVANCED_FACE('',(#856),#274,.F.);
#9424=ADVANCED_FACE('',(#857),#9359,.F.);
#9425=ADVANCED_FACE('',(#858),#9360,.F.);
#9426=ADVANCED_FACE('',(#859),#9361,.F.);
#9427=ADVANCED_FACE('',(#860),#9362,.F.);
#9428=ADVANCED_FACE('',(#861),#9363,.F.);
#9429=ADVANCED_FACE('',(#862),#9364,.F.);
#9430=ADVANCED_FACE('',(#863),#275,.T.);
#9431=ADVANCED_FACE('',(#864),#9365,.F.);
#9432=ADVANCED_FACE('',(#865),#276,.T.);
#9433=ADVANCED_FACE('',(#866),#9366,.F.);
#9434=ADVANCED_FACE('',(#867),#277,.T.);
#9435=ADVANCED_FACE('',(#868),#9367,.F.);
#9436=ADVANCED_FACE('',(#869),#278,.T.);
#9437=ADVANCED_FACE('',(#870),#9368,.F.);
#9438=ADVANCED_FACE('',(#871),#279,.T.);
#9439=ADVANCED_FACE('',(#872),#9369,.F.);
#9440=ADVANCED_FACE('',(#873),#280,.T.);
#9441=ADVANCED_FACE('',(#874),#9370,.F.);
#9442=ADVANCED_FACE('',(#875),#281,.T.);
#9443=ADVANCED_FACE('',(#876),#9371,.F.);
#9444=ADVANCED_FACE('',(#877),#282,.T.);
#9445=ADVANCED_FACE('',(#878),#9372,.T.);
#9446=ADVANCED_FACE('',(#879,#212),#283,.T.);
#9447=ADVANCED_FACE('',(#880),#9373,.T.);
#9448=ADVANCED_FACE('',(#881,#213),#284,.T.);
#9449=ADVANCED_FACE('',(#882),#9374,.T.);
#9450=ADVANCED_FACE('',(#883,#214),#285,.T.);
#9451=ADVANCED_FACE('',(#884),#9375,.T.);
#9452=ADVANCED_FACE('',(#885,#215),#286,.T.);
#9453=ADVANCED_FACE('',(#886),#9376,.T.);
#9454=ADVANCED_FACE('',(#887,#216,#217,#218,#219,#220),#287,.T.);
#9455=ADVANCED_FACE('',(#888),#288,.F.);
#9456=ADVANCED_FACE('',(#889),#9377,.T.);
#9457=ADVANCED_FACE('',(#890,#221,#222,#223,#224,#225,#226),#289,.T.);
#9458=ADVANCED_FACE('',(#891,#227,#228,#229,#230),#290,.F.);
#9459=ADVANCED_FACE('',(#892),#9378,.T.);
#9460=ADVANCED_FACE('',(#893),#9379,.T.);
#9461=ADVANCED_FACE('',(#894),#291,.F.);
#9462=ADVANCED_FACE('',(#895),#292,.F.);
#9463=ADVANCED_FACE('',(#896),#9380,.T.);
#9464=ADVANCED_FACE('',(#897),#293,.T.);
#9465=ADVANCED_FACE('',(#898),#9381,.T.);
#9466=ADVANCED_FACE('',(#899),#294,.T.);
#9467=ADVANCED_FACE('',(#900),#9382,.T.);
#9468=ADVANCED_FACE('',(#901),#9383,.T.);
#9469=ADVANCED_FACE('',(#902),#295,.T.);
#9470=ADVANCED_FACE('',(#903,#231,#232,#233,#234),#296,.T.);
#9471=ADVANCED_FACE('',(#904,#235,#236,#237,#238,#239,#240),#297,.F.);
#9472=ADVANCED_FACE('',(#905),#9384,.F.);
#9473=ADVANCED_FACE('',(#906),#9385,.F.);
#9474=ADVANCED_FACE('',(#907),#9386,.F.);
#9475=ADVANCED_FACE('',(#908),#9387,.F.);
#9476=ADVANCED_FACE('',(#909),#9388,.F.);
#9477=ADVANCED_FACE('',(#910),#9389,.F.);
#9478=ADVANCED_FACE('',(#911),#9390,.T.);
#9479=ADVANCED_FACE('',(#912,#241),#298,.T.);
#9480=ADVANCED_FACE('',(#913),#29,.F.);
#9481=ADVANCED_FACE('',(#914),#9391,.F.);
#9482=ADVANCED_FACE('',(#915,#242),#299,.T.);
#9483=ADVANCED_FACE('',(#916),#9392,.T.);
#9484=ADVANCED_FACE('',(#917),#9393,.T.);
#9485=ADVANCED_FACE('',(#918),#300,.T.);
#9486=ADVANCED_FACE('',(#919,#243,#244,#245,#246,#247,#248,#249),#301,.T.);
#9487=ADVANCED_FACE('',(#920),#9394,.T.);
#9488=ADVANCED_FACE('',(#921),#302,.T.);
#9489=ADVANCED_FACE('',(#922),#9395,.T.);
#9490=ADVANCED_FACE('',(#923),#9396,.T.);
#9491=ADVANCED_FACE('',(#924),#303,.T.);
#9492=ADVANCED_FACE('',(#925),#304,.T.);
#9493=ADVANCED_FACE('',(#926,#250,#251,#252,#253,#254,#255,#256),#305,.F.);
#9494=ADVANCED_FACE('',(#927),#306,.F.);
#9495=ADVANCED_FACE('',(#928),#9397,.T.);
#9496=ADVANCED_FACE('',(#929),#307,.T.);
#9497=ADVANCED_FACE('',(#930),#308,.F.);
#9498=ADVANCED_FACE('',(#931),#309,.F.);
#9499=ADVANCED_FACE('',(#932),#310,.F.);
#9500=ADVANCED_FACE('',(#933),#311,.T.);
#9501=ADVANCED_FACE('',(#934),#312,.T.);
#9502=ADVANCED_FACE('',(#935),#313,.T.);
#9503=ADVANCED_FACE('',(#936),#314,.T.);
#9504=ADVANCED_FACE('',(#937),#315,.T.);
#9505=ADVANCED_FACE('',(#938),#316,.T.);
#9506=ADVANCED_FACE('',(#939),#317,.T.);
#9507=ADVANCED_FACE('',(#940),#9398,.F.);
#9508=ADVANCED_FACE('',(#941),#9399,.F.);
#9509=ADVANCED_FACE('',(#942),#318,.F.);
#9510=ADVANCED_FACE('',(#943),#319,.F.);
#9511=ADVANCED_FACE('',(#944),#320,.F.);
#9512=ADVANCED_FACE('',(#945),#9400,.F.);
#9513=ADVANCED_FACE('',(#946),#9401,.F.);
#9514=ADVANCED_FACE('',(#947),#9402,.F.);
#9515=ADVANCED_FACE('',(#948),#9403,.F.);
#9516=ADVANCED_FACE('',(#949),#9404,.F.);
#9517=ADVANCED_FACE('',(#950),#9405,.F.);
#9518=ADVANCED_FACE('',(#951),#321,.T.);
#9519=ADVANCED_FACE('',(#952),#322,.T.);
#9520=ADVANCED_FACE('',(#953),#323,.T.);
#9521=ADVANCED_FACE('',(#954,#257,#258,#259,#260),#324,.T.);
#9522=ADVANCED_FACE('',(#955,#261,#262,#263,#264),#325,.F.);
#9523=ADVANCED_FACE('',(#956),#326,.T.);
#9524=ADVANCED_FACE('',(#957),#327,.T.);
#9525=ADVANCED_FACE('',(#958),#9406,.T.);
#9526=ADVANCED_FACE('',(#959),#328,.T.);
#9527=ADVANCED_FACE('',(#960),#329,.F.);
#9528=ADVANCED_FACE('',(#961),#330,.T.);
#9529=ADVANCED_FACE('',(#962),#331,.T.);
#9530=ADVANCED_FACE('',(#963),#332,.T.);
#9531=ADVANCED_FACE('',(#964),#333,.T.);
#9532=ADVANCED_FACE('',(#965),#334,.T.);
#9533=ADVANCED_FACE('',(#966),#335,.F.);
#9534=ADVANCED_FACE('',(#967),#9407,.T.);
#9535=ADVANCED_FACE('',(#968),#336,.T.);
#9536=ADVANCED_FACE('',(#969),#337,.F.);
#9537=ADVANCED_FACE('',(#970),#338,.T.);
#9538=ADVANCED_FACE('',(#971),#339,.T.);
#9539=ADVANCED_FACE('',(#972),#340,.T.);
#9540=ADVANCED_FACE('',(#973),#341,.T.);
#9541=ADVANCED_FACE('',(#974),#342,.T.);
#9542=ADVANCED_FACE('',(#975),#343,.F.);
#9543=ADVANCED_FACE('',(#976),#344,.T.);
#9544=ADVANCED_FACE('',(#977),#345,.T.);
#9545=ADVANCED_FACE('',(#978),#346,.T.);
#9546=ADVANCED_FACE('',(#979),#347,.T.);
#9547=ADVANCED_FACE('',(#980),#348,.T.);
#9548=ADVANCED_FACE('',(#981),#349,.F.);
#9549=ADVANCED_FACE('',(#982),#350,.T.);
#9550=ADVANCED_FACE('',(#983),#351,.T.);
#9551=ADVANCED_FACE('',(#984),#352,.T.);
#9552=ADVANCED_FACE('',(#985),#353,.T.);
#9553=ADVANCED_FACE('',(#986),#354,.T.);
#9554=ADVANCED_FACE('',(#987),#355,.F.);
#9555=ADVANCED_FACE('',(#988),#356,.T.);
#9556=ADVANCED_FACE('',(#989),#357,.T.);
#9557=ADVANCED_FACE('',(#990),#358,.T.);
#9558=ADVANCED_FACE('',(#991),#359,.T.);
#9559=ADVANCED_FACE('',(#992),#360,.T.);
#9560=ADVANCED_FACE('',(#993),#361,.F.);
#9561=ADVANCED_FACE('',(#994),#362,.T.);
#9562=ADVANCED_FACE('',(#995),#363,.T.);
#9563=ADVANCED_FACE('',(#996),#364,.T.);
#9564=ADVANCED_FACE('',(#997),#365,.T.);
#9565=ADVANCED_FACE('',(#998),#366,.T.);
#9566=ADVANCED_FACE('',(#999),#367,.F.);
#9567=ADVANCED_FACE('',(#1000),#368,.T.);
#9568=ADVANCED_FACE('',(#1001),#369,.T.);
#9569=ADVANCED_FACE('',(#1002),#370,.T.);
#9570=ADVANCED_FACE('',(#1003),#371,.T.);
#9571=ADVANCED_FACE('',(#1004),#372,.T.);
#9572=ADVANCED_FACE('',(#1005),#373,.F.);
#9573=ADVANCED_FACE('',(#1006),#374,.T.);
#9574=ADVANCED_FACE('',(#1007),#375,.T.);
#9575=ADVANCED_FACE('',(#1008),#376,.T.);
#9576=ADVANCED_FACE('',(#1009),#377,.T.);
#9577=ADVANCED_FACE('',(#1010),#378,.T.);
#9578=ADVANCED_FACE('',(#1011),#379,.T.);
#9579=ADVANCED_FACE('',(#1012),#380,.T.);
#9580=ADVANCED_FACE('',(#1013),#381,.T.);
#9581=ADVANCED_FACE('',(#1014),#382,.T.);
#9582=ADVANCED_FACE('',(#1015),#383,.T.);
#9583=ADVANCED_FACE('',(#1016),#384,.T.);
#9584=ADVANCED_FACE('',(#1017),#385,.T.);
#9585=ADVANCED_FACE('',(#1018),#386,.T.);
#9586=ADVANCED_FACE('',(#1019),#387,.T.);
#9587=ADVANCED_FACE('',(#1020),#388,.T.);
#9588=ADVANCED_FACE('',(#1021),#389,.T.);
#9589=ADVANCED_FACE('',(#1022),#390,.T.);
#9590=ADVANCED_FACE('',(#1023),#391,.T.);
#9591=ADVANCED_FACE('',(#1024),#392,.T.);
#9592=ADVANCED_FACE('',(#1025),#393,.T.);
#9593=ADVANCED_FACE('',(#1026),#394,.T.);
#9594=ADVANCED_FACE('',(#1027),#395,.T.);
#9595=ADVANCED_FACE('',(#1028),#396,.T.);
#9596=ADVANCED_FACE('',(#1029),#397,.T.);
#9597=ADVANCED_FACE('',(#1030),#398,.T.);
#9598=ADVANCED_FACE('',(#1031),#399,.T.);
#9599=ADVANCED_FACE('',(#1032),#400,.T.);
#9600=ADVANCED_FACE('',(#1033),#401,.T.);
#9601=ADVANCED_FACE('',(#1034),#402,.T.);
#9602=ADVANCED_FACE('',(#1035),#403,.T.);
#9603=ADVANCED_FACE('',(#1036),#404,.T.);
#9604=ADVANCED_FACE('',(#1037),#405,.T.);
#9605=ADVANCED_FACE('',(#1038),#406,.T.);
#9606=ADVANCED_FACE('',(#1039),#407,.T.);
#9607=ADVANCED_FACE('',(#1040),#408,.T.);
#9608=ADVANCED_FACE('',(#1041),#409,.T.);
#9609=ADVANCED_FACE('',(#1042),#410,.T.);
#9610=ADVANCED_FACE('',(#1043),#411,.T.);
#9611=ADVANCED_FACE('',(#1044),#412,.T.);
#9612=ADVANCED_FACE('',(#1045),#413,.T.);
#9613=ADVANCED_FACE('',(#1046),#414,.T.);
#9614=ADVANCED_FACE('',(#1047),#415,.T.);
#9615=ADVANCED_FACE('',(#1048),#416,.T.);
#9616=ADVANCED_FACE('',(#1049),#417,.T.);
#9617=ADVANCED_FACE('',(#1050),#418,.T.);
#9618=ADVANCED_FACE('',(#1051),#419,.T.);
#9619=ADVANCED_FACE('',(#1052),#420,.T.);
#9620=ADVANCED_FACE('',(#1053),#421,.T.);
#9621=ADVANCED_FACE('',(#1054),#422,.T.);
#9622=ADVANCED_FACE('',(#1055),#423,.T.);
#9623=ADVANCED_FACE('',(#1056),#424,.T.);
#9624=ADVANCED_FACE('',(#1057),#425,.T.);
#9625=ADVANCED_FACE('',(#1058),#426,.T.);
#9626=ADVANCED_FACE('',(#1059),#427,.T.);
#9627=ADVANCED_FACE('',(#1060),#428,.T.);
#9628=ADVANCED_FACE('',(#1061),#429,.T.);
#9629=ADVANCED_FACE('',(#1062),#430,.T.);
#9630=ADVANCED_FACE('',(#1063),#431,.T.);
#9631=ADVANCED_FACE('',(#1064),#432,.T.);
#9632=ADVANCED_FACE('',(#1065),#433,.T.);
#9633=ADVANCED_FACE('',(#1066),#434,.T.);
#9634=ADVANCED_FACE('',(#1067),#435,.T.);
#9635=ADVANCED_FACE('',(#1068),#436,.T.);
#9636=ADVANCED_FACE('',(#1069),#437,.T.);
#9637=ADVANCED_FACE('',(#1070),#438,.T.);
#9638=ADVANCED_FACE('',(#1071),#439,.T.);
#9639=ADVANCED_FACE('',(#1072),#440,.F.);
#9640=ADVANCED_FACE('',(#1073),#9408,.T.);
#9641=ADVANCED_FACE('',(#1074),#441,.T.);
#9642=ADVANCED_FACE('',(#1075),#442,.T.);
#9643=ADVANCED_FACE('',(#1076),#443,.T.);
#9644=ADVANCED_FACE('',(#1077),#444,.T.);
#9645=ADVANCED_FACE('',(#1078),#445,.T.);
#9646=ADVANCED_FACE('',(#1079),#446,.T.);
#9647=ADVANCED_FACE('',(#1080),#447,.T.);
#9648=ADVANCED_FACE('',(#1081),#448,.T.);
#9649=ADVANCED_FACE('',(#1082),#449,.T.);
#9650=ADVANCED_FACE('',(#1083),#450,.T.);
#9651=ADVANCED_FACE('',(#1084),#451,.T.);
#9652=ADVANCED_FACE('',(#1085),#452,.T.);
#9653=ADVANCED_FACE('',(#1086),#453,.T.);
#9654=ADVANCED_FACE('',(#1087),#454,.T.);
#9655=ADVANCED_FACE('',(#1088),#455,.T.);
#9656=ADVANCED_FACE('',(#1089),#456,.T.);
#9657=ADVANCED_FACE('',(#1090),#457,.T.);
#9658=ADVANCED_FACE('',(#1091),#458,.T.);
#9659=ADVANCED_FACE('',(#1092),#459,.T.);
#9660=ADVANCED_FACE('',(#1093),#460,.T.);
#9661=ADVANCED_FACE('',(#1094),#461,.T.);
#9662=ADVANCED_FACE('',(#1095),#462,.T.);
#9663=ADVANCED_FACE('',(#1096),#463,.T.);
#9664=ADVANCED_FACE('',(#1097),#464,.T.);
#9665=ADVANCED_FACE('',(#1098),#465,.T.);
#9666=ADVANCED_FACE('',(#1099),#466,.T.);
#9667=ADVANCED_FACE('',(#1100),#467,.T.);
#9668=ADVANCED_FACE('',(#1101),#468,.T.);
#9669=ADVANCED_FACE('',(#1102),#469,.T.);
#9670=ADVANCED_FACE('',(#1103),#470,.T.);
#9671=ADVANCED_FACE('',(#1104),#471,.T.);
#9672=ADVANCED_FACE('',(#1105),#472,.T.);
#9673=ADVANCED_FACE('',(#1106),#473,.T.);
#9674=ADVANCED_FACE('',(#1107),#474,.T.);
#9675=ADVANCED_FACE('',(#1108),#475,.T.);
#9676=ADVANCED_FACE('',(#1109),#476,.T.);
#9677=ADVANCED_FACE('',(#1110),#477,.T.);
#9678=ADVANCED_FACE('',(#1111),#478,.T.);
#9679=ADVANCED_FACE('',(#1112),#479,.T.);
#9680=ADVANCED_FACE('',(#1113),#480,.T.);
#9681=ADVANCED_FACE('',(#1114),#481,.T.);
#9682=ADVANCED_FACE('',(#1115),#482,.T.);
#9683=ADVANCED_FACE('',(#1116),#483,.T.);
#9684=ADVANCED_FACE('',(#1117),#484,.T.);
#9685=ADVANCED_FACE('',(#1118),#485,.T.);
#9686=ADVANCED_FACE('',(#1119),#486,.T.);
#9687=ADVANCED_FACE('',(#1120),#487,.T.);
#9688=ADVANCED_FACE('',(#1121),#488,.T.);
#9689=ADVANCED_FACE('',(#1122),#489,.T.);
#9690=ADVANCED_FACE('',(#1123),#490,.T.);
#9691=ADVANCED_FACE('',(#1124),#491,.T.);
#9692=ADVANCED_FACE('',(#1125),#492,.T.);
#9693=ADVANCED_FACE('',(#1126),#493,.T.);
#9694=ADVANCED_FACE('',(#1127),#494,.T.);
#9695=ADVANCED_FACE('',(#1128),#495,.T.);
#9696=ADVANCED_FACE('',(#1129),#496,.T.);
#9697=ADVANCED_FACE('',(#1130),#497,.T.);
#9698=ADVANCED_FACE('',(#1131),#498,.T.);
#9699=ADVANCED_FACE('',(#1132),#499,.T.);
#9700=ADVANCED_FACE('',(#1133),#500,.T.);
#9701=ADVANCED_FACE('',(#1134),#501,.T.);
#9702=ADVANCED_FACE('',(#1135),#502,.F.);
#9703=ADVANCED_FACE('',(#1136),#503,.F.);
#9704=ADVANCED_FACE('',(#1137),#504,.F.);
#9705=ADVANCED_FACE('',(#1138),#505,.F.);
#9706=ADVANCED_FACE('',(#1139),#506,.T.);
#9707=ADVANCED_FACE('',(#1140,#265),#507,.T.);
#9708=ADVANCED_FACE('',(#1141),#508,.F.);
#9709=ADVANCED_FACE('',(#1142),#509,.F.);
#9710=ADVANCED_FACE('',(#1143),#510,.F.);
#9711=ADVANCED_FACE('',(#1144),#511,.F.);
#9712=ADVANCED_FACE('',(#1145),#512,.T.);
#9713=ADVANCED_FACE('',(#1146),#513,.T.);
#9714=ADVANCED_FACE('',(#1147),#514,.T.);
#9715=ADVANCED_FACE('',(#1148),#515,.T.);
#9716=ADVANCED_FACE('',(#1149,#266),#516,.T.);
#9717=ADVANCED_FACE('',(#1150),#517,.F.);
#9718=ADVANCED_FACE('',(#1151),#518,.T.);
#9719=ADVANCED_FACE('',(#1152),#519,.T.);
#9720=ADVANCED_FACE('',(#1153),#520,.T.);
#9721=ADVANCED_FACE('',(#1154),#521,.T.);
#9722=ADVANCED_FACE('',(#1155),#522,.T.);
#9723=ADVANCED_FACE('',(#1156),#523,.F.);
#9724=ADVANCED_FACE('',(#1157),#524,.T.);
#9725=ADVANCED_FACE('',(#1158),#525,.T.);
#9726=ADVANCED_FACE('',(#1159),#526,.T.);
#9727=ADVANCED_FACE('',(#1160),#527,.T.);
#9728=ADVANCED_FACE('',(#1161),#528,.T.);
#9729=ADVANCED_FACE('',(#1162),#529,.F.);
#9730=ADVANCED_FACE('',(#1163),#530,.T.);
#9731=ADVANCED_FACE('',(#1164),#531,.T.);
#9732=ADVANCED_FACE('',(#1165),#532,.T.);
#9733=ADVANCED_FACE('',(#1166),#533,.T.);
#9734=ADVANCED_FACE('',(#1167),#534,.T.);
#9735=ADVANCED_FACE('',(#1168),#535,.F.);
#9736=ADVANCED_FACE('',(#1169),#536,.T.);
#9737=ADVANCED_FACE('',(#1170),#537,.T.);
#9738=ADVANCED_FACE('',(#1171),#538,.T.);
#9739=ADVANCED_FACE('',(#1172),#539,.T.);
#9740=ADVANCED_FACE('',(#1173),#540,.T.);
#9741=ADVANCED_FACE('',(#1174),#541,.F.);
#9742=ADVANCED_FACE('',(#1175),#542,.T.);
#9743=ADVANCED_FACE('',(#1176),#543,.T.);
#9744=ADVANCED_FACE('',(#1177),#544,.T.);
#9745=ADVANCED_FACE('',(#1178),#545,.T.);
#9746=ADVANCED_FACE('',(#1179),#546,.T.);
#9747=ADVANCED_FACE('',(#1180),#547,.F.);
#9748=ADVANCED_FACE('',(#1181),#548,.T.);
#9749=ADVANCED_FACE('',(#1182),#549,.T.);
#9750=ADVANCED_FACE('',(#1183),#550,.T.);
#9751=ADVANCED_FACE('',(#1184),#551,.T.);
#9752=ADVANCED_FACE('',(#1185),#552,.T.);
#9753=ADVANCED_FACE('',(#1186),#553,.F.);
#9754=ADVANCED_FACE('',(#1187),#554,.T.);
#9755=ADVANCED_FACE('',(#1188),#555,.T.);
#9756=ADVANCED_FACE('',(#1189),#556,.T.);
#9757=ADVANCED_FACE('',(#1190),#557,.T.);
#9758=ADVANCED_FACE('',(#1191),#558,.T.);
#9759=ADVANCED_FACE('',(#1192),#559,.F.);
#9760=ADVANCED_FACE('',(#1193),#560,.T.);
#9761=ADVANCED_FACE('',(#1194),#561,.T.);
#9762=ADVANCED_FACE('',(#1195),#562,.T.);
#9763=ADVANCED_FACE('',(#1196),#563,.T.);
#9764=ADVANCED_FACE('',(#1197),#564,.T.);
#9765=ADVANCED_FACE('',(#1198),#565,.F.);
#9766=ADVANCED_FACE('',(#1199),#566,.T.);
#9767=ADVANCED_FACE('',(#1200),#567,.T.);
#9768=ADVANCED_FACE('',(#1201),#568,.T.);
#9769=ADVANCED_FACE('',(#1202),#569,.T.);
#9770=ADVANCED_FACE('',(#1203),#570,.T.);
#9771=ADVANCED_FACE('',(#1204),#571,.F.);
#9772=ADVANCED_FACE('',(#1205),#572,.T.);
#9773=ADVANCED_FACE('',(#1206),#573,.T.);
#9774=ADVANCED_FACE('',(#1207),#574,.T.);
#9775=ADVANCED_FACE('',(#1208),#575,.T.);
#9776=ADVANCED_FACE('',(#1209),#576,.T.);
#9777=ADVANCED_FACE('',(#1210),#577,.F.);
#9778=ADVANCED_FACE('',(#1211),#578,.T.);
#9779=ADVANCED_FACE('',(#1212),#579,.T.);
#9780=ADVANCED_FACE('',(#1213),#580,.T.);
#9781=ADVANCED_FACE('',(#1214),#581,.T.);
#9782=ADVANCED_FACE('',(#1215),#582,.T.);
#9783=ADVANCED_FACE('',(#1216),#583,.F.);
#9784=ADVANCED_FACE('',(#1217),#584,.T.);
#9785=ADVANCED_FACE('',(#1218),#585,.T.);
#9786=ADVANCED_FACE('',(#1219),#586,.T.);
#9787=ADVANCED_FACE('',(#1220),#587,.T.);
#9788=ADVANCED_FACE('',(#1221),#588,.T.);
#9789=ADVANCED_FACE('',(#1222),#589,.F.);
#9790=ADVANCED_FACE('',(#1223),#590,.T.);
#9791=ADVANCED_FACE('',(#1224),#591,.T.);
#9792=ADVANCED_FACE('',(#1225),#592,.T.);
#9793=ADVANCED_FACE('',(#1226),#593,.T.);
#9794=ADVANCED_FACE('',(#1227),#594,.T.);
#9795=ADVANCED_FACE('',(#1228),#595,.F.);
#9796=ADVANCED_FACE('',(#1229),#596,.T.);
#9797=ADVANCED_FACE('',(#1230),#597,.T.);
#9798=ADVANCED_FACE('',(#1231),#598,.T.);
#9799=ADVANCED_FACE('',(#1232),#599,.T.);
#9800=ADVANCED_FACE('',(#1233),#600,.T.);
#9801=ADVANCED_FACE('',(#1234),#601,.F.);
#9802=ADVANCED_FACE('',(#1235),#602,.T.);
#9803=ADVANCED_FACE('',(#1236),#603,.T.);
#9804=ADVANCED_FACE('',(#1237),#604,.T.);
#9805=ADVANCED_FACE('',(#1238),#605,.T.);
#9806=ADVANCED_FACE('',(#1239),#606,.T.);
#9807=ADVANCED_FACE('',(#1240),#607,.F.);
#9808=ADVANCED_FACE('',(#1241),#608,.T.);
#9809=ADVANCED_FACE('',(#1242),#609,.T.);
#9810=ADVANCED_FACE('',(#1243),#610,.T.);
#9811=ADVANCED_FACE('',(#1244),#611,.T.);
#9812=ADVANCED_FACE('',(#1245),#612,.T.);
#9813=ADVANCED_FACE('',(#1246),#613,.F.);
#9814=ADVANCED_FACE('',(#1247),#614,.T.);
#9815=ADVANCED_FACE('',(#1248),#615,.T.);
#9816=ADVANCED_FACE('',(#1249),#616,.T.);
#9817=ADVANCED_FACE('',(#1250),#617,.T.);
#9818=ADVANCED_FACE('',(#1251),#618,.T.);
#9819=ADVANCED_FACE('',(#1252),#619,.F.);
#9820=ADVANCED_FACE('',(#1253),#620,.T.);
#9821=ADVANCED_FACE('',(#1254),#621,.T.);
#9822=ADVANCED_FACE('',(#1255),#622,.T.);
#9823=ADVANCED_FACE('',(#1256),#623,.T.);
#9824=ADVANCED_FACE('',(#1257),#624,.T.);
#9825=ADVANCED_FACE('',(#1258),#625,.F.);
#9826=ADVANCED_FACE('',(#1259),#626,.T.);
#9827=ADVANCED_FACE('',(#1260),#627,.T.);
#9828=ADVANCED_FACE('',(#1261),#628,.T.);
#9829=ADVANCED_FACE('',(#1262),#629,.T.);
#9830=ADVANCED_FACE('',(#1263),#630,.T.);
#9831=ADVANCED_FACE('',(#1264),#631,.F.);
#9832=ADVANCED_FACE('',(#1265),#632,.T.);
#9833=ADVANCED_FACE('',(#1266),#633,.T.);
#9834=ADVANCED_FACE('',(#1267),#634,.T.);
#9835=ADVANCED_FACE('',(#1268),#635,.T.);
#9836=ADVANCED_FACE('',(#1269),#636,.T.);
#9837=ADVANCED_FACE('',(#1270),#637,.F.);
#9838=ADVANCED_FACE('',(#1271),#638,.T.);
#9839=ADVANCED_FACE('',(#1272),#639,.T.);
#9840=ADVANCED_FACE('',(#1273),#640,.T.);
#9841=ADVANCED_FACE('',(#1274),#641,.T.);
#9842=ADVANCED_FACE('',(#1275),#642,.T.);
#9843=ADVANCED_FACE('',(#1276),#643,.F.);
#9844=ADVANCED_FACE('',(#1277),#644,.T.);
#9845=ADVANCED_FACE('',(#1278),#645,.T.);
#9846=ADVANCED_FACE('',(#1279),#646,.T.);
#9847=ADVANCED_FACE('',(#1280),#647,.T.);
#9848=ADVANCED_FACE('',(#1281),#648,.T.);
#9849=ADVANCED_FACE('',(#1282),#649,.F.);
#9850=ADVANCED_FACE('',(#1283),#650,.T.);
#9851=ADVANCED_FACE('',(#1284),#651,.T.);
#9852=ADVANCED_FACE('',(#1285),#652,.T.);
#9853=ADVANCED_FACE('',(#1286),#653,.T.);
#9854=ADVANCED_FACE('',(#1287),#654,.T.);
#9855=ADVANCED_FACE('',(#1288),#655,.F.);
#9856=ADVANCED_FACE('',(#1289),#656,.T.);
#9857=ADVANCED_FACE('',(#1290),#657,.T.);
#9858=ADVANCED_FACE('',(#1291),#658,.T.);
#9859=ADVANCED_FACE('',(#1292),#659,.T.);
#9860=ADVANCED_FACE('',(#1293),#660,.T.);
#9861=ADVANCED_FACE('',(#1294),#661,.F.);
#9862=ADVANCED_FACE('',(#1295),#662,.T.);
#9863=ADVANCED_FACE('',(#1296),#663,.T.);
#9864=ADVANCED_FACE('',(#1297),#664,.T.);
#9865=ADVANCED_FACE('',(#1298),#665,.T.);
#9866=ADVANCED_FACE('',(#1299),#666,.T.);
#9867=ADVANCED_FACE('',(#1300),#667,.F.);
#9868=ADVANCED_FACE('',(#1301),#668,.T.);
#9869=ADVANCED_FACE('',(#1302),#669,.T.);
#9870=ADVANCED_FACE('',(#1303),#670,.T.);
#9871=ADVANCED_FACE('',(#1304),#671,.T.);
#9872=ADVANCED_FACE('',(#1305),#672,.T.);
#9873=ADVANCED_FACE('',(#1306),#673,.F.);
#9874=ADVANCED_FACE('',(#1307),#674,.T.);
#9875=ADVANCED_FACE('',(#1308),#675,.T.);
#9876=ADVANCED_FACE('',(#1309),#676,.T.);
#9877=ADVANCED_FACE('',(#1310),#677,.T.);
#9878=ADVANCED_FACE('',(#1311),#678,.T.);
#9879=ADVANCED_FACE('',(#1312),#679,.F.);
#9880=ADVANCED_FACE('',(#1313),#680,.T.);
#9881=ADVANCED_FACE('',(#1314),#681,.T.);
#9882=ADVANCED_FACE('',(#1315),#682,.T.);
#9883=ADVANCED_FACE('',(#1316),#683,.T.);
#9884=ADVANCED_FACE('',(#1317),#684,.T.);
#9885=ADVANCED_FACE('',(#1318),#685,.F.);
#9886=ADVANCED_FACE('',(#1319),#686,.T.);
#9887=ADVANCED_FACE('',(#1320),#687,.T.);
#9888=ADVANCED_FACE('',(#1321),#688,.T.);
#9889=ADVANCED_FACE('',(#1322),#689,.T.);
#9890=ADVANCED_FACE('',(#1323),#690,.T.);
#9891=ADVANCED_FACE('',(#1324),#691,.F.);
#9892=ADVANCED_FACE('',(#1325),#692,.T.);
#9893=ADVANCED_FACE('',(#1326),#693,.T.);
#9894=ADVANCED_FACE('',(#1327),#694,.T.);
#9895=ADVANCED_FACE('',(#1328),#695,.T.);
#9896=ADVANCED_FACE('',(#1329),#696,.T.);
#9897=ADVANCED_FACE('',(#1330),#697,.F.);
#9898=ADVANCED_FACE('',(#1331),#698,.T.);
#9899=ADVANCED_FACE('',(#1332),#699,.T.);
#9900=ADVANCED_FACE('',(#1333),#700,.T.);
#9901=ADVANCED_FACE('',(#1334),#701,.T.);
#9902=ADVANCED_FACE('',(#1335),#702,.T.);
#9903=ADVANCED_FACE('',(#1336),#703,.F.);
#9904=ADVANCED_FACE('',(#1337),#704,.T.);
#9905=ADVANCED_FACE('',(#1338),#705,.T.);
#9906=ADVANCED_FACE('',(#1339),#706,.T.);
#9907=ADVANCED_FACE('',(#1340),#707,.T.);
#9908=ADVANCED_FACE('',(#1341),#708,.T.);
#9909=ADVANCED_FACE('',(#1342),#709,.F.);
#9910=ADVANCED_FACE('',(#1343),#710,.T.);
#9911=ADVANCED_FACE('',(#1344),#711,.T.);
#9912=ADVANCED_FACE('',(#1345),#712,.T.);
#9913=ADVANCED_FACE('',(#1346),#713,.T.);
#9914=ADVANCED_FACE('',(#1347),#714,.T.);
#9915=ADVANCED_FACE('',(#1348),#715,.F.);
#9916=ADVANCED_FACE('',(#1349),#716,.T.);
#9917=ADVANCED_FACE('',(#1350),#717,.T.);
#9918=ADVANCED_FACE('',(#1351),#718,.T.);
#9919=ADVANCED_FACE('',(#1352),#719,.T.);
#9920=ADVANCED_FACE('',(#1353),#720,.T.);
#9921=ADVANCED_FACE('',(#1354),#721,.F.);
#9922=ADVANCED_FACE('',(#1355),#722,.T.);
#9923=ADVANCED_FACE('',(#1356),#723,.T.);
#9924=ADVANCED_FACE('',(#1357),#724,.T.);
#9925=ADVANCED_FACE('',(#1358),#725,.T.);
#9926=ADVANCED_FACE('',(#1359),#726,.T.);
#9927=ADVANCED_FACE('',(#1360),#727,.F.);
#9928=ADVANCED_FACE('',(#1361),#728,.T.);
#9929=ADVANCED_FACE('',(#1362),#729,.T.);
#9930=ADVANCED_FACE('',(#1363),#730,.T.);
#9931=ADVANCED_FACE('',(#1364),#731,.T.);
#9932=ADVANCED_FACE('',(#1365),#732,.T.);
#9933=ADVANCED_FACE('',(#1366),#733,.F.);
#9934=ADVANCED_FACE('',(#1367),#734,.T.);
#9935=ADVANCED_FACE('',(#1368),#735,.T.);
#9936=ADVANCED_FACE('',(#1369),#736,.T.);
#9937=ADVANCED_FACE('',(#1370),#737,.T.);
#9938=ADVANCED_FACE('',(#1371),#738,.T.);
#9939=ADVANCED_FACE('',(#1372),#739,.F.);
#9940=ADVANCED_FACE('',(#1373),#740,.T.);
#9941=ADVANCED_FACE('',(#1374),#741,.T.);
#9942=ADVANCED_FACE('',(#1375),#742,.T.);
#9943=ADVANCED_FACE('',(#1376),#743,.T.);
#9944=ADVANCED_FACE('',(#1377),#744,.T.);
#9945=ADVANCED_FACE('',(#1378),#745,.F.);
#9946=ADVANCED_FACE('',(#1379),#746,.T.);
#9947=ADVANCED_FACE('',(#1380),#747,.T.);
#9948=ADVANCED_FACE('',(#1381),#748,.T.);
#9949=ADVANCED_FACE('',(#1382),#749,.T.);
#9950=ADVANCED_FACE('',(#1383),#750,.T.);
#9951=ADVANCED_FACE('',(#1384),#751,.F.);
#9952=ADVANCED_FACE('',(#1385),#752,.T.);
#9953=ADVANCED_FACE('',(#1386),#753,.T.);
#9954=ADVANCED_FACE('',(#1387),#754,.T.);
#9955=ADVANCED_FACE('',(#1388),#755,.T.);
#9956=ADVANCED_FACE('',(#1389),#756,.T.);
#9957=ADVANCED_FACE('',(#1390),#757,.F.);
#9958=ADVANCED_FACE('',(#1391),#758,.T.);
#9959=ADVANCED_FACE('',(#1392),#759,.T.);
#9960=ADVANCED_FACE('',(#1393),#760,.T.);
#9961=ADVANCED_FACE('',(#1394),#761,.T.);
#9962=ADVANCED_FACE('',(#1395),#762,.T.);
#9963=ADVANCED_FACE('',(#1396),#763,.F.);
#9964=ADVANCED_FACE('',(#1397),#764,.T.);
#9965=ADVANCED_FACE('',(#1398),#765,.T.);
#9966=ADVANCED_FACE('',(#1399),#766,.T.);
#9967=ADVANCED_FACE('',(#1400),#767,.T.);
#9968=ADVANCED_FACE('',(#1401),#768,.T.);
#9969=ADVANCED_FACE('',(#1402),#769,.F.);
#9970=ADVANCED_FACE('',(#1403),#770,.T.);
#9971=ADVANCED_FACE('',(#1404),#771,.T.);
#9972=ADVANCED_FACE('',(#1405),#772,.T.);
#9973=ADVANCED_FACE('',(#1406),#773,.T.);
#9974=ADVANCED_FACE('',(#1407),#774,.T.);
#9975=ADVANCED_FACE('',(#1408),#775,.F.);
#9976=ADVANCED_FACE('',(#1409),#776,.T.);
#9977=ADVANCED_FACE('',(#1410),#777,.T.);
#9978=ADVANCED_FACE('',(#1411),#778,.T.);
#9979=ADVANCED_FACE('',(#1412),#779,.T.);
#9980=ADVANCED_FACE('',(#1413),#780,.T.);
#9981=ADVANCED_FACE('',(#1414),#781,.F.);
#9982=ADVANCED_FACE('',(#1415),#782,.T.);
#9983=ADVANCED_FACE('',(#1416),#783,.T.);
#9984=ADVANCED_FACE('',(#1417),#784,.T.);
#9985=ADVANCED_FACE('',(#1418),#785,.T.);
#9986=ADVANCED_FACE('',(#1419),#786,.T.);
#9987=ADVANCED_FACE('',(#1420),#787,.F.);
#9988=ADVANCED_FACE('',(#1421),#788,.T.);
#9989=ADVANCED_FACE('',(#1422),#789,.T.);
#9990=ADVANCED_FACE('',(#1423),#790,.T.);
#9991=ADVANCED_FACE('',(#1424),#791,.T.);
#9992=ADVANCED_FACE('',(#1425),#792,.T.);
#9993=ADVANCED_FACE('',(#1426),#793,.F.);
#9994=ADVANCED_FACE('',(#1427),#794,.T.);
#9995=ADVANCED_FACE('',(#1428),#795,.T.);
#9996=ADVANCED_FACE('',(#1429),#796,.T.);
#9997=ADVANCED_FACE('',(#1430),#797,.T.);
#9998=ADVANCED_FACE('',(#1431),#798,.T.);
#9999=ADVANCED_FACE('',(#1432),#799,.F.);
#10000=ADVANCED_FACE('',(#1433),#800,.T.);
#10001=ADVANCED_FACE('',(#1434),#801,.T.);
#10002=ADVANCED_FACE('',(#1435),#802,.T.);
#10003=ADVANCED_FACE('',(#1436),#803,.T.);
#10004=ADVANCED_FACE('',(#1437),#804,.T.);
#10005=ADVANCED_FACE('',(#1438),#805,.F.);
#10006=ADVANCED_FACE('',(#1439),#806,.T.);
#10007=ADVANCED_FACE('',(#1440),#807,.T.);
#10008=ADVANCED_FACE('',(#1441),#808,.T.);
#10009=ADVANCED_FACE('',(#1442),#809,.T.);
#10010=ADVANCED_FACE('',(#1443),#810,.T.);
#10011=ADVANCED_FACE('',(#1444),#811,.F.);
#10012=ADVANCED_FACE('',(#1445),#812,.T.);
#10013=ADVANCED_FACE('',(#1446),#813,.T.);
#10014=ADVANCED_FACE('',(#1447),#814,.T.);
#10015=ADVANCED_FACE('',(#1448),#815,.T.);
#10016=ADVANCED_FACE('',(#1449),#816,.T.);
#10017=ADVANCED_FACE('',(#1450),#817,.F.);
#10018=ADVANCED_FACE('',(#1451),#818,.T.);
#10019=ADVANCED_FACE('',(#1452),#819,.T.);
#10020=ADVANCED_FACE('',(#1453),#820,.T.);
#10021=ADVANCED_FACE('',(#1454),#821,.T.);
#10022=ADVANCED_FACE('',(#1455),#822,.T.);
#10023=ADVANCED_FACE('',(#1456),#823,.F.);
#10024=ADVANCED_FACE('',(#1457),#824,.T.);
#10025=ADVANCED_FACE('',(#1458),#825,.T.);
#10026=ADVANCED_FACE('',(#1459),#826,.T.);
#10027=ADVANCED_FACE('',(#1460),#827,.T.);
#10028=ADVANCED_FACE('',(#1461),#828,.T.);
#10029=ADVANCED_FACE('',(#1462),#829,.F.);
#10030=ADVANCED_FACE('',(#1463),#830,.T.);
#10031=ADVANCED_FACE('',(#1464),#831,.T.);
#10032=ADVANCED_FACE('',(#1465),#832,.T.);
#10033=ADVANCED_FACE('',(#1466),#833,.T.);
#10034=ADVANCED_FACE('',(#1467),#834,.T.);
#10035=ADVANCED_FACE('',(#1468),#835,.F.);
#10036=ADVANCED_FACE('',(#1469),#836,.T.);
#10037=ADVANCED_FACE('',(#1470),#837,.T.);
#10038=ADVANCED_FACE('',(#1471),#838,.T.);
#10039=ADVANCED_FACE('',(#1472),#839,.T.);
#10040=ADVANCED_FACE('',(#1473),#840,.T.);
#10041=ADVANCED_FACE('',(#1474),#841,.F.);
#10042=CLOSED_SHELL('',(#9409,#9410,#9411,#9412,#9413,#9414,#9415,#9416,
#9417,#9418,#9419,#9420,#9421,#9422,#9423,#9424,#9425,#9426,#9427,#9428,
#9429,#9430,#9431,#9432,#9433,#9434,#9435,#9436,#9437,#9438,#9439,#9440,
#9441,#9442,#9443,#9444,#9445,#9446,#9447,#9448,#9449,#9450,#9451,#9452,
#9453,#9454,#9455,#9456,#9457,#9458,#9459,#9460,#9461,#9462,#9463,#9464,
#9465,#9466,#9467,#9468,#9469,#9470,#9471));
#10043=CLOSED_SHELL('',(#9472,#9473,#9474,#9475,#9476,#9477,#9478,#9479,
#9480,#9481,#9482,#9483,#9484,#9485,#9486,#9487,#9488,#9489,#9490,#9491,
#9492,#9493));
#10044=CLOSED_SHELL('',(#9494,#9495,#9496));
#10045=CLOSED_SHELL('',(#9497,#9498,#9499,#9500,#9501,#9502,#9503,#9504,
#9505,#9506));
#10046=CLOSED_SHELL('',(#9507,#9508,#9509,#9510,#9511,#9512,#9513,#9514,
#9515,#9516,#9517,#9518,#9519,#9520,#9521,#9522,#9523,#9524));
#10047=CLOSED_SHELL('',(#9525,#9526,#9527));
#10048=CLOSED_SHELL('',(#9528,#9529,#9530,#9531,#9532,#9533));
#10049=CLOSED_SHELL('',(#9534,#9535,#9536));
#10050=CLOSED_SHELL('',(#9537,#9538,#9539,#9540,#9541,#9542));
#10051=CLOSED_SHELL('',(#9543,#9544,#9545,#9546,#9547,#9548));
#10052=CLOSED_SHELL('',(#9549,#9550,#9551,#9552,#9553,#9554));
#10053=CLOSED_SHELL('',(#9555,#9556,#9557,#9558,#9559,#9560));
#10054=CLOSED_SHELL('',(#9561,#9562,#9563,#9564,#9565,#9566));
#10055=CLOSED_SHELL('',(#9567,#9568,#9569,#9570,#9571,#9572));
#10056=CLOSED_SHELL('',(#9573,#9574,#9575,#9576,#9577,#9578));
#10057=CLOSED_SHELL('',(#9579,#9580,#9581,#9582,#9583,#9584));
#10058=CLOSED_SHELL('',(#9585,#9586,#9587,#9588,#9589,#9590));
#10059=CLOSED_SHELL('',(#9591,#9592,#9593,#9594,#9595,#9596));
#10060=CLOSED_SHELL('',(#9597,#9598,#9599,#9600,#9601,#9602));
#10061=CLOSED_SHELL('',(#9603,#9604,#9605,#9606,#9607,#9608));
#10062=CLOSED_SHELL('',(#9609,#9610,#9611,#9612,#9613,#9614));
#10063=CLOSED_SHELL('',(#9615,#9616,#9617,#9618,#9619,#9620));
#10064=CLOSED_SHELL('',(#9621,#9622,#9623,#9624,#9625,#9626));
#10065=CLOSED_SHELL('',(#9627,#9628,#9629,#9630,#9631,#9632));
#10066=CLOSED_SHELL('',(#9633,#9634,#9635,#9636,#9637,#9638));
#10067=CLOSED_SHELL('',(#9639,#9640,#9641));
#10068=CLOSED_SHELL('',(#9642,#9643,#9644,#9645,#9646,#9647));
#10069=CLOSED_SHELL('',(#9648,#9649,#9650,#9651,#9652,#9653));
#10070=CLOSED_SHELL('',(#9654,#9655,#9656,#9657,#9658,#9659));
#10071=CLOSED_SHELL('',(#9660,#9661,#9662,#9663,#9664,#9665));
#10072=CLOSED_SHELL('',(#9666,#9667,#9668,#9669,#9670,#9671));
#10073=CLOSED_SHELL('',(#9672,#9673,#9674,#9675,#9676,#9677));
#10074=CLOSED_SHELL('',(#9678,#9679,#9680,#9681,#9682,#9683));
#10075=CLOSED_SHELL('',(#9684,#9685,#9686,#9687,#9688,#9689));
#10076=CLOSED_SHELL('',(#9690,#9691,#9692,#9693,#9694,#9695));
#10077=CLOSED_SHELL('',(#9696,#9697,#9698,#9699,#9700,#9701));
#10078=CLOSED_SHELL('',(#9702,#9703,#9704,#9705,#9706,#9707,#9708,#9709,
#9710,#9711,#9712,#9713,#9714,#9715,#9716,#9717));
#10079=CLOSED_SHELL('',(#9718,#9719,#9720,#9721,#9722,#9723));
#10080=CLOSED_SHELL('',(#9724,#9725,#9726,#9727,#9728,#9729));
#10081=CLOSED_SHELL('',(#9730,#9731,#9732,#9733,#9734,#9735));
#10082=CLOSED_SHELL('',(#9736,#9737,#9738,#9739,#9740,#9741));
#10083=CLOSED_SHELL('',(#9742,#9743,#9744,#9745,#9746,#9747));
#10084=CLOSED_SHELL('',(#9748,#9749,#9750,#9751,#9752,#9753));
#10085=CLOSED_SHELL('',(#9754,#9755,#9756,#9757,#9758,#9759));
#10086=CLOSED_SHELL('',(#9760,#9761,#9762,#9763,#9764,#9765));
#10087=CLOSED_SHELL('',(#9766,#9767,#9768,#9769,#9770,#9771));
#10088=CLOSED_SHELL('',(#9772,#9773,#9774,#9775,#9776,#9777));
#10089=CLOSED_SHELL('',(#9778,#9779,#9780,#9781,#9782,#9783));
#10090=CLOSED_SHELL('',(#9784,#9785,#9786,#9787,#9788,#9789));
#10091=CLOSED_SHELL('',(#9790,#9791,#9792,#9793,#9794,#9795));
#10092=CLOSED_SHELL('',(#9796,#9797,#9798,#9799,#9800,#9801));
#10093=CLOSED_SHELL('',(#9802,#9803,#9804,#9805,#9806,#9807));
#10094=CLOSED_SHELL('',(#9808,#9809,#9810,#9811,#9812,#9813));
#10095=CLOSED_SHELL('',(#9814,#9815,#9816,#9817,#9818,#9819));
#10096=CLOSED_SHELL('',(#9820,#9821,#9822,#9823,#9824,#9825));
#10097=CLOSED_SHELL('',(#9826,#9827,#9828,#9829,#9830,#9831));
#10098=CLOSED_SHELL('',(#9832,#9833,#9834,#9835,#9836,#9837));
#10099=CLOSED_SHELL('',(#9838,#9839,#9840,#9841,#9842,#9843));
#10100=CLOSED_SHELL('',(#9844,#9845,#9846,#9847,#9848,#9849));
#10101=CLOSED_SHELL('',(#9850,#9851,#9852,#9853,#9854,#9855));
#10102=CLOSED_SHELL('',(#9856,#9857,#9858,#9859,#9860,#9861));
#10103=CLOSED_SHELL('',(#9862,#9863,#9864,#9865,#9866,#9867));
#10104=CLOSED_SHELL('',(#9868,#9869,#9870,#9871,#9872,#9873));
#10105=CLOSED_SHELL('',(#9874,#9875,#9876,#9877,#9878,#9879));
#10106=CLOSED_SHELL('',(#9880,#9881,#9882,#9883,#9884,#9885));
#10107=CLOSED_SHELL('',(#9886,#9887,#9888,#9889,#9890,#9891));
#10108=CLOSED_SHELL('',(#9892,#9893,#9894,#9895,#9896,#9897));
#10109=CLOSED_SHELL('',(#9898,#9899,#9900,#9901,#9902,#9903));
#10110=CLOSED_SHELL('',(#9904,#9905,#9906,#9907,#9908,#9909));
#10111=CLOSED_SHELL('',(#9910,#9911,#9912,#9913,#9914,#9915));
#10112=CLOSED_SHELL('',(#9916,#9917,#9918,#9919,#9920,#9921));
#10113=CLOSED_SHELL('',(#9922,#9923,#9924,#9925,#9926,#9927));
#10114=CLOSED_SHELL('',(#9928,#9929,#9930,#9931,#9932,#9933));
#10115=CLOSED_SHELL('',(#9934,#9935,#9936,#9937,#9938,#9939));
#10116=CLOSED_SHELL('',(#9940,#9941,#9942,#9943,#9944,#9945));
#10117=CLOSED_SHELL('',(#9946,#9947,#9948,#9949,#9950,#9951));
#10118=CLOSED_SHELL('',(#9952,#9953,#9954,#9955,#9956,#9957));
#10119=CLOSED_SHELL('',(#9958,#9959,#9960,#9961,#9962,#9963));
#10120=CLOSED_SHELL('',(#9964,#9965,#9966,#9967,#9968,#9969));
#10121=CLOSED_SHELL('',(#9970,#9971,#9972,#9973,#9974,#9975));
#10122=CLOSED_SHELL('',(#9976,#9977,#9978,#9979,#9980,#9981));
#10123=CLOSED_SHELL('',(#9982,#9983,#9984,#9985,#9986,#9987));
#10124=CLOSED_SHELL('',(#9988,#9989,#9990,#9991,#9992,#9993));
#10125=CLOSED_SHELL('',(#9994,#9995,#9996,#9997,#9998,#9999));
#10126=CLOSED_SHELL('',(#10000,#10001,#10002,#10003,#10004,#10005));
#10127=CLOSED_SHELL('',(#10006,#10007,#10008,#10009,#10010,#10011));
#10128=CLOSED_SHELL('',(#10012,#10013,#10014,#10015,#10016,#10017));
#10129=CLOSED_SHELL('',(#10018,#10019,#10020,#10021,#10022,#10023));
#10130=CLOSED_SHELL('',(#10024,#10025,#10026,#10027,#10028,#10029));
#10131=CLOSED_SHELL('',(#10030,#10031,#10032,#10033,#10034,#10035));
#10132=CLOSED_SHELL('',(#10036,#10037,#10038,#10039,#10040,#10041));
#10133=DERIVED_UNIT_ELEMENT(#10137,1.);
#10134=DERIVED_UNIT_ELEMENT(#16394,-3.);
#10135=DERIVED_UNIT_ELEMENT(#10137,1.);
#10136=DERIVED_UNIT_ELEMENT(#16394,-3.);
#10137=(
MASS_UNIT()
NAMED_UNIT(*)
SI_UNIT(.KILO.,.GRAM.)
);
#10138=DERIVED_UNIT((#10133,#10134));
#10139=DERIVED_UNIT((#10135,#10136));
#10140=MEASURE_REPRESENTATION_ITEM('density measure',
POSITIVE_RATIO_MEASURE(7850.),#10138);
#10141=MEASURE_REPRESENTATION_ITEM('density measure',
POSITIVE_RATIO_MEASURE(7850.),#10139);
#10142=PROPERTY_DEFINITION_REPRESENTATION(#10152,#10146);
#10143=PROPERTY_DEFINITION_REPRESENTATION(#10153,#10147);
#10144=PROPERTY_DEFINITION_REPRESENTATION(#10154,#10148);
#10145=PROPERTY_DEFINITION_REPRESENTATION(#10155,#10149);
#10146=REPRESENTATION('material name',(#10150),#16390);
#10147=REPRESENTATION('density',(#10140),#16390);
#10148=REPRESENTATION('material name',(#10151),#16391);
#10149=REPRESENTATION('density',(#10141),#16391);
#10150=DESCRIPTIVE_REPRESENTATION_ITEM('\X\C7elik','\X\C7elik');
#10151=DESCRIPTIVE_REPRESENTATION_ITEM('\X\C7elik','\X\C7elik');
#10152=PROPERTY_DEFINITION('material property','material name',#16415);
#10153=PROPERTY_DEFINITION('material property','density of part',#16415);
#10154=PROPERTY_DEFINITION('material property','material name',#16416);
#10155=PROPERTY_DEFINITION('material property','density of part',#16416);
#10156=AXIS2_PLACEMENT_3D('',#13595,#10911,#10912);
#10157=AXIS2_PLACEMENT_3D('',#13596,#10913,#10914);
#10158=AXIS2_PLACEMENT_3D('',#13597,#10915,#10916);
#10159=AXIS2_PLACEMENT_3D('',#13598,#10917,#10918);
#10160=AXIS2_PLACEMENT_3D('',#13600,#10919,#10920);
#10161=AXIS2_PLACEMENT_3D('',#13603,#10922,#10923);
#10162=AXIS2_PLACEMENT_3D('',#13604,#10924,#10925);
#10163=AXIS2_PLACEMENT_3D('',#13605,#10926,#10927);
#10164=AXIS2_PLACEMENT_3D('',#13607,#10928,#10929);
#10165=AXIS2_PLACEMENT_3D('',#13610,#10931,#10932);
#10166=AXIS2_PLACEMENT_3D('',#13611,#10933,#10934);
#10167=AXIS2_PLACEMENT_3D('',#13612,#10935,#10936);
#10168=AXIS2_PLACEMENT_3D('',#13614,#10937,#10938);
#10169=AXIS2_PLACEMENT_3D('',#13617,#10940,#10941);
#10170=AXIS2_PLACEMENT_3D('',#13618,#10942,#10943);
#10171=AXIS2_PLACEMENT_3D('',#13619,#10944,#10945);
#10172=AXIS2_PLACEMENT_3D('',#13621,#10946,#10947);
#10173=AXIS2_PLACEMENT_3D('',#13624,#10949,#10950);
#10174=AXIS2_PLACEMENT_3D('',#13625,#10951,#10952);
#10175=AXIS2_PLACEMENT_3D('',#13626,#10953,#10954);
#10176=AXIS2_PLACEMENT_3D('',#13635,#10959,#10960);
#10177=AXIS2_PLACEMENT_3D('',#13637,#10961,#10962);
#10178=AXIS2_PLACEMENT_3D('',#13639,#10963,#10964);
#10179=AXIS2_PLACEMENT_3D('',#13641,#10966,#10967);
#10180=AXIS2_PLACEMENT_3D('',#13647,#10971,#10972);
#10181=AXIS2_PLACEMENT_3D('',#13648,#10973,#10974);
#10182=AXIS2_PLACEMENT_3D('',#13649,#10975,#10976);
#10183=AXIS2_PLACEMENT_3D('',#13650,#10977,#10978);
#10184=AXIS2_PLACEMENT_3D('',#13659,#10983,#10984);
#10185=AXIS2_PLACEMENT_3D('',#13661,#10985,#10986);
#10186=AXIS2_PLACEMENT_3D('',#13663,#10987,#10988);
#10187=AXIS2_PLACEMENT_3D('',#13665,#10990,#10991);
#10188=AXIS2_PLACEMENT_3D('',#13671,#10995,#10996);
#10189=AXIS2_PLACEMENT_3D('',#13672,#10997,#10998);
#10190=AXIS2_PLACEMENT_3D('',#13673,#10999,#11000);
#10191=AXIS2_PLACEMENT_3D('',#13674,#11001,#11002);
#10192=AXIS2_PLACEMENT_3D('',#13676,#11003,#11004);
#10193=AXIS2_PLACEMENT_3D('',#13679,#11006,#11007);
#10194=AXIS2_PLACEMENT_3D('',#13680,#11008,#11009);
#10195=AXIS2_PLACEMENT_3D('',#13682,#11010,#11011);
#10196=AXIS2_PLACEMENT_3D('',#13685,#11013,#11014);
#10197=AXIS2_PLACEMENT_3D('',#13686,#11015,#11016);
#10198=AXIS2_PLACEMENT_3D('',#13688,#11017,#11018);
#10199=AXIS2_PLACEMENT_3D('',#13691,#11020,#11021);
#10200=AXIS2_PLACEMENT_3D('',#13692,#11022,#11023);
#10201=AXIS2_PLACEMENT_3D('',#13694,#11024,#11025);
#10202=AXIS2_PLACEMENT_3D('',#13697,#11027,#11028);
#10203=AXIS2_PLACEMENT_3D('',#13698,#11029,#11030);
#10204=AXIS2_PLACEMENT_3D('',#13700,#11031,#11032);
#10205=AXIS2_PLACEMENT_3D('',#13703,#11034,#11035);
#10206=AXIS2_PLACEMENT_3D('',#13704,#11036,#11037);
#10207=AXIS2_PLACEMENT_3D('',#13705,#11038,#11039);
#10208=AXIS2_PLACEMENT_3D('',#13707,#11040,#11041);
#10209=AXIS2_PLACEMENT_3D('',#13710,#11043,#11044);
#10210=AXIS2_PLACEMENT_3D('',#13711,#11045,#11046);
#10211=AXIS2_PLACEMENT_3D('',#13712,#11047,#11048);
#10212=AXIS2_PLACEMENT_3D('',#13714,#11049,#11050);
#10213=AXIS2_PLACEMENT_3D('',#13717,#11052,#11053);
#10214=AXIS2_PLACEMENT_3D('',#13718,#11054,#11055);
#10215=AXIS2_PLACEMENT_3D('',#13719,#11056,#11057);
#10216=AXIS2_PLACEMENT_3D('',#13721,#11058,#11059);
#10217=AXIS2_PLACEMENT_3D('',#13724,#11061,#11062);
#10218=AXIS2_PLACEMENT_3D('',#13725,#11063,#11064);
#10219=AXIS2_PLACEMENT_3D('',#13726,#11065,#11066);
#10220=AXIS2_PLACEMENT_3D('',#13728,#11067,#11068);
#10221=AXIS2_PLACEMENT_3D('',#13731,#11070,#11071);
#10222=AXIS2_PLACEMENT_3D('',#13732,#11072,#11073);
#10223=AXIS2_PLACEMENT_3D('',#13733,#11074,#11075);
#10224=AXIS2_PLACEMENT_3D('',#13735,#11076,#11077);
#10225=AXIS2_PLACEMENT_3D('',#13738,#11079,#11080);
#10226=AXIS2_PLACEMENT_3D('',#13739,#11081,#11082);
#10227=AXIS2_PLACEMENT_3D('',#13740,#11083,#11084);
#10228=AXIS2_PLACEMENT_3D('',#13742,#11085,#11086);
#10229=AXIS2_PLACEMENT_3D('',#13745,#11088,#11089);
#10230=AXIS2_PLACEMENT_3D('',#13746,#11090,#11091);
#10231=AXIS2_PLACEMENT_3D('',#13747,#11092,#11093);
#10232=AXIS2_PLACEMENT_3D('',#13749,#11094,#11095);
#10233=AXIS2_PLACEMENT_3D('',#13752,#11097,#11098);
#10234=AXIS2_PLACEMENT_3D('',#13753,#11099,#11100);
#10235=AXIS2_PLACEMENT_3D('',#13754,#11101,#11102);
#10236=AXIS2_PLACEMENT_3D('',#13756,#11103,#11104);
#10237=AXIS2_PLACEMENT_3D('',#13759,#11106,#11107);
#10238=AXIS2_PLACEMENT_3D('',#13760,#11108,#11109);
#10239=AXIS2_PLACEMENT_3D('',#13761,#11110,#11111);
#10240=AXIS2_PLACEMENT_3D('',#13763,#11112,#11113);
#10241=AXIS2_PLACEMENT_3D('',#13766,#11115,#11116);
#10242=AXIS2_PLACEMENT_3D('',#13767,#11117,#11118);
#10243=AXIS2_PLACEMENT_3D('',#13768,#11119,#11120);
#10244=AXIS2_PLACEMENT_3D('',#13770,#11121,#11122);
#10245=AXIS2_PLACEMENT_3D('',#13773,#11124,#11125);
#10246=AXIS2_PLACEMENT_3D('',#13774,#11126,#11127);
#10247=AXIS2_PLACEMENT_3D('',#13775,#11128,#11129);
#10248=AXIS2_PLACEMENT_3D('',#13777,#11130,#11131);
#10249=AXIS2_PLACEMENT_3D('',#13780,#11133,#11134);
#10250=AXIS2_PLACEMENT_3D('',#13781,#11135,#11136);
#10251=AXIS2_PLACEMENT_3D('',#13782,#11137,#11138);
#10252=AXIS2_PLACEMENT_3D('',#13787,#11140,#11141);
#10253=AXIS2_PLACEMENT_3D('',#13790,#11143,#11144);
#10254=AXIS2_PLACEMENT_3D('',#13791,#11145,#11146);
#10255=AXIS2_PLACEMENT_3D('',#13794,#11147,#11148);
#10256=AXIS2_PLACEMENT_3D('',#13798,#11150,#11151);
#10257=AXIS2_PLACEMENT_3D('',#13802,#11153,#11154);
#10258=AXIS2_PLACEMENT_3D('',#13806,#11156,#11157);
#10259=AXIS2_PLACEMENT_3D('',#13811,#11160,#11161);
#10260=AXIS2_PLACEMENT_3D('',#13815,#11163,#11164);
#10261=AXIS2_PLACEMENT_3D('',#13819,#11166,#11167);
#10262=AXIS2_PLACEMENT_3D('',#13821,#11169,#11170);
#10263=AXIS2_PLACEMENT_3D('',#13825,#11173,#11174);
#10264=AXIS2_PLACEMENT_3D('',#13830,#11177,#11178);
#10265=AXIS2_PLACEMENT_3D('',#13831,#11179,#11180);
#10266=AXIS2_PLACEMENT_3D('',#13835,#11182,#11183);
#10267=AXIS2_PLACEMENT_3D('',#13839,#11186,#11187);
#10268=AXIS2_PLACEMENT_3D('',#13840,#11188,#11189);
#10269=AXIS2_PLACEMENT_3D('',#13842,#11191,#11192);
#10270=AXIS2_PLACEMENT_3D('',#13843,#11193,#11194);
#10271=AXIS2_PLACEMENT_3D('',#13846,#11197,#11198);
#10272=AXIS2_PLACEMENT_3D('',#13847,#11199,#11200);
#10273=AXIS2_PLACEMENT_3D('',#13848,#11201,#11202);
#10274=AXIS2_PLACEMENT_3D('',#13852,#11204,#11205);
#10275=AXIS2_PLACEMENT_3D('',#13854,#11207,#11208);
#10276=AXIS2_PLACEMENT_3D('',#13858,#11211,#11212);
#10277=AXIS2_PLACEMENT_3D('',#13862,#11214,#11215);
#10278=AXIS2_PLACEMENT_3D('',#13864,#11217,#11218);
#10279=AXIS2_PLACEMENT_3D('',#13868,#11221,#11222);
#10280=AXIS2_PLACEMENT_3D('',#13870,#11223,#11224);
#10281=AXIS2_PLACEMENT_3D('',#13872,#11226,#11227);
#10282=AXIS2_PLACEMENT_3D('',#13875,#11229,#11230);
#10283=AXIS2_PLACEMENT_3D('',#13876,#11231,#11232);
#10284=AXIS2_PLACEMENT_3D('',#13878,#11234,#11235);
#10285=AXIS2_PLACEMENT_3D('',#13880,#11237,#11238);
#10286=AXIS2_PLACEMENT_3D('',#13881,#11239,#11240);
#10287=AXIS2_PLACEMENT_3D('',#13883,#11241,#11242);
#10288=AXIS2_PLACEMENT_3D('',#13886,#11244,#11245);
#10289=AXIS2_PLACEMENT_3D('',#13887,#11246,#11247);
#10290=AXIS2_PLACEMENT_3D('',#13889,#11248,#11249);
#10291=AXIS2_PLACEMENT_3D('',#13892,#11251,#11252);
#10292=AXIS2_PLACEMENT_3D('',#13893,#11253,#11254);
#10293=AXIS2_PLACEMENT_3D('',#13895,#11255,#11256);
#10294=AXIS2_PLACEMENT_3D('',#13898,#11258,#11259);
#10295=AXIS2_PLACEMENT_3D('',#13899,#11260,#11261);
#10296=AXIS2_PLACEMENT_3D('',#13901,#11262,#11263);
#10297=AXIS2_PLACEMENT_3D('',#13904,#11265,#11266);
#10298=AXIS2_PLACEMENT_3D('',#13905,#11267,#11268);
#10299=AXIS2_PLACEMENT_3D('',#13907,#11269,#11270);
#10300=AXIS2_PLACEMENT_3D('',#13910,#11272,#11273);
#10301=AXIS2_PLACEMENT_3D('',#13911,#11274,#11275);
#10302=AXIS2_PLACEMENT_3D('',#13913,#11276,#11277);
#10303=AXIS2_PLACEMENT_3D('',#13916,#11279,#11280);
#10304=AXIS2_PLACEMENT_3D('',#13917,#11281,#11282);
#10305=AXIS2_PLACEMENT_3D('',#13919,#11283,#11284);
#10306=AXIS2_PLACEMENT_3D('',#13922,#11286,#11287);
#10307=AXIS2_PLACEMENT_3D('',#13923,#11288,#11289);
#10308=AXIS2_PLACEMENT_3D('',#13924,#11290,#11291);
#10309=AXIS2_PLACEMENT_3D('',#13926,#11292,#11293);
#10310=AXIS2_PLACEMENT_3D('',#13929,#11295,#11296);
#10311=AXIS2_PLACEMENT_3D('',#13930,#11297,#11298);
#10312=AXIS2_PLACEMENT_3D('',#13932,#11299,#11300);
#10313=AXIS2_PLACEMENT_3D('',#13934,#11302,#11303);
#10314=AXIS2_PLACEMENT_3D('',#13936,#11304,#11305);
#10315=AXIS2_PLACEMENT_3D('',#13937,#11306,#11307);
#10316=AXIS2_PLACEMENT_3D('',#13940,#11309,#11310);
#10317=AXIS2_PLACEMENT_3D('',#13941,#11311,#11312);
#10318=AXIS2_PLACEMENT_3D('',#13944,#11313,#11314);
#10319=AXIS2_PLACEMENT_3D('',#13948,#11316,#11317);
#10320=AXIS2_PLACEMENT_3D('',#13950,#11319,#11320);
#10321=AXIS2_PLACEMENT_3D('',#13956,#11324,#11325);
#10322=AXIS2_PLACEMENT_3D('',#13960,#11327,#11328);
#10323=AXIS2_PLACEMENT_3D('',#13964,#11330,#11331);
#10324=AXIS2_PLACEMENT_3D('',#13967,#11333,#11334);
#10325=AXIS2_PLACEMENT_3D('',#13968,#11335,#11336);
#10326=AXIS2_PLACEMENT_3D('',#13972,#11338,#11339);
#10327=AXIS2_PLACEMENT_3D('',#13974,#11341,#11342);
#10328=AXIS2_PLACEMENT_3D('',#13978,#11345,#11346);
#10329=AXIS2_PLACEMENT_3D('',#13980,#11347,#11348);
#10330=AXIS2_PLACEMENT_3D('',#13982,#11350,#11351);
#10331=AXIS2_PLACEMENT_3D('',#13985,#11353,#11354);
#10332=AXIS2_PLACEMENT_3D('',#13986,#11355,#11356);
#10333=AXIS2_PLACEMENT_3D('',#13988,#11358,#11359);
#10334=AXIS2_PLACEMENT_3D('',#13990,#11361,#11362);
#10335=AXIS2_PLACEMENT_3D('',#13991,#11363,#11364);
#10336=AXIS2_PLACEMENT_3D('',#13993,#11365,#11366);
#10337=AXIS2_PLACEMENT_3D('',#13994,#11367,#11368);
#10338=AXIS2_PLACEMENT_3D('',#13996,#11369,#11370);
#10339=AXIS2_PLACEMENT_3D('',#13998,#11372,#11373);
#10340=AXIS2_PLACEMENT_3D('',#13999,#11374,#11375);
#10341=AXIS2_PLACEMENT_3D('',#14008,#11380,#11381);
#10342=AXIS2_PLACEMENT_3D('',#14017,#11386,#11387);
#10343=AXIS2_PLACEMENT_3D('',#14020,#11390,#11391);
#10344=AXIS2_PLACEMENT_3D('',#14026,#11395,#11396);
#10345=AXIS2_PLACEMENT_3D('',#14032,#11400,#11401);
#10346=AXIS2_PLACEMENT_3D('',#14038,#11405,#11406);
#10347=AXIS2_PLACEMENT_3D('',#14042,#11409,#11410);
#10348=AXIS2_PLACEMENT_3D('',#14046,#11413,#11414);
#10349=AXIS2_PLACEMENT_3D('',#14048,#11416,#11417);
#10350=AXIS2_PLACEMENT_3D('',#14049,#11418,#11419);
#10351=AXIS2_PLACEMENT_3D('',#14050,#11420,#11421);
#10352=AXIS2_PLACEMENT_3D('',#14055,#11423,#11424);
#10353=AXIS2_PLACEMENT_3D('',#14058,#11426,#11427);
#10354=AXIS2_PLACEMENT_3D('',#14059,#11428,#11429);
#10355=AXIS2_PLACEMENT_3D('',#14064,#11431,#11432);
#10356=AXIS2_PLACEMENT_3D('',#14067,#11434,#11435);
#10357=AXIS2_PLACEMENT_3D('',#14068,#11436,#11437);
#10358=AXIS2_PLACEMENT_3D('',#14077,#11442,#11443);
#10359=AXIS2_PLACEMENT_3D('',#14083,#11447,#11448);
#10360=AXIS2_PLACEMENT_3D('',#14089,#11452,#11453);
#10361=AXIS2_PLACEMENT_3D('',#14091,#11454,#11455);
#10362=AXIS2_PLACEMENT_3D('',#14094,#11457,#11458);
#10363=AXIS2_PLACEMENT_3D('',#14095,#11459,#11460);
#10364=AXIS2_PLACEMENT_3D('',#14097,#11461,#11462);
#10365=AXIS2_PLACEMENT_3D('',#14100,#11464,#11465);
#10366=AXIS2_PLACEMENT_3D('',#14101,#11466,#11467);
#10367=AXIS2_PLACEMENT_3D('',#14103,#11468,#11469);
#10368=AXIS2_PLACEMENT_3D('',#14106,#11471,#11472);
#10369=AXIS2_PLACEMENT_3D('',#14107,#11473,#11474);
#10370=AXIS2_PLACEMENT_3D('',#14109,#11475,#11476);
#10371=AXIS2_PLACEMENT_3D('',#14112,#11478,#11479);
#10372=AXIS2_PLACEMENT_3D('',#14113,#11480,#11481);
#10373=AXIS2_PLACEMENT_3D('',#14116,#11482,#11483);
#10374=AXIS2_PLACEMENT_3D('',#14120,#11485,#11486);
#10375=AXIS2_PLACEMENT_3D('',#14122,#11488,#11489);
#10376=AXIS2_PLACEMENT_3D('',#14125,#11490,#11491);
#10377=AXIS2_PLACEMENT_3D('',#14129,#11493,#11494);
#10378=AXIS2_PLACEMENT_3D('',#14131,#11496,#11497);
#10379=AXIS2_PLACEMENT_3D('',#14134,#11500,#11501);
#10380=AXIS2_PLACEMENT_3D('',#14137,#11504,#11505);
#10381=AXIS2_PLACEMENT_3D('',#14140,#11508,#11509);
#10382=AXIS2_PLACEMENT_3D('',#14143,#11512,#11513);
#10383=AXIS2_PLACEMENT_3D('',#14146,#11516,#11517);
#10384=AXIS2_PLACEMENT_3D('',#14147,#11518,#11519);
#10385=AXIS2_PLACEMENT_3D('',#14148,#11520,#11521);
#10386=AXIS2_PLACEMENT_3D('',#14150,#11522,#11523);
#10387=AXIS2_PLACEMENT_3D('',#14153,#11525,#11526);
#10388=AXIS2_PLACEMENT_3D('',#14154,#11527,#11528);
#10389=AXIS2_PLACEMENT_3D('',#14155,#11529,#11530);
#10390=AXIS2_PLACEMENT_3D('',#14156,#11531,#11532);
#10391=AXIS2_PLACEMENT_3D('',#14165,#11537,#11538);
#10392=AXIS2_PLACEMENT_3D('',#14171,#11542,#11543);
#10393=AXIS2_PLACEMENT_3D('',#14177,#11547,#11548);
#10394=AXIS2_PLACEMENT_3D('',#14180,#11551,#11552);
#10395=AXIS2_PLACEMENT_3D('',#14181,#11553,#11554);
#10396=AXIS2_PLACEMENT_3D('',#14182,#11555,#11556);
#10397=AXIS2_PLACEMENT_3D('',#14184,#11557,#11558);
#10398=AXIS2_PLACEMENT_3D('',#14187,#11560,#11561);
#10399=AXIS2_PLACEMENT_3D('',#14188,#11562,#11563);
#10400=AXIS2_PLACEMENT_3D('',#14189,#11564,#11565);
#10401=AXIS2_PLACEMENT_3D('',#14190,#11566,#11567);
#10402=AXIS2_PLACEMENT_3D('',#14199,#11572,#11573);
#10403=AXIS2_PLACEMENT_3D('',#14205,#11577,#11578);
#10404=AXIS2_PLACEMENT_3D('',#14211,#11582,#11583);
#10405=AXIS2_PLACEMENT_3D('',#14214,#11586,#11587);
#10406=AXIS2_PLACEMENT_3D('',#14215,#11588,#11589);
#10407=AXIS2_PLACEMENT_3D('',#14216,#11590,#11591);
#10408=AXIS2_PLACEMENT_3D('',#14225,#11596,#11597);
#10409=AXIS2_PLACEMENT_3D('',#14231,#11601,#11602);
#10410=AXIS2_PLACEMENT_3D('',#14237,#11606,#11607);
#10411=AXIS2_PLACEMENT_3D('',#14240,#11610,#11611);
#10412=AXIS2_PLACEMENT_3D('',#14241,#11612,#11613);
#10413=AXIS2_PLACEMENT_3D('',#14242,#11614,#11615);
#10414=AXIS2_PLACEMENT_3D('',#14251,#11620,#11621);
#10415=AXIS2_PLACEMENT_3D('',#14257,#11625,#11626);
#10416=AXIS2_PLACEMENT_3D('',#14263,#11630,#11631);
#10417=AXIS2_PLACEMENT_3D('',#14266,#11634,#11635);
#10418=AXIS2_PLACEMENT_3D('',#14267,#11636,#11637);
#10419=AXIS2_PLACEMENT_3D('',#14268,#11638,#11639);
#10420=AXIS2_PLACEMENT_3D('',#14277,#11644,#11645);
#10421=AXIS2_PLACEMENT_3D('',#14283,#11649,#11650);
#10422=AXIS2_PLACEMENT_3D('',#14289,#11654,#11655);
#10423=AXIS2_PLACEMENT_3D('',#14292,#11658,#11659);
#10424=AXIS2_PLACEMENT_3D('',#14293,#11660,#11661);
#10425=AXIS2_PLACEMENT_3D('',#14294,#11662,#11663);
#10426=AXIS2_PLACEMENT_3D('',#14303,#11668,#11669);
#10427=AXIS2_PLACEMENT_3D('',#14309,#11673,#11674);
#10428=AXIS2_PLACEMENT_3D('',#14315,#11678,#11679);
#10429=AXIS2_PLACEMENT_3D('',#14318,#11682,#11683);
#10430=AXIS2_PLACEMENT_3D('',#14319,#11684,#11685);
#10431=AXIS2_PLACEMENT_3D('',#14320,#11686,#11687);
#10432=AXIS2_PLACEMENT_3D('',#14329,#11692,#11693);
#10433=AXIS2_PLACEMENT_3D('',#14335,#11697,#11698);
#10434=AXIS2_PLACEMENT_3D('',#14341,#11702,#11703);
#10435=AXIS2_PLACEMENT_3D('',#14344,#11706,#11707);
#10436=AXIS2_PLACEMENT_3D('',#14345,#11708,#11709);
#10437=AXIS2_PLACEMENT_3D('',#14346,#11710,#11711);
#10438=AXIS2_PLACEMENT_3D('',#14355,#11716,#11717);
#10439=AXIS2_PLACEMENT_3D('',#14361,#11721,#11722);
#10440=AXIS2_PLACEMENT_3D('',#14367,#11726,#11727);
#10441=AXIS2_PLACEMENT_3D('',#14370,#11730,#11731);
#10442=AXIS2_PLACEMENT_3D('',#14371,#11732,#11733);
#10443=AXIS2_PLACEMENT_3D('',#14372,#11734,#11735);
#10444=AXIS2_PLACEMENT_3D('',#14381,#11740,#11741);
#10445=AXIS2_PLACEMENT_3D('',#14387,#11745,#11746);
#10446=AXIS2_PLACEMENT_3D('',#14393,#11750,#11751);
#10447=AXIS2_PLACEMENT_3D('',#14396,#11754,#11755);
#10448=AXIS2_PLACEMENT_3D('',#14397,#11756,#11757);
#10449=AXIS2_PLACEMENT_3D('',#14398,#11758,#11759);
#10450=AXIS2_PLACEMENT_3D('',#14407,#11764,#11765);
#10451=AXIS2_PLACEMENT_3D('',#14413,#11769,#11770);
#10452=AXIS2_PLACEMENT_3D('',#14419,#11774,#11775);
#10453=AXIS2_PLACEMENT_3D('',#14422,#11778,#11779);
#10454=AXIS2_PLACEMENT_3D('',#14423,#11780,#11781);
#10455=AXIS2_PLACEMENT_3D('',#14424,#11782,#11783);
#10456=AXIS2_PLACEMENT_3D('',#14433,#11788,#11789);
#10457=AXIS2_PLACEMENT_3D('',#14439,#11793,#11794);
#10458=AXIS2_PLACEMENT_3D('',#14445,#11798,#11799);
#10459=AXIS2_PLACEMENT_3D('',#14448,#11802,#11803);
#10460=AXIS2_PLACEMENT_3D('',#14449,#11804,#11805);
#10461=AXIS2_PLACEMENT_3D('',#14450,#11806,#11807);
#10462=AXIS2_PLACEMENT_3D('',#14459,#11812,#11813);
#10463=AXIS2_PLACEMENT_3D('',#14465,#11817,#11818);
#10464=AXIS2_PLACEMENT_3D('',#14471,#11822,#11823);
#10465=AXIS2_PLACEMENT_3D('',#14474,#11826,#11827);
#10466=AXIS2_PLACEMENT_3D('',#14475,#11828,#11829);
#10467=AXIS2_PLACEMENT_3D('',#14476,#11830,#11831);
#10468=AXIS2_PLACEMENT_3D('',#14485,#11836,#11837);
#10469=AXIS2_PLACEMENT_3D('',#14491,#11841,#11842);
#10470=AXIS2_PLACEMENT_3D('',#14497,#11846,#11847);
#10471=AXIS2_PLACEMENT_3D('',#14500,#11850,#11851);
#10472=AXIS2_PLACEMENT_3D('',#14501,#11852,#11853);
#10473=AXIS2_PLACEMENT_3D('',#14502,#11854,#11855);
#10474=AXIS2_PLACEMENT_3D('',#14511,#11860,#11861);
#10475=AXIS2_PLACEMENT_3D('',#14517,#11865,#11866);
#10476=AXIS2_PLACEMENT_3D('',#14523,#11870,#11871);
#10477=AXIS2_PLACEMENT_3D('',#14526,#11874,#11875);
#10478=AXIS2_PLACEMENT_3D('',#14527,#11876,#11877);
#10479=AXIS2_PLACEMENT_3D('',#14528,#11878,#11879);
#10480=AXIS2_PLACEMENT_3D('',#14537,#11884,#11885);
#10481=AXIS2_PLACEMENT_3D('',#14543,#11889,#11890);
#10482=AXIS2_PLACEMENT_3D('',#14549,#11894,#11895);
#10483=AXIS2_PLACEMENT_3D('',#14552,#11898,#11899);
#10484=AXIS2_PLACEMENT_3D('',#14553,#11900,#11901);
#10485=AXIS2_PLACEMENT_3D('',#14554,#11902,#11903);
#10486=AXIS2_PLACEMENT_3D('',#14563,#11908,#11909);
#10487=AXIS2_PLACEMENT_3D('',#14569,#11913,#11914);
#10488=AXIS2_PLACEMENT_3D('',#14575,#11918,#11919);
#10489=AXIS2_PLACEMENT_3D('',#14578,#11922,#11923);
#10490=AXIS2_PLACEMENT_3D('',#14579,#11924,#11925);
#10491=AXIS2_PLACEMENT_3D('',#14580,#11926,#11927);
#10492=AXIS2_PLACEMENT_3D('',#14589,#11932,#11933);
#10493=AXIS2_PLACEMENT_3D('',#14595,#11937,#11938);
#10494=AXIS2_PLACEMENT_3D('',#14601,#11942,#11943);
#10495=AXIS2_PLACEMENT_3D('',#14604,#11946,#11947);
#10496=AXIS2_PLACEMENT_3D('',#14605,#11948,#11949);
#10497=AXIS2_PLACEMENT_3D('',#14606,#11950,#11951);
#10498=AXIS2_PLACEMENT_3D('',#14615,#11956,#11957);
#10499=AXIS2_PLACEMENT_3D('',#14621,#11961,#11962);
#10500=AXIS2_PLACEMENT_3D('',#14627,#11966,#11967);
#10501=AXIS2_PLACEMENT_3D('',#14630,#11970,#11971);
#10502=AXIS2_PLACEMENT_3D('',#14631,#11972,#11973);
#10503=AXIS2_PLACEMENT_3D('',#14632,#11974,#11975);
#10504=AXIS2_PLACEMENT_3D('',#14634,#11976,#11977);
#10505=AXIS2_PLACEMENT_3D('',#14635,#11978,#11979);
#10506=AXIS2_PLACEMENT_3D('',#14637,#11980,#11981);
#10507=AXIS2_PLACEMENT_3D('',#14639,#11983,#11984);
#10508=AXIS2_PLACEMENT_3D('',#14640,#11985,#11986);
#10509=AXIS2_PLACEMENT_3D('',#14649,#11991,#11992);
#10510=AXIS2_PLACEMENT_3D('',#14655,#11996,#11997);
#10511=AXIS2_PLACEMENT_3D('',#14661,#12001,#12002);
#10512=AXIS2_PLACEMENT_3D('',#14664,#12005,#12006);
#10513=AXIS2_PLACEMENT_3D('',#14665,#12007,#12008);
#10514=AXIS2_PLACEMENT_3D('',#14666,#12009,#12010);
#10515=AXIS2_PLACEMENT_3D('',#14675,#12015,#12016);
#10516=AXIS2_PLACEMENT_3D('',#14681,#12020,#12021);
#10517=AXIS2_PLACEMENT_3D('',#14687,#12025,#12026);
#10518=AXIS2_PLACEMENT_3D('',#14690,#12029,#12030);
#10519=AXIS2_PLACEMENT_3D('',#14691,#12031,#12032);
#10520=AXIS2_PLACEMENT_3D('',#14692,#12033,#12034);
#10521=AXIS2_PLACEMENT_3D('',#14701,#12039,#12040);
#10522=AXIS2_PLACEMENT_3D('',#14707,#12044,#12045);
#10523=AXIS2_PLACEMENT_3D('',#14713,#12049,#12050);
#10524=AXIS2_PLACEMENT_3D('',#14716,#12053,#12054);
#10525=AXIS2_PLACEMENT_3D('',#14717,#12055,#12056);
#10526=AXIS2_PLACEMENT_3D('',#14718,#12057,#12058);
#10527=AXIS2_PLACEMENT_3D('',#14727,#12063,#12064);
#10528=AXIS2_PLACEMENT_3D('',#14733,#12068,#12069);
#10529=AXIS2_PLACEMENT_3D('',#14739,#12073,#12074);
#10530=AXIS2_PLACEMENT_3D('',#14742,#12077,#12078);
#10531=AXIS2_PLACEMENT_3D('',#14743,#12079,#12080);
#10532=AXIS2_PLACEMENT_3D('',#14744,#12081,#12082);
#10533=AXIS2_PLACEMENT_3D('',#14753,#12087,#12088);
#10534=AXIS2_PLACEMENT_3D('',#14759,#12092,#12093);
#10535=AXIS2_PLACEMENT_3D('',#14765,#12097,#12098);
#10536=AXIS2_PLACEMENT_3D('',#14768,#12101,#12102);
#10537=AXIS2_PLACEMENT_3D('',#14769,#12103,#12104);
#10538=AXIS2_PLACEMENT_3D('',#14770,#12105,#12106);
#10539=AXIS2_PLACEMENT_3D('',#14779,#12111,#12112);
#10540=AXIS2_PLACEMENT_3D('',#14785,#12116,#12117);
#10541=AXIS2_PLACEMENT_3D('',#14791,#12121,#12122);
#10542=AXIS2_PLACEMENT_3D('',#14794,#12125,#12126);
#10543=AXIS2_PLACEMENT_3D('',#14795,#12127,#12128);
#10544=AXIS2_PLACEMENT_3D('',#14796,#12129,#12130);
#10545=AXIS2_PLACEMENT_3D('',#14805,#12135,#12136);
#10546=AXIS2_PLACEMENT_3D('',#14811,#12140,#12141);
#10547=AXIS2_PLACEMENT_3D('',#14817,#12145,#12146);
#10548=AXIS2_PLACEMENT_3D('',#14820,#12149,#12150);
#10549=AXIS2_PLACEMENT_3D('',#14821,#12151,#12152);
#10550=AXIS2_PLACEMENT_3D('',#14822,#12153,#12154);
#10551=AXIS2_PLACEMENT_3D('',#14831,#12159,#12160);
#10552=AXIS2_PLACEMENT_3D('',#14837,#12164,#12165);
#10553=AXIS2_PLACEMENT_3D('',#14843,#12169,#12170);
#10554=AXIS2_PLACEMENT_3D('',#14846,#12173,#12174);
#10555=AXIS2_PLACEMENT_3D('',#14847,#12175,#12176);
#10556=AXIS2_PLACEMENT_3D('',#14848,#12177,#12178);
#10557=AXIS2_PLACEMENT_3D('',#14857,#12183,#12184);
#10558=AXIS2_PLACEMENT_3D('',#14863,#12188,#12189);
#10559=AXIS2_PLACEMENT_3D('',#14869,#12193,#12194);
#10560=AXIS2_PLACEMENT_3D('',#14872,#12197,#12198);
#10561=AXIS2_PLACEMENT_3D('',#14873,#12199,#12200);
#10562=AXIS2_PLACEMENT_3D('',#14874,#12201,#12202);
#10563=AXIS2_PLACEMENT_3D('',#14883,#12207,#12208);
#10564=AXIS2_PLACEMENT_3D('',#14889,#12212,#12213);
#10565=AXIS2_PLACEMENT_3D('',#14895,#12217,#12218);
#10566=AXIS2_PLACEMENT_3D('',#14898,#12221,#12222);
#10567=AXIS2_PLACEMENT_3D('',#14899,#12223,#12224);
#10568=AXIS2_PLACEMENT_3D('',#14900,#12225,#12226);
#10569=AXIS2_PLACEMENT_3D('',#14901,#12227,#12228);
#10570=AXIS2_PLACEMENT_3D('',#14902,#12229,#12230);
#10571=AXIS2_PLACEMENT_3D('',#14911,#12235,#12236);
#10572=AXIS2_PLACEMENT_3D('',#14917,#12240,#12241);
#10573=AXIS2_PLACEMENT_3D('',#14923,#12245,#12246);
#10574=AXIS2_PLACEMENT_3D('',#14926,#12249,#12250);
#10575=AXIS2_PLACEMENT_3D('',#14927,#12251,#12252);
#10576=AXIS2_PLACEMENT_3D('',#14936,#12257,#12258);
#10577=AXIS2_PLACEMENT_3D('',#14942,#12262,#12263);
#10578=AXIS2_PLACEMENT_3D('',#14946,#12266,#12267);
#10579=AXIS2_PLACEMENT_3D('',#14950,#12270,#12271);
#10580=AXIS2_PLACEMENT_3D('',#14952,#12273,#12274);
#10581=AXIS2_PLACEMENT_3D('',#14961,#12279,#12280);
#10582=AXIS2_PLACEMENT_3D('',#14967,#12284,#12285);
#10583=AXIS2_PLACEMENT_3D('',#14973,#12289,#12290);
#10584=AXIS2_PLACEMENT_3D('',#14976,#12293,#12294);
#10585=AXIS2_PLACEMENT_3D('',#14977,#12295,#12296);
#10586=AXIS2_PLACEMENT_3D('',#14978,#12297,#12298);
#10587=AXIS2_PLACEMENT_3D('',#14987,#12303,#12304);
#10588=AXIS2_PLACEMENT_3D('',#14993,#12308,#12309);
#10589=AXIS2_PLACEMENT_3D('',#14999,#12313,#12314);
#10590=AXIS2_PLACEMENT_3D('',#15002,#12317,#12318);
#10591=AXIS2_PLACEMENT_3D('',#15003,#12319,#12320);
#10592=AXIS2_PLACEMENT_3D('',#15004,#12321,#12322);
#10593=AXIS2_PLACEMENT_3D('',#15013,#12327,#12328);
#10594=AXIS2_PLACEMENT_3D('',#15019,#12332,#12333);
#10595=AXIS2_PLACEMENT_3D('',#15025,#12337,#12338);
#10596=AXIS2_PLACEMENT_3D('',#15028,#12341,#12342);
#10597=AXIS2_PLACEMENT_3D('',#15029,#12343,#12344);
#10598=AXIS2_PLACEMENT_3D('',#15030,#12345,#12346);
#10599=AXIS2_PLACEMENT_3D('',#15039,#12351,#12352);
#10600=AXIS2_PLACEMENT_3D('',#15045,#12356,#12357);
#10601=AXIS2_PLACEMENT_3D('',#15051,#12361,#12362);
#10602=AXIS2_PLACEMENT_3D('',#15054,#12365,#12366);
#10603=AXIS2_PLACEMENT_3D('',#15055,#12367,#12368);
#10604=AXIS2_PLACEMENT_3D('',#15056,#12369,#12370);
#10605=AXIS2_PLACEMENT_3D('',#15065,#12375,#12376);
#10606=AXIS2_PLACEMENT_3D('',#15071,#12380,#12381);
#10607=AXIS2_PLACEMENT_3D('',#15077,#12385,#12386);
#10608=AXIS2_PLACEMENT_3D('',#15080,#12389,#12390);
#10609=AXIS2_PLACEMENT_3D('',#15081,#12391,#12392);
#10610=AXIS2_PLACEMENT_3D('',#15082,#12393,#12394);
#10611=AXIS2_PLACEMENT_3D('',#15091,#12399,#12400);
#10612=AXIS2_PLACEMENT_3D('',#15097,#12404,#12405);
#10613=AXIS2_PLACEMENT_3D('',#15103,#12409,#12410);
#10614=AXIS2_PLACEMENT_3D('',#15106,#12413,#12414);
#10615=AXIS2_PLACEMENT_3D('',#15107,#12415,#12416);
#10616=AXIS2_PLACEMENT_3D('',#15108,#12417,#12418);
#10617=AXIS2_PLACEMENT_3D('',#15117,#12423,#12424);
#10618=AXIS2_PLACEMENT_3D('',#15123,#12428,#12429);
#10619=AXIS2_PLACEMENT_3D('',#15129,#12433,#12434);
#10620=AXIS2_PLACEMENT_3D('',#15132,#12437,#12438);
#10621=AXIS2_PLACEMENT_3D('',#15133,#12439,#12440);
#10622=AXIS2_PLACEMENT_3D('',#15134,#12441,#12442);
#10623=AXIS2_PLACEMENT_3D('',#15143,#12447,#12448);
#10624=AXIS2_PLACEMENT_3D('',#15149,#12452,#12453);
#10625=AXIS2_PLACEMENT_3D('',#15155,#12457,#12458);
#10626=AXIS2_PLACEMENT_3D('',#15158,#12461,#12462);
#10627=AXIS2_PLACEMENT_3D('',#15159,#12463,#12464);
#10628=AXIS2_PLACEMENT_3D('',#15160,#12465,#12466);
#10629=AXIS2_PLACEMENT_3D('',#15169,#12471,#12472);
#10630=AXIS2_PLACEMENT_3D('',#15175,#12476,#12477);
#10631=AXIS2_PLACEMENT_3D('',#15181,#12481,#12482);
#10632=AXIS2_PLACEMENT_3D('',#15184,#12485,#12486);
#10633=AXIS2_PLACEMENT_3D('',#15185,#12487,#12488);
#10634=AXIS2_PLACEMENT_3D('',#15186,#12489,#12490);
#10635=AXIS2_PLACEMENT_3D('',#15195,#12495,#12496);
#10636=AXIS2_PLACEMENT_3D('',#15201,#12500,#12501);
#10637=AXIS2_PLACEMENT_3D('',#15207,#12505,#12506);
#10638=AXIS2_PLACEMENT_3D('',#15210,#12509,#12510);
#10639=AXIS2_PLACEMENT_3D('',#15211,#12511,#12512);
#10640=AXIS2_PLACEMENT_3D('',#15212,#12513,#12514);
#10641=AXIS2_PLACEMENT_3D('',#15221,#12519,#12520);
#10642=AXIS2_PLACEMENT_3D('',#15227,#12524,#12525);
#10643=AXIS2_PLACEMENT_3D('',#15233,#12529,#12530);
#10644=AXIS2_PLACEMENT_3D('',#15236,#12533,#12534);
#10645=AXIS2_PLACEMENT_3D('',#15237,#12535,#12536);
#10646=AXIS2_PLACEMENT_3D('',#15238,#12537,#12538);
#10647=AXIS2_PLACEMENT_3D('',#15247,#12543,#12544);
#10648=AXIS2_PLACEMENT_3D('',#15253,#12548,#12549);
#10649=AXIS2_PLACEMENT_3D('',#15259,#12553,#12554);
#10650=AXIS2_PLACEMENT_3D('',#15262,#12557,#12558);
#10651=AXIS2_PLACEMENT_3D('',#15263,#12559,#12560);
#10652=AXIS2_PLACEMENT_3D('',#15264,#12561,#12562);
#10653=AXIS2_PLACEMENT_3D('',#15273,#12567,#12568);
#10654=AXIS2_PLACEMENT_3D('',#15279,#12572,#12573);
#10655=AXIS2_PLACEMENT_3D('',#15285,#12577,#12578);
#10656=AXIS2_PLACEMENT_3D('',#15288,#12581,#12582);
#10657=AXIS2_PLACEMENT_3D('',#15289,#12583,#12584);
#10658=AXIS2_PLACEMENT_3D('',#15290,#12585,#12586);
#10659=AXIS2_PLACEMENT_3D('',#15299,#12591,#12592);
#10660=AXIS2_PLACEMENT_3D('',#15305,#12596,#12597);
#10661=AXIS2_PLACEMENT_3D('',#15311,#12601,#12602);
#10662=AXIS2_PLACEMENT_3D('',#15314,#12605,#12606);
#10663=AXIS2_PLACEMENT_3D('',#15315,#12607,#12608);
#10664=AXIS2_PLACEMENT_3D('',#15316,#12609,#12610);
#10665=AXIS2_PLACEMENT_3D('',#15325,#12615,#12616);
#10666=AXIS2_PLACEMENT_3D('',#15331,#12620,#12621);
#10667=AXIS2_PLACEMENT_3D('',#15337,#12625,#12626);
#10668=AXIS2_PLACEMENT_3D('',#15340,#12629,#12630);
#10669=AXIS2_PLACEMENT_3D('',#15341,#12631,#12632);
#10670=AXIS2_PLACEMENT_3D('',#15342,#12633,#12634);
#10671=AXIS2_PLACEMENT_3D('',#15351,#12639,#12640);
#10672=AXIS2_PLACEMENT_3D('',#15357,#12644,#12645);
#10673=AXIS2_PLACEMENT_3D('',#15363,#12649,#12650);
#10674=AXIS2_PLACEMENT_3D('',#15366,#12653,#12654);
#10675=AXIS2_PLACEMENT_3D('',#15367,#12655,#12656);
#10676=AXIS2_PLACEMENT_3D('',#15368,#12657,#12658);
#10677=AXIS2_PLACEMENT_3D('',#15377,#12663,#12664);
#10678=AXIS2_PLACEMENT_3D('',#15383,#12668,#12669);
#10679=AXIS2_PLACEMENT_3D('',#15389,#12673,#12674);
#10680=AXIS2_PLACEMENT_3D('',#15392,#12677,#12678);
#10681=AXIS2_PLACEMENT_3D('',#15393,#12679,#12680);
#10682=AXIS2_PLACEMENT_3D('',#15394,#12681,#12682);
#10683=AXIS2_PLACEMENT_3D('',#15403,#12687,#12688);
#10684=AXIS2_PLACEMENT_3D('',#15409,#12692,#12693);
#10685=AXIS2_PLACEMENT_3D('',#15415,#12697,#12698);
#10686=AXIS2_PLACEMENT_3D('',#15418,#12701,#12702);
#10687=AXIS2_PLACEMENT_3D('',#15419,#12703,#12704);
#10688=AXIS2_PLACEMENT_3D('',#15420,#12705,#12706);
#10689=AXIS2_PLACEMENT_3D('',#15429,#12711,#12712);
#10690=AXIS2_PLACEMENT_3D('',#15435,#12716,#12717);
#10691=AXIS2_PLACEMENT_3D('',#15441,#12721,#12722);
#10692=AXIS2_PLACEMENT_3D('',#15444,#12725,#12726);
#10693=AXIS2_PLACEMENT_3D('',#15445,#12727,#12728);
#10694=AXIS2_PLACEMENT_3D('',#15446,#12729,#12730);
#10695=AXIS2_PLACEMENT_3D('',#15455,#12735,#12736);
#10696=AXIS2_PLACEMENT_3D('',#15461,#12740,#12741);
#10697=AXIS2_PLACEMENT_3D('',#15467,#12745,#12746);
#10698=AXIS2_PLACEMENT_3D('',#15470,#12749,#12750);
#10699=AXIS2_PLACEMENT_3D('',#15471,#12751,#12752);
#10700=AXIS2_PLACEMENT_3D('',#15472,#12753,#12754);
#10701=AXIS2_PLACEMENT_3D('',#15481,#12759,#12760);
#10702=AXIS2_PLACEMENT_3D('',#15487,#12764,#12765);
#10703=AXIS2_PLACEMENT_3D('',#15493,#12769,#12770);
#10704=AXIS2_PLACEMENT_3D('',#15496,#12773,#12774);
#10705=AXIS2_PLACEMENT_3D('',#15497,#12775,#12776);
#10706=AXIS2_PLACEMENT_3D('',#15498,#12777,#12778);
#10707=AXIS2_PLACEMENT_3D('',#15507,#12783,#12784);
#10708=AXIS2_PLACEMENT_3D('',#15513,#12788,#12789);
#10709=AXIS2_PLACEMENT_3D('',#15519,#12793,#12794);
#10710=AXIS2_PLACEMENT_3D('',#15522,#12797,#12798);
#10711=AXIS2_PLACEMENT_3D('',#15523,#12799,#12800);
#10712=AXIS2_PLACEMENT_3D('',#15524,#12801,#12802);
#10713=AXIS2_PLACEMENT_3D('',#15533,#12807,#12808);
#10714=AXIS2_PLACEMENT_3D('',#15539,#12812,#12813);
#10715=AXIS2_PLACEMENT_3D('',#15545,#12817,#12818);
#10716=AXIS2_PLACEMENT_3D('',#15548,#12821,#12822);
#10717=AXIS2_PLACEMENT_3D('',#15549,#12823,#12824);
#10718=AXIS2_PLACEMENT_3D('',#15550,#12825,#12826);
#10719=AXIS2_PLACEMENT_3D('',#15559,#12831,#12832);
#10720=AXIS2_PLACEMENT_3D('',#15565,#12836,#12837);
#10721=AXIS2_PLACEMENT_3D('',#15571,#12841,#12842);
#10722=AXIS2_PLACEMENT_3D('',#15574,#12845,#12846);
#10723=AXIS2_PLACEMENT_3D('',#15575,#12847,#12848);
#10724=AXIS2_PLACEMENT_3D('',#15576,#12849,#12850);
#10725=AXIS2_PLACEMENT_3D('',#15585,#12855,#12856);
#10726=AXIS2_PLACEMENT_3D('',#15591,#12860,#12861);
#10727=AXIS2_PLACEMENT_3D('',#15597,#12865,#12866);
#10728=AXIS2_PLACEMENT_3D('',#15600,#12869,#12870);
#10729=AXIS2_PLACEMENT_3D('',#15601,#12871,#12872);
#10730=AXIS2_PLACEMENT_3D('',#15602,#12873,#12874);
#10731=AXIS2_PLACEMENT_3D('',#15611,#12879,#12880);
#10732=AXIS2_PLACEMENT_3D('',#15617,#12884,#12885);
#10733=AXIS2_PLACEMENT_3D('',#15623,#12889,#12890);
#10734=AXIS2_PLACEMENT_3D('',#15626,#12893,#12894);
#10735=AXIS2_PLACEMENT_3D('',#15627,#12895,#12896);
#10736=AXIS2_PLACEMENT_3D('',#15628,#12897,#12898);
#10737=AXIS2_PLACEMENT_3D('',#15637,#12903,#12904);
#10738=AXIS2_PLACEMENT_3D('',#15643,#12908,#12909);
#10739=AXIS2_PLACEMENT_3D('',#15649,#12913,#12914);
#10740=AXIS2_PLACEMENT_3D('',#15652,#12917,#12918);
#10741=AXIS2_PLACEMENT_3D('',#15653,#12919,#12920);
#10742=AXIS2_PLACEMENT_3D('',#15654,#12921,#12922);
#10743=AXIS2_PLACEMENT_3D('',#15663,#12927,#12928);
#10744=AXIS2_PLACEMENT_3D('',#15669,#12932,#12933);
#10745=AXIS2_PLACEMENT_3D('',#15675,#12937,#12938);
#10746=AXIS2_PLACEMENT_3D('',#15678,#12941,#12942);
#10747=AXIS2_PLACEMENT_3D('',#15679,#12943,#12944);
#10748=AXIS2_PLACEMENT_3D('',#15680,#12945,#12946);
#10749=AXIS2_PLACEMENT_3D('',#15689,#12951,#12952);
#10750=AXIS2_PLACEMENT_3D('',#15695,#12956,#12957);
#10751=AXIS2_PLACEMENT_3D('',#15701,#12961,#12962);
#10752=AXIS2_PLACEMENT_3D('',#15704,#12965,#12966);
#10753=AXIS2_PLACEMENT_3D('',#15705,#12967,#12968);
#10754=AXIS2_PLACEMENT_3D('',#15706,#12969,#12970);
#10755=AXIS2_PLACEMENT_3D('',#15715,#12975,#12976);
#10756=AXIS2_PLACEMENT_3D('',#15721,#12980,#12981);
#10757=AXIS2_PLACEMENT_3D('',#15727,#12985,#12986);
#10758=AXIS2_PLACEMENT_3D('',#15730,#12989,#12990);
#10759=AXIS2_PLACEMENT_3D('',#15731,#12991,#12992);
#10760=AXIS2_PLACEMENT_3D('',#15732,#12993,#12994);
#10761=AXIS2_PLACEMENT_3D('',#15741,#12999,#13000);
#10762=AXIS2_PLACEMENT_3D('',#15747,#13004,#13005);
#10763=AXIS2_PLACEMENT_3D('',#15753,#13009,#13010);
#10764=AXIS2_PLACEMENT_3D('',#15756,#13013,#13014);
#10765=AXIS2_PLACEMENT_3D('',#15757,#13015,#13016);
#10766=AXIS2_PLACEMENT_3D('',#15758,#13017,#13018);
#10767=AXIS2_PLACEMENT_3D('',#15767,#13023,#13024);
#10768=AXIS2_PLACEMENT_3D('',#15773,#13028,#13029);
#10769=AXIS2_PLACEMENT_3D('',#15779,#13033,#13034);
#10770=AXIS2_PLACEMENT_3D('',#15782,#13037,#13038);
#10771=AXIS2_PLACEMENT_3D('',#15783,#13039,#13040);
#10772=AXIS2_PLACEMENT_3D('',#15784,#13041,#13042);
#10773=AXIS2_PLACEMENT_3D('',#15793,#13047,#13048);
#10774=AXIS2_PLACEMENT_3D('',#15799,#13052,#13053);
#10775=AXIS2_PLACEMENT_3D('',#15805,#13057,#13058);
#10776=AXIS2_PLACEMENT_3D('',#15808,#13061,#13062);
#10777=AXIS2_PLACEMENT_3D('',#15809,#13063,#13064);
#10778=AXIS2_PLACEMENT_3D('',#15810,#13065,#13066);
#10779=AXIS2_PLACEMENT_3D('',#15819,#13071,#13072);
#10780=AXIS2_PLACEMENT_3D('',#15825,#13076,#13077);
#10781=AXIS2_PLACEMENT_3D('',#15831,#13081,#13082);
#10782=AXIS2_PLACEMENT_3D('',#15834,#13085,#13086);
#10783=AXIS2_PLACEMENT_3D('',#15835,#13087,#13088);
#10784=AXIS2_PLACEMENT_3D('',#15836,#13089,#13090);
#10785=AXIS2_PLACEMENT_3D('',#15845,#13095,#13096);
#10786=AXIS2_PLACEMENT_3D('',#15851,#13100,#13101);
#10787=AXIS2_PLACEMENT_3D('',#15857,#13105,#13106);
#10788=AXIS2_PLACEMENT_3D('',#15860,#13109,#13110);
#10789=AXIS2_PLACEMENT_3D('',#15861,#13111,#13112);
#10790=AXIS2_PLACEMENT_3D('',#15862,#13113,#13114);
#10791=AXIS2_PLACEMENT_3D('',#15871,#13119,#13120);
#10792=AXIS2_PLACEMENT_3D('',#15877,#13124,#13125);
#10793=AXIS2_PLACEMENT_3D('',#15883,#13129,#13130);
#10794=AXIS2_PLACEMENT_3D('',#15886,#13133,#13134);
#10795=AXIS2_PLACEMENT_3D('',#15887,#13135,#13136);
#10796=AXIS2_PLACEMENT_3D('',#15888,#13137,#13138);
#10797=AXIS2_PLACEMENT_3D('',#15897,#13143,#13144);
#10798=AXIS2_PLACEMENT_3D('',#15903,#13148,#13149);
#10799=AXIS2_PLACEMENT_3D('',#15909,#13153,#13154);
#10800=AXIS2_PLACEMENT_3D('',#15912,#13157,#13158);
#10801=AXIS2_PLACEMENT_3D('',#15913,#13159,#13160);
#10802=AXIS2_PLACEMENT_3D('',#15914,#13161,#13162);
#10803=AXIS2_PLACEMENT_3D('',#15923,#13167,#13168);
#10804=AXIS2_PLACEMENT_3D('',#15929,#13172,#13173);
#10805=AXIS2_PLACEMENT_3D('',#15935,#13177,#13178);
#10806=AXIS2_PLACEMENT_3D('',#15938,#13181,#13182);
#10807=AXIS2_PLACEMENT_3D('',#15939,#13183,#13184);
#10808=AXIS2_PLACEMENT_3D('',#15940,#13185,#13186);
#10809=AXIS2_PLACEMENT_3D('',#15949,#13191,#13192);
#10810=AXIS2_PLACEMENT_3D('',#15955,#13196,#13197);
#10811=AXIS2_PLACEMENT_3D('',#15961,#13201,#13202);
#10812=AXIS2_PLACEMENT_3D('',#15964,#13205,#13206);
#10813=AXIS2_PLACEMENT_3D('',#15965,#13207,#13208);
#10814=AXIS2_PLACEMENT_3D('',#15966,#13209,#13210);
#10815=AXIS2_PLACEMENT_3D('',#15975,#13215,#13216);
#10816=AXIS2_PLACEMENT_3D('',#15981,#13220,#13221);
#10817=AXIS2_PLACEMENT_3D('',#15987,#13225,#13226);
#10818=AXIS2_PLACEMENT_3D('',#15990,#13229,#13230);
#10819=AXIS2_PLACEMENT_3D('',#15991,#13231,#13232);
#10820=AXIS2_PLACEMENT_3D('',#15992,#13233,#13234);
#10821=AXIS2_PLACEMENT_3D('',#16001,#13239,#13240);
#10822=AXIS2_PLACEMENT_3D('',#16007,#13244,#13245);
#10823=AXIS2_PLACEMENT_3D('',#16013,#13249,#13250);
#10824=AXIS2_PLACEMENT_3D('',#16016,#13253,#13254);
#10825=AXIS2_PLACEMENT_3D('',#16017,#13255,#13256);
#10826=AXIS2_PLACEMENT_3D('',#16018,#13257,#13258);
#10827=AXIS2_PLACEMENT_3D('',#16027,#13263,#13264);
#10828=AXIS2_PLACEMENT_3D('',#16033,#13268,#13269);
#10829=AXIS2_PLACEMENT_3D('',#16039,#13273,#13274);
#10830=AXIS2_PLACEMENT_3D('',#16042,#13277,#13278);
#10831=AXIS2_PLACEMENT_3D('',#16043,#13279,#13280);
#10832=AXIS2_PLACEMENT_3D('',#16044,#13281,#13282);
#10833=AXIS2_PLACEMENT_3D('',#16053,#13287,#13288);
#10834=AXIS2_PLACEMENT_3D('',#16059,#13292,#13293);
#10835=AXIS2_PLACEMENT_3D('',#16065,#13297,#13298);
#10836=AXIS2_PLACEMENT_3D('',#16068,#13301,#13302);
#10837=AXIS2_PLACEMENT_3D('',#16069,#13303,#13304);
#10838=AXIS2_PLACEMENT_3D('',#16070,#13305,#13306);
#10839=AXIS2_PLACEMENT_3D('',#16079,#13311,#13312);
#10840=AXIS2_PLACEMENT_3D('',#16085,#13316,#13317);
#10841=AXIS2_PLACEMENT_3D('',#16091,#13321,#13322);
#10842=AXIS2_PLACEMENT_3D('',#16094,#13325,#13326);
#10843=AXIS2_PLACEMENT_3D('',#16095,#13327,#13328);
#10844=AXIS2_PLACEMENT_3D('',#16096,#13329,#13330);
#10845=AXIS2_PLACEMENT_3D('',#16105,#13335,#13336);
#10846=AXIS2_PLACEMENT_3D('',#16111,#13340,#13341);
#10847=AXIS2_PLACEMENT_3D('',#16117,#13345,#13346);
#10848=AXIS2_PLACEMENT_3D('',#16120,#13349,#13350);
#10849=AXIS2_PLACEMENT_3D('',#16121,#13351,#13352);
#10850=AXIS2_PLACEMENT_3D('',#16122,#13353,#13354);
#10851=AXIS2_PLACEMENT_3D('',#16131,#13359,#13360);
#10852=AXIS2_PLACEMENT_3D('',#16137,#13364,#13365);
#10853=AXIS2_PLACEMENT_3D('',#16143,#13369,#13370);
#10854=AXIS2_PLACEMENT_3D('',#16146,#13373,#13374);
#10855=AXIS2_PLACEMENT_3D('',#16147,#13375,#13376);
#10856=AXIS2_PLACEMENT_3D('',#16148,#13377,#13378);
#10857=AXIS2_PLACEMENT_3D('',#16157,#13383,#13384);
#10858=AXIS2_PLACEMENT_3D('',#16163,#13388,#13389);
#10859=AXIS2_PLACEMENT_3D('',#16169,#13393,#13394);
#10860=AXIS2_PLACEMENT_3D('',#16172,#13397,#13398);
#10861=AXIS2_PLACEMENT_3D('',#16173,#13399,#13400);
#10862=AXIS2_PLACEMENT_3D('',#16174,#13401,#13402);
#10863=AXIS2_PLACEMENT_3D('',#16183,#13407,#13408);
#10864=AXIS2_PLACEMENT_3D('',#16189,#13412,#13413);
#10865=AXIS2_PLACEMENT_3D('',#16195,#13417,#13418);
#10866=AXIS2_PLACEMENT_3D('',#16198,#13421,#13422);
#10867=AXIS2_PLACEMENT_3D('',#16199,#13423,#13424);
#10868=AXIS2_PLACEMENT_3D('',#16200,#13425,#13426);
#10869=AXIS2_PLACEMENT_3D('',#16209,#13431,#13432);
#10870=AXIS2_PLACEMENT_3D('',#16215,#13436,#13437);
#10871=AXIS2_PLACEMENT_3D('',#16221,#13441,#13442);
#10872=AXIS2_PLACEMENT_3D('',#16224,#13445,#13446);
#10873=AXIS2_PLACEMENT_3D('',#16225,#13447,#13448);
#10874=AXIS2_PLACEMENT_3D('',#16226,#13449,#13450);
#10875=AXIS2_PLACEMENT_3D('',#16235,#13455,#13456);
#10876=AXIS2_PLACEMENT_3D('',#16241,#13460,#13461);
#10877=AXIS2_PLACEMENT_3D('',#16247,#13465,#13466);
#10878=AXIS2_PLACEMENT_3D('',#16250,#13469,#13470);
#10879=AXIS2_PLACEMENT_3D('',#16251,#13471,#13472);
#10880=AXIS2_PLACEMENT_3D('',#16252,#13473,#13474);
#10881=AXIS2_PLACEMENT_3D('',#16261,#13479,#13480);
#10882=AXIS2_PLACEMENT_3D('',#16267,#13484,#13485);
#10883=AXIS2_PLACEMENT_3D('',#16273,#13489,#13490);
#10884=AXIS2_PLACEMENT_3D('',#16276,#13493,#13494);
#10885=AXIS2_PLACEMENT_3D('',#16277,#13495,#13496);
#10886=AXIS2_PLACEMENT_3D('',#16278,#13497,#13498);
#10887=AXIS2_PLACEMENT_3D('',#16287,#13503,#13504);
#10888=AXIS2_PLACEMENT_3D('',#16293,#13508,#13509);
#10889=AXIS2_PLACEMENT_3D('',#16299,#13513,#13514);
#10890=AXIS2_PLACEMENT_3D('',#16302,#13517,#13518);
#10891=AXIS2_PLACEMENT_3D('',#16303,#13519,#13520);
#10892=AXIS2_PLACEMENT_3D('',#16304,#13521,#13522);
#10893=AXIS2_PLACEMENT_3D('',#16313,#13527,#13528);
#10894=AXIS2_PLACEMENT_3D('',#16319,#13532,#13533);
#10895=AXIS2_PLACEMENT_3D('',#16325,#13537,#13538);
#10896=AXIS2_PLACEMENT_3D('',#16328,#13541,#13542);
#10897=AXIS2_PLACEMENT_3D('',#16329,#13543,#13544);
#10898=AXIS2_PLACEMENT_3D('',#16330,#13545,#13546);
#10899=AXIS2_PLACEMENT_3D('',#16339,#13551,#13552);
#10900=AXIS2_PLACEMENT_3D('',#16345,#13556,#13557);
#10901=AXIS2_PLACEMENT_3D('',#16351,#13561,#13562);
#10902=AXIS2_PLACEMENT_3D('',#16354,#13565,#13566);
#10903=AXIS2_PLACEMENT_3D('',#16355,#13567,#13568);
#10904=AXIS2_PLACEMENT_3D('',#16356,#13569,#13570);
#10905=AXIS2_PLACEMENT_3D('',#16365,#13575,#13576);
#10906=AXIS2_PLACEMENT_3D('',#16371,#13580,#13581);
#10907=AXIS2_PLACEMENT_3D('',#16377,#13585,#13586);
#10908=AXIS2_PLACEMENT_3D('',#16380,#13589,#13590);
#10909=AXIS2_PLACEMENT_3D('',#16381,#13591,#13592);
#10910=AXIS2_PLACEMENT_3D('',#16382,#13593,#13594);
#10911=DIRECTION('axis',(0.,0.,1.));
#10912=DIRECTION('refdir',(1.,0.,0.));
#10913=DIRECTION('axis',(0.,0.,1.));
#10914=DIRECTION('refdir',(1.,0.,0.));
#10915=DIRECTION('axis',(0.,0.,1.));
#10916=DIRECTION('refdir',(1.,0.,0.));
#10917=DIRECTION('center_axis',(0.,0.,1.));
#10918=DIRECTION('ref_axis',(1.,0.,0.));
#10919=DIRECTION('center_axis',(0.,0.,1.));
#10920=DIRECTION('ref_axis',(1.,0.,0.));
#10921=DIRECTION('',(0.,0.,1.));
#10922=DIRECTION('center_axis',(0.,0.,1.));
#10923=DIRECTION('ref_axis',(1.,0.,0.));
#10924=DIRECTION('center_axis',(0.,0.,1.));
#10925=DIRECTION('ref_axis',(1.,0.,0.));
#10926=DIRECTION('center_axis',(0.,0.,1.));
#10927=DIRECTION('ref_axis',(1.,0.,0.));
#10928=DIRECTION('center_axis',(0.,0.,1.));
#10929=DIRECTION('ref_axis',(1.,0.,0.));
#10930=DIRECTION('',(0.,0.,1.));
#10931=DIRECTION('center_axis',(0.,0.,1.));
#10932=DIRECTION('ref_axis',(1.,0.,0.));
#10933=DIRECTION('center_axis',(0.,0.,1.));
#10934=DIRECTION('ref_axis',(1.,0.,0.));
#10935=DIRECTION('center_axis',(0.,0.,1.));
#10936=DIRECTION('ref_axis',(1.,0.,0.));
#10937=DIRECTION('center_axis',(0.,0.,1.));
#10938=DIRECTION('ref_axis',(1.,0.,0.));
#10939=DIRECTION('',(0.,0.,1.));
#10940=DIRECTION('center_axis',(0.,0.,1.));
#10941=DIRECTION('ref_axis',(1.,0.,0.));
#10942=DIRECTION('center_axis',(0.,0.,1.));
#10943=DIRECTION('ref_axis',(1.,0.,0.));
#10944=DIRECTION('center_axis',(0.,0.,1.));
#10945=DIRECTION('ref_axis',(1.,0.,0.));
#10946=DIRECTION('center_axis',(0.,0.,1.));
#10947=DIRECTION('ref_axis',(1.,0.,0.));
#10948=DIRECTION('',(0.,0.,1.));
#10949=DIRECTION('center_axis',(0.,0.,1.));
#10950=DIRECTION('ref_axis',(1.,0.,0.));
#10951=DIRECTION('center_axis',(0.,0.,1.));
#10952=DIRECTION('ref_axis',(1.,0.,0.));
#10953=DIRECTION('center_axis',(0.,-1.,0.));
#10954=DIRECTION('ref_axis',(1.,0.,0.));
#10955=DIRECTION('',(-1.,0.,0.));
#10956=DIRECTION('',(0.,0.,1.));
#10957=DIRECTION('',(1.,0.,0.));
#10958=DIRECTION('',(0.,0.,1.));
#10959=DIRECTION('center_axis',(0.,0.,1.));
#10960=DIRECTION('ref_axis',(0.,1.,0.));
#10961=DIRECTION('center_axis',(0.,0.,-1.));
#10962=DIRECTION('ref_axis',(0.,1.,0.));
#10963=DIRECTION('center_axis',(0.,0.,1.));
#10964=DIRECTION('ref_axis',(0.,1.,0.));
#10965=DIRECTION('',(0.,0.,-1.));
#10966=DIRECTION('center_axis',(0.,1.,0.));
#10967=DIRECTION('ref_axis',(-1.,0.,0.));
#10968=DIRECTION('',(1.,0.,0.));
#10969=DIRECTION('',(-1.,0.,0.));
#10970=DIRECTION('',(0.,0.,1.));
#10971=DIRECTION('center_axis',(0.,0.,1.));
#10972=DIRECTION('ref_axis',(0.,-1.,0.));
#10973=DIRECTION('center_axis',(0.,0.,-1.));
#10974=DIRECTION('ref_axis',(0.,-1.,0.));
#10975=DIRECTION('center_axis',(0.,0.,1.));
#10976=DIRECTION('ref_axis',(0.,-1.,0.));
#10977=DIRECTION('center_axis',(0.,-1.,0.));
#10978=DIRECTION('ref_axis',(1.,0.,0.));
#10979=DIRECTION('',(-1.,0.,0.));
#10980=DIRECTION('',(0.,0.,1.));
#10981=DIRECTION('',(1.,0.,0.));
#10982=DIRECTION('',(0.,0.,1.));
#10983=DIRECTION('center_axis',(0.,0.,1.));
#10984=DIRECTION('ref_axis',(0.,1.,0.));
#10985=DIRECTION('center_axis',(0.,0.,-1.));
#10986=DIRECTION('ref_axis',(0.,1.,0.));
#10987=DIRECTION('center_axis',(0.,0.,1.));
#10988=DIRECTION('ref_axis',(0.,1.,0.));
#10989=DIRECTION('',(0.,0.,-1.));
#10990=DIRECTION('center_axis',(0.,1.,0.));
#10991=DIRECTION('ref_axis',(-1.,0.,0.));
#10992=DIRECTION('',(1.,0.,0.));
#10993=DIRECTION('',(-1.,0.,0.));
#10994=DIRECTION('',(0.,0.,1.));
#10995=DIRECTION('center_axis',(0.,0.,1.));
#10996=DIRECTION('ref_axis',(0.,-1.,0.));
#10997=DIRECTION('center_axis',(0.,0.,-1.));
#10998=DIRECTION('ref_axis',(0.,-1.,0.));
#10999=DIRECTION('center_axis',(0.,0.,1.));
#11000=DIRECTION('ref_axis',(0.,-1.,0.));
#11001=DIRECTION('center_axis',(0.,1.,0.));
#11002=DIRECTION('ref_axis',(1.,0.,0.));
#11003=DIRECTION('center_axis',(0.,1.,0.));
#11004=DIRECTION('ref_axis',(1.,0.,0.));
#11005=DIRECTION('',(0.,1.,0.));
#11006=DIRECTION('center_axis',(0.,-1.,0.));
#11007=DIRECTION('ref_axis',(1.,0.,0.));
#11008=DIRECTION('center_axis',(0.,1.,0.));
#11009=DIRECTION('ref_axis',(1.,0.,0.));
#11010=DIRECTION('center_axis',(0.,1.,0.));
#11011=DIRECTION('ref_axis',(1.,0.,0.));
#11012=DIRECTION('',(0.,1.,0.));
#11013=DIRECTION('center_axis',(0.,-1.,0.));
#11014=DIRECTION('ref_axis',(1.,0.,0.));
#11015=DIRECTION('center_axis',(0.,1.,0.));
#11016=DIRECTION('ref_axis',(1.,0.,0.));
#11017=DIRECTION('center_axis',(0.,1.,0.));
#11018=DIRECTION('ref_axis',(1.,0.,0.));
#11019=DIRECTION('',(0.,1.,0.));
#11020=DIRECTION('center_axis',(0.,-1.,0.));
#11021=DIRECTION('ref_axis',(1.,0.,0.));
#11022=DIRECTION('center_axis',(0.,1.,0.));
#11023=DIRECTION('ref_axis',(1.,0.,0.));
#11024=DIRECTION('center_axis',(0.,1.,0.));
#11025=DIRECTION('ref_axis',(1.,0.,0.));
#11026=DIRECTION('',(0.,1.,0.));
#11027=DIRECTION('center_axis',(0.,-1.,0.));
#11028=DIRECTION('ref_axis',(1.,0.,0.));
#11029=DIRECTION('center_axis',(0.,0.,-1.));
#11030=DIRECTION('ref_axis',(1.,0.,0.));
#11031=DIRECTION('center_axis',(0.,0.,-1.));
#11032=DIRECTION('ref_axis',(1.,0.,0.));
#11033=DIRECTION('',(0.,0.,-1.));
#11034=DIRECTION('center_axis',(0.,0.,-1.));
#11035=DIRECTION('ref_axis',(1.,0.,0.));
#11036=DIRECTION('center_axis',(0.,0.,1.));
#11037=DIRECTION('ref_axis',(1.,0.,0.));
#11038=DIRECTION('center_axis',(0.,0.,-1.));
#11039=DIRECTION('ref_axis',(1.,0.,0.));
#11040=DIRECTION('center_axis',(0.,0.,-1.));
#11041=DIRECTION('ref_axis',(1.,0.,0.));
#11042=DIRECTION('',(0.,0.,-1.));
#11043=DIRECTION('center_axis',(0.,0.,-1.));
#11044=DIRECTION('ref_axis',(1.,0.,0.));
#11045=DIRECTION('center_axis',(0.,0.,1.));
#11046=DIRECTION('ref_axis',(1.,0.,0.));
#11047=DIRECTION('center_axis',(0.,0.,-1.));
#11048=DIRECTION('ref_axis',(1.,0.,0.));
#11049=DIRECTION('center_axis',(0.,0.,-1.));
#11050=DIRECTION('ref_axis',(1.,0.,0.));
#11051=DIRECTION('',(0.,0.,-1.));
#11052=DIRECTION('center_axis',(0.,0.,-1.));
#11053=DIRECTION('ref_axis',(1.,0.,0.));
#11054=DIRECTION('center_axis',(0.,0.,1.));
#11055=DIRECTION('ref_axis',(1.,0.,0.));
#11056=DIRECTION('center_axis',(0.,0.,-1.));
#11057=DIRECTION('ref_axis',(1.,0.,0.));
#11058=DIRECTION('center_axis',(0.,0.,-1.));
#11059=DIRECTION('ref_axis',(1.,0.,0.));
#11060=DIRECTION('',(0.,0.,-1.));
#11061=DIRECTION('center_axis',(0.,0.,-1.));
#11062=DIRECTION('ref_axis',(1.,0.,0.));
#11063=DIRECTION('center_axis',(0.,0.,1.));
#11064=DIRECTION('ref_axis',(1.,0.,0.));
#11065=DIRECTION('center_axis',(0.,0.,-1.));
#11066=DIRECTION('ref_axis',(1.,0.,0.));
#11067=DIRECTION('center_axis',(0.,0.,-1.));
#11068=DIRECTION('ref_axis',(1.,0.,0.));
#11069=DIRECTION('',(0.,0.,-1.));
#11070=DIRECTION('center_axis',(0.,0.,-1.));
#11071=DIRECTION('ref_axis',(1.,0.,0.));
#11072=DIRECTION('center_axis',(0.,0.,1.));
#11073=DIRECTION('ref_axis',(1.,0.,0.));
#11074=DIRECTION('center_axis',(0.,0.,-1.));
#11075=DIRECTION('ref_axis',(1.,0.,0.));
#11076=DIRECTION('center_axis',(0.,0.,-1.));
#11077=DIRECTION('ref_axis',(1.,0.,0.));
#11078=DIRECTION('',(0.,0.,-1.));
#11079=DIRECTION('center_axis',(0.,0.,-1.));
#11080=DIRECTION('ref_axis',(1.,0.,0.));
#11081=DIRECTION('center_axis',(0.,0.,1.));
#11082=DIRECTION('ref_axis',(1.,0.,0.));
#11083=DIRECTION('center_axis',(0.,0.,-1.));
#11084=DIRECTION('ref_axis',(1.,0.,0.));
#11085=DIRECTION('center_axis',(0.,0.,-1.));
#11086=DIRECTION('ref_axis',(1.,0.,0.));
#11087=DIRECTION('',(0.,0.,-1.));
#11088=DIRECTION('center_axis',(0.,0.,-1.));
#11089=DIRECTION('ref_axis',(1.,0.,0.));
#11090=DIRECTION('center_axis',(0.,0.,1.));
#11091=DIRECTION('ref_axis',(1.,0.,0.));
#11092=DIRECTION('center_axis',(0.,0.,-1.));
#11093=DIRECTION('ref_axis',(1.,0.,0.));
#11094=DIRECTION('center_axis',(0.,0.,-1.));
#11095=DIRECTION('ref_axis',(1.,0.,0.));
#11096=DIRECTION('',(0.,0.,-1.));
#11097=DIRECTION('center_axis',(0.,0.,-1.));
#11098=DIRECTION('ref_axis',(1.,0.,0.));
#11099=DIRECTION('center_axis',(0.,0.,1.));
#11100=DIRECTION('ref_axis',(1.,0.,0.));
#11101=DIRECTION('center_axis',(0.,0.,1.));
#11102=DIRECTION('ref_axis',(1.,0.,0.));
#11103=DIRECTION('center_axis',(0.,0.,1.));
#11104=DIRECTION('ref_axis',(1.,0.,0.));
#11105=DIRECTION('',(0.,0.,-1.));
#11106=DIRECTION('center_axis',(0.,0.,-1.));
#11107=DIRECTION('ref_axis',(1.,0.,0.));
#11108=DIRECTION('center_axis',(0.,0.,1.));
#11109=DIRECTION('ref_axis',(1.,0.,0.));
#11110=DIRECTION('center_axis',(0.,0.,1.));
#11111=DIRECTION('ref_axis',(1.,0.,0.));
#11112=DIRECTION('center_axis',(0.,0.,1.));
#11113=DIRECTION('ref_axis',(1.,0.,0.));
#11114=DIRECTION('',(0.,0.,-1.));
#11115=DIRECTION('center_axis',(0.,0.,-1.));
#11116=DIRECTION('ref_axis',(1.,0.,0.));
#11117=DIRECTION('center_axis',(0.,0.,1.));
#11118=DIRECTION('ref_axis',(1.,0.,0.));
#11119=DIRECTION('center_axis',(0.,0.,1.));
#11120=DIRECTION('ref_axis',(1.,0.,0.));
#11121=DIRECTION('center_axis',(0.,0.,1.));
#11122=DIRECTION('ref_axis',(1.,0.,0.));
#11123=DIRECTION('',(0.,0.,-1.));
#11124=DIRECTION('center_axis',(0.,0.,-1.));
#11125=DIRECTION('ref_axis',(1.,0.,0.));
#11126=DIRECTION('center_axis',(0.,0.,1.));
#11127=DIRECTION('ref_axis',(1.,0.,0.));
#11128=DIRECTION('center_axis',(0.,0.,1.));
#11129=DIRECTION('ref_axis',(1.,0.,0.));
#11130=DIRECTION('center_axis',(0.,0.,1.));
#11131=DIRECTION('ref_axis',(1.,0.,0.));
#11132=DIRECTION('',(0.,0.,-1.));
#11133=DIRECTION('center_axis',(0.,0.,-1.));
#11134=DIRECTION('ref_axis',(1.,0.,0.));
#11135=DIRECTION('center_axis',(0.,0.,1.));
#11136=DIRECTION('ref_axis',(1.,0.,0.));
#11137=DIRECTION('center_axis',(0.,0.,1.));
#11138=DIRECTION('ref_axis',(-0.707106781186548,-0.707106781186547,0.));
#11139=DIRECTION('',(0.,0.,1.));
#11140=DIRECTION('center_axis',(0.,0.,-1.));
#11141=DIRECTION('ref_axis',(1.,0.,0.));
#11142=DIRECTION('',(0.,0.,-1.));
#11143=DIRECTION('center_axis',(0.,0.,1.));
#11144=DIRECTION('ref_axis',(1.,0.,0.));
#11145=DIRECTION('center_axis',(0.,0.,1.));
#11146=DIRECTION('ref_axis',(1.,0.,0.));
#11147=DIRECTION('center_axis',(0.,0.,-1.));
#11148=DIRECTION('ref_axis',(-0.707106781186548,-0.707106781186547,0.));
#11149=DIRECTION('',(1.,0.,0.));
#11150=DIRECTION('center_axis',(0.,0.,-1.));
#11151=DIRECTION('ref_axis',(0.707106781186549,-0.707106781186546,0.));
#11152=DIRECTION('',(0.,1.,0.));
#11153=DIRECTION('center_axis',(0.,0.,-1.));
#11154=DIRECTION('ref_axis',(0.707106781186546,0.707106781186549,0.));
#11155=DIRECTION('',(-1.,0.,0.));
#11156=DIRECTION('center_axis',(0.,0.,-1.));
#11157=DIRECTION('ref_axis',(-0.707106781186548,0.707106781186548,0.));
#11158=DIRECTION('',(0.,-1.,0.));
#11159=DIRECTION('',(0.,-1.,0.));
#11160=DIRECTION('center_axis',(0.,0.,1.));
#11161=DIRECTION('ref_axis',(1.,0.,0.));
#11162=DIRECTION('',(-1.,0.,0.));
#11163=DIRECTION('center_axis',(0.,0.,1.));
#11164=DIRECTION('ref_axis',(1.,0.,0.));
#11165=DIRECTION('',(0.,1.,0.));
#11166=DIRECTION('center_axis',(0.,0.,1.));
#11167=DIRECTION('ref_axis',(1.,0.,0.));
#11168=DIRECTION('',(1.,0.,0.));
#11169=DIRECTION('center_axis',(1.,0.,0.));
#11170=DIRECTION('ref_axis',(0.,1.,0.));
#11171=DIRECTION('',(0.,-1.,0.));
#11172=DIRECTION('',(0.,0.,1.));
#11173=DIRECTION('center_axis',(0.,0.,1.));
#11174=DIRECTION('ref_axis',(1.,0.,0.));
#11175=DIRECTION('',(0.,0.,-1.));
#11176=DIRECTION('',(0.,0.,1.));
#11177=DIRECTION('center_axis',(0.,0.,-1.));
#11178=DIRECTION('ref_axis',(1.,0.,0.));
#11179=DIRECTION('center_axis',(0.,0.,1.));
#11180=DIRECTION('ref_axis',(1.,0.,0.));
#11181=DIRECTION('',(1.,0.,0.));
#11182=DIRECTION('center_axis',(0.,0.,-1.));
#11183=DIRECTION('ref_axis',(1.,0.,0.));
#11184=DIRECTION('',(0.,1.,0.));
#11185=DIRECTION('',(-1.,0.,0.));
#11186=DIRECTION('center_axis',(0.,0.,-1.));
#11187=DIRECTION('ref_axis',(1.,0.,0.));
#11188=DIRECTION('center_axis',(0.,-1.,0.));
#11189=DIRECTION('ref_axis',(1.,0.,0.));
#11190=DIRECTION('',(0.,0.,-1.));
#11191=DIRECTION('center_axis',(0.,0.,1.));
#11192=DIRECTION('ref_axis',(-0.707106781186546,0.707106781186549,0.));
#11193=DIRECTION('center_axis',(0.,0.,1.));
#11194=DIRECTION('ref_axis',(1.,0.,0.));
#11195=DIRECTION('',(0.,0.,1.));
#11196=DIRECTION('',(0.,0.,-1.));
#11197=DIRECTION('center_axis',(-1.,0.,0.));
#11198=DIRECTION('ref_axis',(0.,-1.,0.));
#11199=DIRECTION('center_axis',(0.,1.,0.));
#11200=DIRECTION('ref_axis',(-1.,0.,0.));
#11201=DIRECTION('center_axis',(0.,0.,1.));
#11202=DIRECTION('ref_axis',(-0.707106781186548,-0.707106781186547,0.));
#11203=DIRECTION('',(0.,0.,-1.));
#11204=DIRECTION('center_axis',(0.,0.,1.));
#11205=DIRECTION('ref_axis',(-0.707106781186548,-0.707106781186547,0.));
#11206=DIRECTION('',(0.,0.,1.));
#11207=DIRECTION('center_axis',(-1.,0.,0.));
#11208=DIRECTION('ref_axis',(0.,-1.,0.));
#11209=DIRECTION('',(0.,0.,1.));
#11210=DIRECTION('',(0.,-1.,0.));
#11211=DIRECTION('center_axis',(0.,0.,1.));
#11212=DIRECTION('ref_axis',(0.707106781186549,-0.707106781186546,0.));
#11213=DIRECTION('',(0.,0.,-1.));
#11214=DIRECTION('center_axis',(0.,0.,1.));
#11215=DIRECTION('ref_axis',(0.707106781186549,-0.707106781186546,0.));
#11216=DIRECTION('',(0.,0.,1.));
#11217=DIRECTION('center_axis',(1.,0.,0.));
#11218=DIRECTION('ref_axis',(0.,1.,0.));
#11219=DIRECTION('',(0.,1.,0.));
#11220=DIRECTION('',(0.,0.,-1.));
#11221=DIRECTION('center_axis',(0.,0.,1.));
#11222=DIRECTION('ref_axis',(0.707106781186546,0.707106781186549,0.));
#11223=DIRECTION('center_axis',(0.,0.,1.));
#11224=DIRECTION('ref_axis',(0.707106781186546,0.707106781186549,0.));
#11225=DIRECTION('',(0.,0.,1.));
#11226=DIRECTION('center_axis',(0.,0.,1.));
#11227=DIRECTION('ref_axis',(-0.707106781186548,0.707106781186548,0.));
#11228=DIRECTION('',(0.,0.,-1.));
#11229=DIRECTION('center_axis',(0.,0.,1.));
#11230=DIRECTION('ref_axis',(-0.707106781186548,0.707106781186548,0.));
#11231=DIRECTION('center_axis',(0.,1.,0.));
#11232=DIRECTION('ref_axis',(-1.,0.,0.));
#11233=DIRECTION('',(-1.,0.,0.));
#11234=DIRECTION('center_axis',(0.,-1.,0.));
#11235=DIRECTION('ref_axis',(1.,0.,0.));
#11236=DIRECTION('',(1.,0.,0.));
#11237=DIRECTION('center_axis',(0.,0.,1.));
#11238=DIRECTION('ref_axis',(1.,0.,0.));
#11239=DIRECTION('center_axis',(0.,0.,1.));
#11240=DIRECTION('ref_axis',(1.,0.,0.));
#11241=DIRECTION('center_axis',(0.,0.,1.));
#11242=DIRECTION('ref_axis',(1.,0.,0.));
#11243=DIRECTION('',(0.,0.,1.));
#11244=DIRECTION('center_axis',(0.,0.,-1.));
#11245=DIRECTION('ref_axis',(1.,0.,0.));
#11246=DIRECTION('center_axis',(0.,0.,1.));
#11247=DIRECTION('ref_axis',(1.,0.,0.));
#11248=DIRECTION('center_axis',(0.,0.,1.));
#11249=DIRECTION('ref_axis',(1.,0.,0.));
#11250=DIRECTION('',(0.,0.,1.));
#11251=DIRECTION('center_axis',(0.,0.,-1.));
#11252=DIRECTION('ref_axis',(1.,0.,0.));
#11253=DIRECTION('center_axis',(0.,0.,1.));
#11254=DIRECTION('ref_axis',(1.,0.,0.));
#11255=DIRECTION('center_axis',(0.,0.,1.));
#11256=DIRECTION('ref_axis',(1.,0.,0.));
#11257=DIRECTION('',(0.,0.,1.));
#11258=DIRECTION('center_axis',(0.,0.,-1.));
#11259=DIRECTION('ref_axis',(1.,0.,0.));
#11260=DIRECTION('center_axis',(0.,0.,1.));
#11261=DIRECTION('ref_axis',(1.,0.,0.));
#11262=DIRECTION('center_axis',(0.,0.,1.));
#11263=DIRECTION('ref_axis',(1.,0.,0.));
#11264=DIRECTION('',(0.,0.,1.));
#11265=DIRECTION('center_axis',(0.,0.,-1.));
#11266=DIRECTION('ref_axis',(1.,0.,0.));
#11267=DIRECTION('center_axis',(0.,0.,1.));
#11268=DIRECTION('ref_axis',(1.,0.,0.));
#11269=DIRECTION('center_axis',(0.,0.,1.));
#11270=DIRECTION('ref_axis',(1.,0.,0.));
#11271=DIRECTION('',(0.,0.,1.));
#11272=DIRECTION('center_axis',(0.,0.,-1.));
#11273=DIRECTION('ref_axis',(1.,0.,0.));
#11274=DIRECTION('center_axis',(0.,0.,1.));
#11275=DIRECTION('ref_axis',(1.,0.,0.));
#11276=DIRECTION('center_axis',(0.,0.,1.));
#11277=DIRECTION('ref_axis',(1.,0.,0.));
#11278=DIRECTION('',(0.,0.,1.));
#11279=DIRECTION('center_axis',(0.,0.,-1.));
#11280=DIRECTION('ref_axis',(1.,0.,0.));
#11281=DIRECTION('center_axis',(0.,0.,1.));
#11282=DIRECTION('ref_axis',(1.,0.,0.));
#11283=DIRECTION('center_axis',(0.,0.,1.));
#11284=DIRECTION('ref_axis',(1.,0.,0.));
#11285=DIRECTION('',(0.,0.,-1.));
#11286=DIRECTION('center_axis',(0.,0.,-1.));
#11287=DIRECTION('ref_axis',(1.,0.,0.));
#11288=DIRECTION('center_axis',(0.,0.,1.));
#11289=DIRECTION('ref_axis',(1.,0.,0.));
#11290=DIRECTION('center_axis',(0.,0.,1.));
#11291=DIRECTION('ref_axis',(1.,0.,0.));
#11292=DIRECTION('center_axis',(0.,0.,1.));
#11293=DIRECTION('ref_axis',(1.,0.,0.));
#11294=DIRECTION('',(0.707106781186547,8.65956056235493E-17,-0.707106781186547));
#11295=DIRECTION('center_axis',(0.,0.,-1.));
#11296=DIRECTION('ref_axis',(1.,0.,0.));
#11297=DIRECTION('center_axis',(0.,0.,1.));
#11298=DIRECTION('ref_axis',(1.,0.,0.));
#11299=DIRECTION('center_axis',(0.,0.,1.));
#11300=DIRECTION('ref_axis',(1.,0.,0.));
#11301=DIRECTION('',(0.,0.,1.));
#11302=DIRECTION('center_axis',(0.,0.,1.));
#11303=DIRECTION('ref_axis',(1.,0.,0.));
#11304=DIRECTION('center_axis',(0.,0.,1.));
#11305=DIRECTION('ref_axis',(1.,0.,0.));
#11306=DIRECTION('center_axis',(0.,0.,1.));
#11307=DIRECTION('ref_axis',(1.,0.,0.));
#11308=DIRECTION('',(0.,0.,-1.));
#11309=DIRECTION('center_axis',(0.,0.,-1.));
#11310=DIRECTION('ref_axis',(1.,0.,0.));
#11311=DIRECTION('center_axis',(0.,0.,1.));
#11312=DIRECTION('ref_axis',(-0.707106781186548,-0.707106781186547,0.));
#11313=DIRECTION('center_axis',(0.,0.,-1.));
#11314=DIRECTION('ref_axis',(-0.707106781186548,-0.707106781186547,0.));
#11315=DIRECTION('',(0.,0.,-1.));
#11316=DIRECTION('center_axis',(0.,0.,1.));
#11317=DIRECTION('ref_axis',(-0.707106781186548,-0.707106781186547,0.));
#11318=DIRECTION('',(0.,0.,1.));
#11319=DIRECTION('center_axis',(-1.,0.,0.));
#11320=DIRECTION('ref_axis',(0.,-1.,0.));
#11321=DIRECTION('',(0.,-1.,0.));
#11322=DIRECTION('',(0.,0.,1.));
#11323=DIRECTION('',(0.,-1.,0.));
#11324=DIRECTION('center_axis',(0.,0.,1.));
#11325=DIRECTION('ref_axis',(1.,0.,0.));
#11326=DIRECTION('',(1.,0.,0.));
#11327=DIRECTION('center_axis',(0.,0.,-1.));
#11328=DIRECTION('ref_axis',(0.707106781186549,-0.707106781186546,0.));
#11329=DIRECTION('',(0.,1.,0.));
#11330=DIRECTION('center_axis',(0.,0.,-1.));
#11331=DIRECTION('ref_axis',(0.707106781186546,0.707106781186549,0.));
#11332=DIRECTION('',(-1.,0.,0.));
#11333=DIRECTION('center_axis',(0.,0.,-1.));
#11334=DIRECTION('ref_axis',(-0.707106781186548,0.707106781186548,0.));
#11335=DIRECTION('center_axis',(0.,0.,1.));
#11336=DIRECTION('ref_axis',(0.707106781186549,-0.707106781186546,0.));
#11337=DIRECTION('',(0.,0.,-1.));
#11338=DIRECTION('center_axis',(0.,0.,1.));
#11339=DIRECTION('ref_axis',(0.707106781186549,-0.707106781186546,0.));
#11340=DIRECTION('',(0.,0.,1.));
#11341=DIRECTION('center_axis',(1.,0.,0.));
#11342=DIRECTION('ref_axis',(0.,1.,0.));
#11343=DIRECTION('',(0.,1.,0.));
#11344=DIRECTION('',(0.,0.,-1.));
#11345=DIRECTION('center_axis',(0.,0.,1.));
#11346=DIRECTION('ref_axis',(0.707106781186546,0.707106781186549,0.));
#11347=DIRECTION('center_axis',(0.,0.,1.));
#11348=DIRECTION('ref_axis',(0.707106781186546,0.707106781186549,0.));
#11349=DIRECTION('',(0.,0.,1.));
#11350=DIRECTION('center_axis',(0.,0.,1.));
#11351=DIRECTION('ref_axis',(-0.707106781186548,0.707106781186548,0.));
#11352=DIRECTION('',(0.,0.,-1.));
#11353=DIRECTION('center_axis',(0.,0.,1.));
#11354=DIRECTION('ref_axis',(-0.707106781186548,0.707106781186548,0.));
#11355=DIRECTION('center_axis',(0.,1.,0.));
#11356=DIRECTION('ref_axis',(-1.,0.,0.));
#11357=DIRECTION('',(-1.,0.,0.));
#11358=DIRECTION('center_axis',(0.,-1.,0.));
#11359=DIRECTION('ref_axis',(1.,0.,0.));
#11360=DIRECTION('',(1.,0.,0.));
#11361=DIRECTION('center_axis',(0.,0.,1.));
#11362=DIRECTION('ref_axis',(1.,0.,0.));
#11363=DIRECTION('center_axis',(0.,0.,1.));
#11364=DIRECTION('ref_axis',(1.,0.,0.));
#11365=DIRECTION('center_axis',(0.,0.,-1.));
#11366=DIRECTION('ref_axis',(1.,0.,0.));
#11367=DIRECTION('center_axis',(0.,0.,1.));
#11368=DIRECTION('ref_axis',(1.,0.,0.));
#11369=DIRECTION('center_axis',(0.,0.,1.));
#11370=DIRECTION('ref_axis',(1.,0.,0.));
#11371=DIRECTION('',(0.,0.,-1.));
#11372=DIRECTION('center_axis',(0.,0.,1.));
#11373=DIRECTION('ref_axis',(1.,0.,0.));
#11374=DIRECTION('center_axis',(0.,1.,0.));
#11375=DIRECTION('ref_axis',(-1.,0.,0.));
#11376=DIRECTION('',(-1.,0.,0.));
#11377=DIRECTION('',(0.,0.,-1.));
#11378=DIRECTION('',(-1.,0.,0.));
#11379=DIRECTION('',(0.,0.,1.));
#11380=DIRECTION('center_axis',(0.,-1.,0.));
#11381=DIRECTION('ref_axis',(1.,0.,0.));
#11382=DIRECTION('',(1.,0.,0.));
#11383=DIRECTION('',(0.,0.,-1.));
#11384=DIRECTION('',(1.,0.,0.));
#11385=DIRECTION('',(0.,0.,1.));
#11386=DIRECTION('center_axis',(0.,0.,1.));
#11387=DIRECTION('ref_axis',(1.,0.,0.));
#11388=DIRECTION('',(0.,-1.,0.));
#11389=DIRECTION('',(0.,1.,0.));
#11390=DIRECTION('center_axis',(0.,0.,-1.));
#11391=DIRECTION('ref_axis',(-1.,0.,0.));
#11392=DIRECTION('',(0.,-1.,0.));
#11393=DIRECTION('',(-1.,0.,0.));
#11394=DIRECTION('',(0.,1.,0.));
#11395=DIRECTION('center_axis',(0.,0.,-1.));
#11396=DIRECTION('ref_axis',(-1.,0.,0.));
#11397=DIRECTION('',(0.,1.,0.));
#11398=DIRECTION('',(1.,0.,0.));
#11399=DIRECTION('',(0.,-1.,0.));
#11400=DIRECTION('center_axis',(-1.,0.,0.));
#11401=DIRECTION('ref_axis',(0.,1.,0.));
#11402=DIRECTION('',(0.,0.,-1.));
#11403=DIRECTION('',(0.,-1.,0.));
#11404=DIRECTION('',(0.,0.,-1.));
#11405=DIRECTION('center_axis',(0.,-1.,0.));
#11406=DIRECTION('ref_axis',(-1.,0.,0.));
#11407=DIRECTION('',(1.,0.,0.));
#11408=DIRECTION('',(0.,0.,-1.));
#11409=DIRECTION('center_axis',(1.,0.,0.));
#11410=DIRECTION('ref_axis',(0.,-1.,0.));
#11411=DIRECTION('',(0.,0.,-1.));
#11412=DIRECTION('',(0.,1.,0.));
#11413=DIRECTION('center_axis',(0.,1.,0.));
#11414=DIRECTION('ref_axis',(1.,0.,0.));
#11415=DIRECTION('',(-1.,0.,0.));
#11416=DIRECTION('center_axis',(0.,0.,1.));
#11417=DIRECTION('ref_axis',(1.,0.,0.));
#11418=DIRECTION('axis',(0.,0.,1.));
#11419=DIRECTION('refdir',(1.,0.,0.));
#11420=DIRECTION('center_axis',(0.,0.,1.));
#11421=DIRECTION('ref_axis',(1.,0.,0.));
#11422=DIRECTION('',(0.,0.,-1.));
#11423=DIRECTION('center_axis',(0.,0.,-1.));
#11424=DIRECTION('ref_axis',(1.,0.,0.));
#11425=DIRECTION('',(0.,0.,1.));
#11426=DIRECTION('center_axis',(0.,0.,1.));
#11427=DIRECTION('ref_axis',(1.,0.,0.));
#11428=DIRECTION('center_axis',(0.,0.,1.));
#11429=DIRECTION('ref_axis',(1.,0.,0.));
#11430=DIRECTION('',(0.,0.,1.));
#11431=DIRECTION('center_axis',(0.,0.,1.));
#11432=DIRECTION('ref_axis',(1.,0.,0.));
#11433=DIRECTION('',(0.,0.,-1.));
#11434=DIRECTION('center_axis',(0.,0.,-1.));
#11435=DIRECTION('ref_axis',(1.,0.,0.));
#11436=DIRECTION('center_axis',(1.,0.,0.));
#11437=DIRECTION('ref_axis',(0.,1.,0.));
#11438=DIRECTION('',(0.,-1.,0.));
#11439=DIRECTION('',(0.,0.,1.));
#11440=DIRECTION('',(0.,1.,0.));
#11441=DIRECTION('',(0.,0.,-1.));
#11442=DIRECTION('center_axis',(-4.44089209850064E-15,1.,0.));
#11443=DIRECTION('ref_axis',(-1.,-4.44089209850064E-15,0.));
#11444=DIRECTION('',(1.,4.44089209850064E-15,0.));
#11445=DIRECTION('',(0.,0.,-1.));
#11446=DIRECTION('',(-1.,-4.44089209850064E-15,0.));
#11447=DIRECTION('center_axis',(-1.,0.,0.));
#11448=DIRECTION('ref_axis',(0.,-1.,0.));
#11449=DIRECTION('',(0.,1.,0.));
#11450=DIRECTION('',(0.,0.,1.));
#11451=DIRECTION('',(0.,-1.,0.));
#11452=DIRECTION('center_axis',(0.,0.,1.));
#11453=DIRECTION('ref_axis',(1.,0.,0.));
#11454=DIRECTION('center_axis',(0.,0.,1.));
#11455=DIRECTION('ref_axis',(1.,0.,0.));
#11456=DIRECTION('',(0.,0.,1.));
#11457=DIRECTION('center_axis',(0.,0.,-1.));
#11458=DIRECTION('ref_axis',(1.,0.,0.));
#11459=DIRECTION('center_axis',(0.,0.,1.));
#11460=DIRECTION('ref_axis',(1.,0.,0.));
#11461=DIRECTION('center_axis',(0.,0.,1.));
#11462=DIRECTION('ref_axis',(1.,0.,0.));
#11463=DIRECTION('',(0.,0.,1.));
#11464=DIRECTION('center_axis',(0.,0.,-1.));
#11465=DIRECTION('ref_axis',(1.,0.,0.));
#11466=DIRECTION('center_axis',(0.,0.,1.));
#11467=DIRECTION('ref_axis',(1.,0.,0.));
#11468=DIRECTION('center_axis',(0.,0.,1.));
#11469=DIRECTION('ref_axis',(1.,0.,0.));
#11470=DIRECTION('',(0.,0.,1.));
#11471=DIRECTION('center_axis',(0.,0.,-1.));
#11472=DIRECTION('ref_axis',(1.,0.,0.));
#11473=DIRECTION('center_axis',(0.,0.,1.));
#11474=DIRECTION('ref_axis',(1.,0.,0.));
#11475=DIRECTION('center_axis',(0.,0.,1.));
#11476=DIRECTION('ref_axis',(1.,0.,0.));
#11477=DIRECTION('',(0.,0.,1.));
#11478=DIRECTION('center_axis',(0.,0.,-1.));
#11479=DIRECTION('ref_axis',(1.,0.,0.));
#11480=DIRECTION('center_axis',(0.,0.,1.));
#11481=DIRECTION('ref_axis',(1.,0.,0.));
#11482=DIRECTION('center_axis',(0.,0.,-1.));
#11483=DIRECTION('ref_axis',(1.,0.,0.));
#11484=DIRECTION('',(0.,0.,1.));
#11485=DIRECTION('center_axis',(0.,0.,1.));
#11486=DIRECTION('ref_axis',(1.,0.,0.));
#11487=DIRECTION('',(0.,0.,-1.));
#11488=DIRECTION('center_axis',(0.,0.,1.));
#11489=DIRECTION('ref_axis',(1.,0.,0.));
#11490=DIRECTION('center_axis',(0.,0.,-1.));
#11491=DIRECTION('ref_axis',(1.,0.,0.));
#11492=DIRECTION('',(0.,0.,1.));
#11493=DIRECTION('center_axis',(0.,0.,1.));
#11494=DIRECTION('ref_axis',(1.,0.,0.));
#11495=DIRECTION('',(0.,0.,-1.));
#11496=DIRECTION('center_axis',(0.,-1.,0.));
#11497=DIRECTION('ref_axis',(1.,0.,0.));
#11498=DIRECTION('',(1.,0.,0.));
#11499=DIRECTION('',(1.,0.,0.));
#11500=DIRECTION('center_axis',(0.,-1.,0.));
#11501=DIRECTION('ref_axis',(1.,0.,0.));
#11502=DIRECTION('',(1.,0.,0.));
#11503=DIRECTION('',(1.,0.,0.));
#11504=DIRECTION('center_axis',(0.,1.,0.));
#11505=DIRECTION('ref_axis',(-1.,0.,0.));
#11506=DIRECTION('',(-1.,0.,0.));
#11507=DIRECTION('',(-1.,0.,0.));
#11508=DIRECTION('center_axis',(0.,0.,1.));
#11509=DIRECTION('ref_axis',(1.,0.,0.));
#11510=DIRECTION('',(0.,-1.,0.));
#11511=DIRECTION('',(0.,1.,0.));
#11512=DIRECTION('center_axis',(0.,0.,1.));
#11513=DIRECTION('ref_axis',(1.,0.,0.));
#11514=DIRECTION('',(0.,1.,0.));
#11515=DIRECTION('',(0.,-1.,0.));
#11516=DIRECTION('center_axis',(-1.,0.,0.));
#11517=DIRECTION('ref_axis',(0.,-1.,0.));
#11518=DIRECTION('center_axis',(1.,0.,0.));
#11519=DIRECTION('ref_axis',(0.,1.,0.));
#11520=DIRECTION('center_axis',(0.,0.,1.));
#11521=DIRECTION('ref_axis',(1.,0.,0.));
#11522=DIRECTION('center_axis',(0.,0.,1.));
#11523=DIRECTION('ref_axis',(1.,0.,0.));
#11524=DIRECTION('',(0.,0.,-1.));
#11525=DIRECTION('center_axis',(0.,0.,1.));
#11526=DIRECTION('ref_axis',(1.,0.,0.));
#11527=DIRECTION('center_axis',(0.,0.,1.));
#11528=DIRECTION('ref_axis',(1.,0.,0.));
#11529=DIRECTION('center_axis',(0.,0.,1.));
#11530=DIRECTION('ref_axis',(1.,0.,0.));
#11531=DIRECTION('center_axis',(0.,1.,0.));
#11532=DIRECTION('ref_axis',(-1.,0.,0.));
#11533=DIRECTION('',(-1.,0.,0.));
#11534=DIRECTION('',(0.,0.,1.));
#11535=DIRECTION('',(-1.,0.,0.));
#11536=DIRECTION('',(0.,0.,1.));
#11537=DIRECTION('center_axis',(1.,0.,0.));
#11538=DIRECTION('ref_axis',(0.,1.,0.));
#11539=DIRECTION('',(0.,1.,0.));
#11540=DIRECTION('',(0.,1.,0.));
#11541=DIRECTION('',(0.,0.,1.));
#11542=DIRECTION('center_axis',(0.,-1.,0.));
#11543=DIRECTION('ref_axis',(1.,0.,0.));
#11544=DIRECTION('',(1.,0.,0.));
#11545=DIRECTION('',(1.,0.,0.));
#11546=DIRECTION('',(0.,0.,1.));
#11547=DIRECTION('center_axis',(-1.,0.,0.));
#11548=DIRECTION('ref_axis',(0.,-1.,0.));
#11549=DIRECTION('',(0.,-1.,0.));
#11550=DIRECTION('',(0.,-1.,0.));
#11551=DIRECTION('center_axis',(0.,0.,1.));
#11552=DIRECTION('ref_axis',(1.,0.,0.));
#11553=DIRECTION('center_axis',(0.,0.,1.));
#11554=DIRECTION('ref_axis',(1.,0.,0.));
#11555=DIRECTION('center_axis',(0.,0.,1.));
#11556=DIRECTION('ref_axis',(1.,0.,0.));
#11557=DIRECTION('center_axis',(0.,0.,1.));
#11558=DIRECTION('ref_axis',(1.,0.,0.));
#11559=DIRECTION('',(0.,0.,-1.));
#11560=DIRECTION('center_axis',(0.,0.,1.));
#11561=DIRECTION('ref_axis',(1.,0.,0.));
#11562=DIRECTION('center_axis',(0.,0.,1.));
#11563=DIRECTION('ref_axis',(1.,0.,0.));
#11564=DIRECTION('center_axis',(0.,0.,1.));
#11565=DIRECTION('ref_axis',(1.,0.,0.));
#11566=DIRECTION('center_axis',(0.,1.,0.));
#11567=DIRECTION('ref_axis',(-1.,0.,0.));
#11568=DIRECTION('',(-1.,0.,0.));
#11569=DIRECTION('',(0.,0.,1.));
#11570=DIRECTION('',(-1.,0.,0.));
#11571=DIRECTION('',(0.,0.,1.));
#11572=DIRECTION('center_axis',(1.,0.,0.));
#11573=DIRECTION('ref_axis',(0.,1.,0.));
#11574=DIRECTION('',(0.,1.,0.));
#11575=DIRECTION('',(0.,1.,0.));
#11576=DIRECTION('',(0.,0.,1.));
#11577=DIRECTION('center_axis',(0.,-1.,0.));
#11578=DIRECTION('ref_axis',(1.,0.,0.));
#11579=DIRECTION('',(1.,0.,0.));
#11580=DIRECTION('',(1.,0.,0.));
#11581=DIRECTION('',(0.,0.,1.));
#11582=DIRECTION('center_axis',(-1.,0.,0.));
#11583=DIRECTION('ref_axis',(0.,-1.,0.));
#11584=DIRECTION('',(0.,-1.,0.));
#11585=DIRECTION('',(0.,-1.,0.));
#11586=DIRECTION('center_axis',(0.,0.,1.));
#11587=DIRECTION('ref_axis',(1.,0.,0.));
#11588=DIRECTION('center_axis',(0.,0.,1.));
#11589=DIRECTION('ref_axis',(1.,0.,0.));
#11590=DIRECTION('center_axis',(0.,1.,0.));
#11591=DIRECTION('ref_axis',(-1.,0.,0.));
#11592=DIRECTION('',(-1.,0.,0.));
#11593=DIRECTION('',(0.,0.,1.));
#11594=DIRECTION('',(-1.,0.,0.));
#11595=DIRECTION('',(0.,0.,1.));
#11596=DIRECTION('center_axis',(1.,0.,0.));
#11597=DIRECTION('ref_axis',(0.,1.,0.));
#11598=DIRECTION('',(0.,1.,0.));
#11599=DIRECTION('',(0.,1.,0.));
#11600=DIRECTION('',(0.,0.,1.));
#11601=DIRECTION('center_axis',(0.,-1.,0.));
#11602=DIRECTION('ref_axis',(1.,0.,0.));
#11603=DIRECTION('',(1.,0.,0.));
#11604=DIRECTION('',(1.,0.,0.));
#11605=DIRECTION('',(0.,0.,1.));
#11606=DIRECTION('center_axis',(-1.,0.,0.));
#11607=DIRECTION('ref_axis',(0.,-1.,0.));
#11608=DIRECTION('',(0.,-1.,0.));
#11609=DIRECTION('',(0.,-1.,0.));
#11610=DIRECTION('center_axis',(0.,0.,1.));
#11611=DIRECTION('ref_axis',(1.,0.,0.));
#11612=DIRECTION('center_axis',(0.,0.,1.));
#11613=DIRECTION('ref_axis',(1.,0.,0.));
#11614=DIRECTION('center_axis',(0.,1.,0.));
#11615=DIRECTION('ref_axis',(-1.,0.,0.));
#11616=DIRECTION('',(-1.,0.,0.));
#11617=DIRECTION('',(0.,0.,1.));
#11618=DIRECTION('',(-1.,0.,0.));
#11619=DIRECTION('',(0.,0.,1.));
#11620=DIRECTION('center_axis',(1.,0.,0.));
#11621=DIRECTION('ref_axis',(0.,1.,0.));
#11622=DIRECTION('',(0.,1.,0.));
#11623=DIRECTION('',(0.,1.,0.));
#11624=DIRECTION('',(0.,0.,1.));
#11625=DIRECTION('center_axis',(0.,-1.,0.));
#11626=DIRECTION('ref_axis',(1.,0.,0.));
#11627=DIRECTION('',(1.,0.,0.));
#11628=DIRECTION('',(1.,0.,0.));
#11629=DIRECTION('',(0.,0.,1.));
#11630=DIRECTION('center_axis',(-1.,0.,0.));
#11631=DIRECTION('ref_axis',(0.,-1.,0.));
#11632=DIRECTION('',(0.,-1.,0.));
#11633=DIRECTION('',(0.,-1.,0.));
#11634=DIRECTION('center_axis',(0.,0.,1.));
#11635=DIRECTION('ref_axis',(1.,0.,0.));
#11636=DIRECTION('center_axis',(0.,0.,1.));
#11637=DIRECTION('ref_axis',(1.,0.,0.));
#11638=DIRECTION('center_axis',(0.,1.,0.));
#11639=DIRECTION('ref_axis',(-1.,0.,0.));
#11640=DIRECTION('',(-1.,0.,0.));
#11641=DIRECTION('',(0.,0.,1.));
#11642=DIRECTION('',(-1.,0.,0.));
#11643=DIRECTION('',(0.,0.,1.));
#11644=DIRECTION('center_axis',(1.,0.,0.));
#11645=DIRECTION('ref_axis',(0.,1.,0.));
#11646=DIRECTION('',(0.,1.,0.));
#11647=DIRECTION('',(0.,1.,0.));
#11648=DIRECTION('',(0.,0.,1.));
#11649=DIRECTION('center_axis',(0.,-1.,0.));
#11650=DIRECTION('ref_axis',(1.,0.,0.));
#11651=DIRECTION('',(1.,0.,0.));
#11652=DIRECTION('',(1.,0.,0.));
#11653=DIRECTION('',(0.,0.,1.));
#11654=DIRECTION('center_axis',(-1.,0.,0.));
#11655=DIRECTION('ref_axis',(0.,-1.,0.));
#11656=DIRECTION('',(0.,-1.,0.));
#11657=DIRECTION('',(0.,-1.,0.));
#11658=DIRECTION('center_axis',(0.,0.,1.));
#11659=DIRECTION('ref_axis',(1.,0.,0.));
#11660=DIRECTION('center_axis',(0.,0.,1.));
#11661=DIRECTION('ref_axis',(1.,0.,0.));
#11662=DIRECTION('center_axis',(0.,1.,0.));
#11663=DIRECTION('ref_axis',(-1.,0.,0.));
#11664=DIRECTION('',(-1.,0.,0.));
#11665=DIRECTION('',(0.,0.,1.));
#11666=DIRECTION('',(-1.,0.,0.));
#11667=DIRECTION('',(0.,0.,1.));
#11668=DIRECTION('center_axis',(1.,0.,0.));
#11669=DIRECTION('ref_axis',(0.,1.,0.));
#11670=DIRECTION('',(0.,1.,0.));
#11671=DIRECTION('',(0.,1.,0.));
#11672=DIRECTION('',(0.,0.,1.));
#11673=DIRECTION('center_axis',(0.,-1.,0.));
#11674=DIRECTION('ref_axis',(1.,0.,0.));
#11675=DIRECTION('',(1.,0.,0.));
#11676=DIRECTION('',(1.,0.,0.));
#11677=DIRECTION('',(0.,0.,1.));
#11678=DIRECTION('center_axis',(-1.,0.,0.));
#11679=DIRECTION('ref_axis',(0.,-1.,0.));
#11680=DIRECTION('',(0.,-1.,0.));
#11681=DIRECTION('',(0.,-1.,0.));
#11682=DIRECTION('center_axis',(0.,0.,1.));
#11683=DIRECTION('ref_axis',(1.,0.,0.));
#11684=DIRECTION('center_axis',(0.,0.,1.));
#11685=DIRECTION('ref_axis',(1.,0.,0.));
#11686=DIRECTION('center_axis',(0.,1.,0.));
#11687=DIRECTION('ref_axis',(-1.,0.,0.));
#11688=DIRECTION('',(-1.,0.,0.));
#11689=DIRECTION('',(0.,0.,1.));
#11690=DIRECTION('',(-1.,0.,0.));
#11691=DIRECTION('',(0.,0.,1.));
#11692=DIRECTION('center_axis',(1.,0.,0.));
#11693=DIRECTION('ref_axis',(0.,1.,0.));
#11694=DIRECTION('',(0.,1.,0.));
#11695=DIRECTION('',(0.,1.,0.));
#11696=DIRECTION('',(0.,0.,1.));
#11697=DIRECTION('center_axis',(0.,-1.,0.));
#11698=DIRECTION('ref_axis',(1.,0.,0.));
#11699=DIRECTION('',(1.,0.,0.));
#11700=DIRECTION('',(1.,0.,0.));
#11701=DIRECTION('',(0.,0.,1.));
#11702=DIRECTION('center_axis',(-1.,0.,0.));
#11703=DIRECTION('ref_axis',(0.,-1.,0.));
#11704=DIRECTION('',(0.,-1.,0.));
#11705=DIRECTION('',(0.,-1.,0.));
#11706=DIRECTION('center_axis',(0.,0.,1.));
#11707=DIRECTION('ref_axis',(1.,0.,0.));
#11708=DIRECTION('center_axis',(0.,0.,1.));
#11709=DIRECTION('ref_axis',(1.,0.,0.));
#11710=DIRECTION('center_axis',(0.,-1.,0.));
#11711=DIRECTION('ref_axis',(-1.,0.,0.));
#11712=DIRECTION('',(1.,0.,0.));
#11713=DIRECTION('',(0.,0.,-1.));
#11714=DIRECTION('',(-1.,0.,0.));
#11715=DIRECTION('',(0.,0.,-1.));
#11716=DIRECTION('center_axis',(1.,0.,0.));
#11717=DIRECTION('ref_axis',(0.,-1.,0.));
#11718=DIRECTION('',(0.,1.,0.));
#11719=DIRECTION('',(0.,-1.,0.));
#11720=DIRECTION('',(0.,0.,-1.));
#11721=DIRECTION('center_axis',(0.,1.,0.));
#11722=DIRECTION('ref_axis',(1.,0.,0.));
#11723=DIRECTION('',(-1.,0.,0.));
#11724=DIRECTION('',(1.,0.,0.));
#11725=DIRECTION('',(0.,0.,-1.));
#11726=DIRECTION('center_axis',(-1.,0.,0.));
#11727=DIRECTION('ref_axis',(0.,1.,0.));
#11728=DIRECTION('',(0.,-1.,0.));
#11729=DIRECTION('',(0.,1.,0.));
#11730=DIRECTION('center_axis',(0.,0.,1.));
#11731=DIRECTION('ref_axis',(1.,0.,0.));
#11732=DIRECTION('center_axis',(0.,0.,-1.));
#11733=DIRECTION('ref_axis',(-1.,0.,0.));
#11734=DIRECTION('center_axis',(0.,-1.,0.));
#11735=DIRECTION('ref_axis',(-1.,0.,0.));
#11736=DIRECTION('',(1.,0.,0.));
#11737=DIRECTION('',(0.,0.,-1.));
#11738=DIRECTION('',(-1.,0.,0.));
#11739=DIRECTION('',(0.,0.,-1.));
#11740=DIRECTION('center_axis',(1.,0.,0.));
#11741=DIRECTION('ref_axis',(0.,-1.,0.));
#11742=DIRECTION('',(0.,1.,0.));
#11743=DIRECTION('',(0.,-1.,0.));
#11744=DIRECTION('',(0.,0.,-1.));
#11745=DIRECTION('center_axis',(0.,1.,0.));
#11746=DIRECTION('ref_axis',(1.,0.,0.));
#11747=DIRECTION('',(-1.,0.,0.));
#11748=DIRECTION('',(1.,0.,0.));
#11749=DIRECTION('',(0.,0.,-1.));
#11750=DIRECTION('center_axis',(-1.,0.,0.));
#11751=DIRECTION('ref_axis',(0.,1.,0.));
#11752=DIRECTION('',(0.,-1.,0.));
#11753=DIRECTION('',(0.,1.,0.));
#11754=DIRECTION('center_axis',(0.,0.,1.));
#11755=DIRECTION('ref_axis',(1.,0.,0.));
#11756=DIRECTION('center_axis',(0.,0.,-1.));
#11757=DIRECTION('ref_axis',(-1.,0.,0.));
#11758=DIRECTION('center_axis',(0.,-1.,0.));
#11759=DIRECTION('ref_axis',(-1.,0.,0.));
#11760=DIRECTION('',(1.,0.,0.));
#11761=DIRECTION('',(0.,0.,-1.));
#11762=DIRECTION('',(-1.,0.,0.));
#11763=DIRECTION('',(0.,0.,-1.));
#11764=DIRECTION('center_axis',(1.,0.,0.));
#11765=DIRECTION('ref_axis',(0.,-1.,0.));
#11766=DIRECTION('',(0.,1.,0.));
#11767=DIRECTION('',(0.,-1.,0.));
#11768=DIRECTION('',(0.,0.,-1.));
#11769=DIRECTION('center_axis',(0.,1.,0.));
#11770=DIRECTION('ref_axis',(1.,0.,0.));
#11771=DIRECTION('',(-1.,0.,0.));
#11772=DIRECTION('',(1.,0.,0.));
#11773=DIRECTION('',(0.,0.,-1.));
#11774=DIRECTION('center_axis',(-1.,0.,0.));
#11775=DIRECTION('ref_axis',(0.,1.,0.));
#11776=DIRECTION('',(0.,-1.,0.));
#11777=DIRECTION('',(0.,1.,0.));
#11778=DIRECTION('center_axis',(0.,0.,1.));
#11779=DIRECTION('ref_axis',(1.,0.,0.));
#11780=DIRECTION('center_axis',(0.,0.,-1.));
#11781=DIRECTION('ref_axis',(-1.,0.,0.));
#11782=DIRECTION('center_axis',(0.,-1.,0.));
#11783=DIRECTION('ref_axis',(-1.,0.,0.));
#11784=DIRECTION('',(1.,0.,0.));
#11785=DIRECTION('',(0.,0.,-1.));
#11786=DIRECTION('',(-1.,0.,0.));
#11787=DIRECTION('',(0.,0.,-1.));
#11788=DIRECTION('center_axis',(1.,0.,0.));
#11789=DIRECTION('ref_axis',(0.,-1.,0.));
#11790=DIRECTION('',(0.,1.,0.));
#11791=DIRECTION('',(0.,-1.,0.));
#11792=DIRECTION('',(0.,0.,-1.));
#11793=DIRECTION('center_axis',(0.,1.,0.));
#11794=DIRECTION('ref_axis',(1.,0.,0.));
#11795=DIRECTION('',(-1.,0.,0.));
#11796=DIRECTION('',(1.,0.,0.));
#11797=DIRECTION('',(0.,0.,-1.));
#11798=DIRECTION('center_axis',(-1.,0.,0.));
#11799=DIRECTION('ref_axis',(0.,1.,0.));
#11800=DIRECTION('',(0.,-1.,0.));
#11801=DIRECTION('',(0.,1.,0.));
#11802=DIRECTION('center_axis',(0.,0.,1.));
#11803=DIRECTION('ref_axis',(1.,0.,0.));
#11804=DIRECTION('center_axis',(0.,0.,-1.));
#11805=DIRECTION('ref_axis',(-1.,0.,0.));
#11806=DIRECTION('center_axis',(0.,-1.,0.));
#11807=DIRECTION('ref_axis',(-1.,0.,0.));
#11808=DIRECTION('',(1.,0.,0.));
#11809=DIRECTION('',(0.,0.,-1.));
#11810=DIRECTION('',(-1.,0.,0.));
#11811=DIRECTION('',(0.,0.,-1.));
#11812=DIRECTION('center_axis',(1.,0.,0.));
#11813=DIRECTION('ref_axis',(0.,-1.,0.));
#11814=DIRECTION('',(0.,1.,0.));
#11815=DIRECTION('',(0.,-1.,0.));
#11816=DIRECTION('',(0.,0.,-1.));
#11817=DIRECTION('center_axis',(0.,1.,0.));
#11818=DIRECTION('ref_axis',(1.,0.,0.));
#11819=DIRECTION('',(-1.,0.,0.));
#11820=DIRECTION('',(1.,0.,0.));
#11821=DIRECTION('',(0.,0.,-1.));
#11822=DIRECTION('center_axis',(-1.,0.,0.));
#11823=DIRECTION('ref_axis',(0.,1.,0.));
#11824=DIRECTION('',(0.,-1.,0.));
#11825=DIRECTION('',(0.,1.,0.));
#11826=DIRECTION('center_axis',(0.,0.,1.));
#11827=DIRECTION('ref_axis',(1.,0.,0.));
#11828=DIRECTION('center_axis',(0.,0.,-1.));
#11829=DIRECTION('ref_axis',(-1.,0.,0.));
#11830=DIRECTION('center_axis',(0.,-1.,0.));
#11831=DIRECTION('ref_axis',(-1.,0.,0.));
#11832=DIRECTION('',(1.,0.,0.));
#11833=DIRECTION('',(0.,0.,-1.));
#11834=DIRECTION('',(-1.,0.,0.));
#11835=DIRECTION('',(0.,0.,-1.));
#11836=DIRECTION('center_axis',(1.,0.,0.));
#11837=DIRECTION('ref_axis',(0.,-1.,0.));
#11838=DIRECTION('',(0.,1.,0.));
#11839=DIRECTION('',(0.,-1.,0.));
#11840=DIRECTION('',(0.,0.,-1.));
#11841=DIRECTION('center_axis',(0.,1.,0.));
#11842=DIRECTION('ref_axis',(1.,0.,0.));
#11843=DIRECTION('',(-1.,0.,0.));
#11844=DIRECTION('',(1.,0.,0.));
#11845=DIRECTION('',(0.,0.,-1.));
#11846=DIRECTION('center_axis',(-1.,0.,0.));
#11847=DIRECTION('ref_axis',(0.,1.,0.));
#11848=DIRECTION('',(0.,-1.,0.));
#11849=DIRECTION('',(0.,1.,0.));
#11850=DIRECTION('center_axis',(0.,0.,1.));
#11851=DIRECTION('ref_axis',(1.,0.,0.));
#11852=DIRECTION('center_axis',(0.,0.,-1.));
#11853=DIRECTION('ref_axis',(-1.,0.,0.));
#11854=DIRECTION('center_axis',(0.,-1.,0.));
#11855=DIRECTION('ref_axis',(-1.,0.,0.));
#11856=DIRECTION('',(1.,0.,0.));
#11857=DIRECTION('',(0.,0.,-1.));
#11858=DIRECTION('',(-1.,0.,0.));
#11859=DIRECTION('',(0.,0.,-1.));
#11860=DIRECTION('center_axis',(1.,0.,0.));
#11861=DIRECTION('ref_axis',(0.,-1.,0.));
#11862=DIRECTION('',(0.,1.,0.));
#11863=DIRECTION('',(0.,-1.,0.));
#11864=DIRECTION('',(0.,0.,-1.));
#11865=DIRECTION('center_axis',(0.,1.,0.));
#11866=DIRECTION('ref_axis',(1.,0.,0.));
#11867=DIRECTION('',(-1.,0.,0.));
#11868=DIRECTION('',(1.,0.,0.));
#11869=DIRECTION('',(0.,0.,-1.));
#11870=DIRECTION('center_axis',(-1.,0.,0.));
#11871=DIRECTION('ref_axis',(0.,1.,0.));
#11872=DIRECTION('',(0.,-1.,0.));
#11873=DIRECTION('',(0.,1.,0.));
#11874=DIRECTION('center_axis',(0.,0.,1.));
#11875=DIRECTION('ref_axis',(1.,0.,0.));
#11876=DIRECTION('center_axis',(0.,0.,-1.));
#11877=DIRECTION('ref_axis',(-1.,0.,0.));
#11878=DIRECTION('center_axis',(0.,-1.,0.));
#11879=DIRECTION('ref_axis',(-1.,0.,0.));
#11880=DIRECTION('',(1.,0.,0.));
#11881=DIRECTION('',(0.,0.,-1.));
#11882=DIRECTION('',(-1.,0.,0.));
#11883=DIRECTION('',(0.,0.,-1.));
#11884=DIRECTION('center_axis',(1.,0.,0.));
#11885=DIRECTION('ref_axis',(0.,-1.,0.));
#11886=DIRECTION('',(0.,1.,0.));
#11887=DIRECTION('',(0.,-1.,0.));
#11888=DIRECTION('',(0.,0.,-1.));
#11889=DIRECTION('center_axis',(0.,1.,0.));
#11890=DIRECTION('ref_axis',(1.,0.,0.));
#11891=DIRECTION('',(-1.,0.,0.));
#11892=DIRECTION('',(1.,0.,0.));
#11893=DIRECTION('',(0.,0.,-1.));
#11894=DIRECTION('center_axis',(-1.,0.,0.));
#11895=DIRECTION('ref_axis',(0.,1.,0.));
#11896=DIRECTION('',(0.,-1.,0.));
#11897=DIRECTION('',(0.,1.,0.));
#11898=DIRECTION('center_axis',(0.,0.,1.));
#11899=DIRECTION('ref_axis',(1.,0.,0.));
#11900=DIRECTION('center_axis',(0.,0.,-1.));
#11901=DIRECTION('ref_axis',(-1.,0.,0.));
#11902=DIRECTION('center_axis',(0.,-1.,0.));
#11903=DIRECTION('ref_axis',(-1.,0.,0.));
#11904=DIRECTION('',(1.,0.,0.));
#11905=DIRECTION('',(0.,0.,-1.));
#11906=DIRECTION('',(-1.,0.,0.));
#11907=DIRECTION('',(0.,0.,-1.));
#11908=DIRECTION('center_axis',(1.,0.,0.));
#11909=DIRECTION('ref_axis',(0.,-1.,0.));
#11910=DIRECTION('',(0.,1.,0.));
#11911=DIRECTION('',(0.,-1.,0.));
#11912=DIRECTION('',(0.,0.,-1.));
#11913=DIRECTION('center_axis',(0.,1.,0.));
#11914=DIRECTION('ref_axis',(1.,0.,0.));
#11915=DIRECTION('',(-1.,0.,0.));
#11916=DIRECTION('',(1.,0.,0.));
#11917=DIRECTION('',(0.,0.,-1.));
#11918=DIRECTION('center_axis',(-1.,0.,0.));
#11919=DIRECTION('ref_axis',(0.,1.,0.));
#11920=DIRECTION('',(0.,-1.,0.));
#11921=DIRECTION('',(0.,1.,0.));
#11922=DIRECTION('center_axis',(0.,0.,1.));
#11923=DIRECTION('ref_axis',(1.,0.,0.));
#11924=DIRECTION('center_axis',(0.,0.,-1.));
#11925=DIRECTION('ref_axis',(-1.,0.,0.));
#11926=DIRECTION('center_axis',(0.,-1.,0.));
#11927=DIRECTION('ref_axis',(-1.,0.,0.));
#11928=DIRECTION('',(1.,0.,0.));
#11929=DIRECTION('',(0.,0.,-1.));
#11930=DIRECTION('',(-1.,0.,0.));
#11931=DIRECTION('',(0.,0.,-1.));
#11932=DIRECTION('center_axis',(1.,0.,0.));
#11933=DIRECTION('ref_axis',(0.,-1.,0.));
#11934=DIRECTION('',(0.,1.,0.));
#11935=DIRECTION('',(0.,-1.,0.));
#11936=DIRECTION('',(0.,0.,-1.));
#11937=DIRECTION('center_axis',(0.,1.,0.));
#11938=DIRECTION('ref_axis',(1.,0.,0.));
#11939=DIRECTION('',(-1.,0.,0.));
#11940=DIRECTION('',(1.,0.,0.));
#11941=DIRECTION('',(0.,0.,-1.));
#11942=DIRECTION('center_axis',(-1.,0.,0.));
#11943=DIRECTION('ref_axis',(0.,1.,0.));
#11944=DIRECTION('',(0.,-1.,0.));
#11945=DIRECTION('',(0.,1.,0.));
#11946=DIRECTION('center_axis',(0.,0.,1.));
#11947=DIRECTION('ref_axis',(1.,0.,0.));
#11948=DIRECTION('center_axis',(0.,0.,-1.));
#11949=DIRECTION('ref_axis',(-1.,0.,0.));
#11950=DIRECTION('center_axis',(0.,-1.,0.));
#11951=DIRECTION('ref_axis',(-1.,0.,0.));
#11952=DIRECTION('',(1.,0.,0.));
#11953=DIRECTION('',(0.,0.,-1.));
#11954=DIRECTION('',(-1.,0.,0.));
#11955=DIRECTION('',(0.,0.,-1.));
#11956=DIRECTION('center_axis',(1.,0.,0.));
#11957=DIRECTION('ref_axis',(0.,-1.,0.));
#11958=DIRECTION('',(0.,1.,0.));
#11959=DIRECTION('',(0.,-1.,0.));
#11960=DIRECTION('',(0.,0.,-1.));
#11961=DIRECTION('center_axis',(0.,1.,0.));
#11962=DIRECTION('ref_axis',(1.,0.,0.));
#11963=DIRECTION('',(-1.,0.,0.));
#11964=DIRECTION('',(1.,0.,0.));
#11965=DIRECTION('',(0.,0.,-1.));
#11966=DIRECTION('center_axis',(-1.,0.,0.));
#11967=DIRECTION('ref_axis',(0.,1.,0.));
#11968=DIRECTION('',(0.,-1.,0.));
#11969=DIRECTION('',(0.,1.,0.));
#11970=DIRECTION('center_axis',(0.,0.,1.));
#11971=DIRECTION('ref_axis',(1.,0.,0.));
#11972=DIRECTION('center_axis',(0.,0.,-1.));
#11973=DIRECTION('ref_axis',(-1.,0.,0.));
#11974=DIRECTION('center_axis',(0.,1.,0.));
#11975=DIRECTION('ref_axis',(1.,0.,0.));
#11976=DIRECTION('center_axis',(0.,-1.,0.));
#11977=DIRECTION('ref_axis',(1.,0.,0.));
#11978=DIRECTION('center_axis',(0.,1.,0.));
#11979=DIRECTION('ref_axis',(1.,0.,0.));
#11980=DIRECTION('center_axis',(0.,1.,0.));
#11981=DIRECTION('ref_axis',(1.,0.,0.));
#11982=DIRECTION('',(0.,-1.,0.));
#11983=DIRECTION('center_axis',(0.,1.,0.));
#11984=DIRECTION('ref_axis',(1.,0.,0.));
#11985=DIRECTION('center_axis',(0.,-1.,0.));
#11986=DIRECTION('ref_axis',(-1.,0.,0.));
#11987=DIRECTION('',(1.,0.,0.));
#11988=DIRECTION('',(0.,0.,-1.));
#11989=DIRECTION('',(-1.,0.,0.));
#11990=DIRECTION('',(0.,0.,-1.));
#11991=DIRECTION('center_axis',(1.,0.,0.));
#11992=DIRECTION('ref_axis',(0.,-1.,0.));
#11993=DIRECTION('',(0.,1.,0.));
#11994=DIRECTION('',(0.,-1.,0.));
#11995=DIRECTION('',(0.,0.,-1.));
#11996=DIRECTION('center_axis',(0.,1.,0.));
#11997=DIRECTION('ref_axis',(1.,0.,0.));
#11998=DIRECTION('',(-1.,0.,0.));
#11999=DIRECTION('',(1.,0.,0.));
#12000=DIRECTION('',(0.,0.,-1.));
#12001=DIRECTION('center_axis',(-1.,0.,0.));
#12002=DIRECTION('ref_axis',(0.,1.,0.));
#12003=DIRECTION('',(0.,-1.,0.));
#12004=DIRECTION('',(0.,1.,0.));
#12005=DIRECTION('center_axis',(0.,0.,1.));
#12006=DIRECTION('ref_axis',(1.,0.,0.));
#12007=DIRECTION('center_axis',(0.,0.,-1.));
#12008=DIRECTION('ref_axis',(-1.,0.,0.));
#12009=DIRECTION('center_axis',(0.,-1.,0.));
#12010=DIRECTION('ref_axis',(-1.,0.,0.));
#12011=DIRECTION('',(1.,0.,0.));
#12012=DIRECTION('',(0.,0.,-1.));
#12013=DIRECTION('',(-1.,0.,0.));
#12014=DIRECTION('',(0.,0.,-1.));
#12015=DIRECTION('center_axis',(1.,0.,0.));
#12016=DIRECTION('ref_axis',(0.,-1.,0.));
#12017=DIRECTION('',(0.,1.,0.));
#12018=DIRECTION('',(0.,-1.,0.));
#12019=DIRECTION('',(0.,0.,-1.));
#12020=DIRECTION('center_axis',(0.,1.,0.));
#12021=DIRECTION('ref_axis',(1.,0.,0.));
#12022=DIRECTION('',(-1.,0.,0.));
#12023=DIRECTION('',(1.,0.,0.));
#12024=DIRECTION('',(0.,0.,-1.));
#12025=DIRECTION('center_axis',(-1.,0.,0.));
#12026=DIRECTION('ref_axis',(0.,1.,0.));
#12027=DIRECTION('',(0.,-1.,0.));
#12028=DIRECTION('',(0.,1.,0.));
#12029=DIRECTION('center_axis',(0.,0.,1.));
#12030=DIRECTION('ref_axis',(1.,0.,0.));
#12031=DIRECTION('center_axis',(0.,0.,-1.));
#12032=DIRECTION('ref_axis',(-1.,0.,0.));
#12033=DIRECTION('center_axis',(0.,-1.,0.));
#12034=DIRECTION('ref_axis',(-1.,0.,0.));
#12035=DIRECTION('',(1.,0.,0.));
#12036=DIRECTION('',(0.,0.,-1.));
#12037=DIRECTION('',(-1.,0.,0.));
#12038=DIRECTION('',(0.,0.,-1.));
#12039=DIRECTION('center_axis',(1.,0.,0.));
#12040=DIRECTION('ref_axis',(0.,-1.,0.));
#12041=DIRECTION('',(0.,1.,0.));
#12042=DIRECTION('',(0.,-1.,0.));
#12043=DIRECTION('',(0.,0.,-1.));
#12044=DIRECTION('center_axis',(0.,1.,0.));
#12045=DIRECTION('ref_axis',(1.,0.,0.));
#12046=DIRECTION('',(-1.,0.,0.));
#12047=DIRECTION('',(1.,0.,0.));
#12048=DIRECTION('',(0.,0.,-1.));
#12049=DIRECTION('center_axis',(-1.,0.,0.));
#12050=DIRECTION('ref_axis',(0.,1.,0.));
#12051=DIRECTION('',(0.,-1.,0.));
#12052=DIRECTION('',(0.,1.,0.));
#12053=DIRECTION('center_axis',(0.,0.,1.));
#12054=DIRECTION('ref_axis',(1.,0.,0.));
#12055=DIRECTION('center_axis',(0.,0.,-1.));
#12056=DIRECTION('ref_axis',(-1.,0.,0.));
#12057=DIRECTION('center_axis',(0.,-1.,0.));
#12058=DIRECTION('ref_axis',(-1.,0.,0.));
#12059=DIRECTION('',(1.,0.,0.));
#12060=DIRECTION('',(0.,0.,-1.));
#12061=DIRECTION('',(-1.,0.,0.));
#12062=DIRECTION('',(0.,0.,-1.));
#12063=DIRECTION('center_axis',(1.,0.,0.));
#12064=DIRECTION('ref_axis',(0.,-1.,0.));
#12065=DIRECTION('',(0.,1.,0.));
#12066=DIRECTION('',(0.,-1.,0.));
#12067=DIRECTION('',(0.,0.,-1.));
#12068=DIRECTION('center_axis',(0.,1.,0.));
#12069=DIRECTION('ref_axis',(1.,0.,0.));
#12070=DIRECTION('',(-1.,0.,0.));
#12071=DIRECTION('',(1.,0.,0.));
#12072=DIRECTION('',(0.,0.,-1.));
#12073=DIRECTION('center_axis',(-1.,0.,0.));
#12074=DIRECTION('ref_axis',(0.,1.,0.));
#12075=DIRECTION('',(0.,-1.,0.));
#12076=DIRECTION('',(0.,1.,0.));
#12077=DIRECTION('center_axis',(0.,0.,1.));
#12078=DIRECTION('ref_axis',(1.,0.,0.));
#12079=DIRECTION('center_axis',(0.,0.,-1.));
#12080=DIRECTION('ref_axis',(-1.,0.,0.));
#12081=DIRECTION('center_axis',(0.,-1.,0.));
#12082=DIRECTION('ref_axis',(-1.,0.,0.));
#12083=DIRECTION('',(1.,0.,0.));
#12084=DIRECTION('',(0.,0.,-1.));
#12085=DIRECTION('',(-1.,0.,0.));
#12086=DIRECTION('',(0.,0.,-1.));
#12087=DIRECTION('center_axis',(1.,0.,0.));
#12088=DIRECTION('ref_axis',(0.,-1.,0.));
#12089=DIRECTION('',(0.,1.,0.));
#12090=DIRECTION('',(0.,-1.,0.));
#12091=DIRECTION('',(0.,0.,-1.));
#12092=DIRECTION('center_axis',(0.,1.,0.));
#12093=DIRECTION('ref_axis',(1.,0.,0.));
#12094=DIRECTION('',(-1.,0.,0.));
#12095=DIRECTION('',(1.,0.,0.));
#12096=DIRECTION('',(0.,0.,-1.));
#12097=DIRECTION('center_axis',(-1.,0.,0.));
#12098=DIRECTION('ref_axis',(0.,1.,0.));
#12099=DIRECTION('',(0.,-1.,0.));
#12100=DIRECTION('',(0.,1.,0.));
#12101=DIRECTION('center_axis',(0.,0.,1.));
#12102=DIRECTION('ref_axis',(1.,0.,0.));
#12103=DIRECTION('center_axis',(0.,0.,-1.));
#12104=DIRECTION('ref_axis',(-1.,0.,0.));
#12105=DIRECTION('center_axis',(0.,-1.,0.));
#12106=DIRECTION('ref_axis',(-1.,0.,0.));
#12107=DIRECTION('',(1.,0.,0.));
#12108=DIRECTION('',(0.,0.,-1.));
#12109=DIRECTION('',(-1.,0.,0.));
#12110=DIRECTION('',(0.,0.,-1.));
#12111=DIRECTION('center_axis',(1.,0.,0.));
#12112=DIRECTION('ref_axis',(0.,-1.,0.));
#12113=DIRECTION('',(0.,1.,0.));
#12114=DIRECTION('',(0.,-1.,0.));
#12115=DIRECTION('',(0.,0.,-1.));
#12116=DIRECTION('center_axis',(0.,1.,0.));
#12117=DIRECTION('ref_axis',(1.,0.,0.));
#12118=DIRECTION('',(-1.,0.,0.));
#12119=DIRECTION('',(1.,0.,0.));
#12120=DIRECTION('',(0.,0.,-1.));
#12121=DIRECTION('center_axis',(-1.,0.,0.));
#12122=DIRECTION('ref_axis',(0.,1.,0.));
#12123=DIRECTION('',(0.,-1.,0.));
#12124=DIRECTION('',(0.,1.,0.));
#12125=DIRECTION('center_axis',(0.,0.,1.));
#12126=DIRECTION('ref_axis',(1.,0.,0.));
#12127=DIRECTION('center_axis',(0.,0.,-1.));
#12128=DIRECTION('ref_axis',(-1.,0.,0.));
#12129=DIRECTION('center_axis',(0.,-1.,0.));
#12130=DIRECTION('ref_axis',(-1.,0.,0.));
#12131=DIRECTION('',(1.,0.,0.));
#12132=DIRECTION('',(0.,0.,-1.));
#12133=DIRECTION('',(-1.,0.,0.));
#12134=DIRECTION('',(0.,0.,-1.));
#12135=DIRECTION('center_axis',(1.,0.,0.));
#12136=DIRECTION('ref_axis',(0.,-1.,0.));
#12137=DIRECTION('',(0.,1.,0.));
#12138=DIRECTION('',(0.,-1.,0.));
#12139=DIRECTION('',(0.,0.,-1.));
#12140=DIRECTION('center_axis',(0.,1.,0.));
#12141=DIRECTION('ref_axis',(1.,0.,0.));
#12142=DIRECTION('',(-1.,0.,0.));
#12143=DIRECTION('',(1.,0.,0.));
#12144=DIRECTION('',(0.,0.,-1.));
#12145=DIRECTION('center_axis',(-1.,0.,0.));
#12146=DIRECTION('ref_axis',(0.,1.,0.));
#12147=DIRECTION('',(0.,-1.,0.));
#12148=DIRECTION('',(0.,1.,0.));
#12149=DIRECTION('center_axis',(0.,0.,1.));
#12150=DIRECTION('ref_axis',(1.,0.,0.));
#12151=DIRECTION('center_axis',(0.,0.,-1.));
#12152=DIRECTION('ref_axis',(-1.,0.,0.));
#12153=DIRECTION('center_axis',(0.,-1.,0.));
#12154=DIRECTION('ref_axis',(-1.,0.,0.));
#12155=DIRECTION('',(1.,0.,0.));
#12156=DIRECTION('',(0.,0.,-1.));
#12157=DIRECTION('',(-1.,0.,0.));
#12158=DIRECTION('',(0.,0.,-1.));
#12159=DIRECTION('center_axis',(1.,0.,0.));
#12160=DIRECTION('ref_axis',(0.,-1.,0.));
#12161=DIRECTION('',(0.,1.,0.));
#12162=DIRECTION('',(0.,-1.,0.));
#12163=DIRECTION('',(0.,0.,-1.));
#12164=DIRECTION('center_axis',(0.,1.,0.));
#12165=DIRECTION('ref_axis',(1.,0.,0.));
#12166=DIRECTION('',(-1.,0.,0.));
#12167=DIRECTION('',(1.,0.,0.));
#12168=DIRECTION('',(0.,0.,-1.));
#12169=DIRECTION('center_axis',(-1.,0.,0.));
#12170=DIRECTION('ref_axis',(0.,1.,0.));
#12171=DIRECTION('',(0.,-1.,0.));
#12172=DIRECTION('',(0.,1.,0.));
#12173=DIRECTION('center_axis',(0.,0.,1.));
#12174=DIRECTION('ref_axis',(1.,0.,0.));
#12175=DIRECTION('center_axis',(0.,0.,-1.));
#12176=DIRECTION('ref_axis',(-1.,0.,0.));
#12177=DIRECTION('center_axis',(0.,-1.,0.));
#12178=DIRECTION('ref_axis',(-1.,0.,0.));
#12179=DIRECTION('',(1.,0.,0.));
#12180=DIRECTION('',(0.,0.,-1.));
#12181=DIRECTION('',(-1.,0.,0.));
#12182=DIRECTION('',(0.,0.,-1.));
#12183=DIRECTION('center_axis',(1.,0.,0.));
#12184=DIRECTION('ref_axis',(0.,-1.,0.));
#12185=DIRECTION('',(0.,1.,0.));
#12186=DIRECTION('',(0.,-1.,0.));
#12187=DIRECTION('',(0.,0.,-1.));
#12188=DIRECTION('center_axis',(0.,1.,0.));
#12189=DIRECTION('ref_axis',(1.,0.,0.));
#12190=DIRECTION('',(-1.,0.,0.));
#12191=DIRECTION('',(1.,0.,0.));
#12192=DIRECTION('',(0.,0.,-1.));
#12193=DIRECTION('center_axis',(-1.,0.,0.));
#12194=DIRECTION('ref_axis',(0.,1.,0.));
#12195=DIRECTION('',(0.,-1.,0.));
#12196=DIRECTION('',(0.,1.,0.));
#12197=DIRECTION('center_axis',(0.,0.,1.));
#12198=DIRECTION('ref_axis',(1.,0.,0.));
#12199=DIRECTION('center_axis',(0.,0.,-1.));
#12200=DIRECTION('ref_axis',(-1.,0.,0.));
#12201=DIRECTION('center_axis',(0.,-1.,0.));
#12202=DIRECTION('ref_axis',(-1.,0.,0.));
#12203=DIRECTION('',(1.,0.,0.));
#12204=DIRECTION('',(0.,0.,-1.));
#12205=DIRECTION('',(-1.,0.,0.));
#12206=DIRECTION('',(0.,0.,-1.));
#12207=DIRECTION('center_axis',(1.,0.,0.));
#12208=DIRECTION('ref_axis',(0.,-1.,0.));
#12209=DIRECTION('',(0.,1.,0.));
#12210=DIRECTION('',(0.,-1.,0.));
#12211=DIRECTION('',(0.,0.,-1.));
#12212=DIRECTION('center_axis',(0.,1.,0.));
#12213=DIRECTION('ref_axis',(1.,0.,0.));
#12214=DIRECTION('',(-1.,0.,0.));
#12215=DIRECTION('',(1.,0.,0.));
#12216=DIRECTION('',(0.,0.,-1.));
#12217=DIRECTION('center_axis',(-1.,0.,0.));
#12218=DIRECTION('ref_axis',(0.,1.,0.));
#12219=DIRECTION('',(0.,-1.,0.));
#12220=DIRECTION('',(0.,1.,0.));
#12221=DIRECTION('center_axis',(0.,0.,1.));
#12222=DIRECTION('ref_axis',(1.,0.,0.));
#12223=DIRECTION('center_axis',(0.,0.,-1.));
#12224=DIRECTION('ref_axis',(-1.,0.,0.));
#12225=DIRECTION('',(0.,0.,1.));
#12226=DIRECTION('',(1.,0.,0.));
#12227=DIRECTION('',(0.,0.,1.));
#12228=DIRECTION('',(1.,0.,0.));
#12229=DIRECTION('center_axis',(0.,1.,0.));
#12230=DIRECTION('ref_axis',(-1.,0.,0.));
#12231=DIRECTION('',(-1.,0.,0.));
#12232=DIRECTION('',(0.,0.,1.));
#12233=DIRECTION('',(1.,0.,0.));
#12234=DIRECTION('',(0.,0.,1.));
#12235=DIRECTION('center_axis',(1.,0.,0.));
#12236=DIRECTION('ref_axis',(0.,1.,0.));
#12237=DIRECTION('',(0.,1.,0.));
#12238=DIRECTION('',(0.,0.,1.));
#12239=DIRECTION('',(0.,-1.,0.));
#12240=DIRECTION('center_axis',(0.,-1.,0.));
#12241=DIRECTION('ref_axis',(1.,0.,0.));
#12242=DIRECTION('',(1.,0.,0.));
#12243=DIRECTION('',(0.,0.,1.));
#12244=DIRECTION('',(-1.,0.,0.));
#12245=DIRECTION('center_axis',(-1.,0.,0.));
#12246=DIRECTION('ref_axis',(0.,-1.,0.));
#12247=DIRECTION('',(0.,-1.,0.));
#12248=DIRECTION('',(0.,1.,0.));
#12249=DIRECTION('center_axis',(0.,0.,1.));
#12250=DIRECTION('ref_axis',(1.,0.,0.));
#12251=DIRECTION('center_axis',(0.,0.,1.));
#12252=DIRECTION('ref_axis',(1.,0.,0.));
#12253=DIRECTION('',(0.,1.,0.));
#12254=DIRECTION('',(-1.,0.,0.));
#12255=DIRECTION('',(0.,-1.,0.));
#12256=DIRECTION('',(1.,0.,0.));
#12257=DIRECTION('center_axis',(1.,0.,0.));
#12258=DIRECTION('ref_axis',(0.,1.,0.));
#12259=DIRECTION('',(0.,0.,-1.));
#12260=DIRECTION('',(0.,-1.,0.));
#12261=DIRECTION('',(0.,0.,-1.));
#12262=DIRECTION('center_axis',(0.,-1.,0.));
#12263=DIRECTION('ref_axis',(1.,0.,0.));
#12264=DIRECTION('',(0.,0.,-1.));
#12265=DIRECTION('',(-1.,0.,0.));
#12266=DIRECTION('center_axis',(0.,1.,0.));
#12267=DIRECTION('ref_axis',(-1.,0.,0.));
#12268=DIRECTION('',(1.,0.,0.));
#12269=DIRECTION('',(0.,0.,1.));
#12270=DIRECTION('center_axis',(-1.,0.,0.));
#12271=DIRECTION('ref_axis',(0.,-1.,0.));
#12272=DIRECTION('',(0.,1.,0.));
#12273=DIRECTION('center_axis',(0.,1.,0.));
#12274=DIRECTION('ref_axis',(-1.,0.,0.));
#12275=DIRECTION('',(-1.,0.,0.));
#12276=DIRECTION('',(0.,0.,1.));
#12277=DIRECTION('',(-1.,0.,0.));
#12278=DIRECTION('',(0.,0.,1.));
#12279=DIRECTION('center_axis',(1.,0.,0.));
#12280=DIRECTION('ref_axis',(0.,1.,0.));
#12281=DIRECTION('',(0.,1.,0.));
#12282=DIRECTION('',(0.,1.,0.));
#12283=DIRECTION('',(0.,0.,1.));
#12284=DIRECTION('center_axis',(0.,-1.,0.));
#12285=DIRECTION('ref_axis',(1.,0.,0.));
#12286=DIRECTION('',(1.,0.,0.));
#12287=DIRECTION('',(1.,0.,0.));
#12288=DIRECTION('',(0.,0.,1.));
#12289=DIRECTION('center_axis',(-1.,0.,0.));
#12290=DIRECTION('ref_axis',(0.,-1.,0.));
#12291=DIRECTION('',(0.,-1.,0.));
#12292=DIRECTION('',(0.,-1.,0.));
#12293=DIRECTION('center_axis',(0.,0.,1.));
#12294=DIRECTION('ref_axis',(1.,0.,0.));
#12295=DIRECTION('center_axis',(0.,0.,1.));
#12296=DIRECTION('ref_axis',(1.,0.,0.));
#12297=DIRECTION('center_axis',(0.,1.,0.));
#12298=DIRECTION('ref_axis',(-1.,0.,0.));
#12299=DIRECTION('',(-1.,0.,0.));
#12300=DIRECTION('',(0.,0.,1.));
#12301=DIRECTION('',(-1.,0.,0.));
#12302=DIRECTION('',(0.,0.,1.));
#12303=DIRECTION('center_axis',(1.,0.,0.));
#12304=DIRECTION('ref_axis',(0.,1.,0.));
#12305=DIRECTION('',(0.,1.,0.));
#12306=DIRECTION('',(0.,1.,0.));
#12307=DIRECTION('',(0.,0.,1.));
#12308=DIRECTION('center_axis',(0.,-1.,0.));
#12309=DIRECTION('ref_axis',(1.,0.,0.));
#12310=DIRECTION('',(1.,0.,0.));
#12311=DIRECTION('',(1.,0.,0.));
#12312=DIRECTION('',(0.,0.,1.));
#12313=DIRECTION('center_axis',(-1.,0.,0.));
#12314=DIRECTION('ref_axis',(0.,-1.,0.));
#12315=DIRECTION('',(0.,-1.,0.));
#12316=DIRECTION('',(0.,-1.,0.));
#12317=DIRECTION('center_axis',(0.,0.,1.));
#12318=DIRECTION('ref_axis',(1.,0.,0.));
#12319=DIRECTION('center_axis',(0.,0.,1.));
#12320=DIRECTION('ref_axis',(1.,0.,0.));
#12321=DIRECTION('center_axis',(0.,1.,0.));
#12322=DIRECTION('ref_axis',(-1.,0.,0.));
#12323=DIRECTION('',(-1.,0.,0.));
#12324=DIRECTION('',(0.,0.,1.));
#12325=DIRECTION('',(-1.,0.,0.));
#12326=DIRECTION('',(0.,0.,1.));
#12327=DIRECTION('center_axis',(1.,0.,0.));
#12328=DIRECTION('ref_axis',(0.,1.,0.));
#12329=DIRECTION('',(0.,1.,0.));
#12330=DIRECTION('',(0.,1.,0.));
#12331=DIRECTION('',(0.,0.,1.));
#12332=DIRECTION('center_axis',(0.,-1.,0.));
#12333=DIRECTION('ref_axis',(1.,0.,0.));
#12334=DIRECTION('',(1.,0.,0.));
#12335=DIRECTION('',(1.,0.,0.));
#12336=DIRECTION('',(0.,0.,1.));
#12337=DIRECTION('center_axis',(-1.,0.,0.));
#12338=DIRECTION('ref_axis',(0.,-1.,0.));
#12339=DIRECTION('',(0.,-1.,0.));
#12340=DIRECTION('',(0.,-1.,0.));
#12341=DIRECTION('center_axis',(0.,0.,1.));
#12342=DIRECTION('ref_axis',(1.,0.,0.));
#12343=DIRECTION('center_axis',(0.,0.,1.));
#12344=DIRECTION('ref_axis',(1.,0.,0.));
#12345=DIRECTION('center_axis',(0.,1.,0.));
#12346=DIRECTION('ref_axis',(-1.,0.,0.));
#12347=DIRECTION('',(-1.,0.,0.));
#12348=DIRECTION('',(0.,0.,1.));
#12349=DIRECTION('',(-1.,0.,0.));
#12350=DIRECTION('',(0.,0.,1.));
#12351=DIRECTION('center_axis',(1.,0.,0.));
#12352=DIRECTION('ref_axis',(0.,1.,0.));
#12353=DIRECTION('',(0.,1.,0.));
#12354=DIRECTION('',(0.,1.,0.));
#12355=DIRECTION('',(0.,0.,1.));
#12356=DIRECTION('center_axis',(0.,-1.,0.));
#12357=DIRECTION('ref_axis',(1.,0.,0.));
#12358=DIRECTION('',(1.,0.,0.));
#12359=DIRECTION('',(1.,0.,0.));
#12360=DIRECTION('',(0.,0.,1.));
#12361=DIRECTION('center_axis',(-1.,0.,0.));
#12362=DIRECTION('ref_axis',(0.,-1.,0.));
#12363=DIRECTION('',(0.,-1.,0.));
#12364=DIRECTION('',(0.,-1.,0.));
#12365=DIRECTION('center_axis',(0.,0.,1.));
#12366=DIRECTION('ref_axis',(1.,0.,0.));
#12367=DIRECTION('center_axis',(0.,0.,1.));
#12368=DIRECTION('ref_axis',(1.,0.,0.));
#12369=DIRECTION('center_axis',(0.,1.,0.));
#12370=DIRECTION('ref_axis',(-1.,0.,0.));
#12371=DIRECTION('',(-1.,0.,0.));
#12372=DIRECTION('',(0.,0.,1.));
#12373=DIRECTION('',(-1.,0.,0.));
#12374=DIRECTION('',(0.,0.,1.));
#12375=DIRECTION('center_axis',(1.,0.,0.));
#12376=DIRECTION('ref_axis',(0.,1.,0.));
#12377=DIRECTION('',(0.,1.,0.));
#12378=DIRECTION('',(0.,1.,0.));
#12379=DIRECTION('',(0.,0.,1.));
#12380=DIRECTION('center_axis',(0.,-1.,0.));
#12381=DIRECTION('ref_axis',(1.,0.,0.));
#12382=DIRECTION('',(1.,0.,0.));
#12383=DIRECTION('',(1.,0.,0.));
#12384=DIRECTION('',(0.,0.,1.));
#12385=DIRECTION('center_axis',(-1.,0.,0.));
#12386=DIRECTION('ref_axis',(0.,-1.,0.));
#12387=DIRECTION('',(0.,-1.,0.));
#12388=DIRECTION('',(0.,-1.,0.));
#12389=DIRECTION('center_axis',(0.,0.,1.));
#12390=DIRECTION('ref_axis',(1.,0.,0.));
#12391=DIRECTION('center_axis',(0.,0.,1.));
#12392=DIRECTION('ref_axis',(1.,0.,0.));
#12393=DIRECTION('center_axis',(0.,1.,0.));
#12394=DIRECTION('ref_axis',(-1.,0.,0.));
#12395=DIRECTION('',(-1.,0.,0.));
#12396=DIRECTION('',(0.,0.,1.));
#12397=DIRECTION('',(-1.,0.,0.));
#12398=DIRECTION('',(0.,0.,1.));
#12399=DIRECTION('center_axis',(1.,0.,0.));
#12400=DIRECTION('ref_axis',(0.,1.,0.));
#12401=DIRECTION('',(0.,1.,0.));
#12402=DIRECTION('',(0.,1.,0.));
#12403=DIRECTION('',(0.,0.,1.));
#12404=DIRECTION('center_axis',(0.,-1.,0.));
#12405=DIRECTION('ref_axis',(1.,0.,0.));
#12406=DIRECTION('',(1.,0.,0.));
#12407=DIRECTION('',(1.,0.,0.));
#12408=DIRECTION('',(0.,0.,1.));
#12409=DIRECTION('center_axis',(-1.,0.,0.));
#12410=DIRECTION('ref_axis',(0.,-1.,0.));
#12411=DIRECTION('',(0.,-1.,0.));
#12412=DIRECTION('',(0.,-1.,0.));
#12413=DIRECTION('center_axis',(0.,0.,1.));
#12414=DIRECTION('ref_axis',(1.,0.,0.));
#12415=DIRECTION('center_axis',(0.,0.,1.));
#12416=DIRECTION('ref_axis',(1.,0.,0.));
#12417=DIRECTION('center_axis',(0.,1.,0.));
#12418=DIRECTION('ref_axis',(-1.,0.,0.));
#12419=DIRECTION('',(-1.,0.,0.));
#12420=DIRECTION('',(0.,0.,1.));
#12421=DIRECTION('',(-1.,0.,0.));
#12422=DIRECTION('',(0.,0.,1.));
#12423=DIRECTION('center_axis',(1.,0.,0.));
#12424=DIRECTION('ref_axis',(0.,1.,0.));
#12425=DIRECTION('',(0.,1.,0.));
#12426=DIRECTION('',(0.,1.,0.));
#12427=DIRECTION('',(0.,0.,1.));
#12428=DIRECTION('center_axis',(0.,-1.,0.));
#12429=DIRECTION('ref_axis',(1.,0.,0.));
#12430=DIRECTION('',(1.,0.,0.));
#12431=DIRECTION('',(1.,0.,0.));
#12432=DIRECTION('',(0.,0.,1.));
#12433=DIRECTION('center_axis',(-1.,0.,0.));
#12434=DIRECTION('ref_axis',(0.,-1.,0.));
#12435=DIRECTION('',(0.,-1.,0.));
#12436=DIRECTION('',(0.,-1.,0.));
#12437=DIRECTION('center_axis',(0.,0.,1.));
#12438=DIRECTION('ref_axis',(1.,0.,0.));
#12439=DIRECTION('center_axis',(0.,0.,1.));
#12440=DIRECTION('ref_axis',(1.,0.,0.));
#12441=DIRECTION('center_axis',(0.,1.,0.));
#12442=DIRECTION('ref_axis',(-1.,0.,0.));
#12443=DIRECTION('',(-1.,0.,0.));
#12444=DIRECTION('',(0.,0.,1.));
#12445=DIRECTION('',(-1.,0.,0.));
#12446=DIRECTION('',(0.,0.,1.));
#12447=DIRECTION('center_axis',(1.,0.,0.));
#12448=DIRECTION('ref_axis',(0.,1.,0.));
#12449=DIRECTION('',(0.,1.,0.));
#12450=DIRECTION('',(0.,1.,0.));
#12451=DIRECTION('',(0.,0.,1.));
#12452=DIRECTION('center_axis',(0.,-1.,0.));
#12453=DIRECTION('ref_axis',(1.,0.,0.));
#12454=DIRECTION('',(1.,0.,0.));
#12455=DIRECTION('',(1.,0.,0.));
#12456=DIRECTION('',(0.,0.,1.));
#12457=DIRECTION('center_axis',(-1.,0.,0.));
#12458=DIRECTION('ref_axis',(0.,-1.,0.));
#12459=DIRECTION('',(0.,-1.,0.));
#12460=DIRECTION('',(0.,-1.,0.));
#12461=DIRECTION('center_axis',(0.,0.,1.));
#12462=DIRECTION('ref_axis',(1.,0.,0.));
#12463=DIRECTION('center_axis',(0.,0.,1.));
#12464=DIRECTION('ref_axis',(1.,0.,0.));
#12465=DIRECTION('center_axis',(0.,1.,0.));
#12466=DIRECTION('ref_axis',(-1.,0.,0.));
#12467=DIRECTION('',(-1.,0.,0.));
#12468=DIRECTION('',(0.,0.,1.));
#12469=DIRECTION('',(-1.,0.,0.));
#12470=DIRECTION('',(0.,0.,1.));
#12471=DIRECTION('center_axis',(1.,0.,0.));
#12472=DIRECTION('ref_axis',(0.,1.,0.));
#12473=DIRECTION('',(0.,1.,0.));
#12474=DIRECTION('',(0.,1.,0.));
#12475=DIRECTION('',(0.,0.,1.));
#12476=DIRECTION('center_axis',(0.,-1.,0.));
#12477=DIRECTION('ref_axis',(1.,0.,0.));
#12478=DIRECTION('',(1.,0.,0.));
#12479=DIRECTION('',(1.,0.,0.));
#12480=DIRECTION('',(0.,0.,1.));
#12481=DIRECTION('center_axis',(-1.,0.,0.));
#12482=DIRECTION('ref_axis',(0.,-1.,0.));
#12483=DIRECTION('',(0.,-1.,0.));
#12484=DIRECTION('',(0.,-1.,0.));
#12485=DIRECTION('center_axis',(0.,0.,1.));
#12486=DIRECTION('ref_axis',(1.,0.,0.));
#12487=DIRECTION('center_axis',(0.,0.,1.));
#12488=DIRECTION('ref_axis',(1.,0.,0.));
#12489=DIRECTION('center_axis',(0.,1.,0.));
#12490=DIRECTION('ref_axis',(-1.,0.,0.));
#12491=DIRECTION('',(-1.,0.,0.));
#12492=DIRECTION('',(0.,0.,1.));
#12493=DIRECTION('',(-1.,0.,0.));
#12494=DIRECTION('',(0.,0.,1.));
#12495=DIRECTION('center_axis',(1.,0.,0.));
#12496=DIRECTION('ref_axis',(0.,1.,0.));
#12497=DIRECTION('',(0.,1.,0.));
#12498=DIRECTION('',(0.,1.,0.));
#12499=DIRECTION('',(0.,0.,1.));
#12500=DIRECTION('center_axis',(0.,-1.,0.));
#12501=DIRECTION('ref_axis',(1.,0.,0.));
#12502=DIRECTION('',(1.,0.,0.));
#12503=DIRECTION('',(1.,0.,0.));
#12504=DIRECTION('',(0.,0.,1.));
#12505=DIRECTION('center_axis',(-1.,0.,0.));
#12506=DIRECTION('ref_axis',(0.,-1.,0.));
#12507=DIRECTION('',(0.,-1.,0.));
#12508=DIRECTION('',(0.,-1.,0.));
#12509=DIRECTION('center_axis',(0.,0.,1.));
#12510=DIRECTION('ref_axis',(1.,0.,0.));
#12511=DIRECTION('center_axis',(0.,0.,1.));
#12512=DIRECTION('ref_axis',(1.,0.,0.));
#12513=DIRECTION('center_axis',(0.,1.,0.));
#12514=DIRECTION('ref_axis',(-1.,0.,0.));
#12515=DIRECTION('',(-1.,0.,0.));
#12516=DIRECTION('',(0.,0.,1.));
#12517=DIRECTION('',(-1.,0.,0.));
#12518=DIRECTION('',(0.,0.,1.));
#12519=DIRECTION('center_axis',(1.,0.,0.));
#12520=DIRECTION('ref_axis',(0.,1.,0.));
#12521=DIRECTION('',(0.,1.,0.));
#12522=DIRECTION('',(0.,1.,0.));
#12523=DIRECTION('',(0.,0.,1.));
#12524=DIRECTION('center_axis',(0.,-1.,0.));
#12525=DIRECTION('ref_axis',(1.,0.,0.));
#12526=DIRECTION('',(1.,0.,0.));
#12527=DIRECTION('',(1.,0.,0.));
#12528=DIRECTION('',(0.,0.,1.));
#12529=DIRECTION('center_axis',(-1.,0.,0.));
#12530=DIRECTION('ref_axis',(0.,-1.,0.));
#12531=DIRECTION('',(0.,-1.,0.));
#12532=DIRECTION('',(0.,-1.,0.));
#12533=DIRECTION('center_axis',(0.,0.,1.));
#12534=DIRECTION('ref_axis',(1.,0.,0.));
#12535=DIRECTION('center_axis',(0.,0.,1.));
#12536=DIRECTION('ref_axis',(1.,0.,0.));
#12537=DIRECTION('center_axis',(0.,1.,0.));
#12538=DIRECTION('ref_axis',(-1.,0.,0.));
#12539=DIRECTION('',(-1.,0.,0.));
#12540=DIRECTION('',(0.,0.,1.));
#12541=DIRECTION('',(-1.,0.,0.));
#12542=DIRECTION('',(0.,0.,1.));
#12543=DIRECTION('center_axis',(1.,0.,0.));
#12544=DIRECTION('ref_axis',(0.,1.,0.));
#12545=DIRECTION('',(0.,1.,0.));
#12546=DIRECTION('',(0.,1.,0.));
#12547=DIRECTION('',(0.,0.,1.));
#12548=DIRECTION('center_axis',(0.,-1.,0.));
#12549=DIRECTION('ref_axis',(1.,0.,0.));
#12550=DIRECTION('',(1.,0.,0.));
#12551=DIRECTION('',(1.,0.,0.));
#12552=DIRECTION('',(0.,0.,1.));
#12553=DIRECTION('center_axis',(-1.,0.,0.));
#12554=DIRECTION('ref_axis',(0.,-1.,0.));
#12555=DIRECTION('',(0.,-1.,0.));
#12556=DIRECTION('',(0.,-1.,0.));
#12557=DIRECTION('center_axis',(0.,0.,1.));
#12558=DIRECTION('ref_axis',(1.,0.,0.));
#12559=DIRECTION('center_axis',(0.,0.,1.));
#12560=DIRECTION('ref_axis',(1.,0.,0.));
#12561=DIRECTION('center_axis',(0.,1.,0.));
#12562=DIRECTION('ref_axis',(-1.,0.,0.));
#12563=DIRECTION('',(-1.,0.,0.));
#12564=DIRECTION('',(0.,0.,1.));
#12565=DIRECTION('',(-1.,0.,0.));
#12566=DIRECTION('',(0.,0.,1.));
#12567=DIRECTION('center_axis',(1.,0.,0.));
#12568=DIRECTION('ref_axis',(0.,1.,0.));
#12569=DIRECTION('',(0.,1.,0.));
#12570=DIRECTION('',(0.,1.,0.));
#12571=DIRECTION('',(0.,0.,1.));
#12572=DIRECTION('center_axis',(0.,-1.,0.));
#12573=DIRECTION('ref_axis',(1.,0.,0.));
#12574=DIRECTION('',(1.,0.,0.));
#12575=DIRECTION('',(1.,0.,0.));
#12576=DIRECTION('',(0.,0.,1.));
#12577=DIRECTION('center_axis',(-1.,0.,0.));
#12578=DIRECTION('ref_axis',(0.,-1.,0.));
#12579=DIRECTION('',(0.,-1.,0.));
#12580=DIRECTION('',(0.,-1.,0.));
#12581=DIRECTION('center_axis',(0.,0.,1.));
#12582=DIRECTION('ref_axis',(1.,0.,0.));
#12583=DIRECTION('center_axis',(0.,0.,1.));
#12584=DIRECTION('ref_axis',(1.,0.,0.));
#12585=DIRECTION('center_axis',(0.,1.,0.));
#12586=DIRECTION('ref_axis',(-1.,0.,0.));
#12587=DIRECTION('',(-1.,0.,0.));
#12588=DIRECTION('',(0.,0.,1.));
#12589=DIRECTION('',(-1.,0.,0.));
#12590=DIRECTION('',(0.,0.,1.));
#12591=DIRECTION('center_axis',(1.,0.,0.));
#12592=DIRECTION('ref_axis',(0.,1.,0.));
#12593=DIRECTION('',(0.,1.,0.));
#12594=DIRECTION('',(0.,1.,0.));
#12595=DIRECTION('',(0.,0.,1.));
#12596=DIRECTION('center_axis',(0.,-1.,0.));
#12597=DIRECTION('ref_axis',(1.,0.,0.));
#12598=DIRECTION('',(1.,0.,0.));
#12599=DIRECTION('',(1.,0.,0.));
#12600=DIRECTION('',(0.,0.,1.));
#12601=DIRECTION('center_axis',(-1.,0.,0.));
#12602=DIRECTION('ref_axis',(0.,-1.,0.));
#12603=DIRECTION('',(0.,-1.,0.));
#12604=DIRECTION('',(0.,-1.,0.));
#12605=DIRECTION('center_axis',(0.,0.,1.));
#12606=DIRECTION('ref_axis',(1.,0.,0.));
#12607=DIRECTION('center_axis',(0.,0.,1.));
#12608=DIRECTION('ref_axis',(1.,0.,0.));
#12609=DIRECTION('center_axis',(0.,1.,0.));
#12610=DIRECTION('ref_axis',(-1.,0.,0.));
#12611=DIRECTION('',(-1.,0.,0.));
#12612=DIRECTION('',(0.,0.,1.));
#12613=DIRECTION('',(-1.,0.,0.));
#12614=DIRECTION('',(0.,0.,1.));
#12615=DIRECTION('center_axis',(1.,0.,0.));
#12616=DIRECTION('ref_axis',(0.,1.,0.));
#12617=DIRECTION('',(0.,1.,0.));
#12618=DIRECTION('',(0.,1.,0.));
#12619=DIRECTION('',(0.,0.,1.));
#12620=DIRECTION('center_axis',(0.,-1.,0.));
#12621=DIRECTION('ref_axis',(1.,0.,0.));
#12622=DIRECTION('',(1.,0.,0.));
#12623=DIRECTION('',(1.,0.,0.));
#12624=DIRECTION('',(0.,0.,1.));
#12625=DIRECTION('center_axis',(-1.,0.,0.));
#12626=DIRECTION('ref_axis',(0.,-1.,0.));
#12627=DIRECTION('',(0.,-1.,0.));
#12628=DIRECTION('',(0.,-1.,0.));
#12629=DIRECTION('center_axis',(0.,0.,1.));
#12630=DIRECTION('ref_axis',(1.,0.,0.));
#12631=DIRECTION('center_axis',(0.,0.,1.));
#12632=DIRECTION('ref_axis',(1.,0.,0.));
#12633=DIRECTION('center_axis',(0.,1.,0.));
#12634=DIRECTION('ref_axis',(-1.,0.,0.));
#12635=DIRECTION('',(-1.,0.,0.));
#12636=DIRECTION('',(0.,0.,1.));
#12637=DIRECTION('',(-1.,0.,0.));
#12638=DIRECTION('',(0.,0.,1.));
#12639=DIRECTION('center_axis',(1.,0.,0.));
#12640=DIRECTION('ref_axis',(0.,1.,0.));
#12641=DIRECTION('',(0.,1.,0.));
#12642=DIRECTION('',(0.,1.,0.));
#12643=DIRECTION('',(0.,0.,1.));
#12644=DIRECTION('center_axis',(0.,-1.,0.));
#12645=DIRECTION('ref_axis',(1.,0.,0.));
#12646=DIRECTION('',(1.,0.,0.));
#12647=DIRECTION('',(1.,0.,0.));
#12648=DIRECTION('',(0.,0.,1.));
#12649=DIRECTION('center_axis',(-1.,0.,0.));
#12650=DIRECTION('ref_axis',(0.,-1.,0.));
#12651=DIRECTION('',(0.,-1.,0.));
#12652=DIRECTION('',(0.,-1.,0.));
#12653=DIRECTION('center_axis',(0.,0.,1.));
#12654=DIRECTION('ref_axis',(1.,0.,0.));
#12655=DIRECTION('center_axis',(0.,0.,1.));
#12656=DIRECTION('ref_axis',(1.,0.,0.));
#12657=DIRECTION('center_axis',(0.,1.,0.));
#12658=DIRECTION('ref_axis',(-1.,0.,0.));
#12659=DIRECTION('',(-1.,0.,0.));
#12660=DIRECTION('',(0.,0.,1.));
#12661=DIRECTION('',(-1.,0.,0.));
#12662=DIRECTION('',(0.,0.,1.));
#12663=DIRECTION('center_axis',(1.,0.,0.));
#12664=DIRECTION('ref_axis',(0.,1.,0.));
#12665=DIRECTION('',(0.,1.,0.));
#12666=DIRECTION('',(0.,1.,0.));
#12667=DIRECTION('',(0.,0.,1.));
#12668=DIRECTION('center_axis',(0.,-1.,0.));
#12669=DIRECTION('ref_axis',(1.,0.,0.));
#12670=DIRECTION('',(1.,0.,0.));
#12671=DIRECTION('',(1.,0.,0.));
#12672=DIRECTION('',(0.,0.,1.));
#12673=DIRECTION('center_axis',(-1.,0.,0.));
#12674=DIRECTION('ref_axis',(0.,-1.,0.));
#12675=DIRECTION('',(0.,-1.,0.));
#12676=DIRECTION('',(0.,-1.,0.));
#12677=DIRECTION('center_axis',(0.,0.,1.));
#12678=DIRECTION('ref_axis',(1.,0.,0.));
#12679=DIRECTION('center_axis',(0.,0.,1.));
#12680=DIRECTION('ref_axis',(1.,0.,0.));
#12681=DIRECTION('center_axis',(0.,1.,0.));
#12682=DIRECTION('ref_axis',(-1.,0.,0.));
#12683=DIRECTION('',(-1.,0.,0.));
#12684=DIRECTION('',(0.,0.,1.));
#12685=DIRECTION('',(-1.,0.,0.));
#12686=DIRECTION('',(0.,0.,1.));
#12687=DIRECTION('center_axis',(1.,0.,0.));
#12688=DIRECTION('ref_axis',(0.,1.,0.));
#12689=DIRECTION('',(0.,1.,0.));
#12690=DIRECTION('',(0.,1.,0.));
#12691=DIRECTION('',(0.,0.,1.));
#12692=DIRECTION('center_axis',(0.,-1.,0.));
#12693=DIRECTION('ref_axis',(1.,0.,0.));
#12694=DIRECTION('',(1.,0.,0.));
#12695=DIRECTION('',(1.,0.,0.));
#12696=DIRECTION('',(0.,0.,1.));
#12697=DIRECTION('center_axis',(-1.,0.,0.));
#12698=DIRECTION('ref_axis',(0.,-1.,0.));
#12699=DIRECTION('',(0.,-1.,0.));
#12700=DIRECTION('',(0.,-1.,0.));
#12701=DIRECTION('center_axis',(0.,0.,1.));
#12702=DIRECTION('ref_axis',(1.,0.,0.));
#12703=DIRECTION('center_axis',(0.,0.,1.));
#12704=DIRECTION('ref_axis',(1.,0.,0.));
#12705=DIRECTION('center_axis',(0.,1.,0.));
#12706=DIRECTION('ref_axis',(-1.,0.,0.));
#12707=DIRECTION('',(-1.,0.,0.));
#12708=DIRECTION('',(0.,0.,1.));
#12709=DIRECTION('',(-1.,0.,0.));
#12710=DIRECTION('',(0.,0.,1.));
#12711=DIRECTION('center_axis',(1.,0.,0.));
#12712=DIRECTION('ref_axis',(0.,1.,0.));
#12713=DIRECTION('',(0.,1.,0.));
#12714=DIRECTION('',(0.,1.,0.));
#12715=DIRECTION('',(0.,0.,1.));
#12716=DIRECTION('center_axis',(0.,-1.,0.));
#12717=DIRECTION('ref_axis',(1.,0.,0.));
#12718=DIRECTION('',(1.,0.,0.));
#12719=DIRECTION('',(1.,0.,0.));
#12720=DIRECTION('',(0.,0.,1.));
#12721=DIRECTION('center_axis',(-1.,0.,0.));
#12722=DIRECTION('ref_axis',(0.,-1.,0.));
#12723=DIRECTION('',(0.,-1.,0.));
#12724=DIRECTION('',(0.,-1.,0.));
#12725=DIRECTION('center_axis',(0.,0.,1.));
#12726=DIRECTION('ref_axis',(1.,0.,0.));
#12727=DIRECTION('center_axis',(0.,0.,1.));
#12728=DIRECTION('ref_axis',(1.,0.,0.));
#12729=DIRECTION('center_axis',(0.,1.,0.));
#12730=DIRECTION('ref_axis',(-1.,0.,0.));
#12731=DIRECTION('',(-1.,0.,0.));
#12732=DIRECTION('',(0.,0.,1.));
#12733=DIRECTION('',(-1.,0.,0.));
#12734=DIRECTION('',(0.,0.,1.));
#12735=DIRECTION('center_axis',(1.,0.,0.));
#12736=DIRECTION('ref_axis',(0.,1.,0.));
#12737=DIRECTION('',(0.,1.,0.));
#12738=DIRECTION('',(0.,1.,0.));
#12739=DIRECTION('',(0.,0.,1.));
#12740=DIRECTION('center_axis',(0.,-1.,0.));
#12741=DIRECTION('ref_axis',(1.,0.,0.));
#12742=DIRECTION('',(1.,0.,0.));
#12743=DIRECTION('',(1.,0.,0.));
#12744=DIRECTION('',(0.,0.,1.));
#12745=DIRECTION('center_axis',(-1.,0.,0.));
#12746=DIRECTION('ref_axis',(0.,-1.,0.));
#12747=DIRECTION('',(0.,-1.,0.));
#12748=DIRECTION('',(0.,-1.,0.));
#12749=DIRECTION('center_axis',(0.,0.,1.));
#12750=DIRECTION('ref_axis',(1.,0.,0.));
#12751=DIRECTION('center_axis',(0.,0.,1.));
#12752=DIRECTION('ref_axis',(1.,0.,0.));
#12753=DIRECTION('center_axis',(0.,1.,0.));
#12754=DIRECTION('ref_axis',(-1.,0.,0.));
#12755=DIRECTION('',(-1.,0.,0.));
#12756=DIRECTION('',(0.,0.,1.));
#12757=DIRECTION('',(-1.,0.,0.));
#12758=DIRECTION('',(0.,0.,1.));
#12759=DIRECTION('center_axis',(1.,0.,0.));
#12760=DIRECTION('ref_axis',(0.,1.,0.));
#12761=DIRECTION('',(0.,1.,0.));
#12762=DIRECTION('',(0.,1.,0.));
#12763=DIRECTION('',(0.,0.,1.));
#12764=DIRECTION('center_axis',(0.,-1.,0.));
#12765=DIRECTION('ref_axis',(1.,0.,0.));
#12766=DIRECTION('',(1.,0.,0.));
#12767=DIRECTION('',(1.,0.,0.));
#12768=DIRECTION('',(0.,0.,1.));
#12769=DIRECTION('center_axis',(-1.,0.,0.));
#12770=DIRECTION('ref_axis',(0.,-1.,0.));
#12771=DIRECTION('',(0.,-1.,0.));
#12772=DIRECTION('',(0.,-1.,0.));
#12773=DIRECTION('center_axis',(0.,0.,1.));
#12774=DIRECTION('ref_axis',(1.,0.,0.));
#12775=DIRECTION('center_axis',(0.,0.,1.));
#12776=DIRECTION('ref_axis',(1.,0.,0.));
#12777=DIRECTION('center_axis',(0.,1.,0.));
#12778=DIRECTION('ref_axis',(-1.,0.,0.));
#12779=DIRECTION('',(-1.,0.,0.));
#12780=DIRECTION('',(0.,0.,1.));
#12781=DIRECTION('',(-1.,0.,0.));
#12782=DIRECTION('',(0.,0.,1.));
#12783=DIRECTION('center_axis',(1.,0.,0.));
#12784=DIRECTION('ref_axis',(0.,1.,0.));
#12785=DIRECTION('',(0.,1.,0.));
#12786=DIRECTION('',(0.,1.,0.));
#12787=DIRECTION('',(0.,0.,1.));
#12788=DIRECTION('center_axis',(0.,-1.,0.));
#12789=DIRECTION('ref_axis',(1.,0.,0.));
#12790=DIRECTION('',(1.,0.,0.));
#12791=DIRECTION('',(1.,0.,0.));
#12792=DIRECTION('',(0.,0.,1.));
#12793=DIRECTION('center_axis',(-1.,0.,0.));
#12794=DIRECTION('ref_axis',(0.,-1.,0.));
#12795=DIRECTION('',(0.,-1.,0.));
#12796=DIRECTION('',(0.,-1.,0.));
#12797=DIRECTION('center_axis',(0.,0.,1.));
#12798=DIRECTION('ref_axis',(1.,0.,0.));
#12799=DIRECTION('center_axis',(0.,0.,1.));
#12800=DIRECTION('ref_axis',(1.,0.,0.));
#12801=DIRECTION('center_axis',(0.,1.,0.));
#12802=DIRECTION('ref_axis',(-1.,0.,0.));
#12803=DIRECTION('',(-1.,0.,0.));
#12804=DIRECTION('',(0.,0.,1.));
#12805=DIRECTION('',(-1.,0.,0.));
#12806=DIRECTION('',(0.,0.,1.));
#12807=DIRECTION('center_axis',(1.,0.,0.));
#12808=DIRECTION('ref_axis',(0.,1.,0.));
#12809=DIRECTION('',(0.,1.,0.));
#12810=DIRECTION('',(0.,1.,0.));
#12811=DIRECTION('',(0.,0.,1.));
#12812=DIRECTION('center_axis',(0.,-1.,0.));
#12813=DIRECTION('ref_axis',(1.,0.,0.));
#12814=DIRECTION('',(1.,0.,0.));
#12815=DIRECTION('',(1.,0.,0.));
#12816=DIRECTION('',(0.,0.,1.));
#12817=DIRECTION('center_axis',(-1.,0.,0.));
#12818=DIRECTION('ref_axis',(0.,-1.,0.));
#12819=DIRECTION('',(0.,-1.,0.));
#12820=DIRECTION('',(0.,-1.,0.));
#12821=DIRECTION('center_axis',(0.,0.,1.));
#12822=DIRECTION('ref_axis',(1.,0.,0.));
#12823=DIRECTION('center_axis',(0.,0.,1.));
#12824=DIRECTION('ref_axis',(1.,0.,0.));
#12825=DIRECTION('center_axis',(0.,1.,0.));
#12826=DIRECTION('ref_axis',(-1.,0.,0.));
#12827=DIRECTION('',(-1.,0.,0.));
#12828=DIRECTION('',(0.,0.,1.));
#12829=DIRECTION('',(-1.,0.,0.));
#12830=DIRECTION('',(0.,0.,1.));
#12831=DIRECTION('center_axis',(1.,0.,0.));
#12832=DIRECTION('ref_axis',(0.,1.,0.));
#12833=DIRECTION('',(0.,1.,0.));
#12834=DIRECTION('',(0.,1.,0.));
#12835=DIRECTION('',(0.,0.,1.));
#12836=DIRECTION('center_axis',(0.,-1.,0.));
#12837=DIRECTION('ref_axis',(1.,0.,0.));
#12838=DIRECTION('',(1.,0.,0.));
#12839=DIRECTION('',(1.,0.,0.));
#12840=DIRECTION('',(0.,0.,1.));
#12841=DIRECTION('center_axis',(-1.,0.,0.));
#12842=DIRECTION('ref_axis',(0.,-1.,0.));
#12843=DIRECTION('',(0.,-1.,0.));
#12844=DIRECTION('',(0.,-1.,0.));
#12845=DIRECTION('center_axis',(0.,0.,1.));
#12846=DIRECTION('ref_axis',(1.,0.,0.));
#12847=DIRECTION('center_axis',(0.,0.,1.));
#12848=DIRECTION('ref_axis',(1.,0.,0.));
#12849=DIRECTION('center_axis',(0.,1.,0.));
#12850=DIRECTION('ref_axis',(-1.,0.,0.));
#12851=DIRECTION('',(-1.,0.,0.));
#12852=DIRECTION('',(0.,0.,1.));
#12853=DIRECTION('',(-1.,0.,0.));
#12854=DIRECTION('',(0.,0.,1.));
#12855=DIRECTION('center_axis',(1.,0.,0.));
#12856=DIRECTION('ref_axis',(0.,1.,0.));
#12857=DIRECTION('',(0.,1.,0.));
#12858=DIRECTION('',(0.,1.,0.));
#12859=DIRECTION('',(0.,0.,1.));
#12860=DIRECTION('center_axis',(0.,-1.,0.));
#12861=DIRECTION('ref_axis',(1.,0.,0.));
#12862=DIRECTION('',(1.,0.,0.));
#12863=DIRECTION('',(1.,0.,0.));
#12864=DIRECTION('',(0.,0.,1.));
#12865=DIRECTION('center_axis',(-1.,0.,0.));
#12866=DIRECTION('ref_axis',(0.,-1.,0.));
#12867=DIRECTION('',(0.,-1.,0.));
#12868=DIRECTION('',(0.,-1.,0.));
#12869=DIRECTION('center_axis',(0.,0.,1.));
#12870=DIRECTION('ref_axis',(1.,0.,0.));
#12871=DIRECTION('center_axis',(0.,0.,1.));
#12872=DIRECTION('ref_axis',(1.,0.,0.));
#12873=DIRECTION('center_axis',(0.,1.,0.));
#12874=DIRECTION('ref_axis',(-1.,0.,0.));
#12875=DIRECTION('',(-1.,0.,0.));
#12876=DIRECTION('',(0.,0.,1.));
#12877=DIRECTION('',(-1.,0.,0.));
#12878=DIRECTION('',(0.,0.,1.));
#12879=DIRECTION('center_axis',(1.,0.,0.));
#12880=DIRECTION('ref_axis',(0.,1.,0.));
#12881=DIRECTION('',(0.,1.,0.));
#12882=DIRECTION('',(0.,1.,0.));
#12883=DIRECTION('',(0.,0.,1.));
#12884=DIRECTION('center_axis',(0.,-1.,0.));
#12885=DIRECTION('ref_axis',(1.,0.,0.));
#12886=DIRECTION('',(1.,0.,0.));
#12887=DIRECTION('',(1.,0.,0.));
#12888=DIRECTION('',(0.,0.,1.));
#12889=DIRECTION('center_axis',(-1.,0.,0.));
#12890=DIRECTION('ref_axis',(0.,-1.,0.));
#12891=DIRECTION('',(0.,-1.,0.));
#12892=DIRECTION('',(0.,-1.,0.));
#12893=DIRECTION('center_axis',(0.,0.,1.));
#12894=DIRECTION('ref_axis',(1.,0.,0.));
#12895=DIRECTION('center_axis',(0.,0.,1.));
#12896=DIRECTION('ref_axis',(1.,0.,0.));
#12897=DIRECTION('center_axis',(0.,1.,0.));
#12898=DIRECTION('ref_axis',(-1.,0.,0.));
#12899=DIRECTION('',(-1.,0.,0.));
#12900=DIRECTION('',(0.,0.,1.));
#12901=DIRECTION('',(-1.,0.,0.));
#12902=DIRECTION('',(0.,0.,1.));
#12903=DIRECTION('center_axis',(1.,0.,0.));
#12904=DIRECTION('ref_axis',(0.,1.,0.));
#12905=DIRECTION('',(0.,1.,0.));
#12906=DIRECTION('',(0.,1.,0.));
#12907=DIRECTION('',(0.,0.,1.));
#12908=DIRECTION('center_axis',(0.,-1.,0.));
#12909=DIRECTION('ref_axis',(1.,0.,0.));
#12910=DIRECTION('',(1.,0.,0.));
#12911=DIRECTION('',(1.,0.,0.));
#12912=DIRECTION('',(0.,0.,1.));
#12913=DIRECTION('center_axis',(-1.,0.,0.));
#12914=DIRECTION('ref_axis',(0.,-1.,0.));
#12915=DIRECTION('',(0.,-1.,0.));
#12916=DIRECTION('',(0.,-1.,0.));
#12917=DIRECTION('center_axis',(0.,0.,1.));
#12918=DIRECTION('ref_axis',(1.,0.,0.));
#12919=DIRECTION('center_axis',(0.,0.,1.));
#12920=DIRECTION('ref_axis',(1.,0.,0.));
#12921=DIRECTION('center_axis',(0.,1.,0.));
#12922=DIRECTION('ref_axis',(-1.,0.,0.));
#12923=DIRECTION('',(-1.,0.,0.));
#12924=DIRECTION('',(0.,0.,1.));
#12925=DIRECTION('',(-1.,0.,0.));
#12926=DIRECTION('',(0.,0.,1.));
#12927=DIRECTION('center_axis',(1.,0.,0.));
#12928=DIRECTION('ref_axis',(0.,1.,0.));
#12929=DIRECTION('',(0.,1.,0.));
#12930=DIRECTION('',(0.,1.,0.));
#12931=DIRECTION('',(0.,0.,1.));
#12932=DIRECTION('center_axis',(0.,-1.,0.));
#12933=DIRECTION('ref_axis',(1.,0.,0.));
#12934=DIRECTION('',(1.,0.,0.));
#12935=DIRECTION('',(1.,0.,0.));
#12936=DIRECTION('',(0.,0.,1.));
#12937=DIRECTION('center_axis',(-1.,0.,0.));
#12938=DIRECTION('ref_axis',(0.,-1.,0.));
#12939=DIRECTION('',(0.,-1.,0.));
#12940=DIRECTION('',(0.,-1.,0.));
#12941=DIRECTION('center_axis',(0.,0.,1.));
#12942=DIRECTION('ref_axis',(1.,0.,0.));
#12943=DIRECTION('center_axis',(0.,0.,1.));
#12944=DIRECTION('ref_axis',(1.,0.,0.));
#12945=DIRECTION('center_axis',(0.,1.,0.));
#12946=DIRECTION('ref_axis',(-1.,0.,0.));
#12947=DIRECTION('',(-1.,0.,0.));
#12948=DIRECTION('',(0.,0.,1.));
#12949=DIRECTION('',(-1.,0.,0.));
#12950=DIRECTION('',(0.,0.,1.));
#12951=DIRECTION('center_axis',(1.,0.,0.));
#12952=DIRECTION('ref_axis',(0.,1.,0.));
#12953=DIRECTION('',(0.,1.,0.));
#12954=DIRECTION('',(0.,1.,0.));
#12955=DIRECTION('',(0.,0.,1.));
#12956=DIRECTION('center_axis',(0.,-1.,0.));
#12957=DIRECTION('ref_axis',(1.,0.,0.));
#12958=DIRECTION('',(1.,0.,0.));
#12959=DIRECTION('',(1.,0.,0.));
#12960=DIRECTION('',(0.,0.,1.));
#12961=DIRECTION('center_axis',(-1.,0.,0.));
#12962=DIRECTION('ref_axis',(0.,-1.,0.));
#12963=DIRECTION('',(0.,-1.,0.));
#12964=DIRECTION('',(0.,-1.,0.));
#12965=DIRECTION('center_axis',(0.,0.,1.));
#12966=DIRECTION('ref_axis',(1.,0.,0.));
#12967=DIRECTION('center_axis',(0.,0.,1.));
#12968=DIRECTION('ref_axis',(1.,0.,0.));
#12969=DIRECTION('center_axis',(0.,1.,0.));
#12970=DIRECTION('ref_axis',(-1.,0.,0.));
#12971=DIRECTION('',(-1.,0.,0.));
#12972=DIRECTION('',(0.,0.,1.));
#12973=DIRECTION('',(-1.,0.,0.));
#12974=DIRECTION('',(0.,0.,1.));
#12975=DIRECTION('center_axis',(1.,0.,0.));
#12976=DIRECTION('ref_axis',(0.,1.,0.));
#12977=DIRECTION('',(0.,1.,0.));
#12978=DIRECTION('',(0.,1.,0.));
#12979=DIRECTION('',(0.,0.,1.));
#12980=DIRECTION('center_axis',(0.,-1.,0.));
#12981=DIRECTION('ref_axis',(1.,0.,0.));
#12982=DIRECTION('',(1.,0.,0.));
#12983=DIRECTION('',(1.,0.,0.));
#12984=DIRECTION('',(0.,0.,1.));
#12985=DIRECTION('center_axis',(-1.,0.,0.));
#12986=DIRECTION('ref_axis',(0.,-1.,0.));
#12987=DIRECTION('',(0.,-1.,0.));
#12988=DIRECTION('',(0.,-1.,0.));
#12989=DIRECTION('center_axis',(0.,0.,1.));
#12990=DIRECTION('ref_axis',(1.,0.,0.));
#12991=DIRECTION('center_axis',(0.,0.,1.));
#12992=DIRECTION('ref_axis',(1.,0.,0.));
#12993=DIRECTION('center_axis',(0.,1.,0.));
#12994=DIRECTION('ref_axis',(-1.,0.,0.));
#12995=DIRECTION('',(-1.,0.,0.));
#12996=DIRECTION('',(0.,0.,1.));
#12997=DIRECTION('',(-1.,0.,0.));
#12998=DIRECTION('',(0.,0.,1.));
#12999=DIRECTION('center_axis',(1.,0.,0.));
#13000=DIRECTION('ref_axis',(0.,1.,0.));
#13001=DIRECTION('',(0.,1.,0.));
#13002=DIRECTION('',(0.,1.,0.));
#13003=DIRECTION('',(0.,0.,1.));
#13004=DIRECTION('center_axis',(0.,-1.,0.));
#13005=DIRECTION('ref_axis',(1.,0.,0.));
#13006=DIRECTION('',(1.,0.,0.));
#13007=DIRECTION('',(1.,0.,0.));
#13008=DIRECTION('',(0.,0.,1.));
#13009=DIRECTION('center_axis',(-1.,0.,0.));
#13010=DIRECTION('ref_axis',(0.,-1.,0.));
#13011=DIRECTION('',(0.,-1.,0.));
#13012=DIRECTION('',(0.,-1.,0.));
#13013=DIRECTION('center_axis',(0.,0.,1.));
#13014=DIRECTION('ref_axis',(1.,0.,0.));
#13015=DIRECTION('center_axis',(0.,0.,1.));
#13016=DIRECTION('ref_axis',(1.,0.,0.));
#13017=DIRECTION('center_axis',(0.,1.,0.));
#13018=DIRECTION('ref_axis',(-1.,0.,0.));
#13019=DIRECTION('',(-1.,0.,0.));
#13020=DIRECTION('',(0.,0.,1.));
#13021=DIRECTION('',(-1.,0.,0.));
#13022=DIRECTION('',(0.,0.,1.));
#13023=DIRECTION('center_axis',(1.,0.,0.));
#13024=DIRECTION('ref_axis',(0.,1.,0.));
#13025=DIRECTION('',(0.,1.,0.));
#13026=DIRECTION('',(0.,1.,0.));
#13027=DIRECTION('',(0.,0.,1.));
#13028=DIRECTION('center_axis',(0.,-1.,0.));
#13029=DIRECTION('ref_axis',(1.,0.,0.));
#13030=DIRECTION('',(1.,0.,0.));
#13031=DIRECTION('',(1.,0.,0.));
#13032=DIRECTION('',(0.,0.,1.));
#13033=DIRECTION('center_axis',(-1.,0.,0.));
#13034=DIRECTION('ref_axis',(0.,-1.,0.));
#13035=DIRECTION('',(0.,-1.,0.));
#13036=DIRECTION('',(0.,-1.,0.));
#13037=DIRECTION('center_axis',(0.,0.,1.));
#13038=DIRECTION('ref_axis',(1.,0.,0.));
#13039=DIRECTION('center_axis',(0.,0.,1.));
#13040=DIRECTION('ref_axis',(1.,0.,0.));
#13041=DIRECTION('center_axis',(0.,1.,0.));
#13042=DIRECTION('ref_axis',(-1.,0.,0.));
#13043=DIRECTION('',(-1.,0.,0.));
#13044=DIRECTION('',(0.,0.,1.));
#13045=DIRECTION('',(-1.,0.,0.));
#13046=DIRECTION('',(0.,0.,1.));
#13047=DIRECTION('center_axis',(1.,0.,0.));
#13048=DIRECTION('ref_axis',(0.,1.,0.));
#13049=DIRECTION('',(0.,1.,0.));
#13050=DIRECTION('',(0.,1.,0.));
#13051=DIRECTION('',(0.,0.,1.));
#13052=DIRECTION('center_axis',(0.,-1.,0.));
#13053=DIRECTION('ref_axis',(1.,0.,0.));
#13054=DIRECTION('',(1.,0.,0.));
#13055=DIRECTION('',(1.,0.,0.));
#13056=DIRECTION('',(0.,0.,1.));
#13057=DIRECTION('center_axis',(-1.,0.,0.));
#13058=DIRECTION('ref_axis',(0.,-1.,0.));
#13059=DIRECTION('',(0.,-1.,0.));
#13060=DIRECTION('',(0.,-1.,0.));
#13061=DIRECTION('center_axis',(0.,0.,1.));
#13062=DIRECTION('ref_axis',(1.,0.,0.));
#13063=DIRECTION('center_axis',(0.,0.,1.));
#13064=DIRECTION('ref_axis',(1.,0.,0.));
#13065=DIRECTION('center_axis',(0.,1.,0.));
#13066=DIRECTION('ref_axis',(-1.,0.,0.));
#13067=DIRECTION('',(-1.,0.,0.));
#13068=DIRECTION('',(0.,0.,1.));
#13069=DIRECTION('',(-1.,0.,0.));
#13070=DIRECTION('',(0.,0.,1.));
#13071=DIRECTION('center_axis',(1.,0.,0.));
#13072=DIRECTION('ref_axis',(0.,1.,0.));
#13073=DIRECTION('',(0.,1.,0.));
#13074=DIRECTION('',(0.,1.,0.));
#13075=DIRECTION('',(0.,0.,1.));
#13076=DIRECTION('center_axis',(0.,-1.,0.));
#13077=DIRECTION('ref_axis',(1.,0.,0.));
#13078=DIRECTION('',(1.,0.,0.));
#13079=DIRECTION('',(1.,0.,0.));
#13080=DIRECTION('',(0.,0.,1.));
#13081=DIRECTION('center_axis',(-1.,0.,0.));
#13082=DIRECTION('ref_axis',(0.,-1.,0.));
#13083=DIRECTION('',(0.,-1.,0.));
#13084=DIRECTION('',(0.,-1.,0.));
#13085=DIRECTION('center_axis',(0.,0.,1.));
#13086=DIRECTION('ref_axis',(1.,0.,0.));
#13087=DIRECTION('center_axis',(0.,0.,1.));
#13088=DIRECTION('ref_axis',(1.,0.,0.));
#13089=DIRECTION('center_axis',(0.,1.,0.));
#13090=DIRECTION('ref_axis',(-1.,0.,0.));
#13091=DIRECTION('',(-1.,0.,0.));
#13092=DIRECTION('',(0.,0.,1.));
#13093=DIRECTION('',(-1.,0.,0.));
#13094=DIRECTION('',(0.,0.,1.));
#13095=DIRECTION('center_axis',(1.,0.,0.));
#13096=DIRECTION('ref_axis',(0.,1.,0.));
#13097=DIRECTION('',(0.,1.,0.));
#13098=DIRECTION('',(0.,1.,0.));
#13099=DIRECTION('',(0.,0.,1.));
#13100=DIRECTION('center_axis',(0.,-1.,0.));
#13101=DIRECTION('ref_axis',(1.,0.,0.));
#13102=DIRECTION('',(1.,0.,0.));
#13103=DIRECTION('',(1.,0.,0.));
#13104=DIRECTION('',(0.,0.,1.));
#13105=DIRECTION('center_axis',(-1.,0.,0.));
#13106=DIRECTION('ref_axis',(0.,-1.,0.));
#13107=DIRECTION('',(0.,-1.,0.));
#13108=DIRECTION('',(0.,-1.,0.));
#13109=DIRECTION('center_axis',(0.,0.,1.));
#13110=DIRECTION('ref_axis',(1.,0.,0.));
#13111=DIRECTION('center_axis',(0.,0.,1.));
#13112=DIRECTION('ref_axis',(1.,0.,0.));
#13113=DIRECTION('center_axis',(0.,1.,0.));
#13114=DIRECTION('ref_axis',(-1.,0.,0.));
#13115=DIRECTION('',(-1.,0.,0.));
#13116=DIRECTION('',(0.,0.,1.));
#13117=DIRECTION('',(-1.,0.,0.));
#13118=DIRECTION('',(0.,0.,1.));
#13119=DIRECTION('center_axis',(1.,0.,0.));
#13120=DIRECTION('ref_axis',(0.,1.,0.));
#13121=DIRECTION('',(0.,1.,0.));
#13122=DIRECTION('',(0.,1.,0.));
#13123=DIRECTION('',(0.,0.,1.));
#13124=DIRECTION('center_axis',(0.,-1.,0.));
#13125=DIRECTION('ref_axis',(1.,0.,0.));
#13126=DIRECTION('',(1.,0.,0.));
#13127=DIRECTION('',(1.,0.,0.));
#13128=DIRECTION('',(0.,0.,1.));
#13129=DIRECTION('center_axis',(-1.,0.,0.));
#13130=DIRECTION('ref_axis',(0.,-1.,0.));
#13131=DIRECTION('',(0.,-1.,0.));
#13132=DIRECTION('',(0.,-1.,0.));
#13133=DIRECTION('center_axis',(0.,0.,1.));
#13134=DIRECTION('ref_axis',(1.,0.,0.));
#13135=DIRECTION('center_axis',(0.,0.,1.));
#13136=DIRECTION('ref_axis',(1.,0.,0.));
#13137=DIRECTION('center_axis',(0.,1.,0.));
#13138=DIRECTION('ref_axis',(-1.,0.,0.));
#13139=DIRECTION('',(-1.,0.,0.));
#13140=DIRECTION('',(0.,0.,1.));
#13141=DIRECTION('',(-1.,0.,0.));
#13142=DIRECTION('',(0.,0.,1.));
#13143=DIRECTION('center_axis',(1.,0.,0.));
#13144=DIRECTION('ref_axis',(0.,1.,0.));
#13145=DIRECTION('',(0.,1.,0.));
#13146=DIRECTION('',(0.,1.,0.));
#13147=DIRECTION('',(0.,0.,1.));
#13148=DIRECTION('center_axis',(0.,-1.,0.));
#13149=DIRECTION('ref_axis',(1.,0.,0.));
#13150=DIRECTION('',(1.,0.,0.));
#13151=DIRECTION('',(1.,0.,0.));
#13152=DIRECTION('',(0.,0.,1.));
#13153=DIRECTION('center_axis',(-1.,0.,0.));
#13154=DIRECTION('ref_axis',(0.,-1.,0.));
#13155=DIRECTION('',(0.,-1.,0.));
#13156=DIRECTION('',(0.,-1.,0.));
#13157=DIRECTION('center_axis',(0.,0.,1.));
#13158=DIRECTION('ref_axis',(1.,0.,0.));
#13159=DIRECTION('center_axis',(0.,0.,1.));
#13160=DIRECTION('ref_axis',(1.,0.,0.));
#13161=DIRECTION('center_axis',(0.,1.,0.));
#13162=DIRECTION('ref_axis',(-1.,0.,0.));
#13163=DIRECTION('',(-1.,0.,0.));
#13164=DIRECTION('',(0.,0.,1.));
#13165=DIRECTION('',(-1.,0.,0.));
#13166=DIRECTION('',(0.,0.,1.));
#13167=DIRECTION('center_axis',(1.,0.,0.));
#13168=DIRECTION('ref_axis',(0.,1.,0.));
#13169=DIRECTION('',(0.,1.,0.));
#13170=DIRECTION('',(0.,1.,0.));
#13171=DIRECTION('',(0.,0.,1.));
#13172=DIRECTION('center_axis',(0.,-1.,0.));
#13173=DIRECTION('ref_axis',(1.,0.,0.));
#13174=DIRECTION('',(1.,0.,0.));
#13175=DIRECTION('',(1.,0.,0.));
#13176=DIRECTION('',(0.,0.,1.));
#13177=DIRECTION('center_axis',(-1.,0.,0.));
#13178=DIRECTION('ref_axis',(0.,-1.,0.));
#13179=DIRECTION('',(0.,-1.,0.));
#13180=DIRECTION('',(0.,-1.,0.));
#13181=DIRECTION('center_axis',(0.,0.,1.));
#13182=DIRECTION('ref_axis',(1.,0.,0.));
#13183=DIRECTION('center_axis',(0.,0.,1.));
#13184=DIRECTION('ref_axis',(1.,0.,0.));
#13185=DIRECTION('center_axis',(0.,1.,0.));
#13186=DIRECTION('ref_axis',(-1.,0.,0.));
#13187=DIRECTION('',(-1.,0.,0.));
#13188=DIRECTION('',(0.,0.,1.));
#13189=DIRECTION('',(-1.,0.,0.));
#13190=DIRECTION('',(0.,0.,1.));
#13191=DIRECTION('center_axis',(1.,0.,0.));
#13192=DIRECTION('ref_axis',(0.,1.,0.));
#13193=DIRECTION('',(0.,1.,0.));
#13194=DIRECTION('',(0.,1.,0.));
#13195=DIRECTION('',(0.,0.,1.));
#13196=DIRECTION('center_axis',(0.,-1.,0.));
#13197=DIRECTION('ref_axis',(1.,0.,0.));
#13198=DIRECTION('',(1.,0.,0.));
#13199=DIRECTION('',(1.,0.,0.));
#13200=DIRECTION('',(0.,0.,1.));
#13201=DIRECTION('center_axis',(-1.,0.,0.));
#13202=DIRECTION('ref_axis',(0.,-1.,0.));
#13203=DIRECTION('',(0.,-1.,0.));
#13204=DIRECTION('',(0.,-1.,0.));
#13205=DIRECTION('center_axis',(0.,0.,1.));
#13206=DIRECTION('ref_axis',(1.,0.,0.));
#13207=DIRECTION('center_axis',(0.,0.,1.));
#13208=DIRECTION('ref_axis',(1.,0.,0.));
#13209=DIRECTION('center_axis',(0.,1.,0.));
#13210=DIRECTION('ref_axis',(-1.,0.,0.));
#13211=DIRECTION('',(-1.,0.,0.));
#13212=DIRECTION('',(0.,0.,1.));
#13213=DIRECTION('',(-1.,0.,0.));
#13214=DIRECTION('',(0.,0.,1.));
#13215=DIRECTION('center_axis',(1.,0.,0.));
#13216=DIRECTION('ref_axis',(0.,1.,0.));
#13217=DIRECTION('',(0.,1.,0.));
#13218=DIRECTION('',(0.,1.,0.));
#13219=DIRECTION('',(0.,0.,1.));
#13220=DIRECTION('center_axis',(0.,-1.,0.));
#13221=DIRECTION('ref_axis',(1.,0.,0.));
#13222=DIRECTION('',(1.,0.,0.));
#13223=DIRECTION('',(1.,0.,0.));
#13224=DIRECTION('',(0.,0.,1.));
#13225=DIRECTION('center_axis',(-1.,0.,0.));
#13226=DIRECTION('ref_axis',(0.,-1.,0.));
#13227=DIRECTION('',(0.,-1.,0.));
#13228=DIRECTION('',(0.,-1.,0.));
#13229=DIRECTION('center_axis',(0.,0.,1.));
#13230=DIRECTION('ref_axis',(1.,0.,0.));
#13231=DIRECTION('center_axis',(0.,0.,1.));
#13232=DIRECTION('ref_axis',(1.,0.,0.));
#13233=DIRECTION('center_axis',(0.,1.,0.));
#13234=DIRECTION('ref_axis',(-1.,0.,0.));
#13235=DIRECTION('',(-1.,0.,0.));
#13236=DIRECTION('',(0.,0.,1.));
#13237=DIRECTION('',(-1.,0.,0.));
#13238=DIRECTION('',(0.,0.,1.));
#13239=DIRECTION('center_axis',(1.,0.,0.));
#13240=DIRECTION('ref_axis',(0.,1.,0.));
#13241=DIRECTION('',(0.,1.,0.));
#13242=DIRECTION('',(0.,1.,0.));
#13243=DIRECTION('',(0.,0.,1.));
#13244=DIRECTION('center_axis',(0.,-1.,0.));
#13245=DIRECTION('ref_axis',(1.,0.,0.));
#13246=DIRECTION('',(1.,0.,0.));
#13247=DIRECTION('',(1.,0.,0.));
#13248=DIRECTION('',(0.,0.,1.));
#13249=DIRECTION('center_axis',(-1.,0.,0.));
#13250=DIRECTION('ref_axis',(0.,-1.,0.));
#13251=DIRECTION('',(0.,-1.,0.));
#13252=DIRECTION('',(0.,-1.,0.));
#13253=DIRECTION('center_axis',(0.,0.,1.));
#13254=DIRECTION('ref_axis',(1.,0.,0.));
#13255=DIRECTION('center_axis',(0.,0.,1.));
#13256=DIRECTION('ref_axis',(1.,0.,0.));
#13257=DIRECTION('center_axis',(0.,1.,0.));
#13258=DIRECTION('ref_axis',(-1.,0.,0.));
#13259=DIRECTION('',(-1.,0.,0.));
#13260=DIRECTION('',(0.,0.,1.));
#13261=DIRECTION('',(-1.,0.,0.));
#13262=DIRECTION('',(0.,0.,1.));
#13263=DIRECTION('center_axis',(1.,0.,0.));
#13264=DIRECTION('ref_axis',(0.,1.,0.));
#13265=DIRECTION('',(0.,1.,0.));
#13266=DIRECTION('',(0.,1.,0.));
#13267=DIRECTION('',(0.,0.,1.));
#13268=DIRECTION('center_axis',(0.,-1.,0.));
#13269=DIRECTION('ref_axis',(1.,0.,0.));
#13270=DIRECTION('',(1.,0.,0.));
#13271=DIRECTION('',(1.,0.,0.));
#13272=DIRECTION('',(0.,0.,1.));
#13273=DIRECTION('center_axis',(-1.,0.,0.));
#13274=DIRECTION('ref_axis',(0.,-1.,0.));
#13275=DIRECTION('',(0.,-1.,0.));
#13276=DIRECTION('',(0.,-1.,0.));
#13277=DIRECTION('center_axis',(0.,0.,1.));
#13278=DIRECTION('ref_axis',(1.,0.,0.));
#13279=DIRECTION('center_axis',(0.,0.,1.));
#13280=DIRECTION('ref_axis',(1.,0.,0.));
#13281=DIRECTION('center_axis',(0.,1.,0.));
#13282=DIRECTION('ref_axis',(-1.,0.,0.));
#13283=DIRECTION('',(-1.,0.,0.));
#13284=DIRECTION('',(0.,0.,1.));
#13285=DIRECTION('',(-1.,0.,0.));
#13286=DIRECTION('',(0.,0.,1.));
#13287=DIRECTION('center_axis',(1.,0.,0.));
#13288=DIRECTION('ref_axis',(0.,1.,0.));
#13289=DIRECTION('',(0.,1.,0.));
#13290=DIRECTION('',(0.,1.,0.));
#13291=DIRECTION('',(0.,0.,1.));
#13292=DIRECTION('center_axis',(0.,-1.,0.));
#13293=DIRECTION('ref_axis',(1.,0.,0.));
#13294=DIRECTION('',(1.,0.,0.));
#13295=DIRECTION('',(1.,0.,0.));
#13296=DIRECTION('',(0.,0.,1.));
#13297=DIRECTION('center_axis',(-1.,0.,0.));
#13298=DIRECTION('ref_axis',(0.,-1.,0.));
#13299=DIRECTION('',(0.,-1.,0.));
#13300=DIRECTION('',(0.,-1.,0.));
#13301=DIRECTION('center_axis',(0.,0.,1.));
#13302=DIRECTION('ref_axis',(1.,0.,0.));
#13303=DIRECTION('center_axis',(0.,0.,1.));
#13304=DIRECTION('ref_axis',(1.,0.,0.));
#13305=DIRECTION('center_axis',(0.,1.,0.));
#13306=DIRECTION('ref_axis',(-1.,0.,0.));
#13307=DIRECTION('',(-1.,0.,0.));
#13308=DIRECTION('',(0.,0.,1.));
#13309=DIRECTION('',(-1.,0.,0.));
#13310=DIRECTION('',(0.,0.,1.));
#13311=DIRECTION('center_axis',(1.,0.,0.));
#13312=DIRECTION('ref_axis',(0.,1.,0.));
#13313=DIRECTION('',(0.,1.,0.));
#13314=DIRECTION('',(0.,1.,0.));
#13315=DIRECTION('',(0.,0.,1.));
#13316=DIRECTION('center_axis',(0.,-1.,0.));
#13317=DIRECTION('ref_axis',(1.,0.,0.));
#13318=DIRECTION('',(1.,0.,0.));
#13319=DIRECTION('',(1.,0.,0.));
#13320=DIRECTION('',(0.,0.,1.));
#13321=DIRECTION('center_axis',(-1.,0.,0.));
#13322=DIRECTION('ref_axis',(0.,-1.,0.));
#13323=DIRECTION('',(0.,-1.,0.));
#13324=DIRECTION('',(0.,-1.,0.));
#13325=DIRECTION('center_axis',(0.,0.,1.));
#13326=DIRECTION('ref_axis',(1.,0.,0.));
#13327=DIRECTION('center_axis',(0.,0.,1.));
#13328=DIRECTION('ref_axis',(1.,0.,0.));
#13329=DIRECTION('center_axis',(0.,1.,0.));
#13330=DIRECTION('ref_axis',(-1.,0.,0.));
#13331=DIRECTION('',(-1.,0.,0.));
#13332=DIRECTION('',(0.,0.,1.));
#13333=DIRECTION('',(-1.,0.,0.));
#13334=DIRECTION('',(0.,0.,1.));
#13335=DIRECTION('center_axis',(1.,0.,0.));
#13336=DIRECTION('ref_axis',(0.,1.,0.));
#13337=DIRECTION('',(0.,1.,0.));
#13338=DIRECTION('',(0.,1.,0.));
#13339=DIRECTION('',(0.,0.,1.));
#13340=DIRECTION('center_axis',(0.,-1.,0.));
#13341=DIRECTION('ref_axis',(1.,0.,0.));
#13342=DIRECTION('',(1.,0.,0.));
#13343=DIRECTION('',(1.,0.,0.));
#13344=DIRECTION('',(0.,0.,1.));
#13345=DIRECTION('center_axis',(-1.,0.,0.));
#13346=DIRECTION('ref_axis',(0.,-1.,0.));
#13347=DIRECTION('',(0.,-1.,0.));
#13348=DIRECTION('',(0.,-1.,0.));
#13349=DIRECTION('center_axis',(0.,0.,1.));
#13350=DIRECTION('ref_axis',(1.,0.,0.));
#13351=DIRECTION('center_axis',(0.,0.,1.));
#13352=DIRECTION('ref_axis',(1.,0.,0.));
#13353=DIRECTION('center_axis',(0.,1.,0.));
#13354=DIRECTION('ref_axis',(-1.,0.,0.));
#13355=DIRECTION('',(-1.,0.,0.));
#13356=DIRECTION('',(0.,0.,1.));
#13357=DIRECTION('',(-1.,0.,0.));
#13358=DIRECTION('',(0.,0.,1.));
#13359=DIRECTION('center_axis',(1.,0.,0.));
#13360=DIRECTION('ref_axis',(0.,1.,0.));
#13361=DIRECTION('',(0.,1.,0.));
#13362=DIRECTION('',(0.,1.,0.));
#13363=DIRECTION('',(0.,0.,1.));
#13364=DIRECTION('center_axis',(0.,-1.,0.));
#13365=DIRECTION('ref_axis',(1.,0.,0.));
#13366=DIRECTION('',(1.,0.,0.));
#13367=DIRECTION('',(1.,0.,0.));
#13368=DIRECTION('',(0.,0.,1.));
#13369=DIRECTION('center_axis',(-1.,0.,0.));
#13370=DIRECTION('ref_axis',(0.,-1.,0.));
#13371=DIRECTION('',(0.,-1.,0.));
#13372=DIRECTION('',(0.,-1.,0.));
#13373=DIRECTION('center_axis',(0.,0.,1.));
#13374=DIRECTION('ref_axis',(1.,0.,0.));
#13375=DIRECTION('center_axis',(0.,0.,1.));
#13376=DIRECTION('ref_axis',(1.,0.,0.));
#13377=DIRECTION('center_axis',(0.,1.,0.));
#13378=DIRECTION('ref_axis',(-1.,0.,0.));
#13379=DIRECTION('',(-1.,0.,0.));
#13380=DIRECTION('',(0.,0.,1.));
#13381=DIRECTION('',(-1.,0.,0.));
#13382=DIRECTION('',(0.,0.,1.));
#13383=DIRECTION('center_axis',(1.,0.,0.));
#13384=DIRECTION('ref_axis',(0.,1.,0.));
#13385=DIRECTION('',(0.,1.,0.));
#13386=DIRECTION('',(0.,1.,0.));
#13387=DIRECTION('',(0.,0.,1.));
#13388=DIRECTION('center_axis',(0.,-1.,0.));
#13389=DIRECTION('ref_axis',(1.,0.,0.));
#13390=DIRECTION('',(1.,0.,0.));
#13391=DIRECTION('',(1.,0.,0.));
#13392=DIRECTION('',(0.,0.,1.));
#13393=DIRECTION('center_axis',(-1.,0.,0.));
#13394=DIRECTION('ref_axis',(0.,-1.,0.));
#13395=DIRECTION('',(0.,-1.,0.));
#13396=DIRECTION('',(0.,-1.,0.));
#13397=DIRECTION('center_axis',(0.,0.,1.));
#13398=DIRECTION('ref_axis',(1.,0.,0.));
#13399=DIRECTION('center_axis',(0.,0.,1.));
#13400=DIRECTION('ref_axis',(1.,0.,0.));
#13401=DIRECTION('center_axis',(0.,1.,0.));
#13402=DIRECTION('ref_axis',(-1.,0.,0.));
#13403=DIRECTION('',(-1.,0.,0.));
#13404=DIRECTION('',(0.,0.,1.));
#13405=DIRECTION('',(-1.,0.,0.));
#13406=DIRECTION('',(0.,0.,1.));
#13407=DIRECTION('center_axis',(1.,0.,0.));
#13408=DIRECTION('ref_axis',(0.,1.,0.));
#13409=DIRECTION('',(0.,1.,0.));
#13410=DIRECTION('',(0.,1.,0.));
#13411=DIRECTION('',(0.,0.,1.));
#13412=DIRECTION('center_axis',(0.,-1.,0.));
#13413=DIRECTION('ref_axis',(1.,0.,0.));
#13414=DIRECTION('',(1.,0.,0.));
#13415=DIRECTION('',(1.,0.,0.));
#13416=DIRECTION('',(0.,0.,1.));
#13417=DIRECTION('center_axis',(-1.,0.,0.));
#13418=DIRECTION('ref_axis',(0.,-1.,0.));
#13419=DIRECTION('',(0.,-1.,0.));
#13420=DIRECTION('',(0.,-1.,0.));
#13421=DIRECTION('center_axis',(0.,0.,1.));
#13422=DIRECTION('ref_axis',(1.,0.,0.));
#13423=DIRECTION('center_axis',(0.,0.,1.));
#13424=DIRECTION('ref_axis',(1.,0.,0.));
#13425=DIRECTION('center_axis',(0.,1.,0.));
#13426=DIRECTION('ref_axis',(-1.,0.,0.));
#13427=DIRECTION('',(-1.,0.,0.));
#13428=DIRECTION('',(0.,0.,1.));
#13429=DIRECTION('',(-1.,0.,0.));
#13430=DIRECTION('',(0.,0.,1.));
#13431=DIRECTION('center_axis',(1.,0.,0.));
#13432=DIRECTION('ref_axis',(0.,1.,0.));
#13433=DIRECTION('',(0.,1.,0.));
#13434=DIRECTION('',(0.,1.,0.));
#13435=DIRECTION('',(0.,0.,1.));
#13436=DIRECTION('center_axis',(0.,-1.,0.));
#13437=DIRECTION('ref_axis',(1.,0.,0.));
#13438=DIRECTION('',(1.,0.,0.));
#13439=DIRECTION('',(1.,0.,0.));
#13440=DIRECTION('',(0.,0.,1.));
#13441=DIRECTION('center_axis',(-1.,0.,0.));
#13442=DIRECTION('ref_axis',(0.,-1.,0.));
#13443=DIRECTION('',(0.,-1.,0.));
#13444=DIRECTION('',(0.,-1.,0.));
#13445=DIRECTION('center_axis',(0.,0.,1.));
#13446=DIRECTION('ref_axis',(1.,0.,0.));
#13447=DIRECTION('center_axis',(0.,0.,1.));
#13448=DIRECTION('ref_axis',(1.,0.,0.));
#13449=DIRECTION('center_axis',(0.,1.,0.));
#13450=DIRECTION('ref_axis',(-1.,0.,0.));
#13451=DIRECTION('',(-1.,0.,0.));
#13452=DIRECTION('',(0.,0.,1.));
#13453=DIRECTION('',(-1.,0.,0.));
#13454=DIRECTION('',(0.,0.,1.));
#13455=DIRECTION('center_axis',(1.,0.,0.));
#13456=DIRECTION('ref_axis',(0.,1.,0.));
#13457=DIRECTION('',(0.,1.,0.));
#13458=DIRECTION('',(0.,1.,0.));
#13459=DIRECTION('',(0.,0.,1.));
#13460=DIRECTION('center_axis',(0.,-1.,0.));
#13461=DIRECTION('ref_axis',(1.,0.,0.));
#13462=DIRECTION('',(1.,0.,0.));
#13463=DIRECTION('',(1.,0.,0.));
#13464=DIRECTION('',(0.,0.,1.));
#13465=DIRECTION('center_axis',(-1.,0.,0.));
#13466=DIRECTION('ref_axis',(0.,-1.,0.));
#13467=DIRECTION('',(0.,-1.,0.));
#13468=DIRECTION('',(0.,-1.,0.));
#13469=DIRECTION('center_axis',(0.,0.,1.));
#13470=DIRECTION('ref_axis',(1.,0.,0.));
#13471=DIRECTION('center_axis',(0.,0.,1.));
#13472=DIRECTION('ref_axis',(1.,0.,0.));
#13473=DIRECTION('center_axis',(0.,1.,0.));
#13474=DIRECTION('ref_axis',(-1.,0.,0.));
#13475=DIRECTION('',(-1.,0.,0.));
#13476=DIRECTION('',(0.,0.,1.));
#13477=DIRECTION('',(-1.,0.,0.));
#13478=DIRECTION('',(0.,0.,1.));
#13479=DIRECTION('center_axis',(1.,0.,0.));
#13480=DIRECTION('ref_axis',(0.,1.,0.));
#13481=DIRECTION('',(0.,1.,0.));
#13482=DIRECTION('',(0.,1.,0.));
#13483=DIRECTION('',(0.,0.,1.));
#13484=DIRECTION('center_axis',(0.,-1.,0.));
#13485=DIRECTION('ref_axis',(1.,0.,0.));
#13486=DIRECTION('',(1.,0.,0.));
#13487=DIRECTION('',(1.,0.,0.));
#13488=DIRECTION('',(0.,0.,1.));
#13489=DIRECTION('center_axis',(-1.,0.,0.));
#13490=DIRECTION('ref_axis',(0.,-1.,0.));
#13491=DIRECTION('',(0.,-1.,0.));
#13492=DIRECTION('',(0.,-1.,0.));
#13493=DIRECTION('center_axis',(0.,0.,1.));
#13494=DIRECTION('ref_axis',(1.,0.,0.));
#13495=DIRECTION('center_axis',(0.,0.,1.));
#13496=DIRECTION('ref_axis',(1.,0.,0.));
#13497=DIRECTION('center_axis',(0.,1.,0.));
#13498=DIRECTION('ref_axis',(-1.,0.,0.));
#13499=DIRECTION('',(-1.,0.,0.));
#13500=DIRECTION('',(0.,0.,1.));
#13501=DIRECTION('',(-1.,0.,0.));
#13502=DIRECTION('',(0.,0.,1.));
#13503=DIRECTION('center_axis',(1.,0.,0.));
#13504=DIRECTION('ref_axis',(0.,1.,0.));
#13505=DIRECTION('',(0.,1.,0.));
#13506=DIRECTION('',(0.,1.,0.));
#13507=DIRECTION('',(0.,0.,1.));
#13508=DIRECTION('center_axis',(0.,-1.,0.));
#13509=DIRECTION('ref_axis',(1.,0.,0.));
#13510=DIRECTION('',(1.,0.,0.));
#13511=DIRECTION('',(1.,0.,0.));
#13512=DIRECTION('',(0.,0.,1.));
#13513=DIRECTION('center_axis',(-1.,0.,0.));
#13514=DIRECTION('ref_axis',(0.,-1.,0.));
#13515=DIRECTION('',(0.,-1.,0.));
#13516=DIRECTION('',(0.,-1.,0.));
#13517=DIRECTION('center_axis',(0.,0.,1.));
#13518=DIRECTION('ref_axis',(1.,0.,0.));
#13519=DIRECTION('center_axis',(0.,0.,1.));
#13520=DIRECTION('ref_axis',(1.,0.,0.));
#13521=DIRECTION('center_axis',(0.,1.,0.));
#13522=DIRECTION('ref_axis',(-1.,0.,0.));
#13523=DIRECTION('',(-1.,0.,0.));
#13524=DIRECTION('',(0.,0.,1.));
#13525=DIRECTION('',(-1.,0.,0.));
#13526=DIRECTION('',(0.,0.,1.));
#13527=DIRECTION('center_axis',(1.,0.,0.));
#13528=DIRECTION('ref_axis',(0.,1.,0.));
#13529=DIRECTION('',(0.,1.,0.));
#13530=DIRECTION('',(0.,1.,0.));
#13531=DIRECTION('',(0.,0.,1.));
#13532=DIRECTION('center_axis',(0.,-1.,0.));
#13533=DIRECTION('ref_axis',(1.,0.,0.));
#13534=DIRECTION('',(1.,0.,0.));
#13535=DIRECTION('',(1.,0.,0.));
#13536=DIRECTION('',(0.,0.,1.));
#13537=DIRECTION('center_axis',(-1.,0.,0.));
#13538=DIRECTION('ref_axis',(0.,-1.,0.));
#13539=DIRECTION('',(0.,-1.,0.));
#13540=DIRECTION('',(0.,-1.,0.));
#13541=DIRECTION('center_axis',(0.,0.,1.));
#13542=DIRECTION('ref_axis',(1.,0.,0.));
#13543=DIRECTION('center_axis',(0.,0.,1.));
#13544=DIRECTION('ref_axis',(1.,0.,0.));
#13545=DIRECTION('center_axis',(0.,1.,0.));
#13546=DIRECTION('ref_axis',(-1.,0.,0.));
#13547=DIRECTION('',(-1.,0.,0.));
#13548=DIRECTION('',(0.,0.,1.));
#13549=DIRECTION('',(-1.,0.,0.));
#13550=DIRECTION('',(0.,0.,1.));
#13551=DIRECTION('center_axis',(1.,0.,0.));
#13552=DIRECTION('ref_axis',(0.,1.,0.));
#13553=DIRECTION('',(0.,1.,0.));
#13554=DIRECTION('',(0.,1.,0.));
#13555=DIRECTION('',(0.,0.,1.));
#13556=DIRECTION('center_axis',(0.,-1.,0.));
#13557=DIRECTION('ref_axis',(1.,0.,0.));
#13558=DIRECTION('',(1.,0.,0.));
#13559=DIRECTION('',(1.,0.,0.));
#13560=DIRECTION('',(0.,0.,1.));
#13561=DIRECTION('center_axis',(-1.,0.,0.));
#13562=DIRECTION('ref_axis',(0.,-1.,0.));
#13563=DIRECTION('',(0.,-1.,0.));
#13564=DIRECTION('',(0.,-1.,0.));
#13565=DIRECTION('center_axis',(0.,0.,1.));
#13566=DIRECTION('ref_axis',(1.,0.,0.));
#13567=DIRECTION('center_axis',(0.,0.,1.));
#13568=DIRECTION('ref_axis',(1.,0.,0.));
#13569=DIRECTION('center_axis',(0.,1.,0.));
#13570=DIRECTION('ref_axis',(-1.,0.,0.));
#13571=DIRECTION('',(-1.,0.,0.));
#13572=DIRECTION('',(0.,0.,1.));
#13573=DIRECTION('',(-1.,0.,0.));
#13574=DIRECTION('',(0.,0.,1.));
#13575=DIRECTION('center_axis',(1.,0.,0.));
#13576=DIRECTION('ref_axis',(0.,1.,0.));
#13577=DIRECTION('',(0.,1.,0.));
#13578=DIRECTION('',(0.,1.,0.));
#13579=DIRECTION('',(0.,0.,1.));
#13580=DIRECTION('center_axis',(0.,-1.,0.));
#13581=DIRECTION('ref_axis',(1.,0.,0.));
#13582=DIRECTION('',(1.,0.,0.));
#13583=DIRECTION('',(1.,0.,0.));
#13584=DIRECTION('',(0.,0.,1.));
#13585=DIRECTION('center_axis',(-1.,0.,0.));
#13586=DIRECTION('ref_axis',(0.,-1.,0.));
#13587=DIRECTION('',(0.,-1.,0.));
#13588=DIRECTION('',(0.,-1.,0.));
#13589=DIRECTION('center_axis',(0.,0.,1.));
#13590=DIRECTION('ref_axis',(1.,0.,0.));
#13591=DIRECTION('center_axis',(0.,0.,1.));
#13592=DIRECTION('ref_axis',(1.,0.,0.));
#13593=DIRECTION('',(1.22464679914735E-16,0.,-1.));
#13594=DIRECTION('',(-1.,0.,-1.22464679914735E-16));
#13595=CARTESIAN_POINT('',(0.,0.,0.));
#13596=CARTESIAN_POINT('',(0.,0.,0.));
#13597=CARTESIAN_POINT('',(0.,0.,0.));
#13598=CARTESIAN_POINT('Origin',(7.5,72.5,0.));
#13599=CARTESIAN_POINT('',(4.,72.5,0.));
#13600=CARTESIAN_POINT('Origin',(7.5,72.5,0.));
#13601=CARTESIAN_POINT('',(4.,72.5,1.));
#13602=CARTESIAN_POINT('',(4.,72.5,0.));
#13603=CARTESIAN_POINT('Origin',(7.5,72.5,1.));
#13604=CARTESIAN_POINT('Origin',(7.5,72.5,1.));
#13605=CARTESIAN_POINT('Origin',(112.5,7.5,0.));
#13606=CARTESIAN_POINT('',(109.,7.5,0.));
#13607=CARTESIAN_POINT('Origin',(112.5,7.5,0.));
#13608=CARTESIAN_POINT('',(109.,7.5,1.));
#13609=CARTESIAN_POINT('',(109.,7.5,0.));
#13610=CARTESIAN_POINT('Origin',(112.5,7.5,1.));
#13611=CARTESIAN_POINT('Origin',(112.5,7.5,1.));
#13612=CARTESIAN_POINT('Origin',(7.5,7.5,0.));
#13613=CARTESIAN_POINT('',(4.,7.5,0.));
#13614=CARTESIAN_POINT('Origin',(7.5,7.5,0.));
#13615=CARTESIAN_POINT('',(4.,7.5,1.));
#13616=CARTESIAN_POINT('',(4.,7.5,0.));
#13617=CARTESIAN_POINT('Origin',(7.5,7.5,1.));
#13618=CARTESIAN_POINT('Origin',(7.5,7.5,1.));
#13619=CARTESIAN_POINT('Origin',(112.5,72.5,0.));
#13620=CARTESIAN_POINT('',(109.,72.5,0.));
#13621=CARTESIAN_POINT('Origin',(112.5,72.5,0.));
#13622=CARTESIAN_POINT('',(109.,72.5,1.));
#13623=CARTESIAN_POINT('',(109.,72.5,0.));
#13624=CARTESIAN_POINT('Origin',(112.5,72.5,1.));
#13625=CARTESIAN_POINT('Origin',(112.5,72.5,1.));
#13626=CARTESIAN_POINT('Origin',(12.75,42.5,0.));
#13627=CARTESIAN_POINT('',(22.25,42.5,2.));
#13628=CARTESIAN_POINT('',(12.75,42.5,2.));
#13629=CARTESIAN_POINT('',(36.375,42.5,2.));
#13630=CARTESIAN_POINT('',(22.25,42.5,0.));
#13631=CARTESIAN_POINT('',(22.25,42.5,0.));
#13632=CARTESIAN_POINT('',(12.75,42.5,0.));
#13633=CARTESIAN_POINT('',(36.375,42.5,0.));
#13634=CARTESIAN_POINT('',(12.75,42.5,0.));
#13635=CARTESIAN_POINT('Origin',(12.75,45.25,0.));
#13636=CARTESIAN_POINT('',(12.75,48.,2.));
#13637=CARTESIAN_POINT('Origin',(12.75,45.25,2.));
#13638=CARTESIAN_POINT('',(12.75,48.,0.));
#13639=CARTESIAN_POINT('Origin',(12.75,45.25,0.));
#13640=CARTESIAN_POINT('',(12.75,48.,0.));
#13641=CARTESIAN_POINT('Origin',(22.25,48.,0.));
#13642=CARTESIAN_POINT('',(22.25,48.,2.));
#13643=CARTESIAN_POINT('',(41.125,48.,2.));
#13644=CARTESIAN_POINT('',(22.25,48.,0.));
#13645=CARTESIAN_POINT('',(41.125,48.,0.));
#13646=CARTESIAN_POINT('',(22.25,48.,0.));
#13647=CARTESIAN_POINT('Origin',(22.25,45.25,0.));
#13648=CARTESIAN_POINT('Origin',(22.25,45.25,2.));
#13649=CARTESIAN_POINT('Origin',(22.25,45.25,0.));
#13650=CARTESIAN_POINT('Origin',(97.75,42.5,0.));
#13651=CARTESIAN_POINT('',(107.25,42.5,2.));
#13652=CARTESIAN_POINT('',(97.75,42.5,2.));
#13653=CARTESIAN_POINT('',(78.875,42.5,2.));
#13654=CARTESIAN_POINT('',(107.25,42.5,0.));
#13655=CARTESIAN_POINT('',(107.25,42.5,0.));
#13656=CARTESIAN_POINT('',(97.75,42.5,0.));
#13657=CARTESIAN_POINT('',(78.875,42.5,0.));
#13658=CARTESIAN_POINT('',(97.75,42.5,0.));
#13659=CARTESIAN_POINT('Origin',(97.75,45.25,0.));
#13660=CARTESIAN_POINT('',(97.75,48.,2.));
#13661=CARTESIAN_POINT('Origin',(97.75,45.25,2.));
#13662=CARTESIAN_POINT('',(97.75,48.,0.));
#13663=CARTESIAN_POINT('Origin',(97.75,45.25,0.));
#13664=CARTESIAN_POINT('',(97.75,48.,0.));
#13665=CARTESIAN_POINT('Origin',(107.25,48.,0.));
#13666=CARTESIAN_POINT('',(107.25,48.,2.));
#13667=CARTESIAN_POINT('',(83.625,48.,2.));
#13668=CARTESIAN_POINT('',(107.25,48.,0.));
#13669=CARTESIAN_POINT('',(83.625,48.,0.));
#13670=CARTESIAN_POINT('',(107.25,48.,0.));
#13671=CARTESIAN_POINT('Origin',(107.25,45.25,0.));
#13672=CARTESIAN_POINT('Origin',(107.25,45.25,2.));
#13673=CARTESIAN_POINT('Origin',(107.25,45.25,0.));
#13674=CARTESIAN_POINT('Origin',(75.,0.,23.));
#13675=CARTESIAN_POINT('',(69.5,0.,23.));
#13676=CARTESIAN_POINT('Origin',(75.,0.,23.));
#13677=CARTESIAN_POINT('',(69.5,2.,23.));
#13678=CARTESIAN_POINT('',(69.5,0.,23.));
#13679=CARTESIAN_POINT('Origin',(75.,2.,23.));
#13680=CARTESIAN_POINT('Origin',(47.5,0.,23.));
#13681=CARTESIAN_POINT('',(42.,0.,23.));
#13682=CARTESIAN_POINT('Origin',(47.5,0.,23.));
#13683=CARTESIAN_POINT('',(42.,2.,23.));
#13684=CARTESIAN_POINT('',(42.,0.,23.));
#13685=CARTESIAN_POINT('Origin',(47.5,2.,23.));
#13686=CARTESIAN_POINT('Origin',(17.5,0.,23.));
#13687=CARTESIAN_POINT('',(11.25,0.,23.));
#13688=CARTESIAN_POINT('Origin',(17.5,0.,23.));
#13689=CARTESIAN_POINT('',(11.25,2.,23.));
#13690=CARTESIAN_POINT('',(11.25,0.,23.));
#13691=CARTESIAN_POINT('Origin',(17.5,2.,23.));
#13692=CARTESIAN_POINT('Origin',(102.5,0.,23.));
#13693=CARTESIAN_POINT('',(99.3,0.,23.));
#13694=CARTESIAN_POINT('Origin',(102.5,0.,23.));
#13695=CARTESIAN_POINT('',(99.3,2.,23.));
#13696=CARTESIAN_POINT('',(99.3,0.,23.));
#13697=CARTESIAN_POINT('Origin',(102.5,2.,23.));
#13698=CARTESIAN_POINT('Origin',(5.,75.,50.));
#13699=CARTESIAN_POINT('',(3.75,75.,46.));
#13700=CARTESIAN_POINT('Origin',(5.,75.,46.));
#13701=CARTESIAN_POINT('',(3.75,75.,34.));
#13702=CARTESIAN_POINT('',(3.75,75.,50.));
#13703=CARTESIAN_POINT('Origin',(5.,75.,34.));
#13704=CARTESIAN_POINT('Origin',(5.,75.,34.));
#13705=CARTESIAN_POINT('Origin',(115.,5.,50.));
#13706=CARTESIAN_POINT('',(113.75,5.,46.));
#13707=CARTESIAN_POINT('Origin',(115.,5.,46.));
#13708=CARTESIAN_POINT('',(113.75,5.,34.));
#13709=CARTESIAN_POINT('',(113.75,5.,50.));
#13710=CARTESIAN_POINT('Origin',(115.,5.,34.));
#13711=CARTESIAN_POINT('Origin',(115.,5.,34.));
#13712=CARTESIAN_POINT('Origin',(5.,5.,50.));
#13713=CARTESIAN_POINT('',(3.75,5.,46.));
#13714=CARTESIAN_POINT('Origin',(5.,5.,46.));
#13715=CARTESIAN_POINT('',(3.75,5.,34.));
#13716=CARTESIAN_POINT('',(3.75,5.,50.));
#13717=CARTESIAN_POINT('Origin',(5.,5.,34.));
#13718=CARTESIAN_POINT('Origin',(5.,5.,34.));
#13719=CARTESIAN_POINT('Origin',(115.,75.,50.));
#13720=CARTESIAN_POINT('',(113.75,75.,46.));
#13721=CARTESIAN_POINT('Origin',(115.,75.,46.));
#13722=CARTESIAN_POINT('',(113.75,75.,34.));
#13723=CARTESIAN_POINT('',(113.75,75.,50.));
#13724=CARTESIAN_POINT('Origin',(115.,75.,34.));
#13725=CARTESIAN_POINT('Origin',(115.,75.,34.));
#13726=CARTESIAN_POINT('Origin',(12.,68.,39.4));
#13727=CARTESIAN_POINT('',(10.75,68.,39.4));
#13728=CARTESIAN_POINT('Origin',(12.,68.,39.4));
#13729=CARTESIAN_POINT('',(10.75,68.,31.4));
#13730=CARTESIAN_POINT('',(10.75,68.,39.4));
#13731=CARTESIAN_POINT('Origin',(12.,68.,31.4));
#13732=CARTESIAN_POINT('Origin',(12.,68.,31.4));
#13733=CARTESIAN_POINT('Origin',(108.,12.,39.4));
#13734=CARTESIAN_POINT('',(106.75,12.,39.4));
#13735=CARTESIAN_POINT('Origin',(108.,12.,39.4));
#13736=CARTESIAN_POINT('',(106.75,12.,31.4));
#13737=CARTESIAN_POINT('',(106.75,12.,39.4));
#13738=CARTESIAN_POINT('Origin',(108.,12.,31.4));
#13739=CARTESIAN_POINT('Origin',(108.,12.,31.4));
#13740=CARTESIAN_POINT('Origin',(12.,12.,39.4));
#13741=CARTESIAN_POINT('',(10.75,12.,39.4));
#13742=CARTESIAN_POINT('Origin',(12.,12.,39.4));
#13743=CARTESIAN_POINT('',(10.75,12.,31.4));
#13744=CARTESIAN_POINT('',(10.75,12.,39.4));
#13745=CARTESIAN_POINT('Origin',(12.,12.,31.4));
#13746=CARTESIAN_POINT('Origin',(12.,12.,31.4));
#13747=CARTESIAN_POINT('Origin',(108.,68.,39.4));
#13748=CARTESIAN_POINT('',(106.75,68.,39.4));
#13749=CARTESIAN_POINT('Origin',(108.,68.,39.4));
#13750=CARTESIAN_POINT('',(106.75,68.,31.4));
#13751=CARTESIAN_POINT('',(106.75,68.,39.4));
#13752=CARTESIAN_POINT('Origin',(108.,68.,31.4));
#13753=CARTESIAN_POINT('Origin',(108.,68.,31.4));
#13754=CARTESIAN_POINT('Origin',(108.,68.,0.));
#13755=CARTESIAN_POINT('',(105.,68.,39.4));
#13756=CARTESIAN_POINT('Origin',(108.,68.,39.4));
#13757=CARTESIAN_POINT('',(105.,68.,2.));
#13758=CARTESIAN_POINT('',(105.,68.,0.));
#13759=CARTESIAN_POINT('Origin',(108.,68.,2.));
#13760=CARTESIAN_POINT('Origin',(108.,68.,39.4));
#13761=CARTESIAN_POINT('Origin',(12.,12.,0.));
#13762=CARTESIAN_POINT('',(9.,12.,39.4));
#13763=CARTESIAN_POINT('Origin',(12.,12.,39.4));
#13764=CARTESIAN_POINT('',(9.,12.,2.));
#13765=CARTESIAN_POINT('',(9.,12.,0.));
#13766=CARTESIAN_POINT('Origin',(12.,12.,2.));
#13767=CARTESIAN_POINT('Origin',(12.,12.,39.4));
#13768=CARTESIAN_POINT('Origin',(108.,12.,0.));
#13769=CARTESIAN_POINT('',(105.,12.,39.4));
#13770=CARTESIAN_POINT('Origin',(108.,12.,39.4));
#13771=CARTESIAN_POINT('',(105.,12.,2.));
#13772=CARTESIAN_POINT('',(105.,12.,0.));
#13773=CARTESIAN_POINT('Origin',(108.,12.,2.));
#13774=CARTESIAN_POINT('Origin',(108.,12.,39.4));
#13775=CARTESIAN_POINT('Origin',(12.,68.,0.));
#13776=CARTESIAN_POINT('',(9.,68.,39.4));
#13777=CARTESIAN_POINT('Origin',(12.,68.,39.4));
#13778=CARTESIAN_POINT('',(9.,68.,2.));
#13779=CARTESIAN_POINT('',(9.,68.,0.));
#13780=CARTESIAN_POINT('Origin',(12.,68.,2.));
#13781=CARTESIAN_POINT('Origin',(12.,68.,39.4));
#13782=CARTESIAN_POINT('Origin',(115.,75.,0.));
#13783=CARTESIAN_POINT('',(113.197224362268,78.,2.));
#13784=CARTESIAN_POINT('',(113.197224362268,78.,46.));
#13785=CARTESIAN_POINT('',(113.197224362268,78.,0.));
#13786=CARTESIAN_POINT('',(118.,73.197224362268,2.));
#13787=CARTESIAN_POINT('Origin',(115.,75.,2.));
#13788=CARTESIAN_POINT('',(118.,73.197224362268,46.));
#13789=CARTESIAN_POINT('',(118.,73.197224362268,0.));
#13790=CARTESIAN_POINT('Origin',(115.,75.,46.));
#13791=CARTESIAN_POINT('Origin',(60.,40.,46.));
#13792=CARTESIAN_POINT('',(4.,0.,46.));
#13793=CARTESIAN_POINT('',(0.,4.,46.));
#13794=CARTESIAN_POINT('Origin',(4.,4.,46.));
#13795=CARTESIAN_POINT('',(116.,0.,46.));
#13796=CARTESIAN_POINT('',(0.,0.,46.));
#13797=CARTESIAN_POINT('',(120.,4.,46.));
#13798=CARTESIAN_POINT('Origin',(116.,4.,46.));
#13799=CARTESIAN_POINT('',(120.,76.,46.));
#13800=CARTESIAN_POINT('',(120.,0.,46.));
#13801=CARTESIAN_POINT('',(116.,80.,46.));
#13802=CARTESIAN_POINT('Origin',(116.,76.,46.));
#13803=CARTESIAN_POINT('',(4.,80.,46.));
#13804=CARTESIAN_POINT('',(120.,80.,46.));
#13805=CARTESIAN_POINT('',(0.,76.,46.));
#13806=CARTESIAN_POINT('Origin',(4.,76.,46.));
#13807=CARTESIAN_POINT('',(0.,80.,46.));
#13808=CARTESIAN_POINT('',(118.,6.80277563773198,46.));
#13809=CARTESIAN_POINT('',(118.,20.,46.));
#13810=CARTESIAN_POINT('',(113.197224362268,2.,46.));
#13811=CARTESIAN_POINT('Origin',(115.,5.,46.));
#13812=CARTESIAN_POINT('',(6.802775637732,2.,46.));
#13813=CARTESIAN_POINT('',(30.,2.,46.));
#13814=CARTESIAN_POINT('',(2.,6.802775637732,46.));
#13815=CARTESIAN_POINT('Origin',(5.,5.,46.));
#13816=CARTESIAN_POINT('',(2.,73.197224362268,46.));
#13817=CARTESIAN_POINT('',(2.,60.,46.));
#13818=CARTESIAN_POINT('',(6.802775637732,78.,46.));
#13819=CARTESIAN_POINT('Origin',(5.,75.,46.));
#13820=CARTESIAN_POINT('',(90.,78.,46.));
#13821=CARTESIAN_POINT('Origin',(118.,0.,0.));
#13822=CARTESIAN_POINT('',(118.,6.80277563773198,2.));
#13823=CARTESIAN_POINT('',(118.,20.,2.));
#13824=CARTESIAN_POINT('',(118.,6.80277563773198,0.));
#13825=CARTESIAN_POINT('Origin',(5.,5.,0.));
#13826=CARTESIAN_POINT('',(2.,6.802775637732,2.));
#13827=CARTESIAN_POINT('',(2.,6.80277563773199,0.));
#13828=CARTESIAN_POINT('',(6.802775637732,2.,2.));
#13829=CARTESIAN_POINT('',(6.80277563773199,2.,0.));
#13830=CARTESIAN_POINT('Origin',(5.,5.,2.));
#13831=CARTESIAN_POINT('Origin',(60.,40.,2.));
#13832=CARTESIAN_POINT('',(6.80277563773198,78.,2.));
#13833=CARTESIAN_POINT('',(90.,78.,2.));
#13834=CARTESIAN_POINT('',(2.,73.197224362268,2.));
#13835=CARTESIAN_POINT('Origin',(5.,75.,2.));
#13836=CARTESIAN_POINT('',(2.,60.,2.));
#13837=CARTESIAN_POINT('',(113.197224362268,2.,2.));
#13838=CARTESIAN_POINT('',(30.,2.,2.));
#13839=CARTESIAN_POINT('Origin',(115.,5.,2.));
#13840=CARTESIAN_POINT('Origin',(0.,2.,0.));
#13841=CARTESIAN_POINT('',(113.197224362268,2.,0.));
#13842=CARTESIAN_POINT('Origin',(115.,5.,0.));
#13843=CARTESIAN_POINT('Origin',(5.,75.,0.));
#13844=CARTESIAN_POINT('',(2.,73.197224362268,0.));
#13845=CARTESIAN_POINT('',(6.802775637732,78.,0.));
#13846=CARTESIAN_POINT('Origin',(2.,80.,0.));
#13847=CARTESIAN_POINT('Origin',(120.,78.,0.));
#13848=CARTESIAN_POINT('Origin',(4.,4.,0.));
#13849=CARTESIAN_POINT('',(0.,4.,0.));
#13850=CARTESIAN_POINT('',(0.,4.,0.));
#13851=CARTESIAN_POINT('',(4.,0.,0.));
#13852=CARTESIAN_POINT('Origin',(4.,4.,0.));
#13853=CARTESIAN_POINT('',(4.,0.,0.));
#13854=CARTESIAN_POINT('Origin',(0.,80.,0.));
#13855=CARTESIAN_POINT('',(0.,76.,0.));
#13856=CARTESIAN_POINT('',(0.,76.,0.));
#13857=CARTESIAN_POINT('',(0.,80.,0.));
#13858=CARTESIAN_POINT('Origin',(116.,4.,0.));
#13859=CARTESIAN_POINT('',(116.,0.,0.));
#13860=CARTESIAN_POINT('',(116.,0.,0.));
#13861=CARTESIAN_POINT('',(120.,4.,0.));
#13862=CARTESIAN_POINT('Origin',(116.,4.,0.));
#13863=CARTESIAN_POINT('',(120.,4.,0.));
#13864=CARTESIAN_POINT('Origin',(120.,0.,0.));
#13865=CARTESIAN_POINT('',(120.,76.,0.));
#13866=CARTESIAN_POINT('',(120.,0.,0.));
#13867=CARTESIAN_POINT('',(120.,76.,0.));
#13868=CARTESIAN_POINT('Origin',(116.,76.,0.));
#13869=CARTESIAN_POINT('',(116.,80.,0.));
#13870=CARTESIAN_POINT('Origin',(116.,76.,0.));
#13871=CARTESIAN_POINT('',(116.,80.,0.));
#13872=CARTESIAN_POINT('Origin',(4.,76.,0.));
#13873=CARTESIAN_POINT('',(4.,80.,0.));
#13874=CARTESIAN_POINT('',(4.,80.,0.));
#13875=CARTESIAN_POINT('Origin',(4.,76.,0.));
#13876=CARTESIAN_POINT('Origin',(120.,80.,0.));
#13877=CARTESIAN_POINT('',(120.,80.,0.));
#13878=CARTESIAN_POINT('Origin',(0.,0.,0.));
#13879=CARTESIAN_POINT('',(0.,0.,0.));
#13880=CARTESIAN_POINT('Origin',(60.,40.,0.));
#13881=CARTESIAN_POINT('Origin',(5.,75.,50.));
#13882=CARTESIAN_POINT('',(3.4,75.,46.));
#13883=CARTESIAN_POINT('Origin',(5.,75.,46.));
#13884=CARTESIAN_POINT('',(3.4,75.,50.));
#13885=CARTESIAN_POINT('',(3.4,75.,50.));
#13886=CARTESIAN_POINT('Origin',(5.,75.,50.));
#13887=CARTESIAN_POINT('Origin',(115.,5.,50.));
#13888=CARTESIAN_POINT('',(113.4,5.,46.));
#13889=CARTESIAN_POINT('Origin',(115.,5.,46.));
#13890=CARTESIAN_POINT('',(113.4,5.,50.));
#13891=CARTESIAN_POINT('',(113.4,5.,50.));
#13892=CARTESIAN_POINT('Origin',(115.,5.,50.));
#13893=CARTESIAN_POINT('Origin',(5.,5.,50.));
#13894=CARTESIAN_POINT('',(3.4,5.,46.));
#13895=CARTESIAN_POINT('Origin',(5.,5.,46.));
#13896=CARTESIAN_POINT('',(3.4,5.,50.));
#13897=CARTESIAN_POINT('',(3.4,5.,50.));
#13898=CARTESIAN_POINT('Origin',(5.,5.,50.));
#13899=CARTESIAN_POINT('Origin',(115.,75.,50.));
#13900=CARTESIAN_POINT('',(113.4,75.,46.));
#13901=CARTESIAN_POINT('Origin',(115.,75.,46.));
#13902=CARTESIAN_POINT('',(113.4,75.,50.));
#13903=CARTESIAN_POINT('',(113.4,75.,50.));
#13904=CARTESIAN_POINT('Origin',(115.,75.,50.));
#13905=CARTESIAN_POINT('Origin',(30.,70.,50.));
#13906=CARTESIAN_POINT('',(28.4,70.,46.));
#13907=CARTESIAN_POINT('Origin',(30.,70.,46.));
#13908=CARTESIAN_POINT('',(28.4,70.,50.));
#13909=CARTESIAN_POINT('',(28.4,70.,50.));
#13910=CARTESIAN_POINT('Origin',(30.,70.,50.));
#13911=CARTESIAN_POINT('Origin',(12.,36.,50.));
#13912=CARTESIAN_POINT('',(8.75,36.,46.));
#13913=CARTESIAN_POINT('Origin',(12.,36.,46.));
#13914=CARTESIAN_POINT('',(8.75,36.,51.5));
#13915=CARTESIAN_POINT('',(8.75,36.,50.));
#13916=CARTESIAN_POINT('Origin',(12.,36.,51.5));
#13917=CARTESIAN_POINT('Origin',(12.,36.,50.));
#13918=CARTESIAN_POINT('',(7.5,36.,51.5));
#13919=CARTESIAN_POINT('Origin',(12.,36.,51.5));
#13920=CARTESIAN_POINT('',(7.5,36.,50.));
#13921=CARTESIAN_POINT('',(7.5,36.,50.));
#13922=CARTESIAN_POINT('Origin',(12.,36.,50.));
#13923=CARTESIAN_POINT('Origin',(12.,36.,51.5));
#13924=CARTESIAN_POINT('Origin',(60.,42.5,50.5));
#13925=CARTESIAN_POINT('',(49.5,42.5,52.));
#13926=CARTESIAN_POINT('Origin',(60.,42.5,52.));
#13927=CARTESIAN_POINT('',(52.5,42.5,49.));
#13928=CARTESIAN_POINT('',(51.,42.5,50.5));
#13929=CARTESIAN_POINT('Origin',(60.,42.5,49.));
#13930=CARTESIAN_POINT('Origin',(60.,42.5,50.));
#13931=CARTESIAN_POINT('',(52.5,42.5,46.));
#13932=CARTESIAN_POINT('Origin',(60.,42.5,46.));
#13933=CARTESIAN_POINT('',(52.5,42.5,50.));
#13934=CARTESIAN_POINT('Origin',(60.,42.5,52.));
#13935=CARTESIAN_POINT('',(48.5,42.5,52.));
#13936=CARTESIAN_POINT('Origin',(60.,42.5,52.));
#13937=CARTESIAN_POINT('Origin',(60.,42.5,50.));
#13938=CARTESIAN_POINT('',(48.5,42.5,50.));
#13939=CARTESIAN_POINT('',(48.5,42.5,50.));
#13940=CARTESIAN_POINT('Origin',(60.,42.5,50.));
#13941=CARTESIAN_POINT('Origin',(4.,4.,46.));
#13942=CARTESIAN_POINT('',(4.,0.,50.));
#13943=CARTESIAN_POINT('',(0.,4.,50.));
#13944=CARTESIAN_POINT('Origin',(4.,4.,50.));
#13945=CARTESIAN_POINT('',(0.,4.,46.));
#13946=CARTESIAN_POINT('',(0.,4.,46.));
#13947=CARTESIAN_POINT('',(4.,0.,46.));
#13948=CARTESIAN_POINT('Origin',(4.,4.,46.));
#13949=CARTESIAN_POINT('',(4.,0.,46.));
#13950=CARTESIAN_POINT('Origin',(0.,80.,46.));
#13951=CARTESIAN_POINT('',(0.,76.,50.));
#13952=CARTESIAN_POINT('',(0.,80.,50.));
#13953=CARTESIAN_POINT('',(0.,76.,46.));
#13954=CARTESIAN_POINT('',(0.,76.,46.));
#13955=CARTESIAN_POINT('',(0.,80.,46.));
#13956=CARTESIAN_POINT('Origin',(60.,40.,50.));
#13957=CARTESIAN_POINT('',(116.,0.,50.));
#13958=CARTESIAN_POINT('',(0.,0.,50.));
#13959=CARTESIAN_POINT('',(120.,4.,50.));
#13960=CARTESIAN_POINT('Origin',(116.,4.,50.));
#13961=CARTESIAN_POINT('',(120.,76.,50.));
#13962=CARTESIAN_POINT('',(120.,0.,50.));
#13963=CARTESIAN_POINT('',(116.,80.,50.));
#13964=CARTESIAN_POINT('Origin',(116.,76.,50.));
#13965=CARTESIAN_POINT('',(4.,80.,50.));
#13966=CARTESIAN_POINT('',(120.,80.,50.));
#13967=CARTESIAN_POINT('Origin',(4.,76.,50.));
#13968=CARTESIAN_POINT('Origin',(116.,4.,46.));
#13969=CARTESIAN_POINT('',(116.,0.,46.));
#13970=CARTESIAN_POINT('',(116.,0.,46.));
#13971=CARTESIAN_POINT('',(120.,4.,46.));
#13972=CARTESIAN_POINT('Origin',(116.,4.,46.));
#13973=CARTESIAN_POINT('',(120.,4.,46.));
#13974=CARTESIAN_POINT('Origin',(120.,0.,46.));
#13975=CARTESIAN_POINT('',(120.,76.,46.));
#13976=CARTESIAN_POINT('',(120.,0.,46.));
#13977=CARTESIAN_POINT('',(120.,76.,46.));
#13978=CARTESIAN_POINT('Origin',(116.,76.,46.));
#13979=CARTESIAN_POINT('',(116.,80.,46.));
#13980=CARTESIAN_POINT('Origin',(116.,76.,46.));
#13981=CARTESIAN_POINT('',(116.,80.,46.));
#13982=CARTESIAN_POINT('Origin',(4.,76.,46.));
#13983=CARTESIAN_POINT('',(4.,80.,46.));
#13984=CARTESIAN_POINT('',(4.,80.,46.));
#13985=CARTESIAN_POINT('Origin',(4.,76.,46.));
#13986=CARTESIAN_POINT('Origin',(120.,80.,46.));
#13987=CARTESIAN_POINT('',(120.,80.,46.));
#13988=CARTESIAN_POINT('Origin',(0.,0.,46.));
#13989=CARTESIAN_POINT('',(0.,0.,46.));
#13990=CARTESIAN_POINT('Origin',(60.,40.,46.));
#13991=CARTESIAN_POINT('Origin',(60.,42.5,47.));
#13992=CARTESIAN_POINT('',(52.5,42.5,47.));
#13993=CARTESIAN_POINT('Origin',(60.,42.5,47.));
#13994=CARTESIAN_POINT('Origin',(60.,42.5,47.5));
#13995=CARTESIAN_POINT('',(52.5,42.5,48.));
#13996=CARTESIAN_POINT('Origin',(60.,42.5,48.));
#13997=CARTESIAN_POINT('',(52.5,42.5,47.5));
#13998=CARTESIAN_POINT('Origin',(60.,42.5,48.));
#13999=CARTESIAN_POINT('Origin',(77.5,58.75,-5.));
#14000=CARTESIAN_POINT('',(77.5,58.75,-5.));
#14001=CARTESIAN_POINT('',(42.5,58.75,-5.));
#14002=CARTESIAN_POINT('',(68.75,58.75,-5.));
#14003=CARTESIAN_POINT('',(77.5,58.75,-2.));
#14004=CARTESIAN_POINT('',(77.5,58.75,-2.5));
#14005=CARTESIAN_POINT('',(42.5,58.75,-2.));
#14006=CARTESIAN_POINT('',(77.5,58.75,-2.));
#14007=CARTESIAN_POINT('',(42.5,58.75,-2.5));
#14008=CARTESIAN_POINT('Origin',(42.5,23.25,-5.));
#14009=CARTESIAN_POINT('',(42.5,23.25,-5.));
#14010=CARTESIAN_POINT('',(77.5,23.25,-5.));
#14011=CARTESIAN_POINT('',(51.25,23.25,-5.));
#14012=CARTESIAN_POINT('',(42.5,23.25,-2.));
#14013=CARTESIAN_POINT('',(42.5,23.25,-2.5));
#14014=CARTESIAN_POINT('',(77.5,23.25,-2.));
#14015=CARTESIAN_POINT('',(42.5,23.25,-2.));
#14016=CARTESIAN_POINT('',(77.5,23.25,-2.5));
#14017=CARTESIAN_POINT('Origin',(60.,41.,-2.));
#14018=CARTESIAN_POINT('',(42.5,30.5,-2.));
#14019=CARTESIAN_POINT('',(77.5,51.5,-2.));
#14020=CARTESIAN_POINT('Origin',(60.,41.,-5.));
#14021=CARTESIAN_POINT('',(77.5,20.,-5.));
#14022=CARTESIAN_POINT('',(77.5,20.,-5.));
#14023=CARTESIAN_POINT('',(42.5,20.,-5.));
#14024=CARTESIAN_POINT('',(42.5,20.,-5.));
#14025=CARTESIAN_POINT('',(42.5,62.,-5.));
#14026=CARTESIAN_POINT('Origin',(60.,41.,-5.));
#14027=CARTESIAN_POINT('',(42.5,62.,-5.));
#14028=CARTESIAN_POINT('',(42.5,62.,-5.));
#14029=CARTESIAN_POINT('',(77.5,62.,-5.));
#14030=CARTESIAN_POINT('',(77.5,62.,-5.));
#14031=CARTESIAN_POINT('',(77.5,20.,-5.));
#14032=CARTESIAN_POINT('Origin',(42.5,20.,0.));
#14033=CARTESIAN_POINT('',(42.5,20.,0.));
#14034=CARTESIAN_POINT('',(42.5,20.,0.));
#14035=CARTESIAN_POINT('',(42.5,62.,0.));
#14036=CARTESIAN_POINT('',(42.5,62.,0.));
#14037=CARTESIAN_POINT('',(42.5,62.,0.));
#14038=CARTESIAN_POINT('Origin',(77.5,20.,0.));
#14039=CARTESIAN_POINT('',(77.5,20.,0.));
#14040=CARTESIAN_POINT('',(42.5,20.,0.));
#14041=CARTESIAN_POINT('',(77.5,20.,0.));
#14042=CARTESIAN_POINT('Origin',(77.5,62.,0.));
#14043=CARTESIAN_POINT('',(77.5,62.,0.));
#14044=CARTESIAN_POINT('',(77.5,62.,0.));
#14045=CARTESIAN_POINT('',(77.5,20.,0.));
#14046=CARTESIAN_POINT('Origin',(42.5,62.,0.));
#14047=CARTESIAN_POINT('',(77.5,62.,0.));
#14048=CARTESIAN_POINT('Origin',(60.,41.,0.));
#14049=CARTESIAN_POINT('',(0.,0.,0.));
#14050=CARTESIAN_POINT('Origin',(0.,70.,0.));
#14051=CARTESIAN_POINT('',(0.,66.,1.6));
#14052=CARTESIAN_POINT('',(0.,66.,0.));
#14053=CARTESIAN_POINT('',(0.,66.,0.));
#14054=CARTESIAN_POINT('',(4.,70.,1.6));
#14055=CARTESIAN_POINT('Origin',(0.,70.,1.6));
#14056=CARTESIAN_POINT('',(4.,70.,0.));
#14057=CARTESIAN_POINT('',(4.,70.,0.));
#14058=CARTESIAN_POINT('Origin',(0.,70.,0.));
#14059=CARTESIAN_POINT('Origin',(0.,0.,0.));
#14060=CARTESIAN_POINT('',(0.,4.,0.));
#14061=CARTESIAN_POINT('',(0.,4.,1.6));
#14062=CARTESIAN_POINT('',(0.,4.,0.));
#14063=CARTESIAN_POINT('',(4.,0.,0.));
#14064=CARTESIAN_POINT('Origin',(0.,0.,0.));
#14065=CARTESIAN_POINT('',(4.,0.,1.6));
#14066=CARTESIAN_POINT('',(4.,0.,0.));
#14067=CARTESIAN_POINT('Origin',(0.,0.,1.6));
#14068=CARTESIAN_POINT('Origin',(82.5,-1.,0.));
#14069=CARTESIAN_POINT('',(82.5,40.,1.6));
#14070=CARTESIAN_POINT('',(82.5,0.,1.6));
#14071=CARTESIAN_POINT('',(82.5,17.,1.6));
#14072=CARTESIAN_POINT('',(82.5,40.,0.));
#14073=CARTESIAN_POINT('',(82.5,40.,0.));
#14074=CARTESIAN_POINT('',(82.5,0.,0.));
#14075=CARTESIAN_POINT('',(82.5,17.,0.));
#14076=CARTESIAN_POINT('',(82.5,0.,0.));
#14077=CARTESIAN_POINT('Origin',(82.5,40.,0.));
#14078=CARTESIAN_POINT('',(81.5,40.,1.6));
#14079=CARTESIAN_POINT('',(68.75,39.9999999999999,1.6));
#14080=CARTESIAN_POINT('',(81.5,40.,0.));
#14081=CARTESIAN_POINT('',(81.5,40.,0.));
#14082=CARTESIAN_POINT('',(68.75,39.9999999999999,0.));
#14083=CARTESIAN_POINT('Origin',(81.5,40.,0.));
#14084=CARTESIAN_POINT('',(81.5,0.,1.6));
#14085=CARTESIAN_POINT('',(81.5,37.5,1.6));
#14086=CARTESIAN_POINT('',(81.5,0.,0.));
#14087=CARTESIAN_POINT('',(81.5,0.,0.));
#14088=CARTESIAN_POINT('',(81.5,37.5,0.));
#14089=CARTESIAN_POINT('Origin',(7.,63.,0.));
#14090=CARTESIAN_POINT('',(5.4,63.,0.));
#14091=CARTESIAN_POINT('Origin',(7.,63.,0.));
#14092=CARTESIAN_POINT('',(5.4,63.,1.6));
#14093=CARTESIAN_POINT('',(5.4,63.,0.));
#14094=CARTESIAN_POINT('Origin',(7.,63.,1.6));
#14095=CARTESIAN_POINT('Origin',(103.,7.,0.));
#14096=CARTESIAN_POINT('',(101.4,7.,0.));
#14097=CARTESIAN_POINT('Origin',(103.,7.,0.));
#14098=CARTESIAN_POINT('',(101.4,7.,1.6));
#14099=CARTESIAN_POINT('',(101.4,7.,0.));
#14100=CARTESIAN_POINT('Origin',(103.,7.,1.6));
#14101=CARTESIAN_POINT('Origin',(103.,63.,0.));
#14102=CARTESIAN_POINT('',(101.4,63.,0.));
#14103=CARTESIAN_POINT('Origin',(103.,63.,0.));
#14104=CARTESIAN_POINT('',(101.4,63.,1.6));
#14105=CARTESIAN_POINT('',(101.4,63.,0.));
#14106=CARTESIAN_POINT('Origin',(103.,63.,1.6));
#14107=CARTESIAN_POINT('Origin',(7.,7.,0.));
#14108=CARTESIAN_POINT('',(5.4,7.,0.));
#14109=CARTESIAN_POINT('Origin',(7.,7.,0.));
#14110=CARTESIAN_POINT('',(5.4,7.,1.6));
#14111=CARTESIAN_POINT('',(5.4,7.,0.));
#14112=CARTESIAN_POINT('Origin',(7.,7.,1.6));
#14113=CARTESIAN_POINT('Origin',(110.,0.,0.));
#14114=CARTESIAN_POINT('',(106.,0.,1.6));
#14115=CARTESIAN_POINT('',(110.,4.,1.6));
#14116=CARTESIAN_POINT('Origin',(110.,0.,1.6));
#14117=CARTESIAN_POINT('',(106.,0.,0.));
#14118=CARTESIAN_POINT('',(106.,0.,0.));
#14119=CARTESIAN_POINT('',(110.,4.,0.));
#14120=CARTESIAN_POINT('Origin',(110.,0.,0.));
#14121=CARTESIAN_POINT('',(110.,4.,0.));
#14122=CARTESIAN_POINT('Origin',(110.,70.,0.));
#14123=CARTESIAN_POINT('',(110.,66.,1.6));
#14124=CARTESIAN_POINT('',(106.,70.,1.6));
#14125=CARTESIAN_POINT('Origin',(110.,70.,1.6));
#14126=CARTESIAN_POINT('',(110.,66.,0.));
#14127=CARTESIAN_POINT('',(110.,66.,0.));
#14128=CARTESIAN_POINT('',(106.,70.,0.));
#14129=CARTESIAN_POINT('Origin',(110.,70.,0.));
#14130=CARTESIAN_POINT('',(106.,70.,0.));
#14131=CARTESIAN_POINT('Origin',(0.,0.,0.));
#14132=CARTESIAN_POINT('',(0.,0.,0.));
#14133=CARTESIAN_POINT('',(0.,0.,1.6));
#14134=CARTESIAN_POINT('Origin',(0.,0.,0.));
#14135=CARTESIAN_POINT('',(0.,0.,0.));
#14136=CARTESIAN_POINT('',(0.,0.,1.6));
#14137=CARTESIAN_POINT('Origin',(110.,70.,0.));
#14138=CARTESIAN_POINT('',(110.,70.,1.6));
#14139=CARTESIAN_POINT('',(110.,70.,0.));
#14140=CARTESIAN_POINT('Origin',(55.,35.,1.6));
#14141=CARTESIAN_POINT('',(0.,70.,1.6));
#14142=CARTESIAN_POINT('',(110.,0.,1.6));
#14143=CARTESIAN_POINT('Origin',(55.,35.,0.));
#14144=CARTESIAN_POINT('',(110.,0.,0.));
#14145=CARTESIAN_POINT('',(0.,70.,0.));
#14146=CARTESIAN_POINT('Origin',(0.,70.,0.));
#14147=CARTESIAN_POINT('Origin',(110.,0.,0.));
#14148=CARTESIAN_POINT('Origin',(55.,37.5,1.6));
#14149=CARTESIAN_POINT('',(50.5,37.5,7.6));
#14150=CARTESIAN_POINT('Origin',(55.,37.5,7.6));
#14151=CARTESIAN_POINT('',(50.5,37.5,1.6));
#14152=CARTESIAN_POINT('',(50.5,37.5,1.6));
#14153=CARTESIAN_POINT('Origin',(55.,37.5,1.6));
#14154=CARTESIAN_POINT('Origin',(55.,37.5,7.6));
#14155=CARTESIAN_POINT('Origin',(55.,37.5,1.6));
#14156=CARTESIAN_POINT('Origin',(8.25,32.25,1.6));
#14157=CARTESIAN_POINT('',(8.25,32.25,1.6));
#14158=CARTESIAN_POINT('',(5.75,32.25,1.6));
#14159=CARTESIAN_POINT('',(8.25,32.25,1.6));
#14160=CARTESIAN_POINT('',(5.75,32.25,2.5));
#14161=CARTESIAN_POINT('',(5.75,32.25,1.6));
#14162=CARTESIAN_POINT('',(8.25,32.25,2.5));
#14163=CARTESIAN_POINT('',(8.25,32.25,2.5));
#14164=CARTESIAN_POINT('',(8.25,32.25,1.6));
#14165=CARTESIAN_POINT('Origin',(8.25,29.75,1.6));
#14166=CARTESIAN_POINT('',(8.25,29.75,1.6));
#14167=CARTESIAN_POINT('',(8.25,29.75,1.6));
#14168=CARTESIAN_POINT('',(8.25,29.75,2.5));
#14169=CARTESIAN_POINT('',(8.25,29.75,2.5));
#14170=CARTESIAN_POINT('',(8.25,29.75,1.6));
#14171=CARTESIAN_POINT('Origin',(5.75,29.75,1.6));
#14172=CARTESIAN_POINT('',(5.75,29.75,1.6));
#14173=CARTESIAN_POINT('',(5.75,29.75,1.6));
#14174=CARTESIAN_POINT('',(5.75,29.75,2.5));
#14175=CARTESIAN_POINT('',(5.75,29.75,2.5));
#14176=CARTESIAN_POINT('',(5.75,29.75,1.6));
#14177=CARTESIAN_POINT('Origin',(5.75,32.25,1.6));
#14178=CARTESIAN_POINT('',(5.75,32.25,1.6));
#14179=CARTESIAN_POINT('',(5.75,32.25,2.5));
#14180=CARTESIAN_POINT('Origin',(7.,31.,2.5));
#14181=CARTESIAN_POINT('Origin',(7.,31.,1.6));
#14182=CARTESIAN_POINT('Origin',(25.,65.,1.6));
#14183=CARTESIAN_POINT('',(23.5,65.,3.1));
#14184=CARTESIAN_POINT('Origin',(25.,65.,3.1));
#14185=CARTESIAN_POINT('',(23.5,65.,1.6));
#14186=CARTESIAN_POINT('',(23.5,65.,1.6));
#14187=CARTESIAN_POINT('Origin',(25.,65.,1.6));
#14188=CARTESIAN_POINT('Origin',(25.,65.,3.1));
#14189=CARTESIAN_POINT('Origin',(25.,65.,1.6));
#14190=CARTESIAN_POINT('Origin',(39.5,46.5,1.6));
#14191=CARTESIAN_POINT('',(39.5,46.5,1.6));
#14192=CARTESIAN_POINT('',(37.5,46.5,1.6));
#14193=CARTESIAN_POINT('',(39.5,46.5,1.6));
#14194=CARTESIAN_POINT('',(37.5,46.5,2.2));
#14195=CARTESIAN_POINT('',(37.5,46.5,1.6));
#14196=CARTESIAN_POINT('',(39.5,46.5,2.2));
#14197=CARTESIAN_POINT('',(39.5,46.5,2.2));
#14198=CARTESIAN_POINT('',(39.5,46.5,1.6));
#14199=CARTESIAN_POINT('Origin',(39.5,45.5,1.6));
#14200=CARTESIAN_POINT('',(39.5,45.5,1.6));
#14201=CARTESIAN_POINT('',(39.5,45.5,1.6));
#14202=CARTESIAN_POINT('',(39.5,45.5,2.2));
#14203=CARTESIAN_POINT('',(39.5,45.5,2.2));
#14204=CARTESIAN_POINT('',(39.5,45.5,1.6));
#14205=CARTESIAN_POINT('Origin',(37.5,45.5,1.6));
#14206=CARTESIAN_POINT('',(37.5,45.5,1.6));
#14207=CARTESIAN_POINT('',(37.5,45.5,1.6));
#14208=CARTESIAN_POINT('',(37.5,45.5,2.2));
#14209=CARTESIAN_POINT('',(37.5,45.5,2.2));
#14210=CARTESIAN_POINT('',(37.5,45.5,1.6));
#14211=CARTESIAN_POINT('Origin',(37.5,46.5,1.6));
#14212=CARTESIAN_POINT('',(37.5,46.5,1.6));
#14213=CARTESIAN_POINT('',(37.5,46.5,2.2));
#14214=CARTESIAN_POINT('Origin',(38.5,46.,2.2));
#14215=CARTESIAN_POINT('Origin',(38.5,46.,1.6));
#14216=CARTESIAN_POINT('Origin',(39.5,44.75,1.6));
#14217=CARTESIAN_POINT('',(39.5,44.75,1.6));
#14218=CARTESIAN_POINT('',(37.5,44.75,1.6));
#14219=CARTESIAN_POINT('',(39.5,44.75,1.6));
#14220=CARTESIAN_POINT('',(37.5,44.75,2.2));
#14221=CARTESIAN_POINT('',(37.5,44.75,1.6));
#14222=CARTESIAN_POINT('',(39.5,44.75,2.2));
#14223=CARTESIAN_POINT('',(39.5,44.75,2.2));
#14224=CARTESIAN_POINT('',(39.5,44.75,1.6));
#14225=CARTESIAN_POINT('Origin',(39.5,43.75,1.6));
#14226=CARTESIAN_POINT('',(39.5,43.75,1.6));
#14227=CARTESIAN_POINT('',(39.5,43.75,1.6));
#14228=CARTESIAN_POINT('',(39.5,43.75,2.2));
#14229=CARTESIAN_POINT('',(39.5,43.75,2.2));
#14230=CARTESIAN_POINT('',(39.5,43.75,1.6));
#14231=CARTESIAN_POINT('Origin',(37.5,43.75,1.6));
#14232=CARTESIAN_POINT('',(37.5,43.75,1.6));
#14233=CARTESIAN_POINT('',(37.5,43.75,1.6));
#14234=CARTESIAN_POINT('',(37.5,43.75,2.2));
#14235=CARTESIAN_POINT('',(37.5,43.75,2.2));
#14236=CARTESIAN_POINT('',(37.5,43.75,1.6));
#14237=CARTESIAN_POINT('Origin',(37.5,44.75,1.6));
#14238=CARTESIAN_POINT('',(37.5,44.75,1.6));
#14239=CARTESIAN_POINT('',(37.5,44.75,2.2));
#14240=CARTESIAN_POINT('Origin',(38.5,44.25,2.2));
#14241=CARTESIAN_POINT('Origin',(38.5,44.25,1.6));
#14242=CARTESIAN_POINT('Origin',(38.75,43.,1.6));
#14243=CARTESIAN_POINT('',(38.75,43.,1.6));
#14244=CARTESIAN_POINT('',(37.5,43.,1.6));
#14245=CARTESIAN_POINT('',(38.75,43.,1.6));
#14246=CARTESIAN_POINT('',(37.5,43.,2.2));
#14247=CARTESIAN_POINT('',(37.5,43.,1.6));
#14248=CARTESIAN_POINT('',(38.75,43.,2.2));
#14249=CARTESIAN_POINT('',(38.75,43.,2.2));
#14250=CARTESIAN_POINT('',(38.75,43.,1.6));
#14251=CARTESIAN_POINT('Origin',(38.75,42.,1.6));
#14252=CARTESIAN_POINT('',(38.75,42.,1.6));
#14253=CARTESIAN_POINT('',(38.75,42.,1.6));
#14254=CARTESIAN_POINT('',(38.75,42.,2.2));
#14255=CARTESIAN_POINT('',(38.75,42.,2.2));
#14256=CARTESIAN_POINT('',(38.75,42.,1.6));
#14257=CARTESIAN_POINT('Origin',(37.5,42.,1.6));
#14258=CARTESIAN_POINT('',(37.5,42.,1.6));
#14259=CARTESIAN_POINT('',(37.5,42.,1.6));
#14260=CARTESIAN_POINT('',(37.5,42.,2.2));
#14261=CARTESIAN_POINT('',(37.5,42.,2.2));
#14262=CARTESIAN_POINT('',(37.5,42.,1.6));
#14263=CARTESIAN_POINT('Origin',(37.5,43.,1.6));
#14264=CARTESIAN_POINT('',(37.5,43.,1.6));
#14265=CARTESIAN_POINT('',(37.5,43.,2.2));
#14266=CARTESIAN_POINT('Origin',(38.125,42.5,2.2));
#14267=CARTESIAN_POINT('Origin',(38.125,42.5,1.6));
#14268=CARTESIAN_POINT('Origin',(31.,52.5,1.6));
#14269=CARTESIAN_POINT('',(31.,52.5,1.6));
#14270=CARTESIAN_POINT('',(29.,52.5,1.6));
#14271=CARTESIAN_POINT('',(31.,52.5,1.6));
#14272=CARTESIAN_POINT('',(29.,52.5,2.2));
#14273=CARTESIAN_POINT('',(29.,52.5,1.6));
#14274=CARTESIAN_POINT('',(31.,52.5,2.2));
#14275=CARTESIAN_POINT('',(31.,52.5,2.2));
#14276=CARTESIAN_POINT('',(31.,52.5,1.6));
#14277=CARTESIAN_POINT('Origin',(31.,51.5,1.6));
#14278=CARTESIAN_POINT('',(31.,51.5,1.6));
#14279=CARTESIAN_POINT('',(31.,51.5,1.6));
#14280=CARTESIAN_POINT('',(31.,51.5,2.2));
#14281=CARTESIAN_POINT('',(31.,51.5,2.2));
#14282=CARTESIAN_POINT('',(31.,51.5,1.6));
#14283=CARTESIAN_POINT('Origin',(29.,51.5,1.6));
#14284=CARTESIAN_POINT('',(29.,51.5,1.6));
#14285=CARTESIAN_POINT('',(29.,51.5,1.6));
#14286=CARTESIAN_POINT('',(29.,51.5,2.2));
#14287=CARTESIAN_POINT('',(29.,51.5,2.2));
#14288=CARTESIAN_POINT('',(29.,51.5,1.6));
#14289=CARTESIAN_POINT('Origin',(29.,52.5,1.6));
#14290=CARTESIAN_POINT('',(29.,52.5,1.6));
#14291=CARTESIAN_POINT('',(29.,52.5,2.2));
#14292=CARTESIAN_POINT('Origin',(30.,52.,2.2));
#14293=CARTESIAN_POINT('Origin',(30.,52.,1.6));
#14294=CARTESIAN_POINT('Origin',(31.,51.,1.6));
#14295=CARTESIAN_POINT('',(31.,51.,1.6));
#14296=CARTESIAN_POINT('',(29.,51.,1.6));
#14297=CARTESIAN_POINT('',(31.,51.,1.6));
#14298=CARTESIAN_POINT('',(29.,51.,2.2));
#14299=CARTESIAN_POINT('',(29.,51.,1.6));
#14300=CARTESIAN_POINT('',(31.,51.,2.2));
#14301=CARTESIAN_POINT('',(31.,51.,2.2));
#14302=CARTESIAN_POINT('',(31.,51.,1.6));
#14303=CARTESIAN_POINT('Origin',(31.,50.,1.6));
#14304=CARTESIAN_POINT('',(31.,50.,1.6));
#14305=CARTESIAN_POINT('',(31.,50.,1.6));
#14306=CARTESIAN_POINT('',(31.,50.,2.2));
#14307=CARTESIAN_POINT('',(31.,50.,2.2));
#14308=CARTESIAN_POINT('',(31.,50.,1.6));
#14309=CARTESIAN_POINT('Origin',(29.,50.,1.6));
#14310=CARTESIAN_POINT('',(29.,50.,1.6));
#14311=CARTESIAN_POINT('',(29.,50.,1.6));
#14312=CARTESIAN_POINT('',(29.,50.,2.2));
#14313=CARTESIAN_POINT('',(29.,50.,2.2));
#14314=CARTESIAN_POINT('',(29.,50.,1.6));
#14315=CARTESIAN_POINT('Origin',(29.,51.,1.6));
#14316=CARTESIAN_POINT('',(29.,51.,1.6));
#14317=CARTESIAN_POINT('',(29.,51.,2.2));
#14318=CARTESIAN_POINT('Origin',(30.,50.5,2.2));
#14319=CARTESIAN_POINT('Origin',(30.,50.5,1.6));
#14320=CARTESIAN_POINT('Origin',(35.,52.75,1.6));
#14321=CARTESIAN_POINT('',(35.,52.75,1.6));
#14322=CARTESIAN_POINT('',(32.,52.75,1.6));
#14323=CARTESIAN_POINT('',(35.,52.75,1.6));
#14324=CARTESIAN_POINT('',(32.,52.75,3.6));
#14325=CARTESIAN_POINT('',(32.,52.75,1.6));
#14326=CARTESIAN_POINT('',(35.,52.75,3.6));
#14327=CARTESIAN_POINT('',(35.,52.75,3.6));
#14328=CARTESIAN_POINT('',(35.,52.75,1.6));
#14329=CARTESIAN_POINT('Origin',(35.,49.75,1.6));
#14330=CARTESIAN_POINT('',(35.,49.75,1.6));
#14331=CARTESIAN_POINT('',(35.,49.75,1.6));
#14332=CARTESIAN_POINT('',(35.,49.75,3.6));
#14333=CARTESIAN_POINT('',(35.,49.75,3.6));
#14334=CARTESIAN_POINT('',(35.,49.75,1.6));
#14335=CARTESIAN_POINT('Origin',(32.,49.75,1.6));
#14336=CARTESIAN_POINT('',(32.,49.75,1.6));
#14337=CARTESIAN_POINT('',(32.,49.75,1.6));
#14338=CARTESIAN_POINT('',(32.,49.75,3.6));
#14339=CARTESIAN_POINT('',(32.,49.75,3.6));
#14340=CARTESIAN_POINT('',(32.,49.75,1.6));
#14341=CARTESIAN_POINT('Origin',(32.,52.75,1.6));
#14342=CARTESIAN_POINT('',(32.,52.75,1.6));
#14343=CARTESIAN_POINT('',(32.,52.75,3.6));
#14344=CARTESIAN_POINT('Origin',(33.5,51.25,3.6));
#14345=CARTESIAN_POINT('Origin',(33.5,51.25,1.6));
#14346=CARTESIAN_POINT('Origin',(28.,40.8,0.));
#14347=CARTESIAN_POINT('',(10.,40.8,0.));
#14348=CARTESIAN_POINT('',(28.,40.8,0.));
#14349=CARTESIAN_POINT('',(10.,40.8,0.));
#14350=CARTESIAN_POINT('',(10.,40.8,-3.2));
#14351=CARTESIAN_POINT('',(10.,40.8,0.));
#14352=CARTESIAN_POINT('',(28.,40.8,-3.2));
#14353=CARTESIAN_POINT('',(10.,40.8,-3.2));
#14354=CARTESIAN_POINT('',(28.,40.8,0.));
#14355=CARTESIAN_POINT('Origin',(28.,60.,0.));
#14356=CARTESIAN_POINT('',(28.,60.,0.));
#14357=CARTESIAN_POINT('',(28.,40.8,0.));
#14358=CARTESIAN_POINT('',(28.,60.,-3.2));
#14359=CARTESIAN_POINT('',(28.,40.8,-3.2));
#14360=CARTESIAN_POINT('',(28.,60.,0.));
#14361=CARTESIAN_POINT('Origin',(10.,60.,0.));
#14362=CARTESIAN_POINT('',(10.,60.,0.));
#14363=CARTESIAN_POINT('',(28.,60.,0.));
#14364=CARTESIAN_POINT('',(10.,60.,-3.2));
#14365=CARTESIAN_POINT('',(28.,60.,-3.2));
#14366=CARTESIAN_POINT('',(10.,60.,0.));
#14367=CARTESIAN_POINT('Origin',(10.,40.8,0.));
#14368=CARTESIAN_POINT('',(10.,60.,0.));
#14369=CARTESIAN_POINT('',(10.,60.,-3.2));
#14370=CARTESIAN_POINT('Origin',(19.,50.4,0.));
#14371=CARTESIAN_POINT('Origin',(19.,50.4,-3.2));
#14372=CARTESIAN_POINT('Origin',(97.8,43.75,0.));
#14373=CARTESIAN_POINT('',(64.,43.75,0.));
#14374=CARTESIAN_POINT('',(97.8,43.75,0.));
#14375=CARTESIAN_POINT('',(64.,43.75,0.));
#14376=CARTESIAN_POINT('',(64.,43.75,-13.));
#14377=CARTESIAN_POINT('',(64.,43.75,0.));
#14378=CARTESIAN_POINT('',(97.8,43.75,-13.));
#14379=CARTESIAN_POINT('',(64.,43.75,-13.));
#14380=CARTESIAN_POINT('',(97.8,43.75,0.));
#14381=CARTESIAN_POINT('Origin',(97.8,64.05,0.));
#14382=CARTESIAN_POINT('',(97.8,64.05,0.));
#14383=CARTESIAN_POINT('',(97.8,43.75,0.));
#14384=CARTESIAN_POINT('',(97.8,64.05,-13.));
#14385=CARTESIAN_POINT('',(97.8,43.75,-13.));
#14386=CARTESIAN_POINT('',(97.8,64.05,0.));
#14387=CARTESIAN_POINT('Origin',(64.,64.05,0.));
#14388=CARTESIAN_POINT('',(64.,64.05,0.));
#14389=CARTESIAN_POINT('',(97.8,64.05,0.));
#14390=CARTESIAN_POINT('',(64.,64.05,-13.));
#14391=CARTESIAN_POINT('',(97.8,64.05,-13.));
#14392=CARTESIAN_POINT('',(64.,64.05,0.));
#14393=CARTESIAN_POINT('Origin',(64.,43.75,0.));
#14394=CARTESIAN_POINT('',(64.,64.05,0.));
#14395=CARTESIAN_POINT('',(64.,64.05,-13.));
#14396=CARTESIAN_POINT('Origin',(80.9,53.9,0.));
#14397=CARTESIAN_POINT('Origin',(80.9,53.9,-13.));
#14398=CARTESIAN_POINT('Origin',(94.1,22.25,0.));
#14399=CARTESIAN_POINT('',(88.,22.25,0.));
#14400=CARTESIAN_POINT('',(94.1,22.25,0.));
#14401=CARTESIAN_POINT('',(88.,22.25,0.));
#14402=CARTESIAN_POINT('',(88.,22.25,-2.6));
#14403=CARTESIAN_POINT('',(88.,22.25,0.));
#14404=CARTESIAN_POINT('',(94.1,22.25,-2.6));
#14405=CARTESIAN_POINT('',(88.,22.25,-2.6));
#14406=CARTESIAN_POINT('',(94.1,22.25,0.));
#14407=CARTESIAN_POINT('Origin',(94.1,25.,0.));
#14408=CARTESIAN_POINT('',(94.1,25.,0.));
#14409=CARTESIAN_POINT('',(94.1,22.25,0.));
#14410=CARTESIAN_POINT('',(94.1,25.,-2.6));
#14411=CARTESIAN_POINT('',(94.1,22.25,-2.6));
#14412=CARTESIAN_POINT('',(94.1,25.,0.));
#14413=CARTESIAN_POINT('Origin',(88.,25.,0.));
#14414=CARTESIAN_POINT('',(88.,25.,0.));
#14415=CARTESIAN_POINT('',(94.1,25.,0.));
#14416=CARTESIAN_POINT('',(88.,25.,-2.6));
#14417=CARTESIAN_POINT('',(94.1,25.,-2.6));
#14418=CARTESIAN_POINT('',(88.,25.,0.));
#14419=CARTESIAN_POINT('Origin',(88.,22.25,0.));
#14420=CARTESIAN_POINT('',(88.,25.,0.));
#14421=CARTESIAN_POINT('',(88.,25.,-2.6));
#14422=CARTESIAN_POINT('Origin',(91.05,23.625,0.));
#14423=CARTESIAN_POINT('Origin',(91.05,23.625,-2.6));
#14424=CARTESIAN_POINT('Origin',(103.5,21.5,0.));
#14425=CARTESIAN_POINT('',(96.5,21.5,0.));
#14426=CARTESIAN_POINT('',(103.5,21.5,0.));
#14427=CARTESIAN_POINT('',(96.5,21.5,0.));
#14428=CARTESIAN_POINT('',(96.5,21.5,-8.));
#14429=CARTESIAN_POINT('',(96.5,21.5,0.));
#14430=CARTESIAN_POINT('',(103.5,21.5,-8.));
#14431=CARTESIAN_POINT('',(96.5,21.5,-8.));
#14432=CARTESIAN_POINT('',(103.5,21.5,0.));
#14433=CARTESIAN_POINT('Origin',(103.5,25.5,0.));
#14434=CARTESIAN_POINT('',(103.5,25.5,0.));
#14435=CARTESIAN_POINT('',(103.5,21.5,0.));
#14436=CARTESIAN_POINT('',(103.5,25.5,-8.));
#14437=CARTESIAN_POINT('',(103.5,21.5,-8.));
#14438=CARTESIAN_POINT('',(103.5,25.5,0.));
#14439=CARTESIAN_POINT('Origin',(96.5,25.5,0.));
#14440=CARTESIAN_POINT('',(96.5,25.5,0.));
#14441=CARTESIAN_POINT('',(103.5,25.5,0.));
#14442=CARTESIAN_POINT('',(96.5,25.5,-8.));
#14443=CARTESIAN_POINT('',(103.5,25.5,-8.));
#14444=CARTESIAN_POINT('',(96.5,25.5,0.));
#14445=CARTESIAN_POINT('Origin',(96.5,21.5,0.));
#14446=CARTESIAN_POINT('',(96.5,25.5,0.));
#14447=CARTESIAN_POINT('',(96.5,25.5,-8.));
#14448=CARTESIAN_POINT('Origin',(100.,23.5,0.));
#14449=CARTESIAN_POINT('Origin',(100.,23.5,-8.));
#14450=CARTESIAN_POINT('Origin',(99.25,0.5,0.));
#14451=CARTESIAN_POINT('',(89.,0.5,0.));
#14452=CARTESIAN_POINT('',(99.25,0.5,0.));
#14453=CARTESIAN_POINT('',(89.,0.5,0.));
#14454=CARTESIAN_POINT('',(89.,0.5,-10.));
#14455=CARTESIAN_POINT('',(89.,0.5,0.));
#14456=CARTESIAN_POINT('',(99.25,0.5,-10.));
#14457=CARTESIAN_POINT('',(89.,0.5,-10.));
#14458=CARTESIAN_POINT('',(99.25,0.5,0.));
#14459=CARTESIAN_POINT('Origin',(99.25,8.5,0.));
#14460=CARTESIAN_POINT('',(99.25,8.5,0.));
#14461=CARTESIAN_POINT('',(99.25,0.5,0.));
#14462=CARTESIAN_POINT('',(99.25,8.5,-10.));
#14463=CARTESIAN_POINT('',(99.25,0.5,-10.));
#14464=CARTESIAN_POINT('',(99.25,8.5,0.));
#14465=CARTESIAN_POINT('Origin',(89.,8.5,0.));
#14466=CARTESIAN_POINT('',(89.,8.5,0.));
#14467=CARTESIAN_POINT('',(99.25,8.5,0.));
#14468=CARTESIAN_POINT('',(89.,8.5,-10.));
#14469=CARTESIAN_POINT('',(99.25,8.5,-10.));
#14470=CARTESIAN_POINT('',(89.,8.5,0.));
#14471=CARTESIAN_POINT('Origin',(89.,0.5,0.));
#14472=CARTESIAN_POINT('',(89.,8.5,0.));
#14473=CARTESIAN_POINT('',(89.,8.5,-10.));
#14474=CARTESIAN_POINT('Origin',(94.125,4.5,0.));
#14475=CARTESIAN_POINT('Origin',(94.125,4.5,-10.));
#14476=CARTESIAN_POINT('Origin',(76.5,35.,0.));
#14477=CARTESIAN_POINT('',(70.,35.,0.));
#14478=CARTESIAN_POINT('',(76.5,35.,0.));
#14479=CARTESIAN_POINT('',(70.,35.,0.));
#14480=CARTESIAN_POINT('',(70.,35.,-1.7));
#14481=CARTESIAN_POINT('',(70.,35.,0.));
#14482=CARTESIAN_POINT('',(76.5,35.,-1.7));
#14483=CARTESIAN_POINT('',(70.,35.,-1.7));
#14484=CARTESIAN_POINT('',(76.5,35.,0.));
#14485=CARTESIAN_POINT('Origin',(76.5,42.,0.));
#14486=CARTESIAN_POINT('',(76.5,42.,0.));
#14487=CARTESIAN_POINT('',(76.5,35.,0.));
#14488=CARTESIAN_POINT('',(76.5,42.,-1.7));
#14489=CARTESIAN_POINT('',(76.5,35.,-1.7));
#14490=CARTESIAN_POINT('',(76.5,42.,0.));
#14491=CARTESIAN_POINT('Origin',(70.,42.,0.));
#14492=CARTESIAN_POINT('',(70.,42.,0.));
#14493=CARTESIAN_POINT('',(76.5,42.,0.));
#14494=CARTESIAN_POINT('',(70.,42.,-1.7));
#14495=CARTESIAN_POINT('',(76.5,42.,-1.7));
#14496=CARTESIAN_POINT('',(70.,42.,0.));
#14497=CARTESIAN_POINT('Origin',(70.,35.,0.));
#14498=CARTESIAN_POINT('',(70.,42.,0.));
#14499=CARTESIAN_POINT('',(70.,42.,-1.7));
#14500=CARTESIAN_POINT('Origin',(73.25,38.5,0.));
#14501=CARTESIAN_POINT('Origin',(73.25,38.5,-1.7));
#14502=CARTESIAN_POINT('Origin',(81.,39.1,0.));
#14503=CARTESIAN_POINT('',(76.75,39.1,0.));
#14504=CARTESIAN_POINT('',(81.,39.1,0.));
#14505=CARTESIAN_POINT('',(76.75,39.1,0.));
#14506=CARTESIAN_POINT('',(76.75,39.1,-1.5));
#14507=CARTESIAN_POINT('',(76.75,39.1,0.));
#14508=CARTESIAN_POINT('',(81.,39.1,-1.5));
#14509=CARTESIAN_POINT('',(76.75,39.1,-1.5));
#14510=CARTESIAN_POINT('',(81.,39.1,0.));
#14511=CARTESIAN_POINT('Origin',(81.,41.75,0.));
#14512=CARTESIAN_POINT('',(81.,41.75,0.));
#14513=CARTESIAN_POINT('',(81.,39.1,0.));
#14514=CARTESIAN_POINT('',(81.,41.75,-1.5));
#14515=CARTESIAN_POINT('',(81.,39.1,-1.5));
#14516=CARTESIAN_POINT('',(81.,41.75,0.));
#14517=CARTESIAN_POINT('Origin',(76.75,41.75,0.));
#14518=CARTESIAN_POINT('',(76.75,41.75,0.));
#14519=CARTESIAN_POINT('',(81.,41.75,0.));
#14520=CARTESIAN_POINT('',(76.75,41.75,-1.5));
#14521=CARTESIAN_POINT('',(81.,41.75,-1.5));
#14522=CARTESIAN_POINT('',(76.75,41.75,0.));
#14523=CARTESIAN_POINT('Origin',(76.75,39.1,0.));
#14524=CARTESIAN_POINT('',(76.75,41.75,0.));
#14525=CARTESIAN_POINT('',(76.75,41.75,-1.5));
#14526=CARTESIAN_POINT('Origin',(78.875,40.425,0.));
#14527=CARTESIAN_POINT('Origin',(78.875,40.425,-1.5));
#14528=CARTESIAN_POINT('Origin',(81.,35.1,0.));
#14529=CARTESIAN_POINT('',(76.75,35.1,0.));
#14530=CARTESIAN_POINT('',(81.,35.1,0.));
#14531=CARTESIAN_POINT('',(76.75,35.1,0.));
#14532=CARTESIAN_POINT('',(76.75,35.1,-1.5));
#14533=CARTESIAN_POINT('',(76.75,35.1,0.));
#14534=CARTESIAN_POINT('',(81.,35.1,-1.5));
#14535=CARTESIAN_POINT('',(76.75,35.1,-1.5));
#14536=CARTESIAN_POINT('',(81.,35.1,0.));
#14537=CARTESIAN_POINT('Origin',(81.,37.75,0.));
#14538=CARTESIAN_POINT('',(81.,37.75,0.));
#14539=CARTESIAN_POINT('',(81.,35.1,0.));
#14540=CARTESIAN_POINT('',(81.,37.75,-1.5));
#14541=CARTESIAN_POINT('',(81.,35.1,-1.5));
#14542=CARTESIAN_POINT('',(81.,37.75,0.));
#14543=CARTESIAN_POINT('Origin',(76.75,37.75,0.));
#14544=CARTESIAN_POINT('',(76.75,37.75,0.));
#14545=CARTESIAN_POINT('',(81.,37.75,0.));
#14546=CARTESIAN_POINT('',(76.75,37.75,-1.5));
#14547=CARTESIAN_POINT('',(81.,37.75,-1.5));
#14548=CARTESIAN_POINT('',(76.75,37.75,0.));
#14549=CARTESIAN_POINT('Origin',(76.75,35.1,0.));
#14550=CARTESIAN_POINT('',(76.75,37.75,0.));
#14551=CARTESIAN_POINT('',(76.75,37.75,-1.5));
#14552=CARTESIAN_POINT('Origin',(78.875,36.425,0.));
#14553=CARTESIAN_POINT('Origin',(78.875,36.425,-1.5));
#14554=CARTESIAN_POINT('Origin',(62.5,44.5,0.));
#14555=CARTESIAN_POINT('',(60.5,44.5,0.));
#14556=CARTESIAN_POINT('',(62.5,44.5,0.));
#14557=CARTESIAN_POINT('',(60.5,44.5,0.));
#14558=CARTESIAN_POINT('',(60.5,44.5,-0.6));
#14559=CARTESIAN_POINT('',(60.5,44.5,0.));
#14560=CARTESIAN_POINT('',(62.5,44.5,-0.6));
#14561=CARTESIAN_POINT('',(60.5,44.5,-0.6));
#14562=CARTESIAN_POINT('',(62.5,44.5,0.));
#14563=CARTESIAN_POINT('Origin',(62.5,45.5,0.));
#14564=CARTESIAN_POINT('',(62.5,45.5,0.));
#14565=CARTESIAN_POINT('',(62.5,44.5,0.));
#14566=CARTESIAN_POINT('',(62.5,45.5,-0.6));
#14567=CARTESIAN_POINT('',(62.5,44.5,-0.6));
#14568=CARTESIAN_POINT('',(62.5,45.5,0.));
#14569=CARTESIAN_POINT('Origin',(60.5,45.5,0.));
#14570=CARTESIAN_POINT('',(60.5,45.5,0.));
#14571=CARTESIAN_POINT('',(62.5,45.5,0.));
#14572=CARTESIAN_POINT('',(60.5,45.5,-0.6));
#14573=CARTESIAN_POINT('',(62.5,45.5,-0.6));
#14574=CARTESIAN_POINT('',(60.5,45.5,0.));
#14575=CARTESIAN_POINT('Origin',(60.5,44.5,0.));
#14576=CARTESIAN_POINT('',(60.5,45.5,0.));
#14577=CARTESIAN_POINT('',(60.5,45.5,-0.6));
#14578=CARTESIAN_POINT('Origin',(61.5,45.,0.));
#14579=CARTESIAN_POINT('Origin',(61.5,45.,-0.6));
#14580=CARTESIAN_POINT('Origin',(77.,29.5,0.));
#14581=CARTESIAN_POINT('',(75.,29.5,0.));
#14582=CARTESIAN_POINT('',(77.,29.5,0.));
#14583=CARTESIAN_POINT('',(75.,29.5,0.));
#14584=CARTESIAN_POINT('',(75.,29.5,-0.6));
#14585=CARTESIAN_POINT('',(75.,29.5,0.));
#14586=CARTESIAN_POINT('',(77.,29.5,-0.6));
#14587=CARTESIAN_POINT('',(75.,29.5,-0.6));
#14588=CARTESIAN_POINT('',(77.,29.5,0.));
#14589=CARTESIAN_POINT('Origin',(77.,30.5,0.));
#14590=CARTESIAN_POINT('',(77.,30.5,0.));
#14591=CARTESIAN_POINT('',(77.,29.5,0.));
#14592=CARTESIAN_POINT('',(77.,30.5,-0.6));
#14593=CARTESIAN_POINT('',(77.,29.5,-0.6));
#14594=CARTESIAN_POINT('',(77.,30.5,0.));
#14595=CARTESIAN_POINT('Origin',(75.,30.5,0.));
#14596=CARTESIAN_POINT('',(75.,30.5,0.));
#14597=CARTESIAN_POINT('',(77.,30.5,0.));
#14598=CARTESIAN_POINT('',(75.,30.5,-0.6));
#14599=CARTESIAN_POINT('',(77.,30.5,-0.6));
#14600=CARTESIAN_POINT('',(75.,30.5,0.));
#14601=CARTESIAN_POINT('Origin',(75.,29.5,0.));
#14602=CARTESIAN_POINT('',(75.,30.5,0.));
#14603=CARTESIAN_POINT('',(75.,30.5,-0.6));
#14604=CARTESIAN_POINT('Origin',(76.,30.,0.));
#14605=CARTESIAN_POINT('Origin',(76.,30.,-0.6));
#14606=CARTESIAN_POINT('Origin',(77.,28.,0.));
#14607=CARTESIAN_POINT('',(75.,28.,0.));
#14608=CARTESIAN_POINT('',(77.,28.,0.));
#14609=CARTESIAN_POINT('',(75.,28.,0.));
#14610=CARTESIAN_POINT('',(75.,28.,-0.6));
#14611=CARTESIAN_POINT('',(75.,28.,0.));
#14612=CARTESIAN_POINT('',(77.,28.,-0.6));
#14613=CARTESIAN_POINT('',(75.,28.,-0.6));
#14614=CARTESIAN_POINT('',(77.,28.,0.));
#14615=CARTESIAN_POINT('Origin',(77.,29.,0.));
#14616=CARTESIAN_POINT('',(77.,29.,0.));
#14617=CARTESIAN_POINT('',(77.,28.,0.));
#14618=CARTESIAN_POINT('',(77.,29.,-0.6));
#14619=CARTESIAN_POINT('',(77.,28.,-0.6));
#14620=CARTESIAN_POINT('',(77.,29.,0.));
#14621=CARTESIAN_POINT('Origin',(75.,29.,0.));
#14622=CARTESIAN_POINT('',(75.,29.,0.));
#14623=CARTESIAN_POINT('',(77.,29.,0.));
#14624=CARTESIAN_POINT('',(75.,29.,-0.6));
#14625=CARTESIAN_POINT('',(77.,29.,-0.6));
#14626=CARTESIAN_POINT('',(75.,29.,0.));
#14627=CARTESIAN_POINT('Origin',(75.,28.,0.));
#14628=CARTESIAN_POINT('',(75.,29.,0.));
#14629=CARTESIAN_POINT('',(75.,29.,-0.6));
#14630=CARTESIAN_POINT('Origin',(76.,28.5,0.));
#14631=CARTESIAN_POINT('Origin',(76.,28.5,-0.6));
#14632=CARTESIAN_POINT('Origin',(65.75,1.25,-10.75));
#14633=CARTESIAN_POINT('',(55.,1.25,-10.75));
#14634=CARTESIAN_POINT('Origin',(65.75,1.25,-10.75));
#14635=CARTESIAN_POINT('Origin',(65.75,13.75,-10.75));
#14636=CARTESIAN_POINT('',(55.,26.25,-10.75));
#14637=CARTESIAN_POINT('Origin',(65.75,26.25,-10.75));
#14638=CARTESIAN_POINT('',(55.,13.75,-10.75));
#14639=CARTESIAN_POINT('Origin',(65.75,26.25,-10.75));
#14640=CARTESIAN_POINT('Origin',(46.25,14.,0.));
#14641=CARTESIAN_POINT('',(41.25,14.,0.));
#14642=CARTESIAN_POINT('',(46.25,14.,0.));
#14643=CARTESIAN_POINT('',(41.25,14.,0.));
#14644=CARTESIAN_POINT('',(41.25,14.,-1.5));
#14645=CARTESIAN_POINT('',(41.25,14.,0.));
#14646=CARTESIAN_POINT('',(46.25,14.,-1.5));
#14647=CARTESIAN_POINT('',(41.25,14.,-1.5));
#14648=CARTESIAN_POINT('',(46.25,14.,0.));
#14649=CARTESIAN_POINT('Origin',(46.25,20.,0.));
#14650=CARTESIAN_POINT('',(46.25,20.,0.));
#14651=CARTESIAN_POINT('',(46.25,14.,0.));
#14652=CARTESIAN_POINT('',(46.25,20.,-1.5));
#14653=CARTESIAN_POINT('',(46.25,14.,-1.5));
#14654=CARTESIAN_POINT('',(46.25,20.,0.));
#14655=CARTESIAN_POINT('Origin',(41.25,20.,0.));
#14656=CARTESIAN_POINT('',(41.25,20.,0.));
#14657=CARTESIAN_POINT('',(46.25,20.,0.));
#14658=CARTESIAN_POINT('',(41.25,20.,-1.5));
#14659=CARTESIAN_POINT('',(46.25,20.,-1.5));
#14660=CARTESIAN_POINT('',(41.25,20.,0.));
#14661=CARTESIAN_POINT('Origin',(41.25,14.,0.));
#14662=CARTESIAN_POINT('',(41.25,20.,0.));
#14663=CARTESIAN_POINT('',(41.25,20.,-1.5));
#14664=CARTESIAN_POINT('Origin',(43.75,17.,0.));
#14665=CARTESIAN_POINT('Origin',(43.75,17.,-1.5));
#14666=CARTESIAN_POINT('Origin',(48.5,15.,0.));
#14667=CARTESIAN_POINT('',(47.5,15.,0.));
#14668=CARTESIAN_POINT('',(48.5,15.,0.));
#14669=CARTESIAN_POINT('',(47.5,15.,0.));
#14670=CARTESIAN_POINT('',(47.5,15.,-0.6));
#14671=CARTESIAN_POINT('',(47.5,15.,0.));
#14672=CARTESIAN_POINT('',(48.5,15.,-0.6));
#14673=CARTESIAN_POINT('',(47.5,15.,-0.6));
#14674=CARTESIAN_POINT('',(48.5,15.,0.));
#14675=CARTESIAN_POINT('Origin',(48.5,17.,0.));
#14676=CARTESIAN_POINT('',(48.5,17.,0.));
#14677=CARTESIAN_POINT('',(48.5,15.,0.));
#14678=CARTESIAN_POINT('',(48.5,17.,-0.6));
#14679=CARTESIAN_POINT('',(48.5,15.,-0.6));
#14680=CARTESIAN_POINT('',(48.5,17.,0.));
#14681=CARTESIAN_POINT('Origin',(47.5,17.,0.));
#14682=CARTESIAN_POINT('',(47.5,17.,0.));
#14683=CARTESIAN_POINT('',(48.5,17.,0.));
#14684=CARTESIAN_POINT('',(47.5,17.,-0.6));
#14685=CARTESIAN_POINT('',(48.5,17.,-0.6));
#14686=CARTESIAN_POINT('',(47.5,17.,0.));
#14687=CARTESIAN_POINT('Origin',(47.5,15.,0.));
#14688=CARTESIAN_POINT('',(47.5,17.,0.));
#14689=CARTESIAN_POINT('',(47.5,17.,-0.6));
#14690=CARTESIAN_POINT('Origin',(48.,16.,0.));
#14691=CARTESIAN_POINT('Origin',(48.,16.,-0.6));
#14692=CARTESIAN_POINT('Origin',(9.,11.,0.));
#14693=CARTESIAN_POINT('',(1.,11.,0.));
#14694=CARTESIAN_POINT('',(9.,11.,0.));
#14695=CARTESIAN_POINT('',(1.,11.,0.));
#14696=CARTESIAN_POINT('',(1.,11.,-10.));
#14697=CARTESIAN_POINT('',(1.,11.,0.));
#14698=CARTESIAN_POINT('',(9.,11.,-10.));
#14699=CARTESIAN_POINT('',(1.,11.,-10.));
#14700=CARTESIAN_POINT('',(9.,11.,0.));
#14701=CARTESIAN_POINT('Origin',(9.,26.25,0.));
#14702=CARTESIAN_POINT('',(9.,26.25,0.));
#14703=CARTESIAN_POINT('',(9.,11.,0.));
#14704=CARTESIAN_POINT('',(9.,26.25,-10.));
#14705=CARTESIAN_POINT('',(9.,11.,-10.));
#14706=CARTESIAN_POINT('',(9.,26.25,0.));
#14707=CARTESIAN_POINT('Origin',(1.,26.25,0.));
#14708=CARTESIAN_POINT('',(1.,26.25,0.));
#14709=CARTESIAN_POINT('',(9.,26.25,0.));
#14710=CARTESIAN_POINT('',(1.,26.25,-10.));
#14711=CARTESIAN_POINT('',(9.,26.25,-10.));
#14712=CARTESIAN_POINT('',(1.,26.25,0.));
#14713=CARTESIAN_POINT('Origin',(1.,11.,0.));
#14714=CARTESIAN_POINT('',(1.,26.25,0.));
#14715=CARTESIAN_POINT('',(1.,26.25,-10.));
#14716=CARTESIAN_POINT('Origin',(5.,18.625,0.));
#14717=CARTESIAN_POINT('Origin',(5.,18.625,-10.));
#14718=CARTESIAN_POINT('Origin',(27.,14.,0.));
#14719=CARTESIAN_POINT('',(25.,14.,0.));
#14720=CARTESIAN_POINT('',(27.,14.,0.));
#14721=CARTESIAN_POINT('',(25.,14.,0.));
#14722=CARTESIAN_POINT('',(25.,14.,-0.6));
#14723=CARTESIAN_POINT('',(25.,14.,0.));
#14724=CARTESIAN_POINT('',(27.,14.,-0.6));
#14725=CARTESIAN_POINT('',(25.,14.,-0.6));
#14726=CARTESIAN_POINT('',(27.,14.,0.));
#14727=CARTESIAN_POINT('Origin',(27.,15.,0.));
#14728=CARTESIAN_POINT('',(27.,15.,0.));
#14729=CARTESIAN_POINT('',(27.,14.,0.));
#14730=CARTESIAN_POINT('',(27.,15.,-0.6));
#14731=CARTESIAN_POINT('',(27.,14.,-0.6));
#14732=CARTESIAN_POINT('',(27.,15.,0.));
#14733=CARTESIAN_POINT('Origin',(25.,15.,0.));
#14734=CARTESIAN_POINT('',(25.,15.,0.));
#14735=CARTESIAN_POINT('',(27.,15.,0.));
#14736=CARTESIAN_POINT('',(25.,15.,-0.6));
#14737=CARTESIAN_POINT('',(27.,15.,-0.6));
#14738=CARTESIAN_POINT('',(25.,15.,0.));
#14739=CARTESIAN_POINT('Origin',(25.,14.,0.));
#14740=CARTESIAN_POINT('',(25.,15.,0.));
#14741=CARTESIAN_POINT('',(25.,15.,-0.6));
#14742=CARTESIAN_POINT('Origin',(26.,14.5,0.));
#14743=CARTESIAN_POINT('Origin',(26.,14.5,-0.6));
#14744=CARTESIAN_POINT('Origin',(30.,14.,0.));
#14745=CARTESIAN_POINT('',(28.,14.,0.));
#14746=CARTESIAN_POINT('',(30.,14.,0.));
#14747=CARTESIAN_POINT('',(28.,14.,0.));
#14748=CARTESIAN_POINT('',(28.,14.,-0.6));
#14749=CARTESIAN_POINT('',(28.,14.,0.));
#14750=CARTESIAN_POINT('',(30.,14.,-0.6));
#14751=CARTESIAN_POINT('',(28.,14.,-0.6));
#14752=CARTESIAN_POINT('',(30.,14.,0.));
#14753=CARTESIAN_POINT('Origin',(30.,15.,0.));
#14754=CARTESIAN_POINT('',(30.,15.,0.));
#14755=CARTESIAN_POINT('',(30.,14.,0.));
#14756=CARTESIAN_POINT('',(30.,15.,-0.6));
#14757=CARTESIAN_POINT('',(30.,14.,-0.6));
#14758=CARTESIAN_POINT('',(30.,15.,0.));
#14759=CARTESIAN_POINT('Origin',(28.,15.,0.));
#14760=CARTESIAN_POINT('',(28.,15.,0.));
#14761=CARTESIAN_POINT('',(30.,15.,0.));
#14762=CARTESIAN_POINT('',(28.,15.,-0.6));
#14763=CARTESIAN_POINT('',(30.,15.,-0.6));
#14764=CARTESIAN_POINT('',(28.,15.,0.));
#14765=CARTESIAN_POINT('Origin',(28.,14.,0.));
#14766=CARTESIAN_POINT('',(28.,15.,0.));
#14767=CARTESIAN_POINT('',(28.,15.,-0.6));
#14768=CARTESIAN_POINT('Origin',(29.,14.5,0.));
#14769=CARTESIAN_POINT('Origin',(29.,14.5,-0.6));
#14770=CARTESIAN_POINT('Origin',(33.,14.,0.));
#14771=CARTESIAN_POINT('',(31.,14.,0.));
#14772=CARTESIAN_POINT('',(33.,14.,0.));
#14773=CARTESIAN_POINT('',(31.,14.,0.));
#14774=CARTESIAN_POINT('',(31.,14.,-0.6));
#14775=CARTESIAN_POINT('',(31.,14.,0.));
#14776=CARTESIAN_POINT('',(33.,14.,-0.6));
#14777=CARTESIAN_POINT('',(31.,14.,-0.6));
#14778=CARTESIAN_POINT('',(33.,14.,0.));
#14779=CARTESIAN_POINT('Origin',(33.,15.,0.));
#14780=CARTESIAN_POINT('',(33.,15.,0.));
#14781=CARTESIAN_POINT('',(33.,14.,0.));
#14782=CARTESIAN_POINT('',(33.,15.,-0.6));
#14783=CARTESIAN_POINT('',(33.,14.,-0.6));
#14784=CARTESIAN_POINT('',(33.,15.,0.));
#14785=CARTESIAN_POINT('Origin',(31.,15.,0.));
#14786=CARTESIAN_POINT('',(31.,15.,0.));
#14787=CARTESIAN_POINT('',(33.,15.,0.));
#14788=CARTESIAN_POINT('',(31.,15.,-0.6));
#14789=CARTESIAN_POINT('',(33.,15.,-0.6));
#14790=CARTESIAN_POINT('',(31.,15.,0.));
#14791=CARTESIAN_POINT('Origin',(31.,14.,0.));
#14792=CARTESIAN_POINT('',(31.,15.,0.));
#14793=CARTESIAN_POINT('',(31.,15.,-0.6));
#14794=CARTESIAN_POINT('Origin',(32.,14.5,0.));
#14795=CARTESIAN_POINT('Origin',(32.,14.5,-0.6));
#14796=CARTESIAN_POINT('Origin',(36.,14.,0.));
#14797=CARTESIAN_POINT('',(34.,14.,0.));
#14798=CARTESIAN_POINT('',(36.,14.,0.));
#14799=CARTESIAN_POINT('',(34.,14.,0.));
#14800=CARTESIAN_POINT('',(34.,14.,-0.6));
#14801=CARTESIAN_POINT('',(34.,14.,0.));
#14802=CARTESIAN_POINT('',(36.,14.,-0.6));
#14803=CARTESIAN_POINT('',(34.,14.,-0.6));
#14804=CARTESIAN_POINT('',(36.,14.,0.));
#14805=CARTESIAN_POINT('Origin',(36.,15.,0.));
#14806=CARTESIAN_POINT('',(36.,15.,0.));
#14807=CARTESIAN_POINT('',(36.,14.,0.));
#14808=CARTESIAN_POINT('',(36.,15.,-0.6));
#14809=CARTESIAN_POINT('',(36.,14.,-0.6));
#14810=CARTESIAN_POINT('',(36.,15.,0.));
#14811=CARTESIAN_POINT('Origin',(34.,15.,0.));
#14812=CARTESIAN_POINT('',(34.,15.,0.));
#14813=CARTESIAN_POINT('',(36.,15.,0.));
#14814=CARTESIAN_POINT('',(34.,15.,-0.6));
#14815=CARTESIAN_POINT('',(36.,15.,-0.6));
#14816=CARTESIAN_POINT('',(34.,15.,0.));
#14817=CARTESIAN_POINT('Origin',(34.,14.,0.));
#14818=CARTESIAN_POINT('',(34.,15.,0.));
#14819=CARTESIAN_POINT('',(34.,15.,-0.6));
#14820=CARTESIAN_POINT('Origin',(35.,14.5,0.));
#14821=CARTESIAN_POINT('Origin',(35.,14.5,-0.6));
#14822=CARTESIAN_POINT('Origin',(39.,13.,0.));
#14823=CARTESIAN_POINT('',(37.,13.,0.));
#14824=CARTESIAN_POINT('',(39.,13.,0.));
#14825=CARTESIAN_POINT('',(37.,13.,0.));
#14826=CARTESIAN_POINT('',(37.,13.,-0.6));
#14827=CARTESIAN_POINT('',(37.,13.,0.));
#14828=CARTESIAN_POINT('',(39.,13.,-0.6));
#14829=CARTESIAN_POINT('',(37.,13.,-0.6));
#14830=CARTESIAN_POINT('',(39.,13.,0.));
#14831=CARTESIAN_POINT('Origin',(39.,15.,0.));
#14832=CARTESIAN_POINT('',(39.,15.,0.));
#14833=CARTESIAN_POINT('',(39.,13.,0.));
#14834=CARTESIAN_POINT('',(39.,15.,-0.6));
#14835=CARTESIAN_POINT('',(39.,13.,-0.6));
#14836=CARTESIAN_POINT('',(39.,15.,0.));
#14837=CARTESIAN_POINT('Origin',(37.,15.,0.));
#14838=CARTESIAN_POINT('',(37.,15.,0.));
#14839=CARTESIAN_POINT('',(39.,15.,0.));
#14840=CARTESIAN_POINT('',(37.,15.,-0.6));
#14841=CARTESIAN_POINT('',(39.,15.,-0.6));
#14842=CARTESIAN_POINT('',(37.,15.,0.));
#14843=CARTESIAN_POINT('Origin',(37.,13.,0.));
#14844=CARTESIAN_POINT('',(37.,15.,0.));
#14845=CARTESIAN_POINT('',(37.,15.,-0.6));
#14846=CARTESIAN_POINT('Origin',(38.,14.,0.));
#14847=CARTESIAN_POINT('Origin',(38.,14.,-0.6));
#14848=CARTESIAN_POINT('Origin',(53.,0.5,0.));
#14849=CARTESIAN_POINT('',(25.,0.5,0.));
#14850=CARTESIAN_POINT('',(53.,0.5,0.));
#14851=CARTESIAN_POINT('',(25.,0.5,0.));
#14852=CARTESIAN_POINT('',(25.,0.5,-9.));
#14853=CARTESIAN_POINT('',(25.,0.5,0.));
#14854=CARTESIAN_POINT('',(53.,0.5,-9.));
#14855=CARTESIAN_POINT('',(25.,0.5,-9.));
#14856=CARTESIAN_POINT('',(53.,0.5,0.));
#14857=CARTESIAN_POINT('Origin',(53.,7.5,0.));
#14858=CARTESIAN_POINT('',(53.,7.5,0.));
#14859=CARTESIAN_POINT('',(53.,0.5,0.));
#14860=CARTESIAN_POINT('',(53.,7.5,-9.));
#14861=CARTESIAN_POINT('',(53.,0.5,-9.));
#14862=CARTESIAN_POINT('',(53.,7.5,0.));
#14863=CARTESIAN_POINT('Origin',(25.,7.5,0.));
#14864=CARTESIAN_POINT('',(25.,7.5,0.));
#14865=CARTESIAN_POINT('',(53.,7.5,0.));
#14866=CARTESIAN_POINT('',(25.,7.5,-9.));
#14867=CARTESIAN_POINT('',(53.,7.5,-9.));
#14868=CARTESIAN_POINT('',(25.,7.5,0.));
#14869=CARTESIAN_POINT('Origin',(25.,0.5,0.));
#14870=CARTESIAN_POINT('',(25.,7.5,0.));
#14871=CARTESIAN_POINT('',(25.,7.5,-9.));
#14872=CARTESIAN_POINT('Origin',(39.,4.,0.));
#14873=CARTESIAN_POINT('Origin',(39.,4.,-9.));
#14874=CARTESIAN_POINT('Origin',(24.,6.25,0.));
#14875=CARTESIAN_POINT('',(11.,6.25,0.));
#14876=CARTESIAN_POINT('',(24.,6.25,0.));
#14877=CARTESIAN_POINT('',(11.,6.25,0.));
#14878=CARTESIAN_POINT('',(11.,6.25,-8.5));
#14879=CARTESIAN_POINT('',(11.,6.25,0.));
#14880=CARTESIAN_POINT('',(24.,6.25,-8.5));
#14881=CARTESIAN_POINT('',(11.,6.25,-8.5));
#14882=CARTESIAN_POINT('',(24.,6.25,0.));
#14883=CARTESIAN_POINT('Origin',(24.,11.25,0.));
#14884=CARTESIAN_POINT('',(24.,11.25,0.));
#14885=CARTESIAN_POINT('',(24.,6.25,0.));
#14886=CARTESIAN_POINT('',(24.,11.25,-8.5));
#14887=CARTESIAN_POINT('',(24.,6.25,-8.5));
#14888=CARTESIAN_POINT('',(24.,11.25,0.));
#14889=CARTESIAN_POINT('Origin',(11.,11.25,0.));
#14890=CARTESIAN_POINT('',(11.,11.25,0.));
#14891=CARTESIAN_POINT('',(24.,11.25,0.));
#14892=CARTESIAN_POINT('',(11.,11.25,-8.5));
#14893=CARTESIAN_POINT('',(24.,11.25,-8.5));
#14894=CARTESIAN_POINT('',(11.,11.25,0.));
#14895=CARTESIAN_POINT('Origin',(11.,6.25,0.));
#14896=CARTESIAN_POINT('',(11.,11.25,0.));
#14897=CARTESIAN_POINT('',(11.,11.25,-8.5));
#14898=CARTESIAN_POINT('Origin',(17.5,8.75,0.));
#14899=CARTESIAN_POINT('Origin',(17.5,8.75,-8.5));
#14900=CARTESIAN_POINT('',(0.,0.,0.));
#14901=CARTESIAN_POINT('',(5.,5.,39.4));
#14902=CARTESIAN_POINT('Origin',(1270.,970.,-448.));
#14903=CARTESIAN_POINT('',(1270.,970.,-448.));
#14904=CARTESIAN_POINT('',(30.,970.,-448.));
#14905=CARTESIAN_POINT('',(1270.,970.,-448.));
#14906=CARTESIAN_POINT('',(1270.,970.,-430.));
#14907=CARTESIAN_POINT('',(1270.,970.,-448.));
#14908=CARTESIAN_POINT('',(30.,970.,-430.));
#14909=CARTESIAN_POINT('',(1035.,970.,-430.));
#14910=CARTESIAN_POINT('',(30.,970.,-448.));
#14911=CARTESIAN_POINT('Origin',(1270.,520.,-448.));
#14912=CARTESIAN_POINT('',(1270.,520.,-448.));
#14913=CARTESIAN_POINT('',(1270.,520.,-448.));
#14914=CARTESIAN_POINT('',(1270.,520.,-430.));
#14915=CARTESIAN_POINT('',(1270.,520.,-448.));
#14916=CARTESIAN_POINT('',(1270.,635.,-430.));
#14917=CARTESIAN_POINT('Origin',(30.,520.,-448.));
#14918=CARTESIAN_POINT('',(30.,520.,-448.));
#14919=CARTESIAN_POINT('',(30.,520.,-448.));
#14920=CARTESIAN_POINT('',(30.,520.,-430.));
#14921=CARTESIAN_POINT('',(30.,520.,-448.));
#14922=CARTESIAN_POINT('',(415.,520.,-430.));
#14923=CARTESIAN_POINT('Origin',(30.,970.,-448.));
#14924=CARTESIAN_POINT('',(30.,970.,-448.));
#14925=CARTESIAN_POINT('',(30.,860.,-430.));
#14926=CARTESIAN_POINT('Origin',(650.,745.,-448.));
#14927=CARTESIAN_POINT('Origin',(800.,750.,-430.));
#14928=CARTESIAN_POINT('',(2.,1.99999999999989,-430.));
#14929=CARTESIAN_POINT('',(2.,1498.,-430.));
#14930=CARTESIAN_POINT('',(2.00000000000003,1125.,-430.));
#14931=CARTESIAN_POINT('',(1598.,1.99999999999989,-430.));
#14932=CARTESIAN_POINT('',(400.,2.00000000000003,-430.));
#14933=CARTESIAN_POINT('',(1598.,1498.,-430.));
#14934=CARTESIAN_POINT('',(1598.,375.,-430.));
#14935=CARTESIAN_POINT('',(1200.,1498.,-430.));
#14936=CARTESIAN_POINT('Origin',(1598.,0.,-450.));
#14937=CARTESIAN_POINT('',(1598.,2.00000000000001,0.));
#14938=CARTESIAN_POINT('',(1598.,2.,-450.));
#14939=CARTESIAN_POINT('',(1598.,1498.,0.));
#14940=CARTESIAN_POINT('',(1598.,375.,0.));
#14941=CARTESIAN_POINT('',(1598.,1498.,-450.));
#14942=CARTESIAN_POINT('Origin',(0.,2.,-450.));
#14943=CARTESIAN_POINT('',(2.00000000000001,1.99999999999997,0.));
#14944=CARTESIAN_POINT('',(2.,1.99999999999989,-450.));
#14945=CARTESIAN_POINT('',(400.,2.00000000000003,0.));
#14946=CARTESIAN_POINT('Origin',(1600.,1498.,-450.));
#14947=CARTESIAN_POINT('',(1.99999999999997,1498.,0.));
#14948=CARTESIAN_POINT('',(1200.,1498.,0.));
#14949=CARTESIAN_POINT('',(2.00000000000003,1498.,-450.));
#14950=CARTESIAN_POINT('Origin',(2.,1500.,-450.));
#14951=CARTESIAN_POINT('',(2.00000000000003,1125.,0.));
#14952=CARTESIAN_POINT('Origin',(1600.,1500.,-450.));
#14953=CARTESIAN_POINT('',(1600.,1500.,-450.));
#14954=CARTESIAN_POINT('',(0.,1500.,-450.));
#14955=CARTESIAN_POINT('',(1600.,1500.,-450.));
#14956=CARTESIAN_POINT('',(0.,1500.,0.));
#14957=CARTESIAN_POINT('',(0.,1500.,-450.));
#14958=CARTESIAN_POINT('',(1600.,1500.,0.));
#14959=CARTESIAN_POINT('',(1600.,1500.,0.));
#14960=CARTESIAN_POINT('',(1600.,1500.,-450.));
#14961=CARTESIAN_POINT('Origin',(1600.,0.,-450.));
#14962=CARTESIAN_POINT('',(1600.,0.,-450.));
#14963=CARTESIAN_POINT('',(1600.,0.,-450.));
#14964=CARTESIAN_POINT('',(1600.,0.,0.));
#14965=CARTESIAN_POINT('',(1600.,0.,0.));
#14966=CARTESIAN_POINT('',(1600.,0.,-450.));
#14967=CARTESIAN_POINT('Origin',(0.,0.,-450.));
#14968=CARTESIAN_POINT('',(0.,0.,-450.));
#14969=CARTESIAN_POINT('',(0.,0.,-450.));
#14970=CARTESIAN_POINT('',(0.,0.,0.));
#14971=CARTESIAN_POINT('',(0.,0.,0.));
#14972=CARTESIAN_POINT('',(0.,0.,-450.));
#14973=CARTESIAN_POINT('Origin',(0.,1500.,-450.));
#14974=CARTESIAN_POINT('',(0.,1500.,-450.));
#14975=CARTESIAN_POINT('',(0.,1500.,0.));
#14976=CARTESIAN_POINT('Origin',(800.,750.,0.));
#14977=CARTESIAN_POINT('Origin',(800.,750.,-450.));
#14978=CARTESIAN_POINT('Origin',(1600.,1500.,0.));
#14979=CARTESIAN_POINT('',(1600.,1500.,0.));
#14980=CARTESIAN_POINT('',(0.,1500.,0.));
#14981=CARTESIAN_POINT('',(1600.,1500.,0.));
#14982=CARTESIAN_POINT('',(0.,1500.,22.));
#14983=CARTESIAN_POINT('',(0.,1500.,0.));
#14984=CARTESIAN_POINT('',(1600.,1500.,22.));
#14985=CARTESIAN_POINT('',(1600.,1500.,22.));
#14986=CARTESIAN_POINT('',(1600.,1500.,0.));
#14987=CARTESIAN_POINT('Origin',(1600.,0.,0.));
#14988=CARTESIAN_POINT('',(1600.,0.,0.));
#14989=CARTESIAN_POINT('',(1600.,0.,0.));
#14990=CARTESIAN_POINT('',(1600.,0.,22.));
#14991=CARTESIAN_POINT('',(1600.,0.,22.));
#14992=CARTESIAN_POINT('',(1600.,0.,0.));
#14993=CARTESIAN_POINT('Origin',(0.,0.,0.));
#14994=CARTESIAN_POINT('',(0.,0.,0.));
#14995=CARTESIAN_POINT('',(0.,0.,0.));
#14996=CARTESIAN_POINT('',(0.,0.,22.));
#14997=CARTESIAN_POINT('',(0.,0.,22.));
#14998=CARTESIAN_POINT('',(0.,0.,0.));
#14999=CARTESIAN_POINT('Origin',(0.,1500.,0.));
#15000=CARTESIAN_POINT('',(0.,1500.,0.));
#15001=CARTESIAN_POINT('',(0.,1500.,22.));
#15002=CARTESIAN_POINT('Origin',(800.,750.,22.));
#15003=CARTESIAN_POINT('Origin',(800.,750.,0.));
#15004=CARTESIAN_POINT('Origin',(240.,1200.,-430.));
#15005=CARTESIAN_POINT('',(240.,1200.,-430.));
#15006=CARTESIAN_POINT('',(90.,1200.,-430.));
#15007=CARTESIAN_POINT('',(240.,1200.,-430.));
#15008=CARTESIAN_POINT('',(90.,1200.,-380.));
#15009=CARTESIAN_POINT('',(90.,1200.,-430.));
#15010=CARTESIAN_POINT('',(240.,1200.,-380.));
#15011=CARTESIAN_POINT('',(240.,1200.,-380.));
#15012=CARTESIAN_POINT('',(240.,1200.,-430.));
#15013=CARTESIAN_POINT('Origin',(240.,1050.,-430.));
#15014=CARTESIAN_POINT('',(240.,1050.,-430.));
#15015=CARTESIAN_POINT('',(240.,1050.,-430.));
#15016=CARTESIAN_POINT('',(240.,1050.,-380.));
#15017=CARTESIAN_POINT('',(240.,1050.,-380.));
#15018=CARTESIAN_POINT('',(240.,1050.,-430.));
#15019=CARTESIAN_POINT('Origin',(90.,1050.,-430.));
#15020=CARTESIAN_POINT('',(90.,1050.,-430.));
#15021=CARTESIAN_POINT('',(90.,1050.,-430.));
#15022=CARTESIAN_POINT('',(90.,1050.,-380.));
#15023=CARTESIAN_POINT('',(90.,1050.,-380.));
#15024=CARTESIAN_POINT('',(90.,1050.,-430.));
#15025=CARTESIAN_POINT('Origin',(90.,1200.,-430.));
#15026=CARTESIAN_POINT('',(90.,1200.,-430.));
#15027=CARTESIAN_POINT('',(90.,1200.,-380.));
#15028=CARTESIAN_POINT('Origin',(165.,1125.,-380.));
#15029=CARTESIAN_POINT('Origin',(165.,1125.,-430.));
#15030=CARTESIAN_POINT('Origin',(1490.,1140.,-430.));
#15031=CARTESIAN_POINT('',(1490.,1140.,-430.));
#15032=CARTESIAN_POINT('',(1290.,1140.,-430.));
#15033=CARTESIAN_POINT('',(1490.,1140.,-430.));
#15034=CARTESIAN_POINT('',(1290.,1140.,-380.));
#15035=CARTESIAN_POINT('',(1290.,1140.,-430.));
#15036=CARTESIAN_POINT('',(1490.,1140.,-380.));
#15037=CARTESIAN_POINT('',(1490.,1140.,-380.));
#15038=CARTESIAN_POINT('',(1490.,1140.,-430.));
#15039=CARTESIAN_POINT('Origin',(1490.,1050.,-430.));
#15040=CARTESIAN_POINT('',(1490.,1050.,-430.));
#15041=CARTESIAN_POINT('',(1490.,1050.,-430.));
#15042=CARTESIAN_POINT('',(1490.,1050.,-380.));
#15043=CARTESIAN_POINT('',(1490.,1050.,-380.));
#15044=CARTESIAN_POINT('',(1490.,1050.,-430.));
#15045=CARTESIAN_POINT('Origin',(1290.,1050.,-430.));
#15046=CARTESIAN_POINT('',(1290.,1050.,-430.));
#15047=CARTESIAN_POINT('',(1290.,1050.,-430.));
#15048=CARTESIAN_POINT('',(1290.,1050.,-380.));
#15049=CARTESIAN_POINT('',(1290.,1050.,-380.));
#15050=CARTESIAN_POINT('',(1290.,1050.,-430.));
#15051=CARTESIAN_POINT('Origin',(1290.,1140.,-430.));
#15052=CARTESIAN_POINT('',(1290.,1140.,-430.));
#15053=CARTESIAN_POINT('',(1290.,1140.,-380.));
#15054=CARTESIAN_POINT('Origin',(1390.,1095.,-380.));
#15055=CARTESIAN_POINT('Origin',(1390.,1095.,-430.));
#15056=CARTESIAN_POINT('Origin',(1530.,940.,-430.));
#15057=CARTESIAN_POINT('',(1530.,940.,-430.));
#15058=CARTESIAN_POINT('',(1320.,940.,-430.));
#15059=CARTESIAN_POINT('',(1530.,940.,-430.));
#15060=CARTESIAN_POINT('',(1320.,940.,-380.));
#15061=CARTESIAN_POINT('',(1320.,940.,-430.));
#15062=CARTESIAN_POINT('',(1530.,940.,-380.));
#15063=CARTESIAN_POINT('',(1530.,940.,-380.));
#15064=CARTESIAN_POINT('',(1530.,940.,-430.));
#15065=CARTESIAN_POINT('Origin',(1530.,790.,-430.));
#15066=CARTESIAN_POINT('',(1530.,790.,-430.));
#15067=CARTESIAN_POINT('',(1530.,790.,-430.));
#15068=CARTESIAN_POINT('',(1530.,790.,-380.));
#15069=CARTESIAN_POINT('',(1530.,790.,-380.));
#15070=CARTESIAN_POINT('',(1530.,790.,-430.));
#15071=CARTESIAN_POINT('Origin',(1320.,790.,-430.));
#15072=CARTESIAN_POINT('',(1320.,790.,-430.));
#15073=CARTESIAN_POINT('',(1320.,790.,-430.));
#15074=CARTESIAN_POINT('',(1320.,790.,-380.));
#15075=CARTESIAN_POINT('',(1320.,790.,-380.));
#15076=CARTESIAN_POINT('',(1320.,790.,-430.));
#15077=CARTESIAN_POINT('Origin',(1320.,940.,-430.));
#15078=CARTESIAN_POINT('',(1320.,940.,-430.));
#15079=CARTESIAN_POINT('',(1320.,940.,-380.));
#15080=CARTESIAN_POINT('Origin',(1425.,865.,-380.));
#15081=CARTESIAN_POINT('Origin',(1425.,865.,-430.));
#15082=CARTESIAN_POINT('Origin',(1530.,740.,-430.));
#15083=CARTESIAN_POINT('',(1530.,740.,-430.));
#15084=CARTESIAN_POINT('',(1320.,740.,-430.));
#15085=CARTESIAN_POINT('',(1530.,740.,-430.));
#15086=CARTESIAN_POINT('',(1320.,740.,-380.));
#15087=CARTESIAN_POINT('',(1320.,740.,-430.));
#15088=CARTESIAN_POINT('',(1530.,740.,-380.));
#15089=CARTESIAN_POINT('',(1530.,740.,-380.));
#15090=CARTESIAN_POINT('',(1530.,740.,-430.));
#15091=CARTESIAN_POINT('Origin',(1530.,630.,-430.));
#15092=CARTESIAN_POINT('',(1530.,630.,-430.));
#15093=CARTESIAN_POINT('',(1530.,630.,-430.));
#15094=CARTESIAN_POINT('',(1530.,630.,-380.));
#15095=CARTESIAN_POINT('',(1530.,630.,-380.));
#15096=CARTESIAN_POINT('',(1530.,630.,-430.));
#15097=CARTESIAN_POINT('Origin',(1320.,630.,-430.));
#15098=CARTESIAN_POINT('',(1320.,630.,-430.));
#15099=CARTESIAN_POINT('',(1320.,630.,-430.));
#15100=CARTESIAN_POINT('',(1320.,630.,-380.));
#15101=CARTESIAN_POINT('',(1320.,630.,-380.));
#15102=CARTESIAN_POINT('',(1320.,630.,-430.));
#15103=CARTESIAN_POINT('Origin',(1320.,740.,-430.));
#15104=CARTESIAN_POINT('',(1320.,740.,-430.));
#15105=CARTESIAN_POINT('',(1320.,740.,-380.));
#15106=CARTESIAN_POINT('Origin',(1425.,685.,-380.));
#15107=CARTESIAN_POINT('Origin',(1425.,685.,-430.));
#15108=CARTESIAN_POINT('Origin',(1260.,960.,-440.));
#15109=CARTESIAN_POINT('',(1260.,960.,-440.));
#15110=CARTESIAN_POINT('',(40.,960.,-440.));
#15111=CARTESIAN_POINT('',(1260.,960.,-440.));
#15112=CARTESIAN_POINT('',(40.,960.,-430.));
#15113=CARTESIAN_POINT('',(40.,960.,-440.));
#15114=CARTESIAN_POINT('',(1260.,960.,-430.));
#15115=CARTESIAN_POINT('',(1260.,960.,-430.));
#15116=CARTESIAN_POINT('',(1260.,960.,-440.));
#15117=CARTESIAN_POINT('Origin',(1260.,900.,-440.));
#15118=CARTESIAN_POINT('',(1260.,900.,-440.));
#15119=CARTESIAN_POINT('',(1260.,900.,-440.));
#15120=CARTESIAN_POINT('',(1260.,900.,-430.));
#15121=CARTESIAN_POINT('',(1260.,900.,-430.));
#15122=CARTESIAN_POINT('',(1260.,900.,-440.));
#15123=CARTESIAN_POINT('Origin',(40.,900.,-440.));
#15124=CARTESIAN_POINT('',(40.,900.,-440.));
#15125=CARTESIAN_POINT('',(40.,900.,-440.));
#15126=CARTESIAN_POINT('',(40.,900.,-430.));
#15127=CARTESIAN_POINT('',(40.,900.,-430.));
#15128=CARTESIAN_POINT('',(40.,900.,-440.));
#15129=CARTESIAN_POINT('Origin',(40.,960.,-440.));
#15130=CARTESIAN_POINT('',(40.,960.,-440.));
#15131=CARTESIAN_POINT('',(40.,960.,-430.));
#15132=CARTESIAN_POINT('Origin',(650.,930.,-430.));
#15133=CARTESIAN_POINT('Origin',(650.,930.,-440.));
#15134=CARTESIAN_POINT('Origin',(90.,965.,-448.));
#15135=CARTESIAN_POINT('',(90.,965.,-448.));
#15136=CARTESIAN_POINT('',(50.,965.,-448.));
#15137=CARTESIAN_POINT('',(90.,965.,-448.));
#15138=CARTESIAN_POINT('',(50.,965.,-440.));
#15139=CARTESIAN_POINT('',(50.,965.,-448.));
#15140=CARTESIAN_POINT('',(90.,965.,-440.));
#15141=CARTESIAN_POINT('',(90.,965.,-440.));
#15142=CARTESIAN_POINT('',(90.,965.,-448.));
#15143=CARTESIAN_POINT('Origin',(90.,895.,-448.));
#15144=CARTESIAN_POINT('',(90.,895.,-448.));
#15145=CARTESIAN_POINT('',(90.,895.,-448.));
#15146=CARTESIAN_POINT('',(90.,895.,-440.));
#15147=CARTESIAN_POINT('',(90.,895.,-440.));
#15148=CARTESIAN_POINT('',(90.,895.,-448.));
#15149=CARTESIAN_POINT('Origin',(50.,895.,-448.));
#15150=CARTESIAN_POINT('',(50.,895.,-448.));
#15151=CARTESIAN_POINT('',(50.,895.,-448.));
#15152=CARTESIAN_POINT('',(50.,895.,-440.));
#15153=CARTESIAN_POINT('',(50.,895.,-440.));
#15154=CARTESIAN_POINT('',(50.,895.,-448.));
#15155=CARTESIAN_POINT('Origin',(50.,965.,-448.));
#15156=CARTESIAN_POINT('',(50.,965.,-448.));
#15157=CARTESIAN_POINT('',(50.,965.,-440.));
#15158=CARTESIAN_POINT('Origin',(70.,930.,-440.));
#15159=CARTESIAN_POINT('Origin',(70.,930.,-448.));
#15160=CARTESIAN_POINT('Origin',(670.,965.,-448.));
#15161=CARTESIAN_POINT('',(670.,965.,-448.));
#15162=CARTESIAN_POINT('',(630.,965.,-448.));
#15163=CARTESIAN_POINT('',(670.,965.,-448.));
#15164=CARTESIAN_POINT('',(630.,965.,-440.));
#15165=CARTESIAN_POINT('',(630.,965.,-448.));
#15166=CARTESIAN_POINT('',(670.,965.,-440.));
#15167=CARTESIAN_POINT('',(670.,965.,-440.));
#15168=CARTESIAN_POINT('',(670.,965.,-448.));
#15169=CARTESIAN_POINT('Origin',(670.,895.,-448.));
#15170=CARTESIAN_POINT('',(670.,895.,-448.));
#15171=CARTESIAN_POINT('',(670.,895.,-448.));
#15172=CARTESIAN_POINT('',(670.,895.,-440.));
#15173=CARTESIAN_POINT('',(670.,895.,-440.));
#15174=CARTESIAN_POINT('',(670.,895.,-448.));
#15175=CARTESIAN_POINT('Origin',(630.,895.,-448.));
#15176=CARTESIAN_POINT('',(630.,895.,-448.));
#15177=CARTESIAN_POINT('',(630.,895.,-448.));
#15178=CARTESIAN_POINT('',(630.,895.,-440.));
#15179=CARTESIAN_POINT('',(630.,895.,-440.));
#15180=CARTESIAN_POINT('',(630.,895.,-448.));
#15181=CARTESIAN_POINT('Origin',(630.,965.,-448.));
#15182=CARTESIAN_POINT('',(630.,965.,-448.));
#15183=CARTESIAN_POINT('',(630.,965.,-440.));
#15184=CARTESIAN_POINT('Origin',(650.,930.,-440.));
#15185=CARTESIAN_POINT('Origin',(650.,930.,-448.));
#15186=CARTESIAN_POINT('Origin',(1250.,965.,-448.));
#15187=CARTESIAN_POINT('',(1250.,965.,-448.));
#15188=CARTESIAN_POINT('',(1210.,965.,-448.));
#15189=CARTESIAN_POINT('',(1250.,965.,-448.));
#15190=CARTESIAN_POINT('',(1210.,965.,-440.));
#15191=CARTESIAN_POINT('',(1210.,965.,-448.));
#15192=CARTESIAN_POINT('',(1250.,965.,-440.));
#15193=CARTESIAN_POINT('',(1250.,965.,-440.));
#15194=CARTESIAN_POINT('',(1250.,965.,-448.));
#15195=CARTESIAN_POINT('Origin',(1250.,895.,-448.));
#15196=CARTESIAN_POINT('',(1250.,895.,-448.));
#15197=CARTESIAN_POINT('',(1250.,895.,-448.));
#15198=CARTESIAN_POINT('',(1250.,895.,-440.));
#15199=CARTESIAN_POINT('',(1250.,895.,-440.));
#15200=CARTESIAN_POINT('',(1250.,895.,-448.));
#15201=CARTESIAN_POINT('Origin',(1210.,895.,-448.));
#15202=CARTESIAN_POINT('',(1210.,895.,-448.));
#15203=CARTESIAN_POINT('',(1210.,895.,-448.));
#15204=CARTESIAN_POINT('',(1210.,895.,-440.));
#15205=CARTESIAN_POINT('',(1210.,895.,-440.));
#15206=CARTESIAN_POINT('',(1210.,895.,-448.));
#15207=CARTESIAN_POINT('Origin',(1210.,965.,-448.));
#15208=CARTESIAN_POINT('',(1210.,965.,-448.));
#15209=CARTESIAN_POINT('',(1210.,965.,-440.));
#15210=CARTESIAN_POINT('Origin',(1230.,930.,-440.));
#15211=CARTESIAN_POINT('Origin',(1230.,930.,-448.));
#15212=CARTESIAN_POINT('Origin',(1260.,775.,-440.));
#15213=CARTESIAN_POINT('',(1260.,775.,-440.));
#15214=CARTESIAN_POINT('',(40.,775.,-440.));
#15215=CARTESIAN_POINT('',(1260.,775.,-440.));
#15216=CARTESIAN_POINT('',(40.,775.,-430.));
#15217=CARTESIAN_POINT('',(40.,775.,-440.));
#15218=CARTESIAN_POINT('',(1260.,775.,-430.));
#15219=CARTESIAN_POINT('',(1260.,775.,-430.));
#15220=CARTESIAN_POINT('',(1260.,775.,-440.));
#15221=CARTESIAN_POINT('Origin',(1260.,715.,-440.));
#15222=CARTESIAN_POINT('',(1260.,715.,-440.));
#15223=CARTESIAN_POINT('',(1260.,715.,-440.));
#15224=CARTESIAN_POINT('',(1260.,715.,-430.));
#15225=CARTESIAN_POINT('',(1260.,715.,-430.));
#15226=CARTESIAN_POINT('',(1260.,715.,-440.));
#15227=CARTESIAN_POINT('Origin',(40.,715.,-440.));
#15228=CARTESIAN_POINT('',(40.,715.,-440.));
#15229=CARTESIAN_POINT('',(40.,715.,-440.));
#15230=CARTESIAN_POINT('',(40.,715.,-430.));
#15231=CARTESIAN_POINT('',(40.,715.,-430.));
#15232=CARTESIAN_POINT('',(40.,715.,-440.));
#15233=CARTESIAN_POINT('Origin',(40.,775.,-440.));
#15234=CARTESIAN_POINT('',(40.,775.,-440.));
#15235=CARTESIAN_POINT('',(40.,775.,-430.));
#15236=CARTESIAN_POINT('Origin',(650.,745.,-430.));
#15237=CARTESIAN_POINT('Origin',(650.,745.,-440.));
#15238=CARTESIAN_POINT('Origin',(90.,780.,-448.));
#15239=CARTESIAN_POINT('',(90.,780.,-448.));
#15240=CARTESIAN_POINT('',(50.,780.,-448.));
#15241=CARTESIAN_POINT('',(90.,780.,-448.));
#15242=CARTESIAN_POINT('',(50.,780.,-440.));
#15243=CARTESIAN_POINT('',(50.,780.,-448.));
#15244=CARTESIAN_POINT('',(90.,780.,-440.));
#15245=CARTESIAN_POINT('',(90.,780.,-440.));
#15246=CARTESIAN_POINT('',(90.,780.,-448.));
#15247=CARTESIAN_POINT('Origin',(90.,710.,-448.));
#15248=CARTESIAN_POINT('',(90.,710.,-448.));
#15249=CARTESIAN_POINT('',(90.,710.,-448.));
#15250=CARTESIAN_POINT('',(90.,710.,-440.));
#15251=CARTESIAN_POINT('',(90.,710.,-440.));
#15252=CARTESIAN_POINT('',(90.,710.,-448.));
#15253=CARTESIAN_POINT('Origin',(50.,710.,-448.));
#15254=CARTESIAN_POINT('',(50.,710.,-448.));
#15255=CARTESIAN_POINT('',(50.,710.,-448.));
#15256=CARTESIAN_POINT('',(50.,710.,-440.));
#15257=CARTESIAN_POINT('',(50.,710.,-440.));
#15258=CARTESIAN_POINT('',(50.,710.,-448.));
#15259=CARTESIAN_POINT('Origin',(50.,780.,-448.));
#15260=CARTESIAN_POINT('',(50.,780.,-448.));
#15261=CARTESIAN_POINT('',(50.,780.,-440.));
#15262=CARTESIAN_POINT('Origin',(70.,745.,-440.));
#15263=CARTESIAN_POINT('Origin',(70.,745.,-448.));
#15264=CARTESIAN_POINT('Origin',(670.,780.,-448.));
#15265=CARTESIAN_POINT('',(670.,780.,-448.));
#15266=CARTESIAN_POINT('',(630.,780.,-448.));
#15267=CARTESIAN_POINT('',(670.,780.,-448.));
#15268=CARTESIAN_POINT('',(630.,780.,-440.));
#15269=CARTESIAN_POINT('',(630.,780.,-448.));
#15270=CARTESIAN_POINT('',(670.,780.,-440.));
#15271=CARTESIAN_POINT('',(670.,780.,-440.));
#15272=CARTESIAN_POINT('',(670.,780.,-448.));
#15273=CARTESIAN_POINT('Origin',(670.,710.,-448.));
#15274=CARTESIAN_POINT('',(670.,710.,-448.));
#15275=CARTESIAN_POINT('',(670.,710.,-448.));
#15276=CARTESIAN_POINT('',(670.,710.,-440.));
#15277=CARTESIAN_POINT('',(670.,710.,-440.));
#15278=CARTESIAN_POINT('',(670.,710.,-448.));
#15279=CARTESIAN_POINT('Origin',(630.,710.,-448.));
#15280=CARTESIAN_POINT('',(630.,710.,-448.));
#15281=CARTESIAN_POINT('',(630.,710.,-448.));
#15282=CARTESIAN_POINT('',(630.,710.,-440.));
#15283=CARTESIAN_POINT('',(630.,710.,-440.));
#15284=CARTESIAN_POINT('',(630.,710.,-448.));
#15285=CARTESIAN_POINT('Origin',(630.,780.,-448.));
#15286=CARTESIAN_POINT('',(630.,780.,-448.));
#15287=CARTESIAN_POINT('',(630.,780.,-440.));
#15288=CARTESIAN_POINT('Origin',(650.,745.,-440.));
#15289=CARTESIAN_POINT('Origin',(650.,745.,-448.));
#15290=CARTESIAN_POINT('Origin',(1250.,780.,-448.));
#15291=CARTESIAN_POINT('',(1250.,780.,-448.));
#15292=CARTESIAN_POINT('',(1210.,780.,-448.));
#15293=CARTESIAN_POINT('',(1250.,780.,-448.));
#15294=CARTESIAN_POINT('',(1210.,780.,-440.));
#15295=CARTESIAN_POINT('',(1210.,780.,-448.));
#15296=CARTESIAN_POINT('',(1250.,780.,-440.));
#15297=CARTESIAN_POINT('',(1250.,780.,-440.));
#15298=CARTESIAN_POINT('',(1250.,780.,-448.));
#15299=CARTESIAN_POINT('Origin',(1250.,710.,-448.));
#15300=CARTESIAN_POINT('',(1250.,710.,-448.));
#15301=CARTESIAN_POINT('',(1250.,710.,-448.));
#15302=CARTESIAN_POINT('',(1250.,710.,-440.));
#15303=CARTESIAN_POINT('',(1250.,710.,-440.));
#15304=CARTESIAN_POINT('',(1250.,710.,-448.));
#15305=CARTESIAN_POINT('Origin',(1210.,710.,-448.));
#15306=CARTESIAN_POINT('',(1210.,710.,-448.));
#15307=CARTESIAN_POINT('',(1210.,710.,-448.));
#15308=CARTESIAN_POINT('',(1210.,710.,-440.));
#15309=CARTESIAN_POINT('',(1210.,710.,-440.));
#15310=CARTESIAN_POINT('',(1210.,710.,-448.));
#15311=CARTESIAN_POINT('Origin',(1210.,780.,-448.));
#15312=CARTESIAN_POINT('',(1210.,780.,-448.));
#15313=CARTESIAN_POINT('',(1210.,780.,-440.));
#15314=CARTESIAN_POINT('Origin',(1230.,745.,-440.));
#15315=CARTESIAN_POINT('Origin',(1230.,745.,-448.));
#15316=CARTESIAN_POINT('Origin',(1260.,590.,-440.));
#15317=CARTESIAN_POINT('',(1260.,590.,-440.));
#15318=CARTESIAN_POINT('',(40.,590.,-440.));
#15319=CARTESIAN_POINT('',(1260.,590.,-440.));
#15320=CARTESIAN_POINT('',(40.,590.,-430.));
#15321=CARTESIAN_POINT('',(40.,590.,-440.));
#15322=CARTESIAN_POINT('',(1260.,590.,-430.));
#15323=CARTESIAN_POINT('',(1260.,590.,-430.));
#15324=CARTESIAN_POINT('',(1260.,590.,-440.));
#15325=CARTESIAN_POINT('Origin',(1260.,530.,-440.));
#15326=CARTESIAN_POINT('',(1260.,530.,-440.));
#15327=CARTESIAN_POINT('',(1260.,530.,-440.));
#15328=CARTESIAN_POINT('',(1260.,530.,-430.));
#15329=CARTESIAN_POINT('',(1260.,530.,-430.));
#15330=CARTESIAN_POINT('',(1260.,530.,-440.));
#15331=CARTESIAN_POINT('Origin',(40.,530.,-440.));
#15332=CARTESIAN_POINT('',(40.,530.,-440.));
#15333=CARTESIAN_POINT('',(40.,530.,-440.));
#15334=CARTESIAN_POINT('',(40.,530.,-430.));
#15335=CARTESIAN_POINT('',(40.,530.,-430.));
#15336=CARTESIAN_POINT('',(40.,530.,-440.));
#15337=CARTESIAN_POINT('Origin',(40.,590.,-440.));
#15338=CARTESIAN_POINT('',(40.,590.,-440.));
#15339=CARTESIAN_POINT('',(40.,590.,-430.));
#15340=CARTESIAN_POINT('Origin',(650.,560.,-430.));
#15341=CARTESIAN_POINT('Origin',(650.,560.,-440.));
#15342=CARTESIAN_POINT('Origin',(90.,595.,-448.));
#15343=CARTESIAN_POINT('',(90.,595.,-448.));
#15344=CARTESIAN_POINT('',(50.,595.,-448.));
#15345=CARTESIAN_POINT('',(90.,595.,-448.));
#15346=CARTESIAN_POINT('',(50.,595.,-440.));
#15347=CARTESIAN_POINT('',(50.,595.,-448.));
#15348=CARTESIAN_POINT('',(90.,595.,-440.));
#15349=CARTESIAN_POINT('',(90.,595.,-440.));
#15350=CARTESIAN_POINT('',(90.,595.,-448.));
#15351=CARTESIAN_POINT('Origin',(90.,525.,-448.));
#15352=CARTESIAN_POINT('',(90.,525.,-448.));
#15353=CARTESIAN_POINT('',(90.,525.,-448.));
#15354=CARTESIAN_POINT('',(90.,525.,-440.));
#15355=CARTESIAN_POINT('',(90.,525.,-440.));
#15356=CARTESIAN_POINT('',(90.,525.,-448.));
#15357=CARTESIAN_POINT('Origin',(50.,525.,-448.));
#15358=CARTESIAN_POINT('',(50.,525.,-448.));
#15359=CARTESIAN_POINT('',(50.,525.,-448.));
#15360=CARTESIAN_POINT('',(50.,525.,-440.));
#15361=CARTESIAN_POINT('',(50.,525.,-440.));
#15362=CARTESIAN_POINT('',(50.,525.,-448.));
#15363=CARTESIAN_POINT('Origin',(50.,595.,-448.));
#15364=CARTESIAN_POINT('',(50.,595.,-448.));
#15365=CARTESIAN_POINT('',(50.,595.,-440.));
#15366=CARTESIAN_POINT('Origin',(70.,560.,-440.));
#15367=CARTESIAN_POINT('Origin',(70.,560.,-448.));
#15368=CARTESIAN_POINT('Origin',(670.,595.,-448.));
#15369=CARTESIAN_POINT('',(670.,595.,-448.));
#15370=CARTESIAN_POINT('',(630.,595.,-448.));
#15371=CARTESIAN_POINT('',(670.,595.,-448.));
#15372=CARTESIAN_POINT('',(630.,595.,-440.));
#15373=CARTESIAN_POINT('',(630.,595.,-448.));
#15374=CARTESIAN_POINT('',(670.,595.,-440.));
#15375=CARTESIAN_POINT('',(670.,595.,-440.));
#15376=CARTESIAN_POINT('',(670.,595.,-448.));
#15377=CARTESIAN_POINT('Origin',(670.,525.,-448.));
#15378=CARTESIAN_POINT('',(670.,525.,-448.));
#15379=CARTESIAN_POINT('',(670.,525.,-448.));
#15380=CARTESIAN_POINT('',(670.,525.,-440.));
#15381=CARTESIAN_POINT('',(670.,525.,-440.));
#15382=CARTESIAN_POINT('',(670.,525.,-448.));
#15383=CARTESIAN_POINT('Origin',(630.,525.,-448.));
#15384=CARTESIAN_POINT('',(630.,525.,-448.));
#15385=CARTESIAN_POINT('',(630.,525.,-448.));
#15386=CARTESIAN_POINT('',(630.,525.,-440.));
#15387=CARTESIAN_POINT('',(630.,525.,-440.));
#15388=CARTESIAN_POINT('',(630.,525.,-448.));
#15389=CARTESIAN_POINT('Origin',(630.,595.,-448.));
#15390=CARTESIAN_POINT('',(630.,595.,-448.));
#15391=CARTESIAN_POINT('',(630.,595.,-440.));
#15392=CARTESIAN_POINT('Origin',(650.,560.,-440.));
#15393=CARTESIAN_POINT('Origin',(650.,560.,-448.));
#15394=CARTESIAN_POINT('Origin',(1250.,595.,-448.));
#15395=CARTESIAN_POINT('',(1250.,595.,-448.));
#15396=CARTESIAN_POINT('',(1210.,595.,-448.));
#15397=CARTESIAN_POINT('',(1250.,595.,-448.));
#15398=CARTESIAN_POINT('',(1210.,595.,-440.));
#15399=CARTESIAN_POINT('',(1210.,595.,-448.));
#15400=CARTESIAN_POINT('',(1250.,595.,-440.));
#15401=CARTESIAN_POINT('',(1250.,595.,-440.));
#15402=CARTESIAN_POINT('',(1250.,595.,-448.));
#15403=CARTESIAN_POINT('Origin',(1250.,525.,-448.));
#15404=CARTESIAN_POINT('',(1250.,525.,-448.));
#15405=CARTESIAN_POINT('',(1250.,525.,-448.));
#15406=CARTESIAN_POINT('',(1250.,525.,-440.));
#15407=CARTESIAN_POINT('',(1250.,525.,-440.));
#15408=CARTESIAN_POINT('',(1250.,525.,-448.));
#15409=CARTESIAN_POINT('Origin',(1210.,525.,-448.));
#15410=CARTESIAN_POINT('',(1210.,525.,-448.));
#15411=CARTESIAN_POINT('',(1210.,525.,-448.));
#15412=CARTESIAN_POINT('',(1210.,525.,-440.));
#15413=CARTESIAN_POINT('',(1210.,525.,-440.));
#15414=CARTESIAN_POINT('',(1210.,525.,-448.));
#15415=CARTESIAN_POINT('Origin',(1210.,595.,-448.));
#15416=CARTESIAN_POINT('',(1210.,595.,-448.));
#15417=CARTESIAN_POINT('',(1210.,595.,-440.));
#15418=CARTESIAN_POINT('Origin',(1230.,560.,-440.));
#15419=CARTESIAN_POINT('Origin',(1230.,560.,-448.));
#15420=CARTESIAN_POINT('Origin',(142.,940.,-430.));
#15421=CARTESIAN_POINT('',(142.,940.,-430.));
#15422=CARTESIAN_POINT('',(58.,940.,-430.));
#15423=CARTESIAN_POINT('',(142.,940.,-430.));
#15424=CARTESIAN_POINT('',(58.,940.,-288.5));
#15425=CARTESIAN_POINT('',(58.,940.,-430.));
#15426=CARTESIAN_POINT('',(142.,940.,-288.5));
#15427=CARTESIAN_POINT('',(142.,940.,-288.5));
#15428=CARTESIAN_POINT('',(142.,940.,-430.));
#15429=CARTESIAN_POINT('Origin',(142.,820.,-430.));
#15430=CARTESIAN_POINT('',(142.,820.,-430.));
#15431=CARTESIAN_POINT('',(142.,820.,-430.));
#15432=CARTESIAN_POINT('',(142.,820.,-288.5));
#15433=CARTESIAN_POINT('',(142.,820.,-288.5));
#15434=CARTESIAN_POINT('',(142.,820.,-430.));
#15435=CARTESIAN_POINT('Origin',(58.,820.,-430.));
#15436=CARTESIAN_POINT('',(58.,820.,-430.));
#15437=CARTESIAN_POINT('',(58.,820.,-430.));
#15438=CARTESIAN_POINT('',(58.,820.,-288.5));
#15439=CARTESIAN_POINT('',(58.,820.,-288.5));
#15440=CARTESIAN_POINT('',(58.,820.,-430.));
#15441=CARTESIAN_POINT('Origin',(58.,940.,-430.));
#15442=CARTESIAN_POINT('',(58.,940.,-430.));
#15443=CARTESIAN_POINT('',(58.,940.,-288.5));
#15444=CARTESIAN_POINT('Origin',(100.,880.,-288.5));
#15445=CARTESIAN_POINT('Origin',(100.,880.,-430.));
#15446=CARTESIAN_POINT('Origin',(242.,940.,-430.));
#15447=CARTESIAN_POINT('',(242.,940.,-430.));
#15448=CARTESIAN_POINT('',(158.,940.,-430.));
#15449=CARTESIAN_POINT('',(242.,940.,-430.));
#15450=CARTESIAN_POINT('',(158.,940.,-288.5));
#15451=CARTESIAN_POINT('',(158.,940.,-430.));
#15452=CARTESIAN_POINT('',(242.,940.,-288.5));
#15453=CARTESIAN_POINT('',(242.,940.,-288.5));
#15454=CARTESIAN_POINT('',(242.,940.,-430.));
#15455=CARTESIAN_POINT('Origin',(242.,820.,-430.));
#15456=CARTESIAN_POINT('',(242.,820.,-430.));
#15457=CARTESIAN_POINT('',(242.,820.,-430.));
#15458=CARTESIAN_POINT('',(242.,820.,-288.5));
#15459=CARTESIAN_POINT('',(242.,820.,-288.5));
#15460=CARTESIAN_POINT('',(242.,820.,-430.));
#15461=CARTESIAN_POINT('Origin',(158.,820.,-430.));
#15462=CARTESIAN_POINT('',(158.,820.,-430.));
#15463=CARTESIAN_POINT('',(158.,820.,-430.));
#15464=CARTESIAN_POINT('',(158.,820.,-288.5));
#15465=CARTESIAN_POINT('',(158.,820.,-288.5));
#15466=CARTESIAN_POINT('',(158.,820.,-430.));
#15467=CARTESIAN_POINT('Origin',(158.,940.,-430.));
#15468=CARTESIAN_POINT('',(158.,940.,-430.));
#15469=CARTESIAN_POINT('',(158.,940.,-288.5));
#15470=CARTESIAN_POINT('Origin',(200.,880.,-288.5));
#15471=CARTESIAN_POINT('Origin',(200.,880.,-430.));
#15472=CARTESIAN_POINT('Origin',(342.,940.,-430.));
#15473=CARTESIAN_POINT('',(342.,940.,-430.));
#15474=CARTESIAN_POINT('',(258.,940.,-430.));
#15475=CARTESIAN_POINT('',(342.,940.,-430.));
#15476=CARTESIAN_POINT('',(258.,940.,-288.5));
#15477=CARTESIAN_POINT('',(258.,940.,-430.));
#15478=CARTESIAN_POINT('',(342.,940.,-288.5));
#15479=CARTESIAN_POINT('',(342.,940.,-288.5));
#15480=CARTESIAN_POINT('',(342.,940.,-430.));
#15481=CARTESIAN_POINT('Origin',(342.,820.,-430.));
#15482=CARTESIAN_POINT('',(342.,820.,-430.));
#15483=CARTESIAN_POINT('',(342.,820.,-430.));
#15484=CARTESIAN_POINT('',(342.,820.,-288.5));
#15485=CARTESIAN_POINT('',(342.,820.,-288.5));
#15486=CARTESIAN_POINT('',(342.,820.,-430.));
#15487=CARTESIAN_POINT('Origin',(258.,820.,-430.));
#15488=CARTESIAN_POINT('',(258.,820.,-430.));
#15489=CARTESIAN_POINT('',(258.,820.,-430.));
#15490=CARTESIAN_POINT('',(258.,820.,-288.5));
#15491=CARTESIAN_POINT('',(258.,820.,-288.5));
#15492=CARTESIAN_POINT('',(258.,820.,-430.));
#15493=CARTESIAN_POINT('Origin',(258.,940.,-430.));
#15494=CARTESIAN_POINT('',(258.,940.,-430.));
#15495=CARTESIAN_POINT('',(258.,940.,-288.5));
#15496=CARTESIAN_POINT('Origin',(300.,880.,-288.5));
#15497=CARTESIAN_POINT('Origin',(300.,880.,-430.));
#15498=CARTESIAN_POINT('Origin',(442.,940.,-430.));
#15499=CARTESIAN_POINT('',(442.,940.,-430.));
#15500=CARTESIAN_POINT('',(358.,940.,-430.));
#15501=CARTESIAN_POINT('',(442.,940.,-430.));
#15502=CARTESIAN_POINT('',(358.,940.,-288.5));
#15503=CARTESIAN_POINT('',(358.,940.,-430.));
#15504=CARTESIAN_POINT('',(442.,940.,-288.5));
#15505=CARTESIAN_POINT('',(442.,940.,-288.5));
#15506=CARTESIAN_POINT('',(442.,940.,-430.));
#15507=CARTESIAN_POINT('Origin',(442.,820.,-430.));
#15508=CARTESIAN_POINT('',(442.,820.,-430.));
#15509=CARTESIAN_POINT('',(442.,820.,-430.));
#15510=CARTESIAN_POINT('',(442.,820.,-288.5));
#15511=CARTESIAN_POINT('',(442.,820.,-288.5));
#15512=CARTESIAN_POINT('',(442.,820.,-430.));
#15513=CARTESIAN_POINT('Origin',(358.,820.,-430.));
#15514=CARTESIAN_POINT('',(358.,820.,-430.));
#15515=CARTESIAN_POINT('',(358.,820.,-430.));
#15516=CARTESIAN_POINT('',(358.,820.,-288.5));
#15517=CARTESIAN_POINT('',(358.,820.,-288.5));
#15518=CARTESIAN_POINT('',(358.,820.,-430.));
#15519=CARTESIAN_POINT('Origin',(358.,940.,-430.));
#15520=CARTESIAN_POINT('',(358.,940.,-430.));
#15521=CARTESIAN_POINT('',(358.,940.,-288.5));
#15522=CARTESIAN_POINT('Origin',(400.,880.,-288.5));
#15523=CARTESIAN_POINT('Origin',(400.,880.,-430.));
#15524=CARTESIAN_POINT('Origin',(542.,940.,-430.));
#15525=CARTESIAN_POINT('',(542.,940.,-430.));
#15526=CARTESIAN_POINT('',(458.,940.,-430.));
#15527=CARTESIAN_POINT('',(542.,940.,-430.));
#15528=CARTESIAN_POINT('',(458.,940.,-288.5));
#15529=CARTESIAN_POINT('',(458.,940.,-430.));
#15530=CARTESIAN_POINT('',(542.,940.,-288.5));
#15531=CARTESIAN_POINT('',(542.,940.,-288.5));
#15532=CARTESIAN_POINT('',(542.,940.,-430.));
#15533=CARTESIAN_POINT('Origin',(542.,820.,-430.));
#15534=CARTESIAN_POINT('',(542.,820.,-430.));
#15535=CARTESIAN_POINT('',(542.,820.,-430.));
#15536=CARTESIAN_POINT('',(542.,820.,-288.5));
#15537=CARTESIAN_POINT('',(542.,820.,-288.5));
#15538=CARTESIAN_POINT('',(542.,820.,-430.));
#15539=CARTESIAN_POINT('Origin',(458.,820.,-430.));
#15540=CARTESIAN_POINT('',(458.,820.,-430.));
#15541=CARTESIAN_POINT('',(458.,820.,-430.));
#15542=CARTESIAN_POINT('',(458.,820.,-288.5));
#15543=CARTESIAN_POINT('',(458.,820.,-288.5));
#15544=CARTESIAN_POINT('',(458.,820.,-430.));
#15545=CARTESIAN_POINT('Origin',(458.,940.,-430.));
#15546=CARTESIAN_POINT('',(458.,940.,-430.));
#15547=CARTESIAN_POINT('',(458.,940.,-288.5));
#15548=CARTESIAN_POINT('Origin',(500.,880.,-288.5));
#15549=CARTESIAN_POINT('Origin',(500.,880.,-430.));
#15550=CARTESIAN_POINT('Origin',(642.,940.,-430.));
#15551=CARTESIAN_POINT('',(642.,940.,-430.));
#15552=CARTESIAN_POINT('',(558.,940.,-430.));
#15553=CARTESIAN_POINT('',(642.,940.,-430.));
#15554=CARTESIAN_POINT('',(558.,940.,-288.5));
#15555=CARTESIAN_POINT('',(558.,940.,-430.));
#15556=CARTESIAN_POINT('',(642.,940.,-288.5));
#15557=CARTESIAN_POINT('',(642.,940.,-288.5));
#15558=CARTESIAN_POINT('',(642.,940.,-430.));
#15559=CARTESIAN_POINT('Origin',(642.,820.,-430.));
#15560=CARTESIAN_POINT('',(642.,820.,-430.));
#15561=CARTESIAN_POINT('',(642.,820.,-430.));
#15562=CARTESIAN_POINT('',(642.,820.,-288.5));
#15563=CARTESIAN_POINT('',(642.,820.,-288.5));
#15564=CARTESIAN_POINT('',(642.,820.,-430.));
#15565=CARTESIAN_POINT('Origin',(558.,820.,-430.));
#15566=CARTESIAN_POINT('',(558.,820.,-430.));
#15567=CARTESIAN_POINT('',(558.,820.,-430.));
#15568=CARTESIAN_POINT('',(558.,820.,-288.5));
#15569=CARTESIAN_POINT('',(558.,820.,-288.5));
#15570=CARTESIAN_POINT('',(558.,820.,-430.));
#15571=CARTESIAN_POINT('Origin',(558.,940.,-430.));
#15572=CARTESIAN_POINT('',(558.,940.,-430.));
#15573=CARTESIAN_POINT('',(558.,940.,-288.5));
#15574=CARTESIAN_POINT('Origin',(600.,880.,-288.5));
#15575=CARTESIAN_POINT('Origin',(600.,880.,-430.));
#15576=CARTESIAN_POINT('Origin',(742.,940.,-430.));
#15577=CARTESIAN_POINT('',(742.,940.,-430.));
#15578=CARTESIAN_POINT('',(658.,940.,-430.));
#15579=CARTESIAN_POINT('',(742.,940.,-430.));
#15580=CARTESIAN_POINT('',(658.,940.,-288.5));
#15581=CARTESIAN_POINT('',(658.,940.,-430.));
#15582=CARTESIAN_POINT('',(742.,940.,-288.5));
#15583=CARTESIAN_POINT('',(742.,940.,-288.5));
#15584=CARTESIAN_POINT('',(742.,940.,-430.));
#15585=CARTESIAN_POINT('Origin',(742.,820.,-430.));
#15586=CARTESIAN_POINT('',(742.,820.,-430.));
#15587=CARTESIAN_POINT('',(742.,820.,-430.));
#15588=CARTESIAN_POINT('',(742.,820.,-288.5));
#15589=CARTESIAN_POINT('',(742.,820.,-288.5));
#15590=CARTESIAN_POINT('',(742.,820.,-430.));
#15591=CARTESIAN_POINT('Origin',(658.,820.,-430.));
#15592=CARTESIAN_POINT('',(658.,820.,-430.));
#15593=CARTESIAN_POINT('',(658.,820.,-430.));
#15594=CARTESIAN_POINT('',(658.,820.,-288.5));
#15595=CARTESIAN_POINT('',(658.,820.,-288.5));
#15596=CARTESIAN_POINT('',(658.,820.,-430.));
#15597=CARTESIAN_POINT('Origin',(658.,940.,-430.));
#15598=CARTESIAN_POINT('',(658.,940.,-430.));
#15599=CARTESIAN_POINT('',(658.,940.,-288.5));
#15600=CARTESIAN_POINT('Origin',(700.,880.,-288.5));
#15601=CARTESIAN_POINT('Origin',(700.,880.,-430.));
#15602=CARTESIAN_POINT('Origin',(842.,940.,-430.));
#15603=CARTESIAN_POINT('',(842.,940.,-430.));
#15604=CARTESIAN_POINT('',(758.,940.,-430.));
#15605=CARTESIAN_POINT('',(842.,940.,-430.));
#15606=CARTESIAN_POINT('',(758.,940.,-288.5));
#15607=CARTESIAN_POINT('',(758.,940.,-430.));
#15608=CARTESIAN_POINT('',(842.,940.,-288.5));
#15609=CARTESIAN_POINT('',(842.,940.,-288.5));
#15610=CARTESIAN_POINT('',(842.,940.,-430.));
#15611=CARTESIAN_POINT('Origin',(842.,820.,-430.));
#15612=CARTESIAN_POINT('',(842.,820.,-430.));
#15613=CARTESIAN_POINT('',(842.,820.,-430.));
#15614=CARTESIAN_POINT('',(842.,820.,-288.5));
#15615=CARTESIAN_POINT('',(842.,820.,-288.5));
#15616=CARTESIAN_POINT('',(842.,820.,-430.));
#15617=CARTESIAN_POINT('Origin',(758.,820.,-430.));
#15618=CARTESIAN_POINT('',(758.,820.,-430.));
#15619=CARTESIAN_POINT('',(758.,820.,-430.));
#15620=CARTESIAN_POINT('',(758.,820.,-288.5));
#15621=CARTESIAN_POINT('',(758.,820.,-288.5));
#15622=CARTESIAN_POINT('',(758.,820.,-430.));
#15623=CARTESIAN_POINT('Origin',(758.,940.,-430.));
#15624=CARTESIAN_POINT('',(758.,940.,-430.));
#15625=CARTESIAN_POINT('',(758.,940.,-288.5));
#15626=CARTESIAN_POINT('Origin',(800.,880.,-288.5));
#15627=CARTESIAN_POINT('Origin',(800.,880.,-430.));
#15628=CARTESIAN_POINT('Origin',(942.,940.,-430.));
#15629=CARTESIAN_POINT('',(942.,940.,-430.));
#15630=CARTESIAN_POINT('',(858.,940.,-430.));
#15631=CARTESIAN_POINT('',(942.,940.,-430.));
#15632=CARTESIAN_POINT('',(858.,940.,-288.5));
#15633=CARTESIAN_POINT('',(858.,940.,-430.));
#15634=CARTESIAN_POINT('',(942.,940.,-288.5));
#15635=CARTESIAN_POINT('',(942.,940.,-288.5));
#15636=CARTESIAN_POINT('',(942.,940.,-430.));
#15637=CARTESIAN_POINT('Origin',(942.,820.,-430.));
#15638=CARTESIAN_POINT('',(942.,820.,-430.));
#15639=CARTESIAN_POINT('',(942.,820.,-430.));
#15640=CARTESIAN_POINT('',(942.,820.,-288.5));
#15641=CARTESIAN_POINT('',(942.,820.,-288.5));
#15642=CARTESIAN_POINT('',(942.,820.,-430.));
#15643=CARTESIAN_POINT('Origin',(858.,820.,-430.));
#15644=CARTESIAN_POINT('',(858.,820.,-430.));
#15645=CARTESIAN_POINT('',(858.,820.,-430.));
#15646=CARTESIAN_POINT('',(858.,820.,-288.5));
#15647=CARTESIAN_POINT('',(858.,820.,-288.5));
#15648=CARTESIAN_POINT('',(858.,820.,-430.));
#15649=CARTESIAN_POINT('Origin',(858.,940.,-430.));
#15650=CARTESIAN_POINT('',(858.,940.,-430.));
#15651=CARTESIAN_POINT('',(858.,940.,-288.5));
#15652=CARTESIAN_POINT('Origin',(900.,880.,-288.5));
#15653=CARTESIAN_POINT('Origin',(900.,880.,-430.));
#15654=CARTESIAN_POINT('Origin',(1042.,940.,-430.));
#15655=CARTESIAN_POINT('',(1042.,940.,-430.));
#15656=CARTESIAN_POINT('',(958.,940.,-430.));
#15657=CARTESIAN_POINT('',(1042.,940.,-430.));
#15658=CARTESIAN_POINT('',(958.,940.,-288.5));
#15659=CARTESIAN_POINT('',(958.,940.,-430.));
#15660=CARTESIAN_POINT('',(1042.,940.,-288.5));
#15661=CARTESIAN_POINT('',(1042.,940.,-288.5));
#15662=CARTESIAN_POINT('',(1042.,940.,-430.));
#15663=CARTESIAN_POINT('Origin',(1042.,820.,-430.));
#15664=CARTESIAN_POINT('',(1042.,820.,-430.));
#15665=CARTESIAN_POINT('',(1042.,820.,-430.));
#15666=CARTESIAN_POINT('',(1042.,820.,-288.5));
#15667=CARTESIAN_POINT('',(1042.,820.,-288.5));
#15668=CARTESIAN_POINT('',(1042.,820.,-430.));
#15669=CARTESIAN_POINT('Origin',(958.,820.,-430.));
#15670=CARTESIAN_POINT('',(958.,820.,-430.));
#15671=CARTESIAN_POINT('',(958.,820.,-430.));
#15672=CARTESIAN_POINT('',(958.,820.,-288.5));
#15673=CARTESIAN_POINT('',(958.,820.,-288.5));
#15674=CARTESIAN_POINT('',(958.,820.,-430.));
#15675=CARTESIAN_POINT('Origin',(958.,940.,-430.));
#15676=CARTESIAN_POINT('',(958.,940.,-430.));
#15677=CARTESIAN_POINT('',(958.,940.,-288.5));
#15678=CARTESIAN_POINT('Origin',(1000.,880.,-288.5));
#15679=CARTESIAN_POINT('Origin',(1000.,880.,-430.));
#15680=CARTESIAN_POINT('Origin',(1142.,940.,-430.));
#15681=CARTESIAN_POINT('',(1142.,940.,-430.));
#15682=CARTESIAN_POINT('',(1058.,940.,-430.));
#15683=CARTESIAN_POINT('',(1142.,940.,-430.));
#15684=CARTESIAN_POINT('',(1058.,940.,-288.5));
#15685=CARTESIAN_POINT('',(1058.,940.,-430.));
#15686=CARTESIAN_POINT('',(1142.,940.,-288.5));
#15687=CARTESIAN_POINT('',(1142.,940.,-288.5));
#15688=CARTESIAN_POINT('',(1142.,940.,-430.));
#15689=CARTESIAN_POINT('Origin',(1142.,820.,-430.));
#15690=CARTESIAN_POINT('',(1142.,820.,-430.));
#15691=CARTESIAN_POINT('',(1142.,820.,-430.));
#15692=CARTESIAN_POINT('',(1142.,820.,-288.5));
#15693=CARTESIAN_POINT('',(1142.,820.,-288.5));
#15694=CARTESIAN_POINT('',(1142.,820.,-430.));
#15695=CARTESIAN_POINT('Origin',(1058.,820.,-430.));
#15696=CARTESIAN_POINT('',(1058.,820.,-430.));
#15697=CARTESIAN_POINT('',(1058.,820.,-430.));
#15698=CARTESIAN_POINT('',(1058.,820.,-288.5));
#15699=CARTESIAN_POINT('',(1058.,820.,-288.5));
#15700=CARTESIAN_POINT('',(1058.,820.,-430.));
#15701=CARTESIAN_POINT('Origin',(1058.,940.,-430.));
#15702=CARTESIAN_POINT('',(1058.,940.,-430.));
#15703=CARTESIAN_POINT('',(1058.,940.,-288.5));
#15704=CARTESIAN_POINT('Origin',(1100.,880.,-288.5));
#15705=CARTESIAN_POINT('Origin',(1100.,880.,-430.));
#15706=CARTESIAN_POINT('Origin',(1242.,940.,-430.));
#15707=CARTESIAN_POINT('',(1242.,940.,-430.));
#15708=CARTESIAN_POINT('',(1158.,940.,-430.));
#15709=CARTESIAN_POINT('',(1242.,940.,-430.));
#15710=CARTESIAN_POINT('',(1158.,940.,-288.5));
#15711=CARTESIAN_POINT('',(1158.,940.,-430.));
#15712=CARTESIAN_POINT('',(1242.,940.,-288.5));
#15713=CARTESIAN_POINT('',(1242.,940.,-288.5));
#15714=CARTESIAN_POINT('',(1242.,940.,-430.));
#15715=CARTESIAN_POINT('Origin',(1242.,820.,-430.));
#15716=CARTESIAN_POINT('',(1242.,820.,-430.));
#15717=CARTESIAN_POINT('',(1242.,820.,-430.));
#15718=CARTESIAN_POINT('',(1242.,820.,-288.5));
#15719=CARTESIAN_POINT('',(1242.,820.,-288.5));
#15720=CARTESIAN_POINT('',(1242.,820.,-430.));
#15721=CARTESIAN_POINT('Origin',(1158.,820.,-430.));
#15722=CARTESIAN_POINT('',(1158.,820.,-430.));
#15723=CARTESIAN_POINT('',(1158.,820.,-430.));
#15724=CARTESIAN_POINT('',(1158.,820.,-288.5));
#15725=CARTESIAN_POINT('',(1158.,820.,-288.5));
#15726=CARTESIAN_POINT('',(1158.,820.,-430.));
#15727=CARTESIAN_POINT('Origin',(1158.,940.,-430.));
#15728=CARTESIAN_POINT('',(1158.,940.,-430.));
#15729=CARTESIAN_POINT('',(1158.,940.,-288.5));
#15730=CARTESIAN_POINT('Origin',(1200.,880.,-288.5));
#15731=CARTESIAN_POINT('Origin',(1200.,880.,-430.));
#15732=CARTESIAN_POINT('Origin',(142.,805.,-430.));
#15733=CARTESIAN_POINT('',(142.,805.,-430.));
#15734=CARTESIAN_POINT('',(58.,805.,-430.));
#15735=CARTESIAN_POINT('',(142.,805.,-430.));
#15736=CARTESIAN_POINT('',(58.,805.,-288.5));
#15737=CARTESIAN_POINT('',(58.,805.,-430.));
#15738=CARTESIAN_POINT('',(142.,805.,-288.5));
#15739=CARTESIAN_POINT('',(142.,805.,-288.5));
#15740=CARTESIAN_POINT('',(142.,805.,-430.));
#15741=CARTESIAN_POINT('Origin',(142.,685.,-430.));
#15742=CARTESIAN_POINT('',(142.,685.,-430.));
#15743=CARTESIAN_POINT('',(142.,685.,-430.));
#15744=CARTESIAN_POINT('',(142.,685.,-288.5));
#15745=CARTESIAN_POINT('',(142.,685.,-288.5));
#15746=CARTESIAN_POINT('',(142.,685.,-430.));
#15747=CARTESIAN_POINT('Origin',(58.,685.,-430.));
#15748=CARTESIAN_POINT('',(58.,685.,-430.));
#15749=CARTESIAN_POINT('',(58.,685.,-430.));
#15750=CARTESIAN_POINT('',(58.,685.,-288.5));
#15751=CARTESIAN_POINT('',(58.,685.,-288.5));
#15752=CARTESIAN_POINT('',(58.,685.,-430.));
#15753=CARTESIAN_POINT('Origin',(58.,805.,-430.));
#15754=CARTESIAN_POINT('',(58.,805.,-430.));
#15755=CARTESIAN_POINT('',(58.,805.,-288.5));
#15756=CARTESIAN_POINT('Origin',(100.,745.,-288.5));
#15757=CARTESIAN_POINT('Origin',(100.,745.,-430.));
#15758=CARTESIAN_POINT('Origin',(242.,805.,-430.));
#15759=CARTESIAN_POINT('',(242.,805.,-430.));
#15760=CARTESIAN_POINT('',(158.,805.,-430.));
#15761=CARTESIAN_POINT('',(242.,805.,-430.));
#15762=CARTESIAN_POINT('',(158.,805.,-288.5));
#15763=CARTESIAN_POINT('',(158.,805.,-430.));
#15764=CARTESIAN_POINT('',(242.,805.,-288.5));
#15765=CARTESIAN_POINT('',(242.,805.,-288.5));
#15766=CARTESIAN_POINT('',(242.,805.,-430.));
#15767=CARTESIAN_POINT('Origin',(242.,685.,-430.));
#15768=CARTESIAN_POINT('',(242.,685.,-430.));
#15769=CARTESIAN_POINT('',(242.,685.,-430.));
#15770=CARTESIAN_POINT('',(242.,685.,-288.5));
#15771=CARTESIAN_POINT('',(242.,685.,-288.5));
#15772=CARTESIAN_POINT('',(242.,685.,-430.));
#15773=CARTESIAN_POINT('Origin',(158.,685.,-430.));
#15774=CARTESIAN_POINT('',(158.,685.,-430.));
#15775=CARTESIAN_POINT('',(158.,685.,-430.));
#15776=CARTESIAN_POINT('',(158.,685.,-288.5));
#15777=CARTESIAN_POINT('',(158.,685.,-288.5));
#15778=CARTESIAN_POINT('',(158.,685.,-430.));
#15779=CARTESIAN_POINT('Origin',(158.,805.,-430.));
#15780=CARTESIAN_POINT('',(158.,805.,-430.));
#15781=CARTESIAN_POINT('',(158.,805.,-288.5));
#15782=CARTESIAN_POINT('Origin',(200.,745.,-288.5));
#15783=CARTESIAN_POINT('Origin',(200.,745.,-430.));
#15784=CARTESIAN_POINT('Origin',(342.,805.,-430.));
#15785=CARTESIAN_POINT('',(342.,805.,-430.));
#15786=CARTESIAN_POINT('',(258.,805.,-430.));
#15787=CARTESIAN_POINT('',(342.,805.,-430.));
#15788=CARTESIAN_POINT('',(258.,805.,-288.5));
#15789=CARTESIAN_POINT('',(258.,805.,-430.));
#15790=CARTESIAN_POINT('',(342.,805.,-288.5));
#15791=CARTESIAN_POINT('',(342.,805.,-288.5));
#15792=CARTESIAN_POINT('',(342.,805.,-430.));
#15793=CARTESIAN_POINT('Origin',(342.,685.,-430.));
#15794=CARTESIAN_POINT('',(342.,685.,-430.));
#15795=CARTESIAN_POINT('',(342.,685.,-430.));
#15796=CARTESIAN_POINT('',(342.,685.,-288.5));
#15797=CARTESIAN_POINT('',(342.,685.,-288.5));
#15798=CARTESIAN_POINT('',(342.,685.,-430.));
#15799=CARTESIAN_POINT('Origin',(258.,685.,-430.));
#15800=CARTESIAN_POINT('',(258.,685.,-430.));
#15801=CARTESIAN_POINT('',(258.,685.,-430.));
#15802=CARTESIAN_POINT('',(258.,685.,-288.5));
#15803=CARTESIAN_POINT('',(258.,685.,-288.5));
#15804=CARTESIAN_POINT('',(258.,685.,-430.));
#15805=CARTESIAN_POINT('Origin',(258.,805.,-430.));
#15806=CARTESIAN_POINT('',(258.,805.,-430.));
#15807=CARTESIAN_POINT('',(258.,805.,-288.5));
#15808=CARTESIAN_POINT('Origin',(300.,745.,-288.5));
#15809=CARTESIAN_POINT('Origin',(300.,745.,-430.));
#15810=CARTESIAN_POINT('Origin',(442.,805.,-430.));
#15811=CARTESIAN_POINT('',(442.,805.,-430.));
#15812=CARTESIAN_POINT('',(358.,805.,-430.));
#15813=CARTESIAN_POINT('',(442.,805.,-430.));
#15814=CARTESIAN_POINT('',(358.,805.,-288.5));
#15815=CARTESIAN_POINT('',(358.,805.,-430.));
#15816=CARTESIAN_POINT('',(442.,805.,-288.5));
#15817=CARTESIAN_POINT('',(442.,805.,-288.5));
#15818=CARTESIAN_POINT('',(442.,805.,-430.));
#15819=CARTESIAN_POINT('Origin',(442.,685.,-430.));
#15820=CARTESIAN_POINT('',(442.,685.,-430.));
#15821=CARTESIAN_POINT('',(442.,685.,-430.));
#15822=CARTESIAN_POINT('',(442.,685.,-288.5));
#15823=CARTESIAN_POINT('',(442.,685.,-288.5));
#15824=CARTESIAN_POINT('',(442.,685.,-430.));
#15825=CARTESIAN_POINT('Origin',(358.,685.,-430.));
#15826=CARTESIAN_POINT('',(358.,685.,-430.));
#15827=CARTESIAN_POINT('',(358.,685.,-430.));
#15828=CARTESIAN_POINT('',(358.,685.,-288.5));
#15829=CARTESIAN_POINT('',(358.,685.,-288.5));
#15830=CARTESIAN_POINT('',(358.,685.,-430.));
#15831=CARTESIAN_POINT('Origin',(358.,805.,-430.));
#15832=CARTESIAN_POINT('',(358.,805.,-430.));
#15833=CARTESIAN_POINT('',(358.,805.,-288.5));
#15834=CARTESIAN_POINT('Origin',(400.,745.,-288.5));
#15835=CARTESIAN_POINT('Origin',(400.,745.,-430.));
#15836=CARTESIAN_POINT('Origin',(542.,805.,-430.));
#15837=CARTESIAN_POINT('',(542.,805.,-430.));
#15838=CARTESIAN_POINT('',(458.,805.,-430.));
#15839=CARTESIAN_POINT('',(542.,805.,-430.));
#15840=CARTESIAN_POINT('',(458.,805.,-288.5));
#15841=CARTESIAN_POINT('',(458.,805.,-430.));
#15842=CARTESIAN_POINT('',(542.,805.,-288.5));
#15843=CARTESIAN_POINT('',(542.,805.,-288.5));
#15844=CARTESIAN_POINT('',(542.,805.,-430.));
#15845=CARTESIAN_POINT('Origin',(542.,685.,-430.));
#15846=CARTESIAN_POINT('',(542.,685.,-430.));
#15847=CARTESIAN_POINT('',(542.,685.,-430.));
#15848=CARTESIAN_POINT('',(542.,685.,-288.5));
#15849=CARTESIAN_POINT('',(542.,685.,-288.5));
#15850=CARTESIAN_POINT('',(542.,685.,-430.));
#15851=CARTESIAN_POINT('Origin',(458.,685.,-430.));
#15852=CARTESIAN_POINT('',(458.,685.,-430.));
#15853=CARTESIAN_POINT('',(458.,685.,-430.));
#15854=CARTESIAN_POINT('',(458.,685.,-288.5));
#15855=CARTESIAN_POINT('',(458.,685.,-288.5));
#15856=CARTESIAN_POINT('',(458.,685.,-430.));
#15857=CARTESIAN_POINT('Origin',(458.,805.,-430.));
#15858=CARTESIAN_POINT('',(458.,805.,-430.));
#15859=CARTESIAN_POINT('',(458.,805.,-288.5));
#15860=CARTESIAN_POINT('Origin',(500.,745.,-288.5));
#15861=CARTESIAN_POINT('Origin',(500.,745.,-430.));
#15862=CARTESIAN_POINT('Origin',(642.,805.,-430.));
#15863=CARTESIAN_POINT('',(642.,805.,-430.));
#15864=CARTESIAN_POINT('',(558.,805.,-430.));
#15865=CARTESIAN_POINT('',(642.,805.,-430.));
#15866=CARTESIAN_POINT('',(558.,805.,-288.5));
#15867=CARTESIAN_POINT('',(558.,805.,-430.));
#15868=CARTESIAN_POINT('',(642.,805.,-288.5));
#15869=CARTESIAN_POINT('',(642.,805.,-288.5));
#15870=CARTESIAN_POINT('',(642.,805.,-430.));
#15871=CARTESIAN_POINT('Origin',(642.,685.,-430.));
#15872=CARTESIAN_POINT('',(642.,685.,-430.));
#15873=CARTESIAN_POINT('',(642.,685.,-430.));
#15874=CARTESIAN_POINT('',(642.,685.,-288.5));
#15875=CARTESIAN_POINT('',(642.,685.,-288.5));
#15876=CARTESIAN_POINT('',(642.,685.,-430.));
#15877=CARTESIAN_POINT('Origin',(558.,685.,-430.));
#15878=CARTESIAN_POINT('',(558.,685.,-430.));
#15879=CARTESIAN_POINT('',(558.,685.,-430.));
#15880=CARTESIAN_POINT('',(558.,685.,-288.5));
#15881=CARTESIAN_POINT('',(558.,685.,-288.5));
#15882=CARTESIAN_POINT('',(558.,685.,-430.));
#15883=CARTESIAN_POINT('Origin',(558.,805.,-430.));
#15884=CARTESIAN_POINT('',(558.,805.,-430.));
#15885=CARTESIAN_POINT('',(558.,805.,-288.5));
#15886=CARTESIAN_POINT('Origin',(600.,745.,-288.5));
#15887=CARTESIAN_POINT('Origin',(600.,745.,-430.));
#15888=CARTESIAN_POINT('Origin',(742.,805.,-430.));
#15889=CARTESIAN_POINT('',(742.,805.,-430.));
#15890=CARTESIAN_POINT('',(658.,805.,-430.));
#15891=CARTESIAN_POINT('',(742.,805.,-430.));
#15892=CARTESIAN_POINT('',(658.,805.,-288.5));
#15893=CARTESIAN_POINT('',(658.,805.,-430.));
#15894=CARTESIAN_POINT('',(742.,805.,-288.5));
#15895=CARTESIAN_POINT('',(742.,805.,-288.5));
#15896=CARTESIAN_POINT('',(742.,805.,-430.));
#15897=CARTESIAN_POINT('Origin',(742.,685.,-430.));
#15898=CARTESIAN_POINT('',(742.,685.,-430.));
#15899=CARTESIAN_POINT('',(742.,685.,-430.));
#15900=CARTESIAN_POINT('',(742.,685.,-288.5));
#15901=CARTESIAN_POINT('',(742.,685.,-288.5));
#15902=CARTESIAN_POINT('',(742.,685.,-430.));
#15903=CARTESIAN_POINT('Origin',(658.,685.,-430.));
#15904=CARTESIAN_POINT('',(658.,685.,-430.));
#15905=CARTESIAN_POINT('',(658.,685.,-430.));
#15906=CARTESIAN_POINT('',(658.,685.,-288.5));
#15907=CARTESIAN_POINT('',(658.,685.,-288.5));
#15908=CARTESIAN_POINT('',(658.,685.,-430.));
#15909=CARTESIAN_POINT('Origin',(658.,805.,-430.));
#15910=CARTESIAN_POINT('',(658.,805.,-430.));
#15911=CARTESIAN_POINT('',(658.,805.,-288.5));
#15912=CARTESIAN_POINT('Origin',(700.,745.,-288.5));
#15913=CARTESIAN_POINT('Origin',(700.,745.,-430.));
#15914=CARTESIAN_POINT('Origin',(842.,805.,-430.));
#15915=CARTESIAN_POINT('',(842.,805.,-430.));
#15916=CARTESIAN_POINT('',(758.,805.,-430.));
#15917=CARTESIAN_POINT('',(842.,805.,-430.));
#15918=CARTESIAN_POINT('',(758.,805.,-288.5));
#15919=CARTESIAN_POINT('',(758.,805.,-430.));
#15920=CARTESIAN_POINT('',(842.,805.,-288.5));
#15921=CARTESIAN_POINT('',(842.,805.,-288.5));
#15922=CARTESIAN_POINT('',(842.,805.,-430.));
#15923=CARTESIAN_POINT('Origin',(842.,685.,-430.));
#15924=CARTESIAN_POINT('',(842.,685.,-430.));
#15925=CARTESIAN_POINT('',(842.,685.,-430.));
#15926=CARTESIAN_POINT('',(842.,685.,-288.5));
#15927=CARTESIAN_POINT('',(842.,685.,-288.5));
#15928=CARTESIAN_POINT('',(842.,685.,-430.));
#15929=CARTESIAN_POINT('Origin',(758.,685.,-430.));
#15930=CARTESIAN_POINT('',(758.,685.,-430.));
#15931=CARTESIAN_POINT('',(758.,685.,-430.));
#15932=CARTESIAN_POINT('',(758.,685.,-288.5));
#15933=CARTESIAN_POINT('',(758.,685.,-288.5));
#15934=CARTESIAN_POINT('',(758.,685.,-430.));
#15935=CARTESIAN_POINT('Origin',(758.,805.,-430.));
#15936=CARTESIAN_POINT('',(758.,805.,-430.));
#15937=CARTESIAN_POINT('',(758.,805.,-288.5));
#15938=CARTESIAN_POINT('Origin',(800.,745.,-288.5));
#15939=CARTESIAN_POINT('Origin',(800.,745.,-430.));
#15940=CARTESIAN_POINT('Origin',(942.,805.,-430.));
#15941=CARTESIAN_POINT('',(942.,805.,-430.));
#15942=CARTESIAN_POINT('',(858.,805.,-430.));
#15943=CARTESIAN_POINT('',(942.,805.,-430.));
#15944=CARTESIAN_POINT('',(858.,805.,-288.5));
#15945=CARTESIAN_POINT('',(858.,805.,-430.));
#15946=CARTESIAN_POINT('',(942.,805.,-288.5));
#15947=CARTESIAN_POINT('',(942.,805.,-288.5));
#15948=CARTESIAN_POINT('',(942.,805.,-430.));
#15949=CARTESIAN_POINT('Origin',(942.,685.,-430.));
#15950=CARTESIAN_POINT('',(942.,685.,-430.));
#15951=CARTESIAN_POINT('',(942.,685.,-430.));
#15952=CARTESIAN_POINT('',(942.,685.,-288.5));
#15953=CARTESIAN_POINT('',(942.,685.,-288.5));
#15954=CARTESIAN_POINT('',(942.,685.,-430.));
#15955=CARTESIAN_POINT('Origin',(858.,685.,-430.));
#15956=CARTESIAN_POINT('',(858.,685.,-430.));
#15957=CARTESIAN_POINT('',(858.,685.,-430.));
#15958=CARTESIAN_POINT('',(858.,685.,-288.5));
#15959=CARTESIAN_POINT('',(858.,685.,-288.5));
#15960=CARTESIAN_POINT('',(858.,685.,-430.));
#15961=CARTESIAN_POINT('Origin',(858.,805.,-430.));
#15962=CARTESIAN_POINT('',(858.,805.,-430.));
#15963=CARTESIAN_POINT('',(858.,805.,-288.5));
#15964=CARTESIAN_POINT('Origin',(900.,745.,-288.5));
#15965=CARTESIAN_POINT('Origin',(900.,745.,-430.));
#15966=CARTESIAN_POINT('Origin',(1042.,805.,-430.));
#15967=CARTESIAN_POINT('',(1042.,805.,-430.));
#15968=CARTESIAN_POINT('',(958.,805.,-430.));
#15969=CARTESIAN_POINT('',(1042.,805.,-430.));
#15970=CARTESIAN_POINT('',(958.,805.,-288.5));
#15971=CARTESIAN_POINT('',(958.,805.,-430.));
#15972=CARTESIAN_POINT('',(1042.,805.,-288.5));
#15973=CARTESIAN_POINT('',(1042.,805.,-288.5));
#15974=CARTESIAN_POINT('',(1042.,805.,-430.));
#15975=CARTESIAN_POINT('Origin',(1042.,685.,-430.));
#15976=CARTESIAN_POINT('',(1042.,685.,-430.));
#15977=CARTESIAN_POINT('',(1042.,685.,-430.));
#15978=CARTESIAN_POINT('',(1042.,685.,-288.5));
#15979=CARTESIAN_POINT('',(1042.,685.,-288.5));
#15980=CARTESIAN_POINT('',(1042.,685.,-430.));
#15981=CARTESIAN_POINT('Origin',(958.,685.,-430.));
#15982=CARTESIAN_POINT('',(958.,685.,-430.));
#15983=CARTESIAN_POINT('',(958.,685.,-430.));
#15984=CARTESIAN_POINT('',(958.,685.,-288.5));
#15985=CARTESIAN_POINT('',(958.,685.,-288.5));
#15986=CARTESIAN_POINT('',(958.,685.,-430.));
#15987=CARTESIAN_POINT('Origin',(958.,805.,-430.));
#15988=CARTESIAN_POINT('',(958.,805.,-430.));
#15989=CARTESIAN_POINT('',(958.,805.,-288.5));
#15990=CARTESIAN_POINT('Origin',(1000.,745.,-288.5));
#15991=CARTESIAN_POINT('Origin',(1000.,745.,-430.));
#15992=CARTESIAN_POINT('Origin',(1142.,805.,-430.));
#15993=CARTESIAN_POINT('',(1142.,805.,-430.));
#15994=CARTESIAN_POINT('',(1058.,805.,-430.));
#15995=CARTESIAN_POINT('',(1142.,805.,-430.));
#15996=CARTESIAN_POINT('',(1058.,805.,-288.5));
#15997=CARTESIAN_POINT('',(1058.,805.,-430.));
#15998=CARTESIAN_POINT('',(1142.,805.,-288.5));
#15999=CARTESIAN_POINT('',(1142.,805.,-288.5));
#16000=CARTESIAN_POINT('',(1142.,805.,-430.));
#16001=CARTESIAN_POINT('Origin',(1142.,685.,-430.));
#16002=CARTESIAN_POINT('',(1142.,685.,-430.));
#16003=CARTESIAN_POINT('',(1142.,685.,-430.));
#16004=CARTESIAN_POINT('',(1142.,685.,-288.5));
#16005=CARTESIAN_POINT('',(1142.,685.,-288.5));
#16006=CARTESIAN_POINT('',(1142.,685.,-430.));
#16007=CARTESIAN_POINT('Origin',(1058.,685.,-430.));
#16008=CARTESIAN_POINT('',(1058.,685.,-430.));
#16009=CARTESIAN_POINT('',(1058.,685.,-430.));
#16010=CARTESIAN_POINT('',(1058.,685.,-288.5));
#16011=CARTESIAN_POINT('',(1058.,685.,-288.5));
#16012=CARTESIAN_POINT('',(1058.,685.,-430.));
#16013=CARTESIAN_POINT('Origin',(1058.,805.,-430.));
#16014=CARTESIAN_POINT('',(1058.,805.,-430.));
#16015=CARTESIAN_POINT('',(1058.,805.,-288.5));
#16016=CARTESIAN_POINT('Origin',(1100.,745.,-288.5));
#16017=CARTESIAN_POINT('Origin',(1100.,745.,-430.));
#16018=CARTESIAN_POINT('Origin',(1242.,805.,-430.));
#16019=CARTESIAN_POINT('',(1242.,805.,-430.));
#16020=CARTESIAN_POINT('',(1158.,805.,-430.));
#16021=CARTESIAN_POINT('',(1242.,805.,-430.));
#16022=CARTESIAN_POINT('',(1158.,805.,-288.5));
#16023=CARTESIAN_POINT('',(1158.,805.,-430.));
#16024=CARTESIAN_POINT('',(1242.,805.,-288.5));
#16025=CARTESIAN_POINT('',(1242.,805.,-288.5));
#16026=CARTESIAN_POINT('',(1242.,805.,-430.));
#16027=CARTESIAN_POINT('Origin',(1242.,685.,-430.));
#16028=CARTESIAN_POINT('',(1242.,685.,-430.));
#16029=CARTESIAN_POINT('',(1242.,685.,-430.));
#16030=CARTESIAN_POINT('',(1242.,685.,-288.5));
#16031=CARTESIAN_POINT('',(1242.,685.,-288.5));
#16032=CARTESIAN_POINT('',(1242.,685.,-430.));
#16033=CARTESIAN_POINT('Origin',(1158.,685.,-430.));
#16034=CARTESIAN_POINT('',(1158.,685.,-430.));
#16035=CARTESIAN_POINT('',(1158.,685.,-430.));
#16036=CARTESIAN_POINT('',(1158.,685.,-288.5));
#16037=CARTESIAN_POINT('',(1158.,685.,-288.5));
#16038=CARTESIAN_POINT('',(1158.,685.,-430.));
#16039=CARTESIAN_POINT('Origin',(1158.,805.,-430.));
#16040=CARTESIAN_POINT('',(1158.,805.,-430.));
#16041=CARTESIAN_POINT('',(1158.,805.,-288.5));
#16042=CARTESIAN_POINT('Origin',(1200.,745.,-288.5));
#16043=CARTESIAN_POINT('Origin',(1200.,745.,-430.));
#16044=CARTESIAN_POINT('Origin',(142.,670.,-430.));
#16045=CARTESIAN_POINT('',(142.,670.,-430.));
#16046=CARTESIAN_POINT('',(58.,670.,-430.));
#16047=CARTESIAN_POINT('',(142.,670.,-430.));
#16048=CARTESIAN_POINT('',(58.,670.,-288.5));
#16049=CARTESIAN_POINT('',(58.,670.,-430.));
#16050=CARTESIAN_POINT('',(142.,670.,-288.5));
#16051=CARTESIAN_POINT('',(142.,670.,-288.5));
#16052=CARTESIAN_POINT('',(142.,670.,-430.));
#16053=CARTESIAN_POINT('Origin',(142.,550.,-430.));
#16054=CARTESIAN_POINT('',(142.,550.,-430.));
#16055=CARTESIAN_POINT('',(142.,550.,-430.));
#16056=CARTESIAN_POINT('',(142.,550.,-288.5));
#16057=CARTESIAN_POINT('',(142.,550.,-288.5));
#16058=CARTESIAN_POINT('',(142.,550.,-430.));
#16059=CARTESIAN_POINT('Origin',(58.,550.,-430.));
#16060=CARTESIAN_POINT('',(58.,550.,-430.));
#16061=CARTESIAN_POINT('',(58.,550.,-430.));
#16062=CARTESIAN_POINT('',(58.,550.,-288.5));
#16063=CARTESIAN_POINT('',(58.,550.,-288.5));
#16064=CARTESIAN_POINT('',(58.,550.,-430.));
#16065=CARTESIAN_POINT('Origin',(58.,670.,-430.));
#16066=CARTESIAN_POINT('',(58.,670.,-430.));
#16067=CARTESIAN_POINT('',(58.,670.,-288.5));
#16068=CARTESIAN_POINT('Origin',(100.,610.,-288.5));
#16069=CARTESIAN_POINT('Origin',(100.,610.,-430.));
#16070=CARTESIAN_POINT('Origin',(242.,670.,-430.));
#16071=CARTESIAN_POINT('',(242.,670.,-430.));
#16072=CARTESIAN_POINT('',(158.,670.,-430.));
#16073=CARTESIAN_POINT('',(242.,670.,-430.));
#16074=CARTESIAN_POINT('',(158.,670.,-288.5));
#16075=CARTESIAN_POINT('',(158.,670.,-430.));
#16076=CARTESIAN_POINT('',(242.,670.,-288.5));
#16077=CARTESIAN_POINT('',(242.,670.,-288.5));
#16078=CARTESIAN_POINT('',(242.,670.,-430.));
#16079=CARTESIAN_POINT('Origin',(242.,550.,-430.));
#16080=CARTESIAN_POINT('',(242.,550.,-430.));
#16081=CARTESIAN_POINT('',(242.,550.,-430.));
#16082=CARTESIAN_POINT('',(242.,550.,-288.5));
#16083=CARTESIAN_POINT('',(242.,550.,-288.5));
#16084=CARTESIAN_POINT('',(242.,550.,-430.));
#16085=CARTESIAN_POINT('Origin',(158.,550.,-430.));
#16086=CARTESIAN_POINT('',(158.,550.,-430.));
#16087=CARTESIAN_POINT('',(158.,550.,-430.));
#16088=CARTESIAN_POINT('',(158.,550.,-288.5));
#16089=CARTESIAN_POINT('',(158.,550.,-288.5));
#16090=CARTESIAN_POINT('',(158.,550.,-430.));
#16091=CARTESIAN_POINT('Origin',(158.,670.,-430.));
#16092=CARTESIAN_POINT('',(158.,670.,-430.));
#16093=CARTESIAN_POINT('',(158.,670.,-288.5));
#16094=CARTESIAN_POINT('Origin',(200.,610.,-288.5));
#16095=CARTESIAN_POINT('Origin',(200.,610.,-430.));
#16096=CARTESIAN_POINT('Origin',(342.,670.,-430.));
#16097=CARTESIAN_POINT('',(342.,670.,-430.));
#16098=CARTESIAN_POINT('',(258.,670.,-430.));
#16099=CARTESIAN_POINT('',(342.,670.,-430.));
#16100=CARTESIAN_POINT('',(258.,670.,-288.5));
#16101=CARTESIAN_POINT('',(258.,670.,-430.));
#16102=CARTESIAN_POINT('',(342.,670.,-288.5));
#16103=CARTESIAN_POINT('',(342.,670.,-288.5));
#16104=CARTESIAN_POINT('',(342.,670.,-430.));
#16105=CARTESIAN_POINT('Origin',(342.,550.,-430.));
#16106=CARTESIAN_POINT('',(342.,550.,-430.));
#16107=CARTESIAN_POINT('',(342.,550.,-430.));
#16108=CARTESIAN_POINT('',(342.,550.,-288.5));
#16109=CARTESIAN_POINT('',(342.,550.,-288.5));
#16110=CARTESIAN_POINT('',(342.,550.,-430.));
#16111=CARTESIAN_POINT('Origin',(258.,550.,-430.));
#16112=CARTESIAN_POINT('',(258.,550.,-430.));
#16113=CARTESIAN_POINT('',(258.,550.,-430.));
#16114=CARTESIAN_POINT('',(258.,550.,-288.5));
#16115=CARTESIAN_POINT('',(258.,550.,-288.5));
#16116=CARTESIAN_POINT('',(258.,550.,-430.));
#16117=CARTESIAN_POINT('Origin',(258.,670.,-430.));
#16118=CARTESIAN_POINT('',(258.,670.,-430.));
#16119=CARTESIAN_POINT('',(258.,670.,-288.5));
#16120=CARTESIAN_POINT('Origin',(300.,610.,-288.5));
#16121=CARTESIAN_POINT('Origin',(300.,610.,-430.));
#16122=CARTESIAN_POINT('Origin',(442.,670.,-430.));
#16123=CARTESIAN_POINT('',(442.,670.,-430.));
#16124=CARTESIAN_POINT('',(358.,670.,-430.));
#16125=CARTESIAN_POINT('',(442.,670.,-430.));
#16126=CARTESIAN_POINT('',(358.,670.,-288.5));
#16127=CARTESIAN_POINT('',(358.,670.,-430.));
#16128=CARTESIAN_POINT('',(442.,670.,-288.5));
#16129=CARTESIAN_POINT('',(442.,670.,-288.5));
#16130=CARTESIAN_POINT('',(442.,670.,-430.));
#16131=CARTESIAN_POINT('Origin',(442.,550.,-430.));
#16132=CARTESIAN_POINT('',(442.,550.,-430.));
#16133=CARTESIAN_POINT('',(442.,550.,-430.));
#16134=CARTESIAN_POINT('',(442.,550.,-288.5));
#16135=CARTESIAN_POINT('',(442.,550.,-288.5));
#16136=CARTESIAN_POINT('',(442.,550.,-430.));
#16137=CARTESIAN_POINT('Origin',(358.,550.,-430.));
#16138=CARTESIAN_POINT('',(358.,550.,-430.));
#16139=CARTESIAN_POINT('',(358.,550.,-430.));
#16140=CARTESIAN_POINT('',(358.,550.,-288.5));
#16141=CARTESIAN_POINT('',(358.,550.,-288.5));
#16142=CARTESIAN_POINT('',(358.,550.,-430.));
#16143=CARTESIAN_POINT('Origin',(358.,670.,-430.));
#16144=CARTESIAN_POINT('',(358.,670.,-430.));
#16145=CARTESIAN_POINT('',(358.,670.,-288.5));
#16146=CARTESIAN_POINT('Origin',(400.,610.,-288.5));
#16147=CARTESIAN_POINT('Origin',(400.,610.,-430.));
#16148=CARTESIAN_POINT('Origin',(542.,670.,-430.));
#16149=CARTESIAN_POINT('',(542.,670.,-430.));
#16150=CARTESIAN_POINT('',(458.,670.,-430.));
#16151=CARTESIAN_POINT('',(542.,670.,-430.));
#16152=CARTESIAN_POINT('',(458.,670.,-288.5));
#16153=CARTESIAN_POINT('',(458.,670.,-430.));
#16154=CARTESIAN_POINT('',(542.,670.,-288.5));
#16155=CARTESIAN_POINT('',(542.,670.,-288.5));
#16156=CARTESIAN_POINT('',(542.,670.,-430.));
#16157=CARTESIAN_POINT('Origin',(542.,550.,-430.));
#16158=CARTESIAN_POINT('',(542.,550.,-430.));
#16159=CARTESIAN_POINT('',(542.,550.,-430.));
#16160=CARTESIAN_POINT('',(542.,550.,-288.5));
#16161=CARTESIAN_POINT('',(542.,550.,-288.5));
#16162=CARTESIAN_POINT('',(542.,550.,-430.));
#16163=CARTESIAN_POINT('Origin',(458.,550.,-430.));
#16164=CARTESIAN_POINT('',(458.,550.,-430.));
#16165=CARTESIAN_POINT('',(458.,550.,-430.));
#16166=CARTESIAN_POINT('',(458.,550.,-288.5));
#16167=CARTESIAN_POINT('',(458.,550.,-288.5));
#16168=CARTESIAN_POINT('',(458.,550.,-430.));
#16169=CARTESIAN_POINT('Origin',(458.,670.,-430.));
#16170=CARTESIAN_POINT('',(458.,670.,-430.));
#16171=CARTESIAN_POINT('',(458.,670.,-288.5));
#16172=CARTESIAN_POINT('Origin',(500.,610.,-288.5));
#16173=CARTESIAN_POINT('Origin',(500.,610.,-430.));
#16174=CARTESIAN_POINT('Origin',(642.,670.,-430.));
#16175=CARTESIAN_POINT('',(642.,670.,-430.));
#16176=CARTESIAN_POINT('',(558.,670.,-430.));
#16177=CARTESIAN_POINT('',(642.,670.,-430.));
#16178=CARTESIAN_POINT('',(558.,670.,-288.5));
#16179=CARTESIAN_POINT('',(558.,670.,-430.));
#16180=CARTESIAN_POINT('',(642.,670.,-288.5));
#16181=CARTESIAN_POINT('',(642.,670.,-288.5));
#16182=CARTESIAN_POINT('',(642.,670.,-430.));
#16183=CARTESIAN_POINT('Origin',(642.,550.,-430.));
#16184=CARTESIAN_POINT('',(642.,550.,-430.));
#16185=CARTESIAN_POINT('',(642.,550.,-430.));
#16186=CARTESIAN_POINT('',(642.,550.,-288.5));
#16187=CARTESIAN_POINT('',(642.,550.,-288.5));
#16188=CARTESIAN_POINT('',(642.,550.,-430.));
#16189=CARTESIAN_POINT('Origin',(558.,550.,-430.));
#16190=CARTESIAN_POINT('',(558.,550.,-430.));
#16191=CARTESIAN_POINT('',(558.,550.,-430.));
#16192=CARTESIAN_POINT('',(558.,550.,-288.5));
#16193=CARTESIAN_POINT('',(558.,550.,-288.5));
#16194=CARTESIAN_POINT('',(558.,550.,-430.));
#16195=CARTESIAN_POINT('Origin',(558.,670.,-430.));
#16196=CARTESIAN_POINT('',(558.,670.,-430.));
#16197=CARTESIAN_POINT('',(558.,670.,-288.5));
#16198=CARTESIAN_POINT('Origin',(600.,610.,-288.5));
#16199=CARTESIAN_POINT('Origin',(600.,610.,-430.));
#16200=CARTESIAN_POINT('Origin',(742.,670.,-430.));
#16201=CARTESIAN_POINT('',(742.,670.,-430.));
#16202=CARTESIAN_POINT('',(658.,670.,-430.));
#16203=CARTESIAN_POINT('',(742.,670.,-430.));
#16204=CARTESIAN_POINT('',(658.,670.,-288.5));
#16205=CARTESIAN_POINT('',(658.,670.,-430.));
#16206=CARTESIAN_POINT('',(742.,670.,-288.5));
#16207=CARTESIAN_POINT('',(742.,670.,-288.5));
#16208=CARTESIAN_POINT('',(742.,670.,-430.));
#16209=CARTESIAN_POINT('Origin',(742.,550.,-430.));
#16210=CARTESIAN_POINT('',(742.,550.,-430.));
#16211=CARTESIAN_POINT('',(742.,550.,-430.));
#16212=CARTESIAN_POINT('',(742.,550.,-288.5));
#16213=CARTESIAN_POINT('',(742.,550.,-288.5));
#16214=CARTESIAN_POINT('',(742.,550.,-430.));
#16215=CARTESIAN_POINT('Origin',(658.,550.,-430.));
#16216=CARTESIAN_POINT('',(658.,550.,-430.));
#16217=CARTESIAN_POINT('',(658.,550.,-430.));
#16218=CARTESIAN_POINT('',(658.,550.,-288.5));
#16219=CARTESIAN_POINT('',(658.,550.,-288.5));
#16220=CARTESIAN_POINT('',(658.,550.,-430.));
#16221=CARTESIAN_POINT('Origin',(658.,670.,-430.));
#16222=CARTESIAN_POINT('',(658.,670.,-430.));
#16223=CARTESIAN_POINT('',(658.,670.,-288.5));
#16224=CARTESIAN_POINT('Origin',(700.,610.,-288.5));
#16225=CARTESIAN_POINT('Origin',(700.,610.,-430.));
#16226=CARTESIAN_POINT('Origin',(842.,670.,-430.));
#16227=CARTESIAN_POINT('',(842.,670.,-430.));
#16228=CARTESIAN_POINT('',(758.,670.,-430.));
#16229=CARTESIAN_POINT('',(842.,670.,-430.));
#16230=CARTESIAN_POINT('',(758.,670.,-288.5));
#16231=CARTESIAN_POINT('',(758.,670.,-430.));
#16232=CARTESIAN_POINT('',(842.,670.,-288.5));
#16233=CARTESIAN_POINT('',(842.,670.,-288.5));
#16234=CARTESIAN_POINT('',(842.,670.,-430.));
#16235=CARTESIAN_POINT('Origin',(842.,550.,-430.));
#16236=CARTESIAN_POINT('',(842.,550.,-430.));
#16237=CARTESIAN_POINT('',(842.,550.,-430.));
#16238=CARTESIAN_POINT('',(842.,550.,-288.5));
#16239=CARTESIAN_POINT('',(842.,550.,-288.5));
#16240=CARTESIAN_POINT('',(842.,550.,-430.));
#16241=CARTESIAN_POINT('Origin',(758.,550.,-430.));
#16242=CARTESIAN_POINT('',(758.,550.,-430.));
#16243=CARTESIAN_POINT('',(758.,550.,-430.));
#16244=CARTESIAN_POINT('',(758.,550.,-288.5));
#16245=CARTESIAN_POINT('',(758.,550.,-288.5));
#16246=CARTESIAN_POINT('',(758.,550.,-430.));
#16247=CARTESIAN_POINT('Origin',(758.,670.,-430.));
#16248=CARTESIAN_POINT('',(758.,670.,-430.));
#16249=CARTESIAN_POINT('',(758.,670.,-288.5));
#16250=CARTESIAN_POINT('Origin',(800.,610.,-288.5));
#16251=CARTESIAN_POINT('Origin',(800.,610.,-430.));
#16252=CARTESIAN_POINT('Origin',(942.,670.,-430.));
#16253=CARTESIAN_POINT('',(942.,670.,-430.));
#16254=CARTESIAN_POINT('',(858.,670.,-430.));
#16255=CARTESIAN_POINT('',(942.,670.,-430.));
#16256=CARTESIAN_POINT('',(858.,670.,-288.5));
#16257=CARTESIAN_POINT('',(858.,670.,-430.));
#16258=CARTESIAN_POINT('',(942.,670.,-288.5));
#16259=CARTESIAN_POINT('',(942.,670.,-288.5));
#16260=CARTESIAN_POINT('',(942.,670.,-430.));
#16261=CARTESIAN_POINT('Origin',(942.,550.,-430.));
#16262=CARTESIAN_POINT('',(942.,550.,-430.));
#16263=CARTESIAN_POINT('',(942.,550.,-430.));
#16264=CARTESIAN_POINT('',(942.,550.,-288.5));
#16265=CARTESIAN_POINT('',(942.,550.,-288.5));
#16266=CARTESIAN_POINT('',(942.,550.,-430.));
#16267=CARTESIAN_POINT('Origin',(858.,550.,-430.));
#16268=CARTESIAN_POINT('',(858.,550.,-430.));
#16269=CARTESIAN_POINT('',(858.,550.,-430.));
#16270=CARTESIAN_POINT('',(858.,550.,-288.5));
#16271=CARTESIAN_POINT('',(858.,550.,-288.5));
#16272=CARTESIAN_POINT('',(858.,550.,-430.));
#16273=CARTESIAN_POINT('Origin',(858.,670.,-430.));
#16274=CARTESIAN_POINT('',(858.,670.,-430.));
#16275=CARTESIAN_POINT('',(858.,670.,-288.5));
#16276=CARTESIAN_POINT('Origin',(900.,610.,-288.5));
#16277=CARTESIAN_POINT('Origin',(900.,610.,-430.));
#16278=CARTESIAN_POINT('Origin',(1042.,670.,-430.));
#16279=CARTESIAN_POINT('',(1042.,670.,-430.));
#16280=CARTESIAN_POINT('',(958.,670.,-430.));
#16281=CARTESIAN_POINT('',(1042.,670.,-430.));
#16282=CARTESIAN_POINT('',(958.,670.,-288.5));
#16283=CARTESIAN_POINT('',(958.,670.,-430.));
#16284=CARTESIAN_POINT('',(1042.,670.,-288.5));
#16285=CARTESIAN_POINT('',(1042.,670.,-288.5));
#16286=CARTESIAN_POINT('',(1042.,670.,-430.));
#16287=CARTESIAN_POINT('Origin',(1042.,550.,-430.));
#16288=CARTESIAN_POINT('',(1042.,550.,-430.));
#16289=CARTESIAN_POINT('',(1042.,550.,-430.));
#16290=CARTESIAN_POINT('',(1042.,550.,-288.5));
#16291=CARTESIAN_POINT('',(1042.,550.,-288.5));
#16292=CARTESIAN_POINT('',(1042.,550.,-430.));
#16293=CARTESIAN_POINT('Origin',(958.,550.,-430.));
#16294=CARTESIAN_POINT('',(958.,550.,-430.));
#16295=CARTESIAN_POINT('',(958.,550.,-430.));
#16296=CARTESIAN_POINT('',(958.,550.,-288.5));
#16297=CARTESIAN_POINT('',(958.,550.,-288.5));
#16298=CARTESIAN_POINT('',(958.,550.,-430.));
#16299=CARTESIAN_POINT('Origin',(958.,670.,-430.));
#16300=CARTESIAN_POINT('',(958.,670.,-430.));
#16301=CARTESIAN_POINT('',(958.,670.,-288.5));
#16302=CARTESIAN_POINT('Origin',(1000.,610.,-288.5));
#16303=CARTESIAN_POINT('Origin',(1000.,610.,-430.));
#16304=CARTESIAN_POINT('Origin',(1142.,670.,-430.));
#16305=CARTESIAN_POINT('',(1142.,670.,-430.));
#16306=CARTESIAN_POINT('',(1058.,670.,-430.));
#16307=CARTESIAN_POINT('',(1142.,670.,-430.));
#16308=CARTESIAN_POINT('',(1058.,670.,-288.5));
#16309=CARTESIAN_POINT('',(1058.,670.,-430.));
#16310=CARTESIAN_POINT('',(1142.,670.,-288.5));
#16311=CARTESIAN_POINT('',(1142.,670.,-288.5));
#16312=CARTESIAN_POINT('',(1142.,670.,-430.));
#16313=CARTESIAN_POINT('Origin',(1142.,550.,-430.));
#16314=CARTESIAN_POINT('',(1142.,550.,-430.));
#16315=CARTESIAN_POINT('',(1142.,550.,-430.));
#16316=CARTESIAN_POINT('',(1142.,550.,-288.5));
#16317=CARTESIAN_POINT('',(1142.,550.,-288.5));
#16318=CARTESIAN_POINT('',(1142.,550.,-430.));
#16319=CARTESIAN_POINT('Origin',(1058.,550.,-430.));
#16320=CARTESIAN_POINT('',(1058.,550.,-430.));
#16321=CARTESIAN_POINT('',(1058.,550.,-430.));
#16322=CARTESIAN_POINT('',(1058.,550.,-288.5));
#16323=CARTESIAN_POINT('',(1058.,550.,-288.5));
#16324=CARTESIAN_POINT('',(1058.,550.,-430.));
#16325=CARTESIAN_POINT('Origin',(1058.,670.,-430.));
#16326=CARTESIAN_POINT('',(1058.,670.,-430.));
#16327=CARTESIAN_POINT('',(1058.,670.,-288.5));
#16328=CARTESIAN_POINT('Origin',(1100.,610.,-288.5));
#16329=CARTESIAN_POINT('Origin',(1100.,610.,-430.));
#16330=CARTESIAN_POINT('Origin',(1242.,670.,-430.));
#16331=CARTESIAN_POINT('',(1242.,670.,-430.));
#16332=CARTESIAN_POINT('',(1158.,670.,-430.));
#16333=CARTESIAN_POINT('',(1242.,670.,-430.));
#16334=CARTESIAN_POINT('',(1158.,670.,-288.5));
#16335=CARTESIAN_POINT('',(1158.,670.,-430.));
#16336=CARTESIAN_POINT('',(1242.,670.,-288.5));
#16337=CARTESIAN_POINT('',(1242.,670.,-288.5));
#16338=CARTESIAN_POINT('',(1242.,670.,-430.));
#16339=CARTESIAN_POINT('Origin',(1242.,550.,-430.));
#16340=CARTESIAN_POINT('',(1242.,550.,-430.));
#16341=CARTESIAN_POINT('',(1242.,550.,-430.));
#16342=CARTESIAN_POINT('',(1242.,550.,-288.5));
#16343=CARTESIAN_POINT('',(1242.,550.,-288.5));
#16344=CARTESIAN_POINT('',(1242.,550.,-430.));
#16345=CARTESIAN_POINT('Origin',(1158.,550.,-430.));
#16346=CARTESIAN_POINT('',(1158.,550.,-430.));
#16347=CARTESIAN_POINT('',(1158.,550.,-430.));
#16348=CARTESIAN_POINT('',(1158.,550.,-288.5));
#16349=CARTESIAN_POINT('',(1158.,550.,-288.5));
#16350=CARTESIAN_POINT('',(1158.,550.,-430.));
#16351=CARTESIAN_POINT('Origin',(1158.,670.,-430.));
#16352=CARTESIAN_POINT('',(1158.,670.,-430.));
#16353=CARTESIAN_POINT('',(1158.,670.,-288.5));
#16354=CARTESIAN_POINT('Origin',(1200.,610.,-288.5));
#16355=CARTESIAN_POINT('Origin',(1200.,610.,-430.));
#16356=CARTESIAN_POINT('Origin',(1250.,495.,-430.));
#16357=CARTESIAN_POINT('',(1250.,495.,-430.));
#16358=CARTESIAN_POINT('',(50.,495.,-430.));
#16359=CARTESIAN_POINT('',(1250.,495.,-430.));
#16360=CARTESIAN_POINT('',(50.,495.,-385.));
#16361=CARTESIAN_POINT('',(50.,495.,-430.));
#16362=CARTESIAN_POINT('',(1250.,495.,-385.));
#16363=CARTESIAN_POINT('',(1250.,495.,-385.));
#16364=CARTESIAN_POINT('',(1250.,495.,-430.));
#16365=CARTESIAN_POINT('Origin',(1250.,440.,-430.));
#16366=CARTESIAN_POINT('',(1250.,440.,-430.));
#16367=CARTESIAN_POINT('',(1250.,440.,-430.));
#16368=CARTESIAN_POINT('',(1250.,440.,-385.));
#16369=CARTESIAN_POINT('',(1250.,440.,-385.));
#16370=CARTESIAN_POINT('',(1250.,440.,-430.));
#16371=CARTESIAN_POINT('Origin',(50.,440.,-430.));
#16372=CARTESIAN_POINT('',(50.,440.,-430.));
#16373=CARTESIAN_POINT('',(50.,440.,-430.));
#16374=CARTESIAN_POINT('',(50.,440.,-385.));
#16375=CARTESIAN_POINT('',(50.,440.,-385.));
#16376=CARTESIAN_POINT('',(50.,440.,-430.));
#16377=CARTESIAN_POINT('Origin',(50.,495.,-430.));
#16378=CARTESIAN_POINT('',(50.,495.,-430.));
#16379=CARTESIAN_POINT('',(50.,495.,-385.));
#16380=CARTESIAN_POINT('Origin',(650.,467.5,-385.));
#16381=CARTESIAN_POINT('Origin',(650.,467.5,-430.));
#16382=CARTESIAN_POINT('',(710.,650.,-5.));
#16383=UNCERTAINTY_MEASURE_WITH_UNIT(LENGTH_MEASURE(0.01),#16393,
'DISTANCE_ACCURACY_VALUE',
'Maximum model space distance between geometric entities at asserted c
onnectivities');
#16384=UNCERTAINTY_MEASURE_WITH_UNIT(LENGTH_MEASURE(0.01),#16393,
'DISTANCE_ACCURACY_VALUE',
'Maximum model space distance between geometric entities at asserted c
onnectivities');
#16385=UNCERTAINTY_MEASURE_WITH_UNIT(LENGTH_MEASURE(0.01),#16393,
'DISTANCE_ACCURACY_VALUE',
'Maximum model space distance between geometric entities at asserted c
onnectivities');
#16386=UNCERTAINTY_MEASURE_WITH_UNIT(LENGTH_MEASURE(0.01),#16393,
'DISTANCE_ACCURACY_VALUE',
'Maximum model space distance between geometric entities at asserted c
onnectivities');
#16387=UNCERTAINTY_MEASURE_WITH_UNIT(LENGTH_MEASURE(0.01),#16393,
'DISTANCE_ACCURACY_VALUE',
'Maximum model space distance between geometric entities at asserted c
onnectivities');
#16388=(
GEOMETRIC_REPRESENTATION_CONTEXT(3)
GLOBAL_UNCERTAINTY_ASSIGNED_CONTEXT((#16383))
GLOBAL_UNIT_ASSIGNED_CONTEXT((#16393,#16395,#16396))
REPRESENTATION_CONTEXT('','3D')
);
#16389=(
GEOMETRIC_REPRESENTATION_CONTEXT(3)
GLOBAL_UNCERTAINTY_ASSIGNED_CONTEXT((#16384))
GLOBAL_UNIT_ASSIGNED_CONTEXT((#16393,#16395,#16396))
REPRESENTATION_CONTEXT('','3D')
);
#16390=(
GEOMETRIC_REPRESENTATION_CONTEXT(3)
GLOBAL_UNCERTAINTY_ASSIGNED_CONTEXT((#16385))
GLOBAL_UNIT_ASSIGNED_CONTEXT((#16393,#16395,#16396))
REPRESENTATION_CONTEXT('','3D')
);
#16391=(
GEOMETRIC_REPRESENTATION_CONTEXT(3)
GLOBAL_UNCERTAINTY_ASSIGNED_CONTEXT((#16386))
GLOBAL_UNIT_ASSIGNED_CONTEXT((#16393,#16395,#16396))
REPRESENTATION_CONTEXT('','3D')
);
#16392=(
GEOMETRIC_REPRESENTATION_CONTEXT(3)
GLOBAL_UNCERTAINTY_ASSIGNED_CONTEXT((#16387))
GLOBAL_UNIT_ASSIGNED_CONTEXT((#16393,#16395,#16396))
REPRESENTATION_CONTEXT('','3D')
);
#16393=(
LENGTH_UNIT()
NAMED_UNIT(*)
SI_UNIT(.MILLI.,.METRE.)
);
#16394=(
LENGTH_UNIT()
NAMED_UNIT(*)
SI_UNIT($,.METRE.)
);
#16395=(
NAMED_UNIT(*)
PLANE_ANGLE_UNIT()
SI_UNIT($,.RADIAN.)
);
#16396=(
NAMED_UNIT(*)
SI_UNIT($,.STERADIAN.)
SOLID_ANGLE_UNIT()
);
#16397=SHAPE_DEFINITION_REPRESENTATION(#16401,#16408);
#16398=SHAPE_DEFINITION_REPRESENTATION(#16402,#16409);
#16399=SHAPE_DEFINITION_REPRESENTATION(#16403,#16410);
#16400=SHAPE_DEFINITION_REPRESENTATION(#16404,#16411);
#16401=PRODUCT_DEFINITION_SHAPE('',$,#16413);
#16402=PRODUCT_DEFINITION_SHAPE('',$,#16414);
#16403=PRODUCT_DEFINITION_SHAPE('',$,#16415);
#16404=PRODUCT_DEFINITION_SHAPE('',$,#16416);
#16405=PRODUCT_DEFINITION_SHAPE($,$,#20);
#16406=PRODUCT_DEFINITION_SHAPE($,$,#21);
#16407=PRODUCT_DEFINITION_SHAPE($,$,#22);
#16408=SHAPE_REPRESENTATION('',(#10156,#10910),#16388);
#16409=SHAPE_REPRESENTATION('',(#10157,#10568,#10569),#16389);
#16410=SHAPE_REPRESENTATION('',(#10158),#16390);
#16411=SHAPE_REPRESENTATION('',(#10350),#16391);
#16412=PRODUCT_DEFINITION_CONTEXT('part definition',#16426,'design');
#16413=PRODUCT_DEFINITION('2026-09-14-09-08-14-973','GridUp-Pano',#16417,
#16412);
#16414=PRODUCT_DEFINITION('2026-09-14-07-46-05-075',
'GridUp-Kutu-Montaj',#16418,#16412);
#16415=PRODUCT_DEFINITION('2026-09-14-07-36-03-763','GridUp-Kutu',#16419,
#16412);
#16416=PRODUCT_DEFINITION('2026-09-14-08-15-55-205','GridUp-PCB',#16420,
#16412);
#16417=PRODUCT_DEFINITION_FORMATION('',$,#16428);
#16418=PRODUCT_DEFINITION_FORMATION('',$,#16429);
#16419=PRODUCT_DEFINITION_FORMATION('',$,#16430);
#16420=PRODUCT_DEFINITION_FORMATION('',$,#16431);
#16421=PRODUCT_RELATED_PRODUCT_CATEGORY('GridUp-Pano','GridUp-Pano',(#16428));
#16422=PRODUCT_RELATED_PRODUCT_CATEGORY('GridUp-Kutu-Montaj',
'GridUp-Kutu-Montaj',(#16429));
#16423=PRODUCT_RELATED_PRODUCT_CATEGORY('GridUp-Kutu','GridUp-Kutu',(#16430));
#16424=PRODUCT_RELATED_PRODUCT_CATEGORY('GridUp-PCB','GridUp-PCB',(#16431));
#16425=APPLICATION_PROTOCOL_DEFINITION('international standard',
'automotive_design',2009,#16426);
#16426=APPLICATION_CONTEXT(
'Core Data for Automotive Mechanical Design Process');
#16427=PRODUCT_CONTEXT('part definition',#16426,'mechanical');
#16428=PRODUCT('2026-09-14-09-08-14-973','GridUp-Pano',$,(#16427));
#16429=PRODUCT('2026-09-14-07-46-05-075','GridUp-Kutu-Montaj',$,(#16427));
#16430=PRODUCT('2026-09-14-07-36-03-763','GridUp-Kutu',$,(#16427));
#16431=PRODUCT('2026-09-14-08-15-55-205','GridUp-PCB',$,(#16427));
#16432=PRESENTATION_STYLE_ASSIGNMENT((#16433));
#16433=SURFACE_STYLE_USAGE(.BOTH.,#16434);
#16434=SURFACE_SIDE_STYLE('',(#16435));
#16435=SURFACE_STYLE_FILL_AREA(#16436);
#16436=FILL_AREA_STYLE('\X\C7elik - Saten',(#16437));
#16437=FILL_AREA_STYLE_COLOUR('\X\C7elik - Saten',#16438);
#16438=COLOUR_RGB('\X\C7elik - Saten',0.627450980392157,0.627450980392157,
0.627450980392157);
ENDSEC;
END-ISO-10303-21;
