ISO-10303-21;
HEADER;
/* Generated by software containing ST-Developer
 * from STEP Tools, Inc. (www.steptools.com) 
 */

FILE_DESCRIPTION(
/* description */ (''),
/* implementation_level */ '2;1');

FILE_NAME(
/* name */ 'GridUp-PCB.step',
/* time_stamp */ '2026-09-14T09:24:34+03:00',
/* author */ (''),
/* organization */ (''),
/* preprocessor_version */ 'ST-DEVELOPER v20.1',
/* originating_system */ 'Autodesk Translation Framework v15.8.0.0',
/* authorisation */ '');

FILE_SCHEMA (('AUTOMOTIVE_DESIGN { 1 0 10303 214 3 1 1 }'));
ENDSEC;

DATA;
#10=MECHANICAL_DESIGN_GEOMETRIC_PRESENTATION_REPRESENTATION('',(#13,#14,
#15,#16,#17,#18,#19,#20,#21,#22,#23,#24,#25,#26,#27,#28,#29,#30,#31,#32,
#33,#34,#35,#36,#37,#38,#39,#40,#41,#42,#43,#44),#5001);
#11=SHAPE_REPRESENTATION_RELATIONSHIP('SRR','None',#5008,#12);
#12=ADVANCED_BREP_SHAPE_REPRESENTATION('',(#45,#46,#47,#48,#49,#50,#51,
#52,#53,#54,#55,#56,#57,#58,#59,#60,#61,#62,#63,#64,#65,#66,#67,#68,#69,
#70,#71,#72,#73,#74,#75,#76),#5000);
#13=STYLED_ITEM('',(#5017),#45);
#14=STYLED_ITEM('',(#5017),#46);
#15=STYLED_ITEM('',(#5017),#47);
#16=STYLED_ITEM('',(#5017),#48);
#17=STYLED_ITEM('',(#5017),#49);
#18=STYLED_ITEM('',(#5017),#50);
#19=STYLED_ITEM('',(#5017),#51);
#20=STYLED_ITEM('',(#5017),#52);
#21=STYLED_ITEM('',(#5017),#53);
#22=STYLED_ITEM('',(#5017),#54);
#23=STYLED_ITEM('',(#5017),#55);
#24=STYLED_ITEM('',(#5017),#56);
#25=STYLED_ITEM('',(#5017),#57);
#26=STYLED_ITEM('',(#5017),#58);
#27=STYLED_ITEM('',(#5017),#59);
#28=STYLED_ITEM('',(#5017),#60);
#29=STYLED_ITEM('',(#5017),#61);
#30=STYLED_ITEM('',(#5017),#62);
#31=STYLED_ITEM('',(#5017),#63);
#32=STYLED_ITEM('',(#5017),#64);
#33=STYLED_ITEM('',(#5017),#65);
#34=STYLED_ITEM('',(#5017),#66);
#35=STYLED_ITEM('',(#5017),#67);
#36=STYLED_ITEM('',(#5017),#68);
#37=STYLED_ITEM('',(#5017),#69);
#38=STYLED_ITEM('',(#5017),#70);
#39=STYLED_ITEM('',(#5017),#71);
#40=STYLED_ITEM('',(#5017),#72);
#41=STYLED_ITEM('',(#5017),#73);
#42=STYLED_ITEM('',(#5017),#74);
#43=STYLED_ITEM('',(#5017),#75);
#44=STYLED_ITEM('',(#5017),#76);
#45=MANIFOLD_SOLID_BREP('PCB',#3078);
#46=MANIFOLD_SOLID_BREP('MLX90640',#3079);
#47=MANIFOLD_SOLID_BREP('SHT31',#3080);
#48=MANIFOLD_SOLID_BREP('LED',#3081);
#49=MANIFOLD_SOLID_BREP('R_pullup1',#3082);
#50=MANIFOLD_SOLID_BREP('R_pullup2',#3083);
#51=MANIFOLD_SOLID_BREP('C_100n',#3084);
#52=MANIFOLD_SOLID_BREP('EN_RC1',#3085);
#53=MANIFOLD_SOLID_BREP('EN_RC2',#3086);
#54=MANIFOLD_SOLID_BREP('Reset',#3087);
#55=MANIFOLD_SOLID_BREP('ESP32-S3-WROOM-1U',#3088);
#56=MANIFOLD_SOLID_BREP('RAC05-05SK',#3089);
#57=MANIFOLD_SOLID_BREP('F1',#3090);
#58=MANIFOLD_SOLID_BREP('MOV',#3091);
#59=MANIFOLD_SOLID_BREP('Klemens 230V',#3092);
#60=MANIFOLD_SOLID_BREP('LDO SOT-223',#3093);
#61=MANIFOLD_SOLID_BREP('D1',#3094);
#62=MANIFOLD_SOLID_BREP('D2',#3095);
#63=MANIFOLD_SOLID_BREP('R_sarj',#3096);
#64=MANIFOLD_SOLID_BREP('Bolucu1',#3097);
#65=MANIFOLD_SOLID_BREP('Bolucu2',#3098);
#66=MANIFOLD_SOLID_BREP('Superkap',#3099);
#67=MANIFOLD_SOLID_BREP('MAX3485',#3100);
#68=MANIFOLD_SOLID_BREP('R120',#3101);
#69=MANIFOLD_SOLID_BREP('Klemens RS-485',#3102);
#70=MANIFOLD_SOLID_BREP('R_burden1',#3103);
#71=MANIFOLD_SOLID_BREP('R_burden2',#3104);
#72=MANIFOLD_SOLID_BREP('R_burden3',#3105);
#73=MANIFOLD_SOLID_BREP('R_burden4',#3106);
#74=MANIFOLD_SOLID_BREP('R_bias',#3107);
#75=MANIFOLD_SOLID_BREP('Klemens CT',#3108);
#76=MANIFOLD_SOLID_BREP('Genisleme 2x5',#3109);
#77=FACE_BOUND('',#479,.T.);
#78=FACE_BOUND('',#480,.T.);
#79=FACE_BOUND('',#481,.T.);
#80=FACE_BOUND('',#482,.T.);
#81=FACE_BOUND('',#484,.T.);
#82=FACE_BOUND('',#485,.T.);
#83=FACE_BOUND('',#486,.T.);
#84=FACE_BOUND('',#487,.T.);
#85=PLANE('',#3129);
#86=PLANE('',#3130);
#87=PLANE('',#3131);
#88=PLANE('',#3150);
#89=PLANE('',#3151);
#90=PLANE('',#3152);
#91=PLANE('',#3153);
#92=PLANE('',#3154);
#93=PLANE('',#3155);
#94=PLANE('',#3156);
#95=PLANE('',#3160);
#96=PLANE('',#3161);
#97=PLANE('',#3162);
#98=PLANE('',#3163);
#99=PLANE('',#3164);
#100=PLANE('',#3165);
#101=PLANE('',#3166);
#102=PLANE('',#3167);
#103=PLANE('',#3171);
#104=PLANE('',#3172);
#105=PLANE('',#3173);
#106=PLANE('',#3174);
#107=PLANE('',#3175);
#108=PLANE('',#3176);
#109=PLANE('',#3177);
#110=PLANE('',#3178);
#111=PLANE('',#3179);
#112=PLANE('',#3180);
#113=PLANE('',#3181);
#114=PLANE('',#3182);
#115=PLANE('',#3183);
#116=PLANE('',#3184);
#117=PLANE('',#3185);
#118=PLANE('',#3186);
#119=PLANE('',#3187);
#120=PLANE('',#3188);
#121=PLANE('',#3189);
#122=PLANE('',#3190);
#123=PLANE('',#3191);
#124=PLANE('',#3192);
#125=PLANE('',#3193);
#126=PLANE('',#3194);
#127=PLANE('',#3195);
#128=PLANE('',#3196);
#129=PLANE('',#3197);
#130=PLANE('',#3198);
#131=PLANE('',#3199);
#132=PLANE('',#3200);
#133=PLANE('',#3201);
#134=PLANE('',#3202);
#135=PLANE('',#3203);
#136=PLANE('',#3204);
#137=PLANE('',#3205);
#138=PLANE('',#3206);
#139=PLANE('',#3207);
#140=PLANE('',#3208);
#141=PLANE('',#3209);
#142=PLANE('',#3210);
#143=PLANE('',#3211);
#144=PLANE('',#3212);
#145=PLANE('',#3213);
#146=PLANE('',#3214);
#147=PLANE('',#3215);
#148=PLANE('',#3216);
#149=PLANE('',#3217);
#150=PLANE('',#3218);
#151=PLANE('',#3219);
#152=PLANE('',#3220);
#153=PLANE('',#3221);
#154=PLANE('',#3222);
#155=PLANE('',#3223);
#156=PLANE('',#3224);
#157=PLANE('',#3225);
#158=PLANE('',#3226);
#159=PLANE('',#3227);
#160=PLANE('',#3228);
#161=PLANE('',#3229);
#162=PLANE('',#3230);
#163=PLANE('',#3231);
#164=PLANE('',#3232);
#165=PLANE('',#3233);
#166=PLANE('',#3234);
#167=PLANE('',#3235);
#168=PLANE('',#3236);
#169=PLANE('',#3237);
#170=PLANE('',#3238);
#171=PLANE('',#3239);
#172=PLANE('',#3240);
#173=PLANE('',#3241);
#174=PLANE('',#3242);
#175=PLANE('',#3243);
#176=PLANE('',#3244);
#177=PLANE('',#3245);
#178=PLANE('',#3246);
#179=PLANE('',#3247);
#180=PLANE('',#3248);
#181=PLANE('',#3249);
#182=PLANE('',#3250);
#183=PLANE('',#3251);
#184=PLANE('',#3252);
#185=PLANE('',#3253);
#186=PLANE('',#3254);
#187=PLANE('',#3255);
#188=PLANE('',#3256);
#189=PLANE('',#3257);
#190=PLANE('',#3258);
#191=PLANE('',#3259);
#192=PLANE('',#3260);
#193=PLANE('',#3261);
#194=PLANE('',#3262);
#195=PLANE('',#3263);
#196=PLANE('',#3264);
#197=PLANE('',#3265);
#198=PLANE('',#3266);
#199=PLANE('',#3267);
#200=PLANE('',#3268);
#201=PLANE('',#3269);
#202=PLANE('',#3270);
#203=PLANE('',#3271);
#204=PLANE('',#3272);
#205=PLANE('',#3273);
#206=PLANE('',#3274);
#207=PLANE('',#3275);
#208=PLANE('',#3279);
#209=PLANE('',#3280);
#210=PLANE('',#3281);
#211=PLANE('',#3282);
#212=PLANE('',#3283);
#213=PLANE('',#3284);
#214=PLANE('',#3285);
#215=PLANE('',#3286);
#216=PLANE('',#3287);
#217=PLANE('',#3288);
#218=PLANE('',#3289);
#219=PLANE('',#3290);
#220=PLANE('',#3291);
#221=PLANE('',#3292);
#222=PLANE('',#3293);
#223=PLANE('',#3294);
#224=PLANE('',#3295);
#225=PLANE('',#3296);
#226=PLANE('',#3297);
#227=PLANE('',#3298);
#228=PLANE('',#3299);
#229=PLANE('',#3300);
#230=PLANE('',#3301);
#231=PLANE('',#3302);
#232=PLANE('',#3303);
#233=PLANE('',#3304);
#234=PLANE('',#3305);
#235=PLANE('',#3306);
#236=PLANE('',#3307);
#237=PLANE('',#3308);
#238=PLANE('',#3309);
#239=PLANE('',#3310);
#240=PLANE('',#3311);
#241=PLANE('',#3312);
#242=PLANE('',#3313);
#243=PLANE('',#3314);
#244=PLANE('',#3315);
#245=PLANE('',#3316);
#246=PLANE('',#3317);
#247=PLANE('',#3318);
#248=PLANE('',#3319);
#249=PLANE('',#3320);
#250=PLANE('',#3321);
#251=PLANE('',#3322);
#252=PLANE('',#3323);
#253=PLANE('',#3324);
#254=PLANE('',#3325);
#255=PLANE('',#3326);
#256=PLANE('',#3327);
#257=PLANE('',#3328);
#258=PLANE('',#3329);
#259=PLANE('',#3330);
#260=PLANE('',#3331);
#261=PLANE('',#3332);
#262=PLANE('',#3333);
#263=PLANE('',#3334);
#264=PLANE('',#3335);
#265=PLANE('',#3336);
#266=PLANE('',#3337);
#267=PLANE('',#3338);
#268=PLANE('',#3339);
#269=FACE_OUTER_BOUND('',#464,.T.);
#270=FACE_OUTER_BOUND('',#465,.T.);
#271=FACE_OUTER_BOUND('',#466,.T.);
#272=FACE_OUTER_BOUND('',#467,.T.);
#273=FACE_OUTER_BOUND('',#468,.T.);
#274=FACE_OUTER_BOUND('',#469,.T.);
#275=FACE_OUTER_BOUND('',#470,.T.);
#276=FACE_OUTER_BOUND('',#471,.T.);
#277=FACE_OUTER_BOUND('',#472,.T.);
#278=FACE_OUTER_BOUND('',#473,.T.);
#279=FACE_OUTER_BOUND('',#474,.T.);
#280=FACE_OUTER_BOUND('',#475,.T.);
#281=FACE_OUTER_BOUND('',#476,.T.);
#282=FACE_OUTER_BOUND('',#477,.T.);
#283=FACE_OUTER_BOUND('',#478,.T.);
#284=FACE_OUTER_BOUND('',#483,.T.);
#285=FACE_OUTER_BOUND('',#488,.T.);
#286=FACE_OUTER_BOUND('',#489,.T.);
#287=FACE_OUTER_BOUND('',#490,.T.);
#288=FACE_OUTER_BOUND('',#491,.T.);
#289=FACE_OUTER_BOUND('',#492,.T.);
#290=FACE_OUTER_BOUND('',#493,.T.);
#291=FACE_OUTER_BOUND('',#494,.T.);
#292=FACE_OUTER_BOUND('',#495,.T.);
#293=FACE_OUTER_BOUND('',#496,.T.);
#294=FACE_OUTER_BOUND('',#497,.T.);
#295=FACE_OUTER_BOUND('',#498,.T.);
#296=FACE_OUTER_BOUND('',#499,.T.);
#297=FACE_OUTER_BOUND('',#500,.T.);
#298=FACE_OUTER_BOUND('',#501,.T.);
#299=FACE_OUTER_BOUND('',#502,.T.);
#300=FACE_OUTER_BOUND('',#503,.T.);
#301=FACE_OUTER_BOUND('',#504,.T.);
#302=FACE_OUTER_BOUND('',#505,.T.);
#303=FACE_OUTER_BOUND('',#506,.T.);
#304=FACE_OUTER_BOUND('',#507,.T.);
#305=FACE_OUTER_BOUND('',#508,.T.);
#306=FACE_OUTER_BOUND('',#509,.T.);
#307=FACE_OUTER_BOUND('',#510,.T.);
#308=FACE_OUTER_BOUND('',#511,.T.);
#309=FACE_OUTER_BOUND('',#512,.T.);
#310=FACE_OUTER_BOUND('',#513,.T.);
#311=FACE_OUTER_BOUND('',#514,.T.);
#312=FACE_OUTER_BOUND('',#515,.T.);
#313=FACE_OUTER_BOUND('',#516,.T.);
#314=FACE_OUTER_BOUND('',#517,.T.);
#315=FACE_OUTER_BOUND('',#518,.T.);
#316=FACE_OUTER_BOUND('',#519,.T.);
#317=FACE_OUTER_BOUND('',#520,.T.);
#318=FACE_OUTER_BOUND('',#521,.T.);
#319=FACE_OUTER_BOUND('',#522,.T.);
#320=FACE_OUTER_BOUND('',#523,.T.);
#321=FACE_OUTER_BOUND('',#524,.T.);
#322=FACE_OUTER_BOUND('',#525,.T.);
#323=FACE_OUTER_BOUND('',#526,.T.);
#324=FACE_OUTER_BOUND('',#527,.T.);
#325=FACE_OUTER_BOUND('',#528,.T.);
#326=FACE_OUTER_BOUND('',#529,.T.);
#327=FACE_OUTER_BOUND('',#530,.T.);
#328=FACE_OUTER_BOUND('',#531,.T.);
#329=FACE_OUTER_BOUND('',#532,.T.);
#330=FACE_OUTER_BOUND('',#533,.T.);
#331=FACE_OUTER_BOUND('',#534,.T.);
#332=FACE_OUTER_BOUND('',#535,.T.);
#333=FACE_OUTER_BOUND('',#536,.T.);
#334=FACE_OUTER_BOUND('',#537,.T.);
#335=FACE_OUTER_BOUND('',#538,.T.);
#336=FACE_OUTER_BOUND('',#539,.T.);
#337=FACE_OUTER_BOUND('',#540,.T.);
#338=FACE_OUTER_BOUND('',#541,.T.);
#339=FACE_OUTER_BOUND('',#542,.T.);
#340=FACE_OUTER_BOUND('',#543,.T.);
#341=FACE_OUTER_BOUND('',#544,.T.);
#342=FACE_OUTER_BOUND('',#545,.T.);
#343=FACE_OUTER_BOUND('',#546,.T.);
#344=FACE_OUTER_BOUND('',#547,.T.);
#345=FACE_OUTER_BOUND('',#548,.T.);
#346=FACE_OUTER_BOUND('',#549,.T.);
#347=FACE_OUTER_BOUND('',#550,.T.);
#348=FACE_OUTER_BOUND('',#551,.T.);
#349=FACE_OUTER_BOUND('',#552,.T.);
#350=FACE_OUTER_BOUND('',#553,.T.);
#351=FACE_OUTER_BOUND('',#554,.T.);
#352=FACE_OUTER_BOUND('',#555,.T.);
#353=FACE_OUTER_BOUND('',#556,.T.);
#354=FACE_OUTER_BOUND('',#557,.T.);
#355=FACE_OUTER_BOUND('',#558,.T.);
#356=FACE_OUTER_BOUND('',#559,.T.);
#357=FACE_OUTER_BOUND('',#560,.T.);
#358=FACE_OUTER_BOUND('',#561,.T.);
#359=FACE_OUTER_BOUND('',#562,.T.);
#360=FACE_OUTER_BOUND('',#563,.T.);
#361=FACE_OUTER_BOUND('',#564,.T.);
#362=FACE_OUTER_BOUND('',#565,.T.);
#363=FACE_OUTER_BOUND('',#566,.T.);
#364=FACE_OUTER_BOUND('',#567,.T.);
#365=FACE_OUTER_BOUND('',#568,.T.);
#366=FACE_OUTER_BOUND('',#569,.T.);
#367=FACE_OUTER_BOUND('',#570,.T.);
#368=FACE_OUTER_BOUND('',#571,.T.);
#369=FACE_OUTER_BOUND('',#572,.T.);
#370=FACE_OUTER_BOUND('',#573,.T.);
#371=FACE_OUTER_BOUND('',#574,.T.);
#372=FACE_OUTER_BOUND('',#575,.T.);
#373=FACE_OUTER_BOUND('',#576,.T.);
#374=FACE_OUTER_BOUND('',#577,.T.);
#375=FACE_OUTER_BOUND('',#578,.T.);
#376=FACE_OUTER_BOUND('',#579,.T.);
#377=FACE_OUTER_BOUND('',#580,.T.);
#378=FACE_OUTER_BOUND('',#581,.T.);
#379=FACE_OUTER_BOUND('',#582,.T.);
#380=FACE_OUTER_BOUND('',#583,.T.);
#381=FACE_OUTER_BOUND('',#584,.T.);
#382=FACE_OUTER_BOUND('',#585,.T.);
#383=FACE_OUTER_BOUND('',#586,.T.);
#384=FACE_OUTER_BOUND('',#587,.T.);
#385=FACE_OUTER_BOUND('',#588,.T.);
#386=FACE_OUTER_BOUND('',#589,.T.);
#387=FACE_OUTER_BOUND('',#590,.T.);
#388=FACE_OUTER_BOUND('',#591,.T.);
#389=FACE_OUTER_BOUND('',#592,.T.);
#390=FACE_OUTER_BOUND('',#593,.T.);
#391=FACE_OUTER_BOUND('',#594,.T.);
#392=FACE_OUTER_BOUND('',#595,.T.);
#393=FACE_OUTER_BOUND('',#596,.T.);
#394=FACE_OUTER_BOUND('',#597,.T.);
#395=FACE_OUTER_BOUND('',#598,.T.);
#396=FACE_OUTER_BOUND('',#599,.T.);
#397=FACE_OUTER_BOUND('',#600,.T.);
#398=FACE_OUTER_BOUND('',#601,.T.);
#399=FACE_OUTER_BOUND('',#602,.T.);
#400=FACE_OUTER_BOUND('',#603,.T.);
#401=FACE_OUTER_BOUND('',#604,.T.);
#402=FACE_OUTER_BOUND('',#605,.T.);
#403=FACE_OUTER_BOUND('',#606,.T.);
#404=FACE_OUTER_BOUND('',#607,.T.);
#405=FACE_OUTER_BOUND('',#608,.T.);
#406=FACE_OUTER_BOUND('',#609,.T.);
#407=FACE_OUTER_BOUND('',#610,.T.);
#408=FACE_OUTER_BOUND('',#611,.T.);
#409=FACE_OUTER_BOUND('',#612,.T.);
#410=FACE_OUTER_BOUND('',#613,.T.);
#411=FACE_OUTER_BOUND('',#614,.T.);
#412=FACE_OUTER_BOUND('',#615,.T.);
#413=FACE_OUTER_BOUND('',#616,.T.);
#414=FACE_OUTER_BOUND('',#617,.T.);
#415=FACE_OUTER_BOUND('',#618,.T.);
#416=FACE_OUTER_BOUND('',#619,.T.);
#417=FACE_OUTER_BOUND('',#620,.T.);
#418=FACE_OUTER_BOUND('',#621,.T.);
#419=FACE_OUTER_BOUND('',#622,.T.);
#420=FACE_OUTER_BOUND('',#623,.T.);
#421=FACE_OUTER_BOUND('',#624,.T.);
#422=FACE_OUTER_BOUND('',#625,.T.);
#423=FACE_OUTER_BOUND('',#626,.T.);
#424=FACE_OUTER_BOUND('',#627,.T.);
#425=FACE_OUTER_BOUND('',#628,.T.);
#426=FACE_OUTER_BOUND('',#629,.T.);
#427=FACE_OUTER_BOUND('',#630,.T.);
#428=FACE_OUTER_BOUND('',#631,.T.);
#429=FACE_OUTER_BOUND('',#632,.T.);
#430=FACE_OUTER_BOUND('',#633,.T.);
#431=FACE_OUTER_BOUND('',#634,.T.);
#432=FACE_OUTER_BOUND('',#635,.T.);
#433=FACE_OUTER_BOUND('',#636,.T.);
#434=FACE_OUTER_BOUND('',#637,.T.);
#435=FACE_OUTER_BOUND('',#638,.T.);
#436=FACE_OUTER_BOUND('',#639,.T.);
#437=FACE_OUTER_BOUND('',#640,.T.);
#438=FACE_OUTER_BOUND('',#641,.T.);
#439=FACE_OUTER_BOUND('',#642,.T.);
#440=FACE_OUTER_BOUND('',#643,.T.);
#441=FACE_OUTER_BOUND('',#644,.T.);
#442=FACE_OUTER_BOUND('',#645,.T.);
#443=FACE_OUTER_BOUND('',#646,.T.);
#444=FACE_OUTER_BOUND('',#647,.T.);
#445=FACE_OUTER_BOUND('',#648,.T.);
#446=FACE_OUTER_BOUND('',#649,.T.);
#447=FACE_OUTER_BOUND('',#650,.T.);
#448=FACE_OUTER_BOUND('',#651,.T.);
#449=FACE_OUTER_BOUND('',#652,.T.);
#450=FACE_OUTER_BOUND('',#653,.T.);
#451=FACE_OUTER_BOUND('',#654,.T.);
#452=FACE_OUTER_BOUND('',#655,.T.);
#453=FACE_OUTER_BOUND('',#656,.T.);
#454=FACE_OUTER_BOUND('',#657,.T.);
#455=FACE_OUTER_BOUND('',#658,.T.);
#456=FACE_OUTER_BOUND('',#659,.T.);
#457=FACE_OUTER_BOUND('',#660,.T.);
#458=FACE_OUTER_BOUND('',#661,.T.);
#459=FACE_OUTER_BOUND('',#662,.T.);
#460=FACE_OUTER_BOUND('',#663,.T.);
#461=FACE_OUTER_BOUND('',#664,.T.);
#462=FACE_OUTER_BOUND('',#665,.T.);
#463=FACE_OUTER_BOUND('',#666,.T.);
#464=EDGE_LOOP('',(#2086,#2087,#2088,#2089));
#465=EDGE_LOOP('',(#2090,#2091,#2092,#2093));
#466=EDGE_LOOP('',(#2094,#2095,#2096,#2097));
#467=EDGE_LOOP('',(#2098,#2099,#2100,#2101));
#468=EDGE_LOOP('',(#2102,#2103,#2104,#2105));
#469=EDGE_LOOP('',(#2106,#2107,#2108,#2109));
#470=EDGE_LOOP('',(#2110,#2111,#2112,#2113));
#471=EDGE_LOOP('',(#2114,#2115,#2116,#2117));
#472=EDGE_LOOP('',(#2118,#2119,#2120,#2121));
#473=EDGE_LOOP('',(#2122,#2123,#2124,#2125));
#474=EDGE_LOOP('',(#2126,#2127,#2128,#2129));
#475=EDGE_LOOP('',(#2130,#2131,#2132,#2133));
#476=EDGE_LOOP('',(#2134,#2135,#2136,#2137));
#477=EDGE_LOOP('',(#2138,#2139,#2140,#2141));
#478=EDGE_LOOP('',(#2142,#2143,#2144,#2145,#2146,#2147,#2148,#2149,#2150,
#2151,#2152,#2153));
#479=EDGE_LOOP('',(#2154));
#480=EDGE_LOOP('',(#2155));
#481=EDGE_LOOP('',(#2156));
#482=EDGE_LOOP('',(#2157));
#483=EDGE_LOOP('',(#2158,#2159,#2160,#2161,#2162,#2163,#2164,#2165,#2166,
#2167,#2168,#2169));
#484=EDGE_LOOP('',(#2170));
#485=EDGE_LOOP('',(#2171));
#486=EDGE_LOOP('',(#2172));
#487=EDGE_LOOP('',(#2173));
#488=EDGE_LOOP('',(#2174,#2175,#2176,#2177));
#489=EDGE_LOOP('',(#2178,#2179,#2180,#2181));
#490=EDGE_LOOP('',(#2182,#2183,#2184,#2185));
#491=EDGE_LOOP('',(#2186));
#492=EDGE_LOOP('',(#2187));
#493=EDGE_LOOP('',(#2188,#2189,#2190,#2191));
#494=EDGE_LOOP('',(#2192,#2193,#2194,#2195));
#495=EDGE_LOOP('',(#2196,#2197,#2198,#2199));
#496=EDGE_LOOP('',(#2200,#2201,#2202,#2203));
#497=EDGE_LOOP('',(#2204,#2205,#2206,#2207));
#498=EDGE_LOOP('',(#2208,#2209,#2210,#2211));
#499=EDGE_LOOP('',(#2212,#2213,#2214,#2215));
#500=EDGE_LOOP('',(#2216));
#501=EDGE_LOOP('',(#2217));
#502=EDGE_LOOP('',(#2218,#2219,#2220,#2221));
#503=EDGE_LOOP('',(#2222,#2223,#2224,#2225));
#504=EDGE_LOOP('',(#2226,#2227,#2228,#2229));
#505=EDGE_LOOP('',(#2230,#2231,#2232,#2233));
#506=EDGE_LOOP('',(#2234,#2235,#2236,#2237));
#507=EDGE_LOOP('',(#2238,#2239,#2240,#2241));
#508=EDGE_LOOP('',(#2242,#2243,#2244,#2245));
#509=EDGE_LOOP('',(#2246,#2247,#2248,#2249));
#510=EDGE_LOOP('',(#2250,#2251,#2252,#2253));
#511=EDGE_LOOP('',(#2254,#2255,#2256,#2257));
#512=EDGE_LOOP('',(#2258,#2259,#2260,#2261));
#513=EDGE_LOOP('',(#2262,#2263,#2264,#2265));
#514=EDGE_LOOP('',(#2266,#2267,#2268,#2269));
#515=EDGE_LOOP('',(#2270,#2271,#2272,#2273));
#516=EDGE_LOOP('',(#2274,#2275,#2276,#2277));
#517=EDGE_LOOP('',(#2278,#2279,#2280,#2281));
#518=EDGE_LOOP('',(#2282,#2283,#2284,#2285));
#519=EDGE_LOOP('',(#2286,#2287,#2288,#2289));
#520=EDGE_LOOP('',(#2290,#2291,#2292,#2293));
#521=EDGE_LOOP('',(#2294,#2295,#2296,#2297));
#522=EDGE_LOOP('',(#2298,#2299,#2300,#2301));
#523=EDGE_LOOP('',(#2302,#2303,#2304,#2305));
#524=EDGE_LOOP('',(#2306,#2307,#2308,#2309));
#525=EDGE_LOOP('',(#2310,#2311,#2312,#2313));
#526=EDGE_LOOP('',(#2314,#2315,#2316,#2317));
#527=EDGE_LOOP('',(#2318,#2319,#2320,#2321));
#528=EDGE_LOOP('',(#2322,#2323,#2324,#2325));
#529=EDGE_LOOP('',(#2326,#2327,#2328,#2329));
#530=EDGE_LOOP('',(#2330,#2331,#2332,#2333));
#531=EDGE_LOOP('',(#2334,#2335,#2336,#2337));
#532=EDGE_LOOP('',(#2338,#2339,#2340,#2341));
#533=EDGE_LOOP('',(#2342,#2343,#2344,#2345));
#534=EDGE_LOOP('',(#2346,#2347,#2348,#2349));
#535=EDGE_LOOP('',(#2350,#2351,#2352,#2353));
#536=EDGE_LOOP('',(#2354,#2355,#2356,#2357));
#537=EDGE_LOOP('',(#2358,#2359,#2360,#2361));
#538=EDGE_LOOP('',(#2362,#2363,#2364,#2365));
#539=EDGE_LOOP('',(#2366,#2367,#2368,#2369));
#540=EDGE_LOOP('',(#2370,#2371,#2372,#2373));
#541=EDGE_LOOP('',(#2374,#2375,#2376,#2377));
#542=EDGE_LOOP('',(#2378,#2379,#2380,#2381));
#543=EDGE_LOOP('',(#2382,#2383,#2384,#2385));
#544=EDGE_LOOP('',(#2386,#2387,#2388,#2389));
#545=EDGE_LOOP('',(#2390,#2391,#2392,#2393));
#546=EDGE_LOOP('',(#2394,#2395,#2396,#2397));
#547=EDGE_LOOP('',(#2398,#2399,#2400,#2401));
#548=EDGE_LOOP('',(#2402,#2403,#2404,#2405));
#549=EDGE_LOOP('',(#2406,#2407,#2408,#2409));
#550=EDGE_LOOP('',(#2410,#2411,#2412,#2413));
#551=EDGE_LOOP('',(#2414,#2415,#2416,#2417));
#552=EDGE_LOOP('',(#2418,#2419,#2420,#2421));
#553=EDGE_LOOP('',(#2422,#2423,#2424,#2425));
#554=EDGE_LOOP('',(#2426,#2427,#2428,#2429));
#555=EDGE_LOOP('',(#2430,#2431,#2432,#2433));
#556=EDGE_LOOP('',(#2434,#2435,#2436,#2437));
#557=EDGE_LOOP('',(#2438,#2439,#2440,#2441));
#558=EDGE_LOOP('',(#2442,#2443,#2444,#2445));
#559=EDGE_LOOP('',(#2446,#2447,#2448,#2449));
#560=EDGE_LOOP('',(#2450,#2451,#2452,#2453));
#561=EDGE_LOOP('',(#2454,#2455,#2456,#2457));
#562=EDGE_LOOP('',(#2458,#2459,#2460,#2461));
#563=EDGE_LOOP('',(#2462,#2463,#2464,#2465));
#564=EDGE_LOOP('',(#2466,#2467,#2468,#2469));
#565=EDGE_LOOP('',(#2470,#2471,#2472,#2473));
#566=EDGE_LOOP('',(#2474,#2475,#2476,#2477));
#567=EDGE_LOOP('',(#2478,#2479,#2480,#2481));
#568=EDGE_LOOP('',(#2482,#2483,#2484,#2485));
#569=EDGE_LOOP('',(#2486,#2487,#2488,#2489));
#570=EDGE_LOOP('',(#2490,#2491,#2492,#2493));
#571=EDGE_LOOP('',(#2494,#2495,#2496,#2497));
#572=EDGE_LOOP('',(#2498,#2499,#2500,#2501));
#573=EDGE_LOOP('',(#2502,#2503,#2504,#2505));
#574=EDGE_LOOP('',(#2506,#2507,#2508,#2509));
#575=EDGE_LOOP('',(#2510,#2511,#2512,#2513));
#576=EDGE_LOOP('',(#2514,#2515,#2516,#2517));
#577=EDGE_LOOP('',(#2518,#2519,#2520,#2521));
#578=EDGE_LOOP('',(#2522,#2523,#2524,#2525));
#579=EDGE_LOOP('',(#2526,#2527,#2528,#2529));
#580=EDGE_LOOP('',(#2530,#2531,#2532,#2533));
#581=EDGE_LOOP('',(#2534,#2535,#2536,#2537));
#582=EDGE_LOOP('',(#2538,#2539,#2540,#2541));
#583=EDGE_LOOP('',(#2542,#2543,#2544,#2545));
#584=EDGE_LOOP('',(#2546,#2547,#2548,#2549));
#585=EDGE_LOOP('',(#2550,#2551,#2552,#2553));
#586=EDGE_LOOP('',(#2554,#2555,#2556,#2557));
#587=EDGE_LOOP('',(#2558,#2559,#2560,#2561));
#588=EDGE_LOOP('',(#2562,#2563,#2564,#2565));
#589=EDGE_LOOP('',(#2566,#2567,#2568,#2569));
#590=EDGE_LOOP('',(#2570,#2571,#2572,#2573));
#591=EDGE_LOOP('',(#2574,#2575,#2576,#2577));
#592=EDGE_LOOP('',(#2578,#2579,#2580,#2581));
#593=EDGE_LOOP('',(#2582,#2583,#2584,#2585));
#594=EDGE_LOOP('',(#2586,#2587,#2588,#2589));
#595=EDGE_LOOP('',(#2590,#2591,#2592,#2593));
#596=EDGE_LOOP('',(#2594,#2595,#2596,#2597));
#597=EDGE_LOOP('',(#2598,#2599,#2600,#2601));
#598=EDGE_LOOP('',(#2602,#2603,#2604,#2605));
#599=EDGE_LOOP('',(#2606,#2607,#2608,#2609));
#600=EDGE_LOOP('',(#2610,#2611,#2612,#2613));
#601=EDGE_LOOP('',(#2614,#2615,#2616,#2617));
#602=EDGE_LOOP('',(#2618,#2619,#2620,#2621));
#603=EDGE_LOOP('',(#2622,#2623,#2624,#2625));
#604=EDGE_LOOP('',(#2626));
#605=EDGE_LOOP('',(#2627,#2628,#2629,#2630));
#606=EDGE_LOOP('',(#2631));
#607=EDGE_LOOP('',(#2632,#2633,#2634,#2635));
#608=EDGE_LOOP('',(#2636,#2637,#2638,#2639));
#609=EDGE_LOOP('',(#2640,#2641,#2642,#2643));
#610=EDGE_LOOP('',(#2644,#2645,#2646,#2647));
#611=EDGE_LOOP('',(#2648,#2649,#2650,#2651));
#612=EDGE_LOOP('',(#2652,#2653,#2654,#2655));
#613=EDGE_LOOP('',(#2656,#2657,#2658,#2659));
#614=EDGE_LOOP('',(#2660,#2661,#2662,#2663));
#615=EDGE_LOOP('',(#2664,#2665,#2666,#2667));
#616=EDGE_LOOP('',(#2668,#2669,#2670,#2671));
#617=EDGE_LOOP('',(#2672,#2673,#2674,#2675));
#618=EDGE_LOOP('',(#2676,#2677,#2678,#2679));
#619=EDGE_LOOP('',(#2680,#2681,#2682,#2683));
#620=EDGE_LOOP('',(#2684,#2685,#2686,#2687));
#621=EDGE_LOOP('',(#2688,#2689,#2690,#2691));
#622=EDGE_LOOP('',(#2692,#2693,#2694,#2695));
#623=EDGE_LOOP('',(#2696,#2697,#2698,#2699));
#624=EDGE_LOOP('',(#2700,#2701,#2702,#2703));
#625=EDGE_LOOP('',(#2704,#2705,#2706,#2707));
#626=EDGE_LOOP('',(#2708,#2709,#2710,#2711));
#627=EDGE_LOOP('',(#2712,#2713,#2714,#2715));
#628=EDGE_LOOP('',(#2716,#2717,#2718,#2719));
#629=EDGE_LOOP('',(#2720,#2721,#2722,#2723));
#630=EDGE_LOOP('',(#2724,#2725,#2726,#2727));
#631=EDGE_LOOP('',(#2728,#2729,#2730,#2731));
#632=EDGE_LOOP('',(#2732,#2733,#2734,#2735));
#633=EDGE_LOOP('',(#2736,#2737,#2738,#2739));
#634=EDGE_LOOP('',(#2740,#2741,#2742,#2743));
#635=EDGE_LOOP('',(#2744,#2745,#2746,#2747));
#636=EDGE_LOOP('',(#2748,#2749,#2750,#2751));
#637=EDGE_LOOP('',(#2752,#2753,#2754,#2755));
#638=EDGE_LOOP('',(#2756,#2757,#2758,#2759));
#639=EDGE_LOOP('',(#2760,#2761,#2762,#2763));
#640=EDGE_LOOP('',(#2764,#2765,#2766,#2767));
#641=EDGE_LOOP('',(#2768,#2769,#2770,#2771));
#642=EDGE_LOOP('',(#2772,#2773,#2774,#2775));
#643=EDGE_LOOP('',(#2776,#2777,#2778,#2779));
#644=EDGE_LOOP('',(#2780,#2781,#2782,#2783));
#645=EDGE_LOOP('',(#2784,#2785,#2786,#2787));
#646=EDGE_LOOP('',(#2788,#2789,#2790,#2791));
#647=EDGE_LOOP('',(#2792,#2793,#2794,#2795));
#648=EDGE_LOOP('',(#2796,#2797,#2798,#2799));
#649=EDGE_LOOP('',(#2800,#2801,#2802,#2803));
#650=EDGE_LOOP('',(#2804,#2805,#2806,#2807));
#651=EDGE_LOOP('',(#2808,#2809,#2810,#2811));
#652=EDGE_LOOP('',(#2812,#2813,#2814,#2815));
#653=EDGE_LOOP('',(#2816,#2817,#2818,#2819));
#654=EDGE_LOOP('',(#2820,#2821,#2822,#2823));
#655=EDGE_LOOP('',(#2824,#2825,#2826,#2827));
#656=EDGE_LOOP('',(#2828,#2829,#2830,#2831));
#657=EDGE_LOOP('',(#2832,#2833,#2834,#2835));
#658=EDGE_LOOP('',(#2836,#2837,#2838,#2839));
#659=EDGE_LOOP('',(#2840,#2841,#2842,#2843));
#660=EDGE_LOOP('',(#2844,#2845,#2846,#2847));
#661=EDGE_LOOP('',(#2848,#2849,#2850,#2851));
#662=EDGE_LOOP('',(#2852,#2853,#2854,#2855));
#663=EDGE_LOOP('',(#2856,#2857,#2858,#2859));
#664=EDGE_LOOP('',(#2860,#2861,#2862,#2863));
#665=EDGE_LOOP('',(#2864,#2865,#2866,#2867));
#666=EDGE_LOOP('',(#2868,#2869,#2870,#2871));
#667=CIRCLE('',#3124,4.);
#668=CIRCLE('',#3125,4.);
#669=CIRCLE('',#3127,4.);
#670=CIRCLE('',#3128,4.);
#671=CIRCLE('',#3133,1.6);
#672=CIRCLE('',#3134,1.6);
#673=CIRCLE('',#3136,1.6);
#674=CIRCLE('',#3137,1.6);
#675=CIRCLE('',#3139,1.6);
#676=CIRCLE('',#3140,1.6);
#677=CIRCLE('',#3142,1.6);
#678=CIRCLE('',#3143,1.6);
#679=CIRCLE('',#3145,4.);
#680=CIRCLE('',#3146,4.);
#681=CIRCLE('',#3148,4.);
#682=CIRCLE('',#3149,4.);
#683=CIRCLE('',#3158,4.5);
#684=CIRCLE('',#3159,4.5);
#685=CIRCLE('',#3169,1.5);
#686=CIRCLE('',#3170,1.5);
#687=CIRCLE('',#3276,10.75);
#688=CIRCLE('',#3278,10.75);
#689=LINE('',#4151,#1060);
#690=LINE('',#4155,#1061);
#691=LINE('',#4160,#1062);
#692=LINE('',#4164,#1063);
#693=LINE('',#4169,#1064);
#694=LINE('',#4171,#1065);
#695=LINE('',#4173,#1066);
#696=LINE('',#4174,#1067);
#697=LINE('',#4177,#1068);
#698=LINE('',#4179,#1069);
#699=LINE('',#4180,#1070);
#700=LINE('',#4183,#1071);
#701=LINE('',#4185,#1072);
#702=LINE('',#4186,#1073);
#703=LINE('',#4191,#1074);
#704=LINE('',#4197,#1075);
#705=LINE('',#4203,#1076);
#706=LINE('',#4209,#1077);
#707=LINE('',#4216,#1078);
#708=LINE('',#4219,#1079);
#709=LINE('',#4225,#1080);
#710=LINE('',#4228,#1081);
#711=LINE('',#4230,#1082);
#712=LINE('',#4231,#1083);
#713=LINE('',#4233,#1084);
#714=LINE('',#4234,#1085);
#715=LINE('',#4236,#1086);
#716=LINE('',#4237,#1087);
#717=LINE('',#4239,#1088);
#718=LINE('',#4240,#1089);
#719=LINE('',#4242,#1090);
#720=LINE('',#4243,#1091);
#721=LINE('',#4250,#1092);
#722=LINE('',#4257,#1093);
#723=LINE('',#4259,#1094);
#724=LINE('',#4261,#1095);
#725=LINE('',#4262,#1096);
#726=LINE('',#4265,#1097);
#727=LINE('',#4267,#1098);
#728=LINE('',#4268,#1099);
#729=LINE('',#4271,#1100);
#730=LINE('',#4273,#1101);
#731=LINE('',#4274,#1102);
#732=LINE('',#4276,#1103);
#733=LINE('',#4277,#1104);
#734=LINE('',#4284,#1105);
#735=LINE('',#4291,#1106);
#736=LINE('',#4293,#1107);
#737=LINE('',#4295,#1108);
#738=LINE('',#4296,#1109);
#739=LINE('',#4299,#1110);
#740=LINE('',#4301,#1111);
#741=LINE('',#4302,#1112);
#742=LINE('',#4305,#1113);
#743=LINE('',#4307,#1114);
#744=LINE('',#4308,#1115);
#745=LINE('',#4310,#1116);
#746=LINE('',#4311,#1117);
#747=LINE('',#4317,#1118);
#748=LINE('',#4319,#1119);
#749=LINE('',#4321,#1120);
#750=LINE('',#4322,#1121);
#751=LINE('',#4325,#1122);
#752=LINE('',#4327,#1123);
#753=LINE('',#4328,#1124);
#754=LINE('',#4331,#1125);
#755=LINE('',#4333,#1126);
#756=LINE('',#4334,#1127);
#757=LINE('',#4336,#1128);
#758=LINE('',#4337,#1129);
#759=LINE('',#4343,#1130);
#760=LINE('',#4345,#1131);
#761=LINE('',#4347,#1132);
#762=LINE('',#4348,#1133);
#763=LINE('',#4351,#1134);
#764=LINE('',#4353,#1135);
#765=LINE('',#4354,#1136);
#766=LINE('',#4357,#1137);
#767=LINE('',#4359,#1138);
#768=LINE('',#4360,#1139);
#769=LINE('',#4362,#1140);
#770=LINE('',#4363,#1141);
#771=LINE('',#4369,#1142);
#772=LINE('',#4371,#1143);
#773=LINE('',#4373,#1144);
#774=LINE('',#4374,#1145);
#775=LINE('',#4377,#1146);
#776=LINE('',#4379,#1147);
#777=LINE('',#4380,#1148);
#778=LINE('',#4383,#1149);
#779=LINE('',#4385,#1150);
#780=LINE('',#4386,#1151);
#781=LINE('',#4388,#1152);
#782=LINE('',#4389,#1153);
#783=LINE('',#4395,#1154);
#784=LINE('',#4397,#1155);
#785=LINE('',#4399,#1156);
#786=LINE('',#4400,#1157);
#787=LINE('',#4403,#1158);
#788=LINE('',#4405,#1159);
#789=LINE('',#4406,#1160);
#790=LINE('',#4409,#1161);
#791=LINE('',#4411,#1162);
#792=LINE('',#4412,#1163);
#793=LINE('',#4414,#1164);
#794=LINE('',#4415,#1165);
#795=LINE('',#4421,#1166);
#796=LINE('',#4423,#1167);
#797=LINE('',#4425,#1168);
#798=LINE('',#4426,#1169);
#799=LINE('',#4429,#1170);
#800=LINE('',#4431,#1171);
#801=LINE('',#4432,#1172);
#802=LINE('',#4435,#1173);
#803=LINE('',#4437,#1174);
#804=LINE('',#4438,#1175);
#805=LINE('',#4440,#1176);
#806=LINE('',#4441,#1177);
#807=LINE('',#4447,#1178);
#808=LINE('',#4449,#1179);
#809=LINE('',#4451,#1180);
#810=LINE('',#4452,#1181);
#811=LINE('',#4455,#1182);
#812=LINE('',#4457,#1183);
#813=LINE('',#4458,#1184);
#814=LINE('',#4461,#1185);
#815=LINE('',#4463,#1186);
#816=LINE('',#4464,#1187);
#817=LINE('',#4466,#1188);
#818=LINE('',#4467,#1189);
#819=LINE('',#4473,#1190);
#820=LINE('',#4475,#1191);
#821=LINE('',#4477,#1192);
#822=LINE('',#4478,#1193);
#823=LINE('',#4481,#1194);
#824=LINE('',#4483,#1195);
#825=LINE('',#4484,#1196);
#826=LINE('',#4487,#1197);
#827=LINE('',#4489,#1198);
#828=LINE('',#4490,#1199);
#829=LINE('',#4492,#1200);
#830=LINE('',#4493,#1201);
#831=LINE('',#4499,#1202);
#832=LINE('',#4501,#1203);
#833=LINE('',#4503,#1204);
#834=LINE('',#4504,#1205);
#835=LINE('',#4507,#1206);
#836=LINE('',#4509,#1207);
#837=LINE('',#4510,#1208);
#838=LINE('',#4513,#1209);
#839=LINE('',#4515,#1210);
#840=LINE('',#4516,#1211);
#841=LINE('',#4518,#1212);
#842=LINE('',#4519,#1213);
#843=LINE('',#4525,#1214);
#844=LINE('',#4527,#1215);
#845=LINE('',#4529,#1216);
#846=LINE('',#4530,#1217);
#847=LINE('',#4533,#1218);
#848=LINE('',#4535,#1219);
#849=LINE('',#4536,#1220);
#850=LINE('',#4539,#1221);
#851=LINE('',#4541,#1222);
#852=LINE('',#4542,#1223);
#853=LINE('',#4544,#1224);
#854=LINE('',#4545,#1225);
#855=LINE('',#4551,#1226);
#856=LINE('',#4553,#1227);
#857=LINE('',#4555,#1228);
#858=LINE('',#4556,#1229);
#859=LINE('',#4559,#1230);
#860=LINE('',#4561,#1231);
#861=LINE('',#4562,#1232);
#862=LINE('',#4565,#1233);
#863=LINE('',#4567,#1234);
#864=LINE('',#4568,#1235);
#865=LINE('',#4570,#1236);
#866=LINE('',#4571,#1237);
#867=LINE('',#4577,#1238);
#868=LINE('',#4579,#1239);
#869=LINE('',#4581,#1240);
#870=LINE('',#4582,#1241);
#871=LINE('',#4585,#1242);
#872=LINE('',#4587,#1243);
#873=LINE('',#4588,#1244);
#874=LINE('',#4591,#1245);
#875=LINE('',#4593,#1246);
#876=LINE('',#4594,#1247);
#877=LINE('',#4596,#1248);
#878=LINE('',#4597,#1249);
#879=LINE('',#4603,#1250);
#880=LINE('',#4605,#1251);
#881=LINE('',#4607,#1252);
#882=LINE('',#4608,#1253);
#883=LINE('',#4611,#1254);
#884=LINE('',#4613,#1255);
#885=LINE('',#4614,#1256);
#886=LINE('',#4617,#1257);
#887=LINE('',#4619,#1258);
#888=LINE('',#4620,#1259);
#889=LINE('',#4622,#1260);
#890=LINE('',#4623,#1261);
#891=LINE('',#4629,#1262);
#892=LINE('',#4631,#1263);
#893=LINE('',#4633,#1264);
#894=LINE('',#4634,#1265);
#895=LINE('',#4637,#1266);
#896=LINE('',#4639,#1267);
#897=LINE('',#4640,#1268);
#898=LINE('',#4643,#1269);
#899=LINE('',#4645,#1270);
#900=LINE('',#4646,#1271);
#901=LINE('',#4648,#1272);
#902=LINE('',#4649,#1273);
#903=LINE('',#4655,#1274);
#904=LINE('',#4657,#1275);
#905=LINE('',#4659,#1276);
#906=LINE('',#4660,#1277);
#907=LINE('',#4663,#1278);
#908=LINE('',#4665,#1279);
#909=LINE('',#4666,#1280);
#910=LINE('',#4669,#1281);
#911=LINE('',#4671,#1282);
#912=LINE('',#4672,#1283);
#913=LINE('',#4674,#1284);
#914=LINE('',#4675,#1285);
#915=LINE('',#4681,#1286);
#916=LINE('',#4683,#1287);
#917=LINE('',#4685,#1288);
#918=LINE('',#4686,#1289);
#919=LINE('',#4689,#1290);
#920=LINE('',#4691,#1291);
#921=LINE('',#4692,#1292);
#922=LINE('',#4695,#1293);
#923=LINE('',#4697,#1294);
#924=LINE('',#4698,#1295);
#925=LINE('',#4700,#1296);
#926=LINE('',#4701,#1297);
#927=LINE('',#4707,#1298);
#928=LINE('',#4709,#1299);
#929=LINE('',#4711,#1300);
#930=LINE('',#4712,#1301);
#931=LINE('',#4715,#1302);
#932=LINE('',#4717,#1303);
#933=LINE('',#4718,#1304);
#934=LINE('',#4721,#1305);
#935=LINE('',#4723,#1306);
#936=LINE('',#4724,#1307);
#937=LINE('',#4726,#1308);
#938=LINE('',#4727,#1309);
#939=LINE('',#4736,#1310);
#940=LINE('',#4741,#1311);
#941=LINE('',#4743,#1312);
#942=LINE('',#4745,#1313);
#943=LINE('',#4746,#1314);
#944=LINE('',#4749,#1315);
#945=LINE('',#4751,#1316);
#946=LINE('',#4752,#1317);
#947=LINE('',#4755,#1318);
#948=LINE('',#4757,#1319);
#949=LINE('',#4758,#1320);
#950=LINE('',#4760,#1321);
#951=LINE('',#4761,#1322);
#952=LINE('',#4767,#1323);
#953=LINE('',#4769,#1324);
#954=LINE('',#4771,#1325);
#955=LINE('',#4772,#1326);
#956=LINE('',#4775,#1327);
#957=LINE('',#4777,#1328);
#958=LINE('',#4778,#1329);
#959=LINE('',#4781,#1330);
#960=LINE('',#4783,#1331);
#961=LINE('',#4784,#1332);
#962=LINE('',#4786,#1333);
#963=LINE('',#4787,#1334);
#964=LINE('',#4793,#1335);
#965=LINE('',#4795,#1336);
#966=LINE('',#4797,#1337);
#967=LINE('',#4798,#1338);
#968=LINE('',#4801,#1339);
#969=LINE('',#4803,#1340);
#970=LINE('',#4804,#1341);
#971=LINE('',#4807,#1342);
#972=LINE('',#4809,#1343);
#973=LINE('',#4810,#1344);
#974=LINE('',#4812,#1345);
#975=LINE('',#4813,#1346);
#976=LINE('',#4819,#1347);
#977=LINE('',#4821,#1348);
#978=LINE('',#4823,#1349);
#979=LINE('',#4824,#1350);
#980=LINE('',#4827,#1351);
#981=LINE('',#4829,#1352);
#982=LINE('',#4830,#1353);
#983=LINE('',#4833,#1354);
#984=LINE('',#4835,#1355);
#985=LINE('',#4836,#1356);
#986=LINE('',#4838,#1357);
#987=LINE('',#4839,#1358);
#988=LINE('',#4845,#1359);
#989=LINE('',#4847,#1360);
#990=LINE('',#4849,#1361);
#991=LINE('',#4850,#1362);
#992=LINE('',#4853,#1363);
#993=LINE('',#4855,#1364);
#994=LINE('',#4856,#1365);
#995=LINE('',#4859,#1366);
#996=LINE('',#4861,#1367);
#997=LINE('',#4862,#1368);
#998=LINE('',#4864,#1369);
#999=LINE('',#4865,#1370);
#1000=LINE('',#4871,#1371);
#1001=LINE('',#4873,#1372);
#1002=LINE('',#4875,#1373);
#1003=LINE('',#4876,#1374);
#1004=LINE('',#4879,#1375);
#1005=LINE('',#4881,#1376);
#1006=LINE('',#4882,#1377);
#1007=LINE('',#4885,#1378);
#1008=LINE('',#4887,#1379);
#1009=LINE('',#4888,#1380);
#1010=LINE('',#4890,#1381);
#1011=LINE('',#4891,#1382);
#1012=LINE('',#4897,#1383);
#1013=LINE('',#4899,#1384);
#1014=LINE('',#4901,#1385);
#1015=LINE('',#4902,#1386);
#1016=LINE('',#4905,#1387);
#1017=LINE('',#4907,#1388);
#1018=LINE('',#4908,#1389);
#1019=LINE('',#4911,#1390);
#1020=LINE('',#4913,#1391);
#1021=LINE('',#4914,#1392);
#1022=LINE('',#4916,#1393);
#1023=LINE('',#4917,#1394);
#1024=LINE('',#4923,#1395);
#1025=LINE('',#4925,#1396);
#1026=LINE('',#4927,#1397);
#1027=LINE('',#4928,#1398);
#1028=LINE('',#4931,#1399);
#1029=LINE('',#4933,#1400);
#1030=LINE('',#4934,#1401);
#1031=LINE('',#4937,#1402);
#1032=LINE('',#4939,#1403);
#1033=LINE('',#4940,#1404);
#1034=LINE('',#4942,#1405);
#1035=LINE('',#4943,#1406);
#1036=LINE('',#4949,#1407);
#1037=LINE('',#4951,#1408);
#1038=LINE('',#4953,#1409);
#1039=LINE('',#4954,#1410);
#1040=LINE('',#4957,#1411);
#1041=LINE('',#4959,#1412);
#1042=LINE('',#4960,#1413);
#1043=LINE('',#4963,#1414);
#1044=LINE('',#4965,#1415);
#1045=LINE('',#4966,#1416);
#1046=LINE('',#4968,#1417);
#1047=LINE('',#4969,#1418);
#1048=LINE('',#4975,#1419);
#1049=LINE('',#4977,#1420);
#1050=LINE('',#4979,#1421);
#1051=LINE('',#4980,#1422);
#1052=LINE('',#4983,#1423);
#1053=LINE('',#4985,#1424);
#1054=LINE('',#4986,#1425);
#1055=LINE('',#4989,#1426);
#1056=LINE('',#4991,#1427);
#1057=LINE('',#4992,#1428);
#1058=LINE('',#4994,#1429);
#1059=LINE('',#4995,#1430);
#1060=VECTOR('',#3344,10.);
#1061=VECTOR('',#3347,10.);
#1062=VECTOR('',#3352,10.);
#1063=VECTOR('',#3355,10.);
#1064=VECTOR('',#3360,10.);
#1065=VECTOR('',#3361,10.);
#1066=VECTOR('',#3362,10.);
#1067=VECTOR('',#3363,10.);
#1068=VECTOR('',#3366,10.);
#1069=VECTOR('',#3367,10.);
#1070=VECTOR('',#3368,10.);
#1071=VECTOR('',#3371,10.);
#1072=VECTOR('',#3372,10.);
#1073=VECTOR('',#3373,10.);
#1074=VECTOR('',#3378,1.6);
#1075=VECTOR('',#3385,1.6);
#1076=VECTOR('',#3392,1.6);
#1077=VECTOR('',#3399,1.6);
#1078=VECTOR('',#3406,10.);
#1079=VECTOR('',#3409,10.);
#1080=VECTOR('',#3414,10.);
#1081=VECTOR('',#3417,10.);
#1082=VECTOR('',#3420,10.);
#1083=VECTOR('',#3421,10.);
#1084=VECTOR('',#3424,10.);
#1085=VECTOR('',#3425,10.);
#1086=VECTOR('',#3428,10.);
#1087=VECTOR('',#3429,10.);
#1088=VECTOR('',#3432,10.);
#1089=VECTOR('',#3433,10.);
#1090=VECTOR('',#3436,10.);
#1091=VECTOR('',#3437,10.);
#1092=VECTOR('',#3446,4.5);
#1093=VECTOR('',#3455,10.);
#1094=VECTOR('',#3456,10.);
#1095=VECTOR('',#3457,10.);
#1096=VECTOR('',#3458,10.);
#1097=VECTOR('',#3461,10.);
#1098=VECTOR('',#3462,10.);
#1099=VECTOR('',#3463,10.);
#1100=VECTOR('',#3466,10.);
#1101=VECTOR('',#3467,10.);
#1102=VECTOR('',#3468,10.);
#1103=VECTOR('',#3471,10.);
#1104=VECTOR('',#3472,10.);
#1105=VECTOR('',#3481,1.5);
#1106=VECTOR('',#3490,10.);
#1107=VECTOR('',#3491,10.);
#1108=VECTOR('',#3492,10.);
#1109=VECTOR('',#3493,10.);
#1110=VECTOR('',#3496,10.);
#1111=VECTOR('',#3497,10.);
#1112=VECTOR('',#3498,10.);
#1113=VECTOR('',#3501,10.);
#1114=VECTOR('',#3502,10.);
#1115=VECTOR('',#3503,10.);
#1116=VECTOR('',#3506,10.);
#1117=VECTOR('',#3507,10.);
#1118=VECTOR('',#3514,10.);
#1119=VECTOR('',#3515,10.);
#1120=VECTOR('',#3516,10.);
#1121=VECTOR('',#3517,10.);
#1122=VECTOR('',#3520,10.);
#1123=VECTOR('',#3521,10.);
#1124=VECTOR('',#3522,10.);
#1125=VECTOR('',#3525,10.);
#1126=VECTOR('',#3526,10.);
#1127=VECTOR('',#3527,10.);
#1128=VECTOR('',#3530,10.);
#1129=VECTOR('',#3531,10.);
#1130=VECTOR('',#3538,10.);
#1131=VECTOR('',#3539,10.);
#1132=VECTOR('',#3540,10.);
#1133=VECTOR('',#3541,10.);
#1134=VECTOR('',#3544,10.);
#1135=VECTOR('',#3545,10.);
#1136=VECTOR('',#3546,10.);
#1137=VECTOR('',#3549,10.);
#1138=VECTOR('',#3550,10.);
#1139=VECTOR('',#3551,10.);
#1140=VECTOR('',#3554,10.);
#1141=VECTOR('',#3555,10.);
#1142=VECTOR('',#3562,10.);
#1143=VECTOR('',#3563,10.);
#1144=VECTOR('',#3564,10.);
#1145=VECTOR('',#3565,10.);
#1146=VECTOR('',#3568,10.);
#1147=VECTOR('',#3569,10.);
#1148=VECTOR('',#3570,10.);
#1149=VECTOR('',#3573,10.);
#1150=VECTOR('',#3574,10.);
#1151=VECTOR('',#3575,10.);
#1152=VECTOR('',#3578,10.);
#1153=VECTOR('',#3579,10.);
#1154=VECTOR('',#3586,10.);
#1155=VECTOR('',#3587,10.);
#1156=VECTOR('',#3588,10.);
#1157=VECTOR('',#3589,10.);
#1158=VECTOR('',#3592,10.);
#1159=VECTOR('',#3593,10.);
#1160=VECTOR('',#3594,10.);
#1161=VECTOR('',#3597,10.);
#1162=VECTOR('',#3598,10.);
#1163=VECTOR('',#3599,10.);
#1164=VECTOR('',#3602,10.);
#1165=VECTOR('',#3603,10.);
#1166=VECTOR('',#3610,10.);
#1167=VECTOR('',#3611,10.);
#1168=VECTOR('',#3612,10.);
#1169=VECTOR('',#3613,10.);
#1170=VECTOR('',#3616,10.);
#1171=VECTOR('',#3617,10.);
#1172=VECTOR('',#3618,10.);
#1173=VECTOR('',#3621,10.);
#1174=VECTOR('',#3622,10.);
#1175=VECTOR('',#3623,10.);
#1176=VECTOR('',#3626,10.);
#1177=VECTOR('',#3627,10.);
#1178=VECTOR('',#3634,10.);
#1179=VECTOR('',#3635,10.);
#1180=VECTOR('',#3636,10.);
#1181=VECTOR('',#3637,10.);
#1182=VECTOR('',#3640,10.);
#1183=VECTOR('',#3641,10.);
#1184=VECTOR('',#3642,10.);
#1185=VECTOR('',#3645,10.);
#1186=VECTOR('',#3646,10.);
#1187=VECTOR('',#3647,10.);
#1188=VECTOR('',#3650,10.);
#1189=VECTOR('',#3651,10.);
#1190=VECTOR('',#3658,10.);
#1191=VECTOR('',#3659,10.);
#1192=VECTOR('',#3660,10.);
#1193=VECTOR('',#3661,10.);
#1194=VECTOR('',#3664,10.);
#1195=VECTOR('',#3665,10.);
#1196=VECTOR('',#3666,10.);
#1197=VECTOR('',#3669,10.);
#1198=VECTOR('',#3670,10.);
#1199=VECTOR('',#3671,10.);
#1200=VECTOR('',#3674,10.);
#1201=VECTOR('',#3675,10.);
#1202=VECTOR('',#3682,10.);
#1203=VECTOR('',#3683,10.);
#1204=VECTOR('',#3684,10.);
#1205=VECTOR('',#3685,10.);
#1206=VECTOR('',#3688,10.);
#1207=VECTOR('',#3689,10.);
#1208=VECTOR('',#3690,10.);
#1209=VECTOR('',#3693,10.);
#1210=VECTOR('',#3694,10.);
#1211=VECTOR('',#3695,10.);
#1212=VECTOR('',#3698,10.);
#1213=VECTOR('',#3699,10.);
#1214=VECTOR('',#3706,10.);
#1215=VECTOR('',#3707,10.);
#1216=VECTOR('',#3708,10.);
#1217=VECTOR('',#3709,10.);
#1218=VECTOR('',#3712,10.);
#1219=VECTOR('',#3713,10.);
#1220=VECTOR('',#3714,10.);
#1221=VECTOR('',#3717,10.);
#1222=VECTOR('',#3718,10.);
#1223=VECTOR('',#3719,10.);
#1224=VECTOR('',#3722,10.);
#1225=VECTOR('',#3723,10.);
#1226=VECTOR('',#3730,10.);
#1227=VECTOR('',#3731,10.);
#1228=VECTOR('',#3732,10.);
#1229=VECTOR('',#3733,10.);
#1230=VECTOR('',#3736,10.);
#1231=VECTOR('',#3737,10.);
#1232=VECTOR('',#3738,10.);
#1233=VECTOR('',#3741,10.);
#1234=VECTOR('',#3742,10.);
#1235=VECTOR('',#3743,10.);
#1236=VECTOR('',#3746,10.);
#1237=VECTOR('',#3747,10.);
#1238=VECTOR('',#3754,10.);
#1239=VECTOR('',#3755,10.);
#1240=VECTOR('',#3756,10.);
#1241=VECTOR('',#3757,10.);
#1242=VECTOR('',#3760,10.);
#1243=VECTOR('',#3761,10.);
#1244=VECTOR('',#3762,10.);
#1245=VECTOR('',#3765,10.);
#1246=VECTOR('',#3766,10.);
#1247=VECTOR('',#3767,10.);
#1248=VECTOR('',#3770,10.);
#1249=VECTOR('',#3771,10.);
#1250=VECTOR('',#3778,10.);
#1251=VECTOR('',#3779,10.);
#1252=VECTOR('',#3780,10.);
#1253=VECTOR('',#3781,10.);
#1254=VECTOR('',#3784,10.);
#1255=VECTOR('',#3785,10.);
#1256=VECTOR('',#3786,10.);
#1257=VECTOR('',#3789,10.);
#1258=VECTOR('',#3790,10.);
#1259=VECTOR('',#3791,10.);
#1260=VECTOR('',#3794,10.);
#1261=VECTOR('',#3795,10.);
#1262=VECTOR('',#3802,10.);
#1263=VECTOR('',#3803,10.);
#1264=VECTOR('',#3804,10.);
#1265=VECTOR('',#3805,10.);
#1266=VECTOR('',#3808,10.);
#1267=VECTOR('',#3809,10.);
#1268=VECTOR('',#3810,10.);
#1269=VECTOR('',#3813,10.);
#1270=VECTOR('',#3814,10.);
#1271=VECTOR('',#3815,10.);
#1272=VECTOR('',#3818,10.);
#1273=VECTOR('',#3819,10.);
#1274=VECTOR('',#3826,10.);
#1275=VECTOR('',#3827,10.);
#1276=VECTOR('',#3828,10.);
#1277=VECTOR('',#3829,10.);
#1278=VECTOR('',#3832,10.);
#1279=VECTOR('',#3833,10.);
#1280=VECTOR('',#3834,10.);
#1281=VECTOR('',#3837,10.);
#1282=VECTOR('',#3838,10.);
#1283=VECTOR('',#3839,10.);
#1284=VECTOR('',#3842,10.);
#1285=VECTOR('',#3843,10.);
#1286=VECTOR('',#3850,10.);
#1287=VECTOR('',#3851,10.);
#1288=VECTOR('',#3852,10.);
#1289=VECTOR('',#3853,10.);
#1290=VECTOR('',#3856,10.);
#1291=VECTOR('',#3857,10.);
#1292=VECTOR('',#3858,10.);
#1293=VECTOR('',#3861,10.);
#1294=VECTOR('',#3862,10.);
#1295=VECTOR('',#3863,10.);
#1296=VECTOR('',#3866,10.);
#1297=VECTOR('',#3867,10.);
#1298=VECTOR('',#3874,10.);
#1299=VECTOR('',#3875,10.);
#1300=VECTOR('',#3876,10.);
#1301=VECTOR('',#3877,10.);
#1302=VECTOR('',#3880,10.);
#1303=VECTOR('',#3881,10.);
#1304=VECTOR('',#3882,10.);
#1305=VECTOR('',#3885,10.);
#1306=VECTOR('',#3886,10.);
#1307=VECTOR('',#3887,10.);
#1308=VECTOR('',#3890,10.);
#1309=VECTOR('',#3891,10.);
#1310=VECTOR('',#3904,10.75);
#1311=VECTOR('',#3909,10.);
#1312=VECTOR('',#3910,10.);
#1313=VECTOR('',#3911,10.);
#1314=VECTOR('',#3912,10.);
#1315=VECTOR('',#3915,10.);
#1316=VECTOR('',#3916,10.);
#1317=VECTOR('',#3917,10.);
#1318=VECTOR('',#3920,10.);
#1319=VECTOR('',#3921,10.);
#1320=VECTOR('',#3922,10.);
#1321=VECTOR('',#3925,10.);
#1322=VECTOR('',#3926,10.);
#1323=VECTOR('',#3933,10.);
#1324=VECTOR('',#3934,10.);
#1325=VECTOR('',#3935,10.);
#1326=VECTOR('',#3936,10.);
#1327=VECTOR('',#3939,10.);
#1328=VECTOR('',#3940,10.);
#1329=VECTOR('',#3941,10.);
#1330=VECTOR('',#3944,10.);
#1331=VECTOR('',#3945,10.);
#1332=VECTOR('',#3946,10.);
#1333=VECTOR('',#3949,10.);
#1334=VECTOR('',#3950,10.);
#1335=VECTOR('',#3957,10.);
#1336=VECTOR('',#3958,10.);
#1337=VECTOR('',#3959,10.);
#1338=VECTOR('',#3960,10.);
#1339=VECTOR('',#3963,10.);
#1340=VECTOR('',#3964,10.);
#1341=VECTOR('',#3965,10.);
#1342=VECTOR('',#3968,10.);
#1343=VECTOR('',#3969,10.);
#1344=VECTOR('',#3970,10.);
#1345=VECTOR('',#3973,10.);
#1346=VECTOR('',#3974,10.);
#1347=VECTOR('',#3981,10.);
#1348=VECTOR('',#3982,10.);
#1349=VECTOR('',#3983,10.);
#1350=VECTOR('',#3984,10.);
#1351=VECTOR('',#3987,10.);
#1352=VECTOR('',#3988,10.);
#1353=VECTOR('',#3989,10.);
#1354=VECTOR('',#3992,10.);
#1355=VECTOR('',#3993,10.);
#1356=VECTOR('',#3994,10.);
#1357=VECTOR('',#3997,10.);
#1358=VECTOR('',#3998,10.);
#1359=VECTOR('',#4005,10.);
#1360=VECTOR('',#4006,10.);
#1361=VECTOR('',#4007,10.);
#1362=VECTOR('',#4008,10.);
#1363=VECTOR('',#4011,10.);
#1364=VECTOR('',#4012,10.);
#1365=VECTOR('',#4013,10.);
#1366=VECTOR('',#4016,10.);
#1367=VECTOR('',#4017,10.);
#1368=VECTOR('',#4018,10.);
#1369=VECTOR('',#4021,10.);
#1370=VECTOR('',#4022,10.);
#1371=VECTOR('',#4029,10.);
#1372=VECTOR('',#4030,10.);
#1373=VECTOR('',#4031,10.);
#1374=VECTOR('',#4032,10.);
#1375=VECTOR('',#4035,10.);
#1376=VECTOR('',#4036,10.);
#1377=VECTOR('',#4037,10.);
#1378=VECTOR('',#4040,10.);
#1379=VECTOR('',#4041,10.);
#1380=VECTOR('',#4042,10.);
#1381=VECTOR('',#4045,10.);
#1382=VECTOR('',#4046,10.);
#1383=VECTOR('',#4053,10.);
#1384=VECTOR('',#4054,10.);
#1385=VECTOR('',#4055,10.);
#1386=VECTOR('',#4056,10.);
#1387=VECTOR('',#4059,10.);
#1388=VECTOR('',#4060,10.);
#1389=VECTOR('',#4061,10.);
#1390=VECTOR('',#4064,10.);
#1391=VECTOR('',#4065,10.);
#1392=VECTOR('',#4066,10.);
#1393=VECTOR('',#4069,10.);
#1394=VECTOR('',#4070,10.);
#1395=VECTOR('',#4077,10.);
#1396=VECTOR('',#4078,10.);
#1397=VECTOR('',#4079,10.);
#1398=VECTOR('',#4080,10.);
#1399=VECTOR('',#4083,10.);
#1400=VECTOR('',#4084,10.);
#1401=VECTOR('',#4085,10.);
#1402=VECTOR('',#4088,10.);
#1403=VECTOR('',#4089,10.);
#1404=VECTOR('',#4090,10.);
#1405=VECTOR('',#4093,10.);
#1406=VECTOR('',#4094,10.);
#1407=VECTOR('',#4101,10.);
#1408=VECTOR('',#4102,10.);
#1409=VECTOR('',#4103,10.);
#1410=VECTOR('',#4104,10.);
#1411=VECTOR('',#4107,10.);
#1412=VECTOR('',#4108,10.);
#1413=VECTOR('',#4109,10.);
#1414=VECTOR('',#4112,10.);
#1415=VECTOR('',#4113,10.);
#1416=VECTOR('',#4114,10.);
#1417=VECTOR('',#4117,10.);
#1418=VECTOR('',#4118,10.);
#1419=VECTOR('',#4125,10.);
#1420=VECTOR('',#4126,10.);
#1421=VECTOR('',#4127,10.);
#1422=VECTOR('',#4128,10.);
#1423=VECTOR('',#4131,10.);
#1424=VECTOR('',#4132,10.);
#1425=VECTOR('',#4133,10.);
#1426=VECTOR('',#4136,10.);
#1427=VECTOR('',#4137,10.);
#1428=VECTOR('',#4138,10.);
#1429=VECTOR('',#4141,10.);
#1430=VECTOR('',#4142,10.);
#1431=VERTEX_POINT('',#4149);
#1432=VERTEX_POINT('',#4150);
#1433=VERTEX_POINT('',#4152);
#1434=VERTEX_POINT('',#4154);
#1435=VERTEX_POINT('',#4158);
#1436=VERTEX_POINT('',#4159);
#1437=VERTEX_POINT('',#4161);
#1438=VERTEX_POINT('',#4163);
#1439=VERTEX_POINT('',#4167);
#1440=VERTEX_POINT('',#4168);
#1441=VERTEX_POINT('',#4170);
#1442=VERTEX_POINT('',#4172);
#1443=VERTEX_POINT('',#4176);
#1444=VERTEX_POINT('',#4178);
#1445=VERTEX_POINT('',#4182);
#1446=VERTEX_POINT('',#4184);
#1447=VERTEX_POINT('',#4188);
#1448=VERTEX_POINT('',#4190);
#1449=VERTEX_POINT('',#4194);
#1450=VERTEX_POINT('',#4196);
#1451=VERTEX_POINT('',#4200);
#1452=VERTEX_POINT('',#4202);
#1453=VERTEX_POINT('',#4206);
#1454=VERTEX_POINT('',#4208);
#1455=VERTEX_POINT('',#4212);
#1456=VERTEX_POINT('',#4213);
#1457=VERTEX_POINT('',#4215);
#1458=VERTEX_POINT('',#4217);
#1459=VERTEX_POINT('',#4221);
#1460=VERTEX_POINT('',#4222);
#1461=VERTEX_POINT('',#4224);
#1462=VERTEX_POINT('',#4226);
#1463=VERTEX_POINT('',#4247);
#1464=VERTEX_POINT('',#4249);
#1465=VERTEX_POINT('',#4255);
#1466=VERTEX_POINT('',#4256);
#1467=VERTEX_POINT('',#4258);
#1468=VERTEX_POINT('',#4260);
#1469=VERTEX_POINT('',#4264);
#1470=VERTEX_POINT('',#4266);
#1471=VERTEX_POINT('',#4270);
#1472=VERTEX_POINT('',#4272);
#1473=VERTEX_POINT('',#4281);
#1474=VERTEX_POINT('',#4283);
#1475=VERTEX_POINT('',#4289);
#1476=VERTEX_POINT('',#4290);
#1477=VERTEX_POINT('',#4292);
#1478=VERTEX_POINT('',#4294);
#1479=VERTEX_POINT('',#4298);
#1480=VERTEX_POINT('',#4300);
#1481=VERTEX_POINT('',#4304);
#1482=VERTEX_POINT('',#4306);
#1483=VERTEX_POINT('',#4315);
#1484=VERTEX_POINT('',#4316);
#1485=VERTEX_POINT('',#4318);
#1486=VERTEX_POINT('',#4320);
#1487=VERTEX_POINT('',#4324);
#1488=VERTEX_POINT('',#4326);
#1489=VERTEX_POINT('',#4330);
#1490=VERTEX_POINT('',#4332);
#1491=VERTEX_POINT('',#4341);
#1492=VERTEX_POINT('',#4342);
#1493=VERTEX_POINT('',#4344);
#1494=VERTEX_POINT('',#4346);
#1495=VERTEX_POINT('',#4350);
#1496=VERTEX_POINT('',#4352);
#1497=VERTEX_POINT('',#4356);
#1498=VERTEX_POINT('',#4358);
#1499=VERTEX_POINT('',#4367);
#1500=VERTEX_POINT('',#4368);
#1501=VERTEX_POINT('',#4370);
#1502=VERTEX_POINT('',#4372);
#1503=VERTEX_POINT('',#4376);
#1504=VERTEX_POINT('',#4378);
#1505=VERTEX_POINT('',#4382);
#1506=VERTEX_POINT('',#4384);
#1507=VERTEX_POINT('',#4393);
#1508=VERTEX_POINT('',#4394);
#1509=VERTEX_POINT('',#4396);
#1510=VERTEX_POINT('',#4398);
#1511=VERTEX_POINT('',#4402);
#1512=VERTEX_POINT('',#4404);
#1513=VERTEX_POINT('',#4408);
#1514=VERTEX_POINT('',#4410);
#1515=VERTEX_POINT('',#4419);
#1516=VERTEX_POINT('',#4420);
#1517=VERTEX_POINT('',#4422);
#1518=VERTEX_POINT('',#4424);
#1519=VERTEX_POINT('',#4428);
#1520=VERTEX_POINT('',#4430);
#1521=VERTEX_POINT('',#4434);
#1522=VERTEX_POINT('',#4436);
#1523=VERTEX_POINT('',#4445);
#1524=VERTEX_POINT('',#4446);
#1525=VERTEX_POINT('',#4448);
#1526=VERTEX_POINT('',#4450);
#1527=VERTEX_POINT('',#4454);
#1528=VERTEX_POINT('',#4456);
#1529=VERTEX_POINT('',#4460);
#1530=VERTEX_POINT('',#4462);
#1531=VERTEX_POINT('',#4471);
#1532=VERTEX_POINT('',#4472);
#1533=VERTEX_POINT('',#4474);
#1534=VERTEX_POINT('',#4476);
#1535=VERTEX_POINT('',#4480);
#1536=VERTEX_POINT('',#4482);
#1537=VERTEX_POINT('',#4486);
#1538=VERTEX_POINT('',#4488);
#1539=VERTEX_POINT('',#4497);
#1540=VERTEX_POINT('',#4498);
#1541=VERTEX_POINT('',#4500);
#1542=VERTEX_POINT('',#4502);
#1543=VERTEX_POINT('',#4506);
#1544=VERTEX_POINT('',#4508);
#1545=VERTEX_POINT('',#4512);
#1546=VERTEX_POINT('',#4514);
#1547=VERTEX_POINT('',#4523);
#1548=VERTEX_POINT('',#4524);
#1549=VERTEX_POINT('',#4526);
#1550=VERTEX_POINT('',#4528);
#1551=VERTEX_POINT('',#4532);
#1552=VERTEX_POINT('',#4534);
#1553=VERTEX_POINT('',#4538);
#1554=VERTEX_POINT('',#4540);
#1555=VERTEX_POINT('',#4549);
#1556=VERTEX_POINT('',#4550);
#1557=VERTEX_POINT('',#4552);
#1558=VERTEX_POINT('',#4554);
#1559=VERTEX_POINT('',#4558);
#1560=VERTEX_POINT('',#4560);
#1561=VERTEX_POINT('',#4564);
#1562=VERTEX_POINT('',#4566);
#1563=VERTEX_POINT('',#4575);
#1564=VERTEX_POINT('',#4576);
#1565=VERTEX_POINT('',#4578);
#1566=VERTEX_POINT('',#4580);
#1567=VERTEX_POINT('',#4584);
#1568=VERTEX_POINT('',#4586);
#1569=VERTEX_POINT('',#4590);
#1570=VERTEX_POINT('',#4592);
#1571=VERTEX_POINT('',#4601);
#1572=VERTEX_POINT('',#4602);
#1573=VERTEX_POINT('',#4604);
#1574=VERTEX_POINT('',#4606);
#1575=VERTEX_POINT('',#4610);
#1576=VERTEX_POINT('',#4612);
#1577=VERTEX_POINT('',#4616);
#1578=VERTEX_POINT('',#4618);
#1579=VERTEX_POINT('',#4627);
#1580=VERTEX_POINT('',#4628);
#1581=VERTEX_POINT('',#4630);
#1582=VERTEX_POINT('',#4632);
#1583=VERTEX_POINT('',#4636);
#1584=VERTEX_POINT('',#4638);
#1585=VERTEX_POINT('',#4642);
#1586=VERTEX_POINT('',#4644);
#1587=VERTEX_POINT('',#4653);
#1588=VERTEX_POINT('',#4654);
#1589=VERTEX_POINT('',#4656);
#1590=VERTEX_POINT('',#4658);
#1591=VERTEX_POINT('',#4662);
#1592=VERTEX_POINT('',#4664);
#1593=VERTEX_POINT('',#4668);
#1594=VERTEX_POINT('',#4670);
#1595=VERTEX_POINT('',#4679);
#1596=VERTEX_POINT('',#4680);
#1597=VERTEX_POINT('',#4682);
#1598=VERTEX_POINT('',#4684);
#1599=VERTEX_POINT('',#4688);
#1600=VERTEX_POINT('',#4690);
#1601=VERTEX_POINT('',#4694);
#1602=VERTEX_POINT('',#4696);
#1603=VERTEX_POINT('',#4705);
#1604=VERTEX_POINT('',#4706);
#1605=VERTEX_POINT('',#4708);
#1606=VERTEX_POINT('',#4710);
#1607=VERTEX_POINT('',#4714);
#1608=VERTEX_POINT('',#4716);
#1609=VERTEX_POINT('',#4720);
#1610=VERTEX_POINT('',#4722);
#1611=VERTEX_POINT('',#4731);
#1612=VERTEX_POINT('',#4734);
#1613=VERTEX_POINT('',#4739);
#1614=VERTEX_POINT('',#4740);
#1615=VERTEX_POINT('',#4742);
#1616=VERTEX_POINT('',#4744);
#1617=VERTEX_POINT('',#4748);
#1618=VERTEX_POINT('',#4750);
#1619=VERTEX_POINT('',#4754);
#1620=VERTEX_POINT('',#4756);
#1621=VERTEX_POINT('',#4765);
#1622=VERTEX_POINT('',#4766);
#1623=VERTEX_POINT('',#4768);
#1624=VERTEX_POINT('',#4770);
#1625=VERTEX_POINT('',#4774);
#1626=VERTEX_POINT('',#4776);
#1627=VERTEX_POINT('',#4780);
#1628=VERTEX_POINT('',#4782);
#1629=VERTEX_POINT('',#4791);
#1630=VERTEX_POINT('',#4792);
#1631=VERTEX_POINT('',#4794);
#1632=VERTEX_POINT('',#4796);
#1633=VERTEX_POINT('',#4800);
#1634=VERTEX_POINT('',#4802);
#1635=VERTEX_POINT('',#4806);
#1636=VERTEX_POINT('',#4808);
#1637=VERTEX_POINT('',#4817);
#1638=VERTEX_POINT('',#4818);
#1639=VERTEX_POINT('',#4820);
#1640=VERTEX_POINT('',#4822);
#1641=VERTEX_POINT('',#4826);
#1642=VERTEX_POINT('',#4828);
#1643=VERTEX_POINT('',#4832);
#1644=VERTEX_POINT('',#4834);
#1645=VERTEX_POINT('',#4843);
#1646=VERTEX_POINT('',#4844);
#1647=VERTEX_POINT('',#4846);
#1648=VERTEX_POINT('',#4848);
#1649=VERTEX_POINT('',#4852);
#1650=VERTEX_POINT('',#4854);
#1651=VERTEX_POINT('',#4858);
#1652=VERTEX_POINT('',#4860);
#1653=VERTEX_POINT('',#4869);
#1654=VERTEX_POINT('',#4870);
#1655=VERTEX_POINT('',#4872);
#1656=VERTEX_POINT('',#4874);
#1657=VERTEX_POINT('',#4878);
#1658=VERTEX_POINT('',#4880);
#1659=VERTEX_POINT('',#4884);
#1660=VERTEX_POINT('',#4886);
#1661=VERTEX_POINT('',#4895);
#1662=VERTEX_POINT('',#4896);
#1663=VERTEX_POINT('',#4898);
#1664=VERTEX_POINT('',#4900);
#1665=VERTEX_POINT('',#4904);
#1666=VERTEX_POINT('',#4906);
#1667=VERTEX_POINT('',#4910);
#1668=VERTEX_POINT('',#4912);
#1669=VERTEX_POINT('',#4921);
#1670=VERTEX_POINT('',#4922);
#1671=VERTEX_POINT('',#4924);
#1672=VERTEX_POINT('',#4926);
#1673=VERTEX_POINT('',#4930);
#1674=VERTEX_POINT('',#4932);
#1675=VERTEX_POINT('',#4936);
#1676=VERTEX_POINT('',#4938);
#1677=VERTEX_POINT('',#4947);
#1678=VERTEX_POINT('',#4948);
#1679=VERTEX_POINT('',#4950);
#1680=VERTEX_POINT('',#4952);
#1681=VERTEX_POINT('',#4956);
#1682=VERTEX_POINT('',#4958);
#1683=VERTEX_POINT('',#4962);
#1684=VERTEX_POINT('',#4964);
#1685=VERTEX_POINT('',#4973);
#1686=VERTEX_POINT('',#4974);
#1687=VERTEX_POINT('',#4976);
#1688=VERTEX_POINT('',#4978);
#1689=VERTEX_POINT('',#4982);
#1690=VERTEX_POINT('',#4984);
#1691=VERTEX_POINT('',#4988);
#1692=VERTEX_POINT('',#4990);
#1693=EDGE_CURVE('',#1431,#1432,#689,.T.);
#1694=EDGE_CURVE('',#1433,#1431,#667,.T.);
#1695=EDGE_CURVE('',#1434,#1433,#690,.T.);
#1696=EDGE_CURVE('',#1432,#1434,#668,.T.);
#1697=EDGE_CURVE('',#1435,#1436,#691,.T.);
#1698=EDGE_CURVE('',#1437,#1435,#669,.T.);
#1699=EDGE_CURVE('',#1438,#1437,#692,.T.);
#1700=EDGE_CURVE('',#1436,#1438,#670,.T.);
#1701=EDGE_CURVE('',#1439,#1440,#693,.T.);
#1702=EDGE_CURVE('',#1441,#1439,#694,.T.);
#1703=EDGE_CURVE('',#1442,#1441,#695,.T.);
#1704=EDGE_CURVE('',#1440,#1442,#696,.T.);
#1705=EDGE_CURVE('',#1443,#1439,#697,.T.);
#1706=EDGE_CURVE('',#1443,#1444,#698,.T.);
#1707=EDGE_CURVE('',#1441,#1444,#699,.T.);
#1708=EDGE_CURVE('',#1445,#1443,#700,.T.);
#1709=EDGE_CURVE('',#1446,#1445,#701,.T.);
#1710=EDGE_CURVE('',#1444,#1446,#702,.T.);
#1711=EDGE_CURVE('',#1447,#1447,#671,.T.);
#1712=EDGE_CURVE('',#1447,#1448,#703,.T.);
#1713=EDGE_CURVE('',#1448,#1448,#672,.T.);
#1714=EDGE_CURVE('',#1449,#1449,#673,.T.);
#1715=EDGE_CURVE('',#1449,#1450,#704,.T.);
#1716=EDGE_CURVE('',#1450,#1450,#674,.T.);
#1717=EDGE_CURVE('',#1451,#1451,#675,.T.);
#1718=EDGE_CURVE('',#1451,#1452,#705,.T.);
#1719=EDGE_CURVE('',#1452,#1452,#676,.T.);
#1720=EDGE_CURVE('',#1453,#1453,#677,.T.);
#1721=EDGE_CURVE('',#1453,#1454,#706,.T.);
#1722=EDGE_CURVE('',#1454,#1454,#678,.T.);
#1723=EDGE_CURVE('',#1455,#1456,#679,.T.);
#1724=EDGE_CURVE('',#1457,#1455,#707,.T.);
#1725=EDGE_CURVE('',#1458,#1457,#680,.T.);
#1726=EDGE_CURVE('',#1456,#1458,#708,.T.);
#1727=EDGE_CURVE('',#1459,#1460,#681,.T.);
#1728=EDGE_CURVE('',#1461,#1459,#709,.T.);
#1729=EDGE_CURVE('',#1462,#1461,#682,.T.);
#1730=EDGE_CURVE('',#1460,#1462,#710,.T.);
#1731=EDGE_CURVE('',#1442,#1457,#711,.T.);
#1732=EDGE_CURVE('',#1440,#1455,#712,.T.);
#1733=EDGE_CURVE('',#1437,#1446,#713,.T.);
#1734=EDGE_CURVE('',#1438,#1445,#714,.T.);
#1735=EDGE_CURVE('',#1460,#1433,#715,.T.);
#1736=EDGE_CURVE('',#1462,#1434,#716,.T.);
#1737=EDGE_CURVE('',#1431,#1436,#717,.T.);
#1738=EDGE_CURVE('',#1456,#1459,#718,.T.);
#1739=EDGE_CURVE('',#1458,#1461,#719,.T.);
#1740=EDGE_CURVE('',#1432,#1435,#720,.T.);
#1741=EDGE_CURVE('',#1463,#1463,#683,.T.);
#1742=EDGE_CURVE('',#1463,#1464,#721,.T.);
#1743=EDGE_CURVE('',#1464,#1464,#684,.T.);
#1744=EDGE_CURVE('',#1465,#1466,#722,.T.);
#1745=EDGE_CURVE('',#1466,#1467,#723,.T.);
#1746=EDGE_CURVE('',#1468,#1467,#724,.T.);
#1747=EDGE_CURVE('',#1465,#1468,#725,.T.);
#1748=EDGE_CURVE('',#1469,#1465,#726,.T.);
#1749=EDGE_CURVE('',#1470,#1468,#727,.T.);
#1750=EDGE_CURVE('',#1469,#1470,#728,.T.);
#1751=EDGE_CURVE('',#1471,#1469,#729,.T.);
#1752=EDGE_CURVE('',#1472,#1470,#730,.T.);
#1753=EDGE_CURVE('',#1471,#1472,#731,.T.);
#1754=EDGE_CURVE('',#1466,#1471,#732,.T.);
#1755=EDGE_CURVE('',#1467,#1472,#733,.T.);
#1756=EDGE_CURVE('',#1473,#1473,#685,.T.);
#1757=EDGE_CURVE('',#1473,#1474,#734,.T.);
#1758=EDGE_CURVE('',#1474,#1474,#686,.T.);
#1759=EDGE_CURVE('',#1475,#1476,#735,.T.);
#1760=EDGE_CURVE('',#1476,#1477,#736,.T.);
#1761=EDGE_CURVE('',#1478,#1477,#737,.T.);
#1762=EDGE_CURVE('',#1475,#1478,#738,.T.);
#1763=EDGE_CURVE('',#1479,#1475,#739,.T.);
#1764=EDGE_CURVE('',#1480,#1478,#740,.T.);
#1765=EDGE_CURVE('',#1479,#1480,#741,.T.);
#1766=EDGE_CURVE('',#1481,#1479,#742,.T.);
#1767=EDGE_CURVE('',#1482,#1480,#743,.T.);
#1768=EDGE_CURVE('',#1481,#1482,#744,.T.);
#1769=EDGE_CURVE('',#1476,#1481,#745,.T.);
#1770=EDGE_CURVE('',#1477,#1482,#746,.T.);
#1771=EDGE_CURVE('',#1483,#1484,#747,.T.);
#1772=EDGE_CURVE('',#1484,#1485,#748,.T.);
#1773=EDGE_CURVE('',#1486,#1485,#749,.T.);
#1774=EDGE_CURVE('',#1483,#1486,#750,.T.);
#1775=EDGE_CURVE('',#1487,#1483,#751,.T.);
#1776=EDGE_CURVE('',#1488,#1486,#752,.T.);
#1777=EDGE_CURVE('',#1487,#1488,#753,.T.);
#1778=EDGE_CURVE('',#1489,#1487,#754,.T.);
#1779=EDGE_CURVE('',#1490,#1488,#755,.T.);
#1780=EDGE_CURVE('',#1489,#1490,#756,.T.);
#1781=EDGE_CURVE('',#1484,#1489,#757,.T.);
#1782=EDGE_CURVE('',#1485,#1490,#758,.T.);
#1783=EDGE_CURVE('',#1491,#1492,#759,.T.);
#1784=EDGE_CURVE('',#1492,#1493,#760,.T.);
#1785=EDGE_CURVE('',#1494,#1493,#761,.T.);
#1786=EDGE_CURVE('',#1491,#1494,#762,.T.);
#1787=EDGE_CURVE('',#1495,#1491,#763,.T.);
#1788=EDGE_CURVE('',#1496,#1494,#764,.T.);
#1789=EDGE_CURVE('',#1495,#1496,#765,.T.);
#1790=EDGE_CURVE('',#1497,#1495,#766,.T.);
#1791=EDGE_CURVE('',#1498,#1496,#767,.T.);
#1792=EDGE_CURVE('',#1497,#1498,#768,.T.);
#1793=EDGE_CURVE('',#1492,#1497,#769,.T.);
#1794=EDGE_CURVE('',#1493,#1498,#770,.T.);
#1795=EDGE_CURVE('',#1499,#1500,#771,.T.);
#1796=EDGE_CURVE('',#1500,#1501,#772,.T.);
#1797=EDGE_CURVE('',#1502,#1501,#773,.T.);
#1798=EDGE_CURVE('',#1499,#1502,#774,.T.);
#1799=EDGE_CURVE('',#1503,#1499,#775,.T.);
#1800=EDGE_CURVE('',#1504,#1502,#776,.T.);
#1801=EDGE_CURVE('',#1503,#1504,#777,.T.);
#1802=EDGE_CURVE('',#1505,#1503,#778,.T.);
#1803=EDGE_CURVE('',#1506,#1504,#779,.T.);
#1804=EDGE_CURVE('',#1505,#1506,#780,.T.);
#1805=EDGE_CURVE('',#1500,#1505,#781,.T.);
#1806=EDGE_CURVE('',#1501,#1506,#782,.T.);
#1807=EDGE_CURVE('',#1507,#1508,#783,.T.);
#1808=EDGE_CURVE('',#1508,#1509,#784,.T.);
#1809=EDGE_CURVE('',#1510,#1509,#785,.T.);
#1810=EDGE_CURVE('',#1507,#1510,#786,.T.);
#1811=EDGE_CURVE('',#1511,#1507,#787,.T.);
#1812=EDGE_CURVE('',#1512,#1510,#788,.T.);
#1813=EDGE_CURVE('',#1511,#1512,#789,.T.);
#1814=EDGE_CURVE('',#1513,#1511,#790,.T.);
#1815=EDGE_CURVE('',#1514,#1512,#791,.T.);
#1816=EDGE_CURVE('',#1513,#1514,#792,.T.);
#1817=EDGE_CURVE('',#1508,#1513,#793,.T.);
#1818=EDGE_CURVE('',#1509,#1514,#794,.T.);
#1819=EDGE_CURVE('',#1515,#1516,#795,.T.);
#1820=EDGE_CURVE('',#1516,#1517,#796,.T.);
#1821=EDGE_CURVE('',#1518,#1517,#797,.T.);
#1822=EDGE_CURVE('',#1515,#1518,#798,.T.);
#1823=EDGE_CURVE('',#1519,#1515,#799,.T.);
#1824=EDGE_CURVE('',#1520,#1518,#800,.T.);
#1825=EDGE_CURVE('',#1519,#1520,#801,.T.);
#1826=EDGE_CURVE('',#1521,#1519,#802,.T.);
#1827=EDGE_CURVE('',#1522,#1520,#803,.T.);
#1828=EDGE_CURVE('',#1521,#1522,#804,.T.);
#1829=EDGE_CURVE('',#1516,#1521,#805,.T.);
#1830=EDGE_CURVE('',#1517,#1522,#806,.T.);
#1831=EDGE_CURVE('',#1523,#1524,#807,.T.);
#1832=EDGE_CURVE('',#1523,#1525,#808,.T.);
#1833=EDGE_CURVE('',#1526,#1525,#809,.T.);
#1834=EDGE_CURVE('',#1524,#1526,#810,.T.);
#1835=EDGE_CURVE('',#1524,#1527,#811,.T.);
#1836=EDGE_CURVE('',#1528,#1526,#812,.T.);
#1837=EDGE_CURVE('',#1527,#1528,#813,.T.);
#1838=EDGE_CURVE('',#1527,#1529,#814,.T.);
#1839=EDGE_CURVE('',#1530,#1528,#815,.T.);
#1840=EDGE_CURVE('',#1529,#1530,#816,.T.);
#1841=EDGE_CURVE('',#1529,#1523,#817,.T.);
#1842=EDGE_CURVE('',#1525,#1530,#818,.T.);
#1843=EDGE_CURVE('',#1531,#1532,#819,.T.);
#1844=EDGE_CURVE('',#1531,#1533,#820,.T.);
#1845=EDGE_CURVE('',#1534,#1533,#821,.T.);
#1846=EDGE_CURVE('',#1532,#1534,#822,.T.);
#1847=EDGE_CURVE('',#1532,#1535,#823,.T.);
#1848=EDGE_CURVE('',#1536,#1534,#824,.T.);
#1849=EDGE_CURVE('',#1535,#1536,#825,.T.);
#1850=EDGE_CURVE('',#1535,#1537,#826,.T.);
#1851=EDGE_CURVE('',#1538,#1536,#827,.T.);
#1852=EDGE_CURVE('',#1537,#1538,#828,.T.);
#1853=EDGE_CURVE('',#1537,#1531,#829,.T.);
#1854=EDGE_CURVE('',#1533,#1538,#830,.T.);
#1855=EDGE_CURVE('',#1539,#1540,#831,.T.);
#1856=EDGE_CURVE('',#1539,#1541,#832,.T.);
#1857=EDGE_CURVE('',#1542,#1541,#833,.T.);
#1858=EDGE_CURVE('',#1540,#1542,#834,.T.);
#1859=EDGE_CURVE('',#1540,#1543,#835,.T.);
#1860=EDGE_CURVE('',#1544,#1542,#836,.T.);
#1861=EDGE_CURVE('',#1543,#1544,#837,.T.);
#1862=EDGE_CURVE('',#1543,#1545,#838,.T.);
#1863=EDGE_CURVE('',#1546,#1544,#839,.T.);
#1864=EDGE_CURVE('',#1545,#1546,#840,.T.);
#1865=EDGE_CURVE('',#1545,#1539,#841,.T.);
#1866=EDGE_CURVE('',#1541,#1546,#842,.T.);
#1867=EDGE_CURVE('',#1547,#1548,#843,.T.);
#1868=EDGE_CURVE('',#1547,#1549,#844,.T.);
#1869=EDGE_CURVE('',#1550,#1549,#845,.T.);
#1870=EDGE_CURVE('',#1548,#1550,#846,.T.);
#1871=EDGE_CURVE('',#1548,#1551,#847,.T.);
#1872=EDGE_CURVE('',#1552,#1550,#848,.T.);
#1873=EDGE_CURVE('',#1551,#1552,#849,.T.);
#1874=EDGE_CURVE('',#1551,#1553,#850,.T.);
#1875=EDGE_CURVE('',#1554,#1552,#851,.T.);
#1876=EDGE_CURVE('',#1553,#1554,#852,.T.);
#1877=EDGE_CURVE('',#1553,#1547,#853,.T.);
#1878=EDGE_CURVE('',#1549,#1554,#854,.T.);
#1879=EDGE_CURVE('',#1555,#1556,#855,.T.);
#1880=EDGE_CURVE('',#1555,#1557,#856,.T.);
#1881=EDGE_CURVE('',#1558,#1557,#857,.T.);
#1882=EDGE_CURVE('',#1556,#1558,#858,.T.);
#1883=EDGE_CURVE('',#1556,#1559,#859,.T.);
#1884=EDGE_CURVE('',#1560,#1558,#860,.T.);
#1885=EDGE_CURVE('',#1559,#1560,#861,.T.);
#1886=EDGE_CURVE('',#1559,#1561,#862,.T.);
#1887=EDGE_CURVE('',#1562,#1560,#863,.T.);
#1888=EDGE_CURVE('',#1561,#1562,#864,.T.);
#1889=EDGE_CURVE('',#1561,#1555,#865,.T.);
#1890=EDGE_CURVE('',#1557,#1562,#866,.T.);
#1891=EDGE_CURVE('',#1563,#1564,#867,.T.);
#1892=EDGE_CURVE('',#1563,#1565,#868,.T.);
#1893=EDGE_CURVE('',#1566,#1565,#869,.T.);
#1894=EDGE_CURVE('',#1564,#1566,#870,.T.);
#1895=EDGE_CURVE('',#1564,#1567,#871,.T.);
#1896=EDGE_CURVE('',#1568,#1566,#872,.T.);
#1897=EDGE_CURVE('',#1567,#1568,#873,.T.);
#1898=EDGE_CURVE('',#1567,#1569,#874,.T.);
#1899=EDGE_CURVE('',#1570,#1568,#875,.T.);
#1900=EDGE_CURVE('',#1569,#1570,#876,.T.);
#1901=EDGE_CURVE('',#1569,#1563,#877,.T.);
#1902=EDGE_CURVE('',#1565,#1570,#878,.T.);
#1903=EDGE_CURVE('',#1571,#1572,#879,.T.);
#1904=EDGE_CURVE('',#1571,#1573,#880,.T.);
#1905=EDGE_CURVE('',#1574,#1573,#881,.T.);
#1906=EDGE_CURVE('',#1572,#1574,#882,.T.);
#1907=EDGE_CURVE('',#1572,#1575,#883,.T.);
#1908=EDGE_CURVE('',#1576,#1574,#884,.T.);
#1909=EDGE_CURVE('',#1575,#1576,#885,.T.);
#1910=EDGE_CURVE('',#1575,#1577,#886,.T.);
#1911=EDGE_CURVE('',#1578,#1576,#887,.T.);
#1912=EDGE_CURVE('',#1577,#1578,#888,.T.);
#1913=EDGE_CURVE('',#1577,#1571,#889,.T.);
#1914=EDGE_CURVE('',#1573,#1578,#890,.T.);
#1915=EDGE_CURVE('',#1579,#1580,#891,.T.);
#1916=EDGE_CURVE('',#1579,#1581,#892,.T.);
#1917=EDGE_CURVE('',#1582,#1581,#893,.T.);
#1918=EDGE_CURVE('',#1580,#1582,#894,.T.);
#1919=EDGE_CURVE('',#1580,#1583,#895,.T.);
#1920=EDGE_CURVE('',#1584,#1582,#896,.T.);
#1921=EDGE_CURVE('',#1583,#1584,#897,.T.);
#1922=EDGE_CURVE('',#1583,#1585,#898,.T.);
#1923=EDGE_CURVE('',#1586,#1584,#899,.T.);
#1924=EDGE_CURVE('',#1585,#1586,#900,.T.);
#1925=EDGE_CURVE('',#1585,#1579,#901,.T.);
#1926=EDGE_CURVE('',#1581,#1586,#902,.T.);
#1927=EDGE_CURVE('',#1587,#1588,#903,.T.);
#1928=EDGE_CURVE('',#1587,#1589,#904,.T.);
#1929=EDGE_CURVE('',#1590,#1589,#905,.T.);
#1930=EDGE_CURVE('',#1588,#1590,#906,.T.);
#1931=EDGE_CURVE('',#1588,#1591,#907,.T.);
#1932=EDGE_CURVE('',#1592,#1590,#908,.T.);
#1933=EDGE_CURVE('',#1591,#1592,#909,.T.);
#1934=EDGE_CURVE('',#1591,#1593,#910,.T.);
#1935=EDGE_CURVE('',#1594,#1592,#911,.T.);
#1936=EDGE_CURVE('',#1593,#1594,#912,.T.);
#1937=EDGE_CURVE('',#1593,#1587,#913,.T.);
#1938=EDGE_CURVE('',#1589,#1594,#914,.T.);
#1939=EDGE_CURVE('',#1595,#1596,#915,.T.);
#1940=EDGE_CURVE('',#1595,#1597,#916,.T.);
#1941=EDGE_CURVE('',#1598,#1597,#917,.T.);
#1942=EDGE_CURVE('',#1596,#1598,#918,.T.);
#1943=EDGE_CURVE('',#1596,#1599,#919,.T.);
#1944=EDGE_CURVE('',#1600,#1598,#920,.T.);
#1945=EDGE_CURVE('',#1599,#1600,#921,.T.);
#1946=EDGE_CURVE('',#1599,#1601,#922,.T.);
#1947=EDGE_CURVE('',#1602,#1600,#923,.T.);
#1948=EDGE_CURVE('',#1601,#1602,#924,.T.);
#1949=EDGE_CURVE('',#1601,#1595,#925,.T.);
#1950=EDGE_CURVE('',#1597,#1602,#926,.T.);
#1951=EDGE_CURVE('',#1603,#1604,#927,.T.);
#1952=EDGE_CURVE('',#1603,#1605,#928,.T.);
#1953=EDGE_CURVE('',#1606,#1605,#929,.T.);
#1954=EDGE_CURVE('',#1604,#1606,#930,.T.);
#1955=EDGE_CURVE('',#1604,#1607,#931,.T.);
#1956=EDGE_CURVE('',#1608,#1606,#932,.T.);
#1957=EDGE_CURVE('',#1607,#1608,#933,.T.);
#1958=EDGE_CURVE('',#1607,#1609,#934,.T.);
#1959=EDGE_CURVE('',#1610,#1608,#935,.T.);
#1960=EDGE_CURVE('',#1609,#1610,#936,.T.);
#1961=EDGE_CURVE('',#1609,#1603,#937,.T.);
#1962=EDGE_CURVE('',#1605,#1610,#938,.T.);
#1963=EDGE_CURVE('',#1611,#1611,#687,.T.);
#1964=EDGE_CURVE('',#1612,#1612,#688,.T.);
#1965=EDGE_CURVE('',#1612,#1611,#939,.T.);
#1966=EDGE_CURVE('',#1613,#1614,#940,.T.);
#1967=EDGE_CURVE('',#1613,#1615,#941,.T.);
#1968=EDGE_CURVE('',#1616,#1615,#942,.T.);
#1969=EDGE_CURVE('',#1614,#1616,#943,.T.);
#1970=EDGE_CURVE('',#1614,#1617,#944,.T.);
#1971=EDGE_CURVE('',#1618,#1616,#945,.T.);
#1972=EDGE_CURVE('',#1617,#1618,#946,.T.);
#1973=EDGE_CURVE('',#1617,#1619,#947,.T.);
#1974=EDGE_CURVE('',#1620,#1618,#948,.T.);
#1975=EDGE_CURVE('',#1619,#1620,#949,.T.);
#1976=EDGE_CURVE('',#1619,#1613,#950,.T.);
#1977=EDGE_CURVE('',#1615,#1620,#951,.T.);
#1978=EDGE_CURVE('',#1621,#1622,#952,.T.);
#1979=EDGE_CURVE('',#1621,#1623,#953,.T.);
#1980=EDGE_CURVE('',#1624,#1623,#954,.T.);
#1981=EDGE_CURVE('',#1622,#1624,#955,.T.);
#1982=EDGE_CURVE('',#1622,#1625,#956,.T.);
#1983=EDGE_CURVE('',#1626,#1624,#957,.T.);
#1984=EDGE_CURVE('',#1625,#1626,#958,.T.);
#1985=EDGE_CURVE('',#1625,#1627,#959,.T.);
#1986=EDGE_CURVE('',#1628,#1626,#960,.T.);
#1987=EDGE_CURVE('',#1627,#1628,#961,.T.);
#1988=EDGE_CURVE('',#1627,#1621,#962,.T.);
#1989=EDGE_CURVE('',#1623,#1628,#963,.T.);
#1990=EDGE_CURVE('',#1629,#1630,#964,.T.);
#1991=EDGE_CURVE('',#1629,#1631,#965,.T.);
#1992=EDGE_CURVE('',#1632,#1631,#966,.T.);
#1993=EDGE_CURVE('',#1630,#1632,#967,.T.);
#1994=EDGE_CURVE('',#1630,#1633,#968,.T.);
#1995=EDGE_CURVE('',#1634,#1632,#969,.T.);
#1996=EDGE_CURVE('',#1633,#1634,#970,.T.);
#1997=EDGE_CURVE('',#1633,#1635,#971,.T.);
#1998=EDGE_CURVE('',#1636,#1634,#972,.T.);
#1999=EDGE_CURVE('',#1635,#1636,#973,.T.);
#2000=EDGE_CURVE('',#1635,#1629,#974,.T.);
#2001=EDGE_CURVE('',#1631,#1636,#975,.T.);
#2002=EDGE_CURVE('',#1637,#1638,#976,.T.);
#2003=EDGE_CURVE('',#1637,#1639,#977,.T.);
#2004=EDGE_CURVE('',#1640,#1639,#978,.T.);
#2005=EDGE_CURVE('',#1638,#1640,#979,.T.);
#2006=EDGE_CURVE('',#1638,#1641,#980,.T.);
#2007=EDGE_CURVE('',#1642,#1640,#981,.T.);
#2008=EDGE_CURVE('',#1641,#1642,#982,.T.);
#2009=EDGE_CURVE('',#1641,#1643,#983,.T.);
#2010=EDGE_CURVE('',#1644,#1642,#984,.T.);
#2011=EDGE_CURVE('',#1643,#1644,#985,.T.);
#2012=EDGE_CURVE('',#1643,#1637,#986,.T.);
#2013=EDGE_CURVE('',#1639,#1644,#987,.T.);
#2014=EDGE_CURVE('',#1645,#1646,#988,.T.);
#2015=EDGE_CURVE('',#1645,#1647,#989,.T.);
#2016=EDGE_CURVE('',#1648,#1647,#990,.T.);
#2017=EDGE_CURVE('',#1646,#1648,#991,.T.);
#2018=EDGE_CURVE('',#1646,#1649,#992,.T.);
#2019=EDGE_CURVE('',#1650,#1648,#993,.T.);
#2020=EDGE_CURVE('',#1649,#1650,#994,.T.);
#2021=EDGE_CURVE('',#1649,#1651,#995,.T.);
#2022=EDGE_CURVE('',#1652,#1650,#996,.T.);
#2023=EDGE_CURVE('',#1651,#1652,#997,.T.);
#2024=EDGE_CURVE('',#1651,#1645,#998,.T.);
#2025=EDGE_CURVE('',#1647,#1652,#999,.T.);
#2026=EDGE_CURVE('',#1653,#1654,#1000,.T.);
#2027=EDGE_CURVE('',#1653,#1655,#1001,.T.);
#2028=EDGE_CURVE('',#1656,#1655,#1002,.T.);
#2029=EDGE_CURVE('',#1654,#1656,#1003,.T.);
#2030=EDGE_CURVE('',#1654,#1657,#1004,.T.);
#2031=EDGE_CURVE('',#1658,#1656,#1005,.T.);
#2032=EDGE_CURVE('',#1657,#1658,#1006,.T.);
#2033=EDGE_CURVE('',#1657,#1659,#1007,.T.);
#2034=EDGE_CURVE('',#1660,#1658,#1008,.T.);
#2035=EDGE_CURVE('',#1659,#1660,#1009,.T.);
#2036=EDGE_CURVE('',#1659,#1653,#1010,.T.);
#2037=EDGE_CURVE('',#1655,#1660,#1011,.T.);
#2038=EDGE_CURVE('',#1661,#1662,#1012,.T.);
#2039=EDGE_CURVE('',#1661,#1663,#1013,.T.);
#2040=EDGE_CURVE('',#1664,#1663,#1014,.T.);
#2041=EDGE_CURVE('',#1662,#1664,#1015,.T.);
#2042=EDGE_CURVE('',#1662,#1665,#1016,.T.);
#2043=EDGE_CURVE('',#1666,#1664,#1017,.T.);
#2044=EDGE_CURVE('',#1665,#1666,#1018,.T.);
#2045=EDGE_CURVE('',#1665,#1667,#1019,.T.);
#2046=EDGE_CURVE('',#1668,#1666,#1020,.T.);
#2047=EDGE_CURVE('',#1667,#1668,#1021,.T.);
#2048=EDGE_CURVE('',#1667,#1661,#1022,.T.);
#2049=EDGE_CURVE('',#1663,#1668,#1023,.T.);
#2050=EDGE_CURVE('',#1669,#1670,#1024,.T.);
#2051=EDGE_CURVE('',#1669,#1671,#1025,.T.);
#2052=EDGE_CURVE('',#1672,#1671,#1026,.T.);
#2053=EDGE_CURVE('',#1670,#1672,#1027,.T.);
#2054=EDGE_CURVE('',#1670,#1673,#1028,.T.);
#2055=EDGE_CURVE('',#1674,#1672,#1029,.T.);
#2056=EDGE_CURVE('',#1673,#1674,#1030,.T.);
#2057=EDGE_CURVE('',#1673,#1675,#1031,.T.);
#2058=EDGE_CURVE('',#1676,#1674,#1032,.T.);
#2059=EDGE_CURVE('',#1675,#1676,#1033,.T.);
#2060=EDGE_CURVE('',#1675,#1669,#1034,.T.);
#2061=EDGE_CURVE('',#1671,#1676,#1035,.T.);
#2062=EDGE_CURVE('',#1677,#1678,#1036,.T.);
#2063=EDGE_CURVE('',#1677,#1679,#1037,.T.);
#2064=EDGE_CURVE('',#1680,#1679,#1038,.T.);
#2065=EDGE_CURVE('',#1678,#1680,#1039,.T.);
#2066=EDGE_CURVE('',#1678,#1681,#1040,.T.);
#2067=EDGE_CURVE('',#1682,#1680,#1041,.T.);
#2068=EDGE_CURVE('',#1681,#1682,#1042,.T.);
#2069=EDGE_CURVE('',#1681,#1683,#1043,.T.);
#2070=EDGE_CURVE('',#1684,#1682,#1044,.T.);
#2071=EDGE_CURVE('',#1683,#1684,#1045,.T.);
#2072=EDGE_CURVE('',#1683,#1677,#1046,.T.);
#2073=EDGE_CURVE('',#1679,#1684,#1047,.T.);
#2074=EDGE_CURVE('',#1685,#1686,#1048,.T.);
#2075=EDGE_CURVE('',#1685,#1687,#1049,.T.);
#2076=EDGE_CURVE('',#1688,#1687,#1050,.T.);
#2077=EDGE_CURVE('',#1686,#1688,#1051,.T.);
#2078=EDGE_CURVE('',#1686,#1689,#1052,.T.);
#2079=EDGE_CURVE('',#1690,#1688,#1053,.T.);
#2080=EDGE_CURVE('',#1689,#1690,#1054,.T.);
#2081=EDGE_CURVE('',#1689,#1691,#1055,.T.);
#2082=EDGE_CURVE('',#1692,#1690,#1056,.T.);
#2083=EDGE_CURVE('',#1691,#1692,#1057,.T.);
#2084=EDGE_CURVE('',#1691,#1685,#1058,.T.);
#2085=EDGE_CURVE('',#1687,#1692,#1059,.T.);
#2086=ORIENTED_EDGE('',*,*,#1693,.F.);
#2087=ORIENTED_EDGE('',*,*,#1694,.F.);
#2088=ORIENTED_EDGE('',*,*,#1695,.F.);
#2089=ORIENTED_EDGE('',*,*,#1696,.F.);
#2090=ORIENTED_EDGE('',*,*,#1697,.F.);
#2091=ORIENTED_EDGE('',*,*,#1698,.F.);
#2092=ORIENTED_EDGE('',*,*,#1699,.F.);
#2093=ORIENTED_EDGE('',*,*,#1700,.F.);
#2094=ORIENTED_EDGE('',*,*,#1701,.F.);
#2095=ORIENTED_EDGE('',*,*,#1702,.F.);
#2096=ORIENTED_EDGE('',*,*,#1703,.F.);
#2097=ORIENTED_EDGE('',*,*,#1704,.F.);
#2098=ORIENTED_EDGE('',*,*,#1705,.F.);
#2099=ORIENTED_EDGE('',*,*,#1706,.T.);
#2100=ORIENTED_EDGE('',*,*,#1707,.F.);
#2101=ORIENTED_EDGE('',*,*,#1702,.T.);
#2102=ORIENTED_EDGE('',*,*,#1708,.F.);
#2103=ORIENTED_EDGE('',*,*,#1709,.F.);
#2104=ORIENTED_EDGE('',*,*,#1710,.F.);
#2105=ORIENTED_EDGE('',*,*,#1706,.F.);
#2106=ORIENTED_EDGE('',*,*,#1711,.F.);
#2107=ORIENTED_EDGE('',*,*,#1712,.T.);
#2108=ORIENTED_EDGE('',*,*,#1713,.F.);
#2109=ORIENTED_EDGE('',*,*,#1712,.F.);
#2110=ORIENTED_EDGE('',*,*,#1714,.F.);
#2111=ORIENTED_EDGE('',*,*,#1715,.T.);
#2112=ORIENTED_EDGE('',*,*,#1716,.F.);
#2113=ORIENTED_EDGE('',*,*,#1715,.F.);
#2114=ORIENTED_EDGE('',*,*,#1717,.F.);
#2115=ORIENTED_EDGE('',*,*,#1718,.T.);
#2116=ORIENTED_EDGE('',*,*,#1719,.F.);
#2117=ORIENTED_EDGE('',*,*,#1718,.F.);
#2118=ORIENTED_EDGE('',*,*,#1720,.F.);
#2119=ORIENTED_EDGE('',*,*,#1721,.T.);
#2120=ORIENTED_EDGE('',*,*,#1722,.F.);
#2121=ORIENTED_EDGE('',*,*,#1721,.F.);
#2122=ORIENTED_EDGE('',*,*,#1723,.F.);
#2123=ORIENTED_EDGE('',*,*,#1724,.F.);
#2124=ORIENTED_EDGE('',*,*,#1725,.F.);
#2125=ORIENTED_EDGE('',*,*,#1726,.F.);
#2126=ORIENTED_EDGE('',*,*,#1727,.F.);
#2127=ORIENTED_EDGE('',*,*,#1728,.F.);
#2128=ORIENTED_EDGE('',*,*,#1729,.F.);
#2129=ORIENTED_EDGE('',*,*,#1730,.F.);
#2130=ORIENTED_EDGE('',*,*,#1704,.T.);
#2131=ORIENTED_EDGE('',*,*,#1731,.T.);
#2132=ORIENTED_EDGE('',*,*,#1724,.T.);
#2133=ORIENTED_EDGE('',*,*,#1732,.F.);
#2134=ORIENTED_EDGE('',*,*,#1699,.T.);
#2135=ORIENTED_EDGE('',*,*,#1733,.T.);
#2136=ORIENTED_EDGE('',*,*,#1709,.T.);
#2137=ORIENTED_EDGE('',*,*,#1734,.F.);
#2138=ORIENTED_EDGE('',*,*,#1695,.T.);
#2139=ORIENTED_EDGE('',*,*,#1735,.F.);
#2140=ORIENTED_EDGE('',*,*,#1730,.T.);
#2141=ORIENTED_EDGE('',*,*,#1736,.T.);
#2142=ORIENTED_EDGE('',*,*,#1694,.T.);
#2143=ORIENTED_EDGE('',*,*,#1737,.T.);
#2144=ORIENTED_EDGE('',*,*,#1700,.T.);
#2145=ORIENTED_EDGE('',*,*,#1734,.T.);
#2146=ORIENTED_EDGE('',*,*,#1708,.T.);
#2147=ORIENTED_EDGE('',*,*,#1705,.T.);
#2148=ORIENTED_EDGE('',*,*,#1701,.T.);
#2149=ORIENTED_EDGE('',*,*,#1732,.T.);
#2150=ORIENTED_EDGE('',*,*,#1723,.T.);
#2151=ORIENTED_EDGE('',*,*,#1738,.T.);
#2152=ORIENTED_EDGE('',*,*,#1727,.T.);
#2153=ORIENTED_EDGE('',*,*,#1735,.T.);
#2154=ORIENTED_EDGE('',*,*,#1722,.T.);
#2155=ORIENTED_EDGE('',*,*,#1719,.T.);
#2156=ORIENTED_EDGE('',*,*,#1716,.T.);
#2157=ORIENTED_EDGE('',*,*,#1713,.T.);
#2158=ORIENTED_EDGE('',*,*,#1696,.T.);
#2159=ORIENTED_EDGE('',*,*,#1736,.F.);
#2160=ORIENTED_EDGE('',*,*,#1729,.T.);
#2161=ORIENTED_EDGE('',*,*,#1739,.F.);
#2162=ORIENTED_EDGE('',*,*,#1725,.T.);
#2163=ORIENTED_EDGE('',*,*,#1731,.F.);
#2164=ORIENTED_EDGE('',*,*,#1703,.T.);
#2165=ORIENTED_EDGE('',*,*,#1707,.T.);
#2166=ORIENTED_EDGE('',*,*,#1710,.T.);
#2167=ORIENTED_EDGE('',*,*,#1733,.F.);
#2168=ORIENTED_EDGE('',*,*,#1698,.T.);
#2169=ORIENTED_EDGE('',*,*,#1740,.F.);
#2170=ORIENTED_EDGE('',*,*,#1720,.T.);
#2171=ORIENTED_EDGE('',*,*,#1717,.T.);
#2172=ORIENTED_EDGE('',*,*,#1714,.T.);
#2173=ORIENTED_EDGE('',*,*,#1711,.T.);
#2174=ORIENTED_EDGE('',*,*,#1693,.T.);
#2175=ORIENTED_EDGE('',*,*,#1740,.T.);
#2176=ORIENTED_EDGE('',*,*,#1697,.T.);
#2177=ORIENTED_EDGE('',*,*,#1737,.F.);
#2178=ORIENTED_EDGE('',*,*,#1726,.T.);
#2179=ORIENTED_EDGE('',*,*,#1739,.T.);
#2180=ORIENTED_EDGE('',*,*,#1728,.T.);
#2181=ORIENTED_EDGE('',*,*,#1738,.F.);
#2182=ORIENTED_EDGE('',*,*,#1741,.F.);
#2183=ORIENTED_EDGE('',*,*,#1742,.T.);
#2184=ORIENTED_EDGE('',*,*,#1743,.T.);
#2185=ORIENTED_EDGE('',*,*,#1742,.F.);
#2186=ORIENTED_EDGE('',*,*,#1741,.T.);
#2187=ORIENTED_EDGE('',*,*,#1743,.F.);
#2188=ORIENTED_EDGE('',*,*,#1744,.T.);
#2189=ORIENTED_EDGE('',*,*,#1745,.T.);
#2190=ORIENTED_EDGE('',*,*,#1746,.F.);
#2191=ORIENTED_EDGE('',*,*,#1747,.F.);
#2192=ORIENTED_EDGE('',*,*,#1748,.T.);
#2193=ORIENTED_EDGE('',*,*,#1747,.T.);
#2194=ORIENTED_EDGE('',*,*,#1749,.F.);
#2195=ORIENTED_EDGE('',*,*,#1750,.F.);
#2196=ORIENTED_EDGE('',*,*,#1751,.T.);
#2197=ORIENTED_EDGE('',*,*,#1750,.T.);
#2198=ORIENTED_EDGE('',*,*,#1752,.F.);
#2199=ORIENTED_EDGE('',*,*,#1753,.F.);
#2200=ORIENTED_EDGE('',*,*,#1754,.T.);
#2201=ORIENTED_EDGE('',*,*,#1753,.T.);
#2202=ORIENTED_EDGE('',*,*,#1755,.F.);
#2203=ORIENTED_EDGE('',*,*,#1745,.F.);
#2204=ORIENTED_EDGE('',*,*,#1755,.T.);
#2205=ORIENTED_EDGE('',*,*,#1752,.T.);
#2206=ORIENTED_EDGE('',*,*,#1749,.T.);
#2207=ORIENTED_EDGE('',*,*,#1746,.T.);
#2208=ORIENTED_EDGE('',*,*,#1754,.F.);
#2209=ORIENTED_EDGE('',*,*,#1744,.F.);
#2210=ORIENTED_EDGE('',*,*,#1748,.F.);
#2211=ORIENTED_EDGE('',*,*,#1751,.F.);
#2212=ORIENTED_EDGE('',*,*,#1756,.F.);
#2213=ORIENTED_EDGE('',*,*,#1757,.T.);
#2214=ORIENTED_EDGE('',*,*,#1758,.T.);
#2215=ORIENTED_EDGE('',*,*,#1757,.F.);
#2216=ORIENTED_EDGE('',*,*,#1756,.T.);
#2217=ORIENTED_EDGE('',*,*,#1758,.F.);
#2218=ORIENTED_EDGE('',*,*,#1759,.T.);
#2219=ORIENTED_EDGE('',*,*,#1760,.T.);
#2220=ORIENTED_EDGE('',*,*,#1761,.F.);
#2221=ORIENTED_EDGE('',*,*,#1762,.F.);
#2222=ORIENTED_EDGE('',*,*,#1763,.T.);
#2223=ORIENTED_EDGE('',*,*,#1762,.T.);
#2224=ORIENTED_EDGE('',*,*,#1764,.F.);
#2225=ORIENTED_EDGE('',*,*,#1765,.F.);
#2226=ORIENTED_EDGE('',*,*,#1766,.T.);
#2227=ORIENTED_EDGE('',*,*,#1765,.T.);
#2228=ORIENTED_EDGE('',*,*,#1767,.F.);
#2229=ORIENTED_EDGE('',*,*,#1768,.F.);
#2230=ORIENTED_EDGE('',*,*,#1769,.T.);
#2231=ORIENTED_EDGE('',*,*,#1768,.T.);
#2232=ORIENTED_EDGE('',*,*,#1770,.F.);
#2233=ORIENTED_EDGE('',*,*,#1760,.F.);
#2234=ORIENTED_EDGE('',*,*,#1770,.T.);
#2235=ORIENTED_EDGE('',*,*,#1767,.T.);
#2236=ORIENTED_EDGE('',*,*,#1764,.T.);
#2237=ORIENTED_EDGE('',*,*,#1761,.T.);
#2238=ORIENTED_EDGE('',*,*,#1769,.F.);
#2239=ORIENTED_EDGE('',*,*,#1759,.F.);
#2240=ORIENTED_EDGE('',*,*,#1763,.F.);
#2241=ORIENTED_EDGE('',*,*,#1766,.F.);
#2242=ORIENTED_EDGE('',*,*,#1771,.T.);
#2243=ORIENTED_EDGE('',*,*,#1772,.T.);
#2244=ORIENTED_EDGE('',*,*,#1773,.F.);
#2245=ORIENTED_EDGE('',*,*,#1774,.F.);
#2246=ORIENTED_EDGE('',*,*,#1775,.T.);
#2247=ORIENTED_EDGE('',*,*,#1774,.T.);
#2248=ORIENTED_EDGE('',*,*,#1776,.F.);
#2249=ORIENTED_EDGE('',*,*,#1777,.F.);
#2250=ORIENTED_EDGE('',*,*,#1778,.T.);
#2251=ORIENTED_EDGE('',*,*,#1777,.T.);
#2252=ORIENTED_EDGE('',*,*,#1779,.F.);
#2253=ORIENTED_EDGE('',*,*,#1780,.F.);
#2254=ORIENTED_EDGE('',*,*,#1781,.T.);
#2255=ORIENTED_EDGE('',*,*,#1780,.T.);
#2256=ORIENTED_EDGE('',*,*,#1782,.F.);
#2257=ORIENTED_EDGE('',*,*,#1772,.F.);
#2258=ORIENTED_EDGE('',*,*,#1782,.T.);
#2259=ORIENTED_EDGE('',*,*,#1779,.T.);
#2260=ORIENTED_EDGE('',*,*,#1776,.T.);
#2261=ORIENTED_EDGE('',*,*,#1773,.T.);
#2262=ORIENTED_EDGE('',*,*,#1781,.F.);
#2263=ORIENTED_EDGE('',*,*,#1771,.F.);
#2264=ORIENTED_EDGE('',*,*,#1775,.F.);
#2265=ORIENTED_EDGE('',*,*,#1778,.F.);
#2266=ORIENTED_EDGE('',*,*,#1783,.T.);
#2267=ORIENTED_EDGE('',*,*,#1784,.T.);
#2268=ORIENTED_EDGE('',*,*,#1785,.F.);
#2269=ORIENTED_EDGE('',*,*,#1786,.F.);
#2270=ORIENTED_EDGE('',*,*,#1787,.T.);
#2271=ORIENTED_EDGE('',*,*,#1786,.T.);
#2272=ORIENTED_EDGE('',*,*,#1788,.F.);
#2273=ORIENTED_EDGE('',*,*,#1789,.F.);
#2274=ORIENTED_EDGE('',*,*,#1790,.T.);
#2275=ORIENTED_EDGE('',*,*,#1789,.T.);
#2276=ORIENTED_EDGE('',*,*,#1791,.F.);
#2277=ORIENTED_EDGE('',*,*,#1792,.F.);
#2278=ORIENTED_EDGE('',*,*,#1793,.T.);
#2279=ORIENTED_EDGE('',*,*,#1792,.T.);
#2280=ORIENTED_EDGE('',*,*,#1794,.F.);
#2281=ORIENTED_EDGE('',*,*,#1784,.F.);
#2282=ORIENTED_EDGE('',*,*,#1794,.T.);
#2283=ORIENTED_EDGE('',*,*,#1791,.T.);
#2284=ORIENTED_EDGE('',*,*,#1788,.T.);
#2285=ORIENTED_EDGE('',*,*,#1785,.T.);
#2286=ORIENTED_EDGE('',*,*,#1793,.F.);
#2287=ORIENTED_EDGE('',*,*,#1783,.F.);
#2288=ORIENTED_EDGE('',*,*,#1787,.F.);
#2289=ORIENTED_EDGE('',*,*,#1790,.F.);
#2290=ORIENTED_EDGE('',*,*,#1795,.T.);
#2291=ORIENTED_EDGE('',*,*,#1796,.T.);
#2292=ORIENTED_EDGE('',*,*,#1797,.F.);
#2293=ORIENTED_EDGE('',*,*,#1798,.F.);
#2294=ORIENTED_EDGE('',*,*,#1799,.T.);
#2295=ORIENTED_EDGE('',*,*,#1798,.T.);
#2296=ORIENTED_EDGE('',*,*,#1800,.F.);
#2297=ORIENTED_EDGE('',*,*,#1801,.F.);
#2298=ORIENTED_EDGE('',*,*,#1802,.T.);
#2299=ORIENTED_EDGE('',*,*,#1801,.T.);
#2300=ORIENTED_EDGE('',*,*,#1803,.F.);
#2301=ORIENTED_EDGE('',*,*,#1804,.F.);
#2302=ORIENTED_EDGE('',*,*,#1805,.T.);
#2303=ORIENTED_EDGE('',*,*,#1804,.T.);
#2304=ORIENTED_EDGE('',*,*,#1806,.F.);
#2305=ORIENTED_EDGE('',*,*,#1796,.F.);
#2306=ORIENTED_EDGE('',*,*,#1806,.T.);
#2307=ORIENTED_EDGE('',*,*,#1803,.T.);
#2308=ORIENTED_EDGE('',*,*,#1800,.T.);
#2309=ORIENTED_EDGE('',*,*,#1797,.T.);
#2310=ORIENTED_EDGE('',*,*,#1805,.F.);
#2311=ORIENTED_EDGE('',*,*,#1795,.F.);
#2312=ORIENTED_EDGE('',*,*,#1799,.F.);
#2313=ORIENTED_EDGE('',*,*,#1802,.F.);
#2314=ORIENTED_EDGE('',*,*,#1807,.T.);
#2315=ORIENTED_EDGE('',*,*,#1808,.T.);
#2316=ORIENTED_EDGE('',*,*,#1809,.F.);
#2317=ORIENTED_EDGE('',*,*,#1810,.F.);
#2318=ORIENTED_EDGE('',*,*,#1811,.T.);
#2319=ORIENTED_EDGE('',*,*,#1810,.T.);
#2320=ORIENTED_EDGE('',*,*,#1812,.F.);
#2321=ORIENTED_EDGE('',*,*,#1813,.F.);
#2322=ORIENTED_EDGE('',*,*,#1814,.T.);
#2323=ORIENTED_EDGE('',*,*,#1813,.T.);
#2324=ORIENTED_EDGE('',*,*,#1815,.F.);
#2325=ORIENTED_EDGE('',*,*,#1816,.F.);
#2326=ORIENTED_EDGE('',*,*,#1817,.T.);
#2327=ORIENTED_EDGE('',*,*,#1816,.T.);
#2328=ORIENTED_EDGE('',*,*,#1818,.F.);
#2329=ORIENTED_EDGE('',*,*,#1808,.F.);
#2330=ORIENTED_EDGE('',*,*,#1818,.T.);
#2331=ORIENTED_EDGE('',*,*,#1815,.T.);
#2332=ORIENTED_EDGE('',*,*,#1812,.T.);
#2333=ORIENTED_EDGE('',*,*,#1809,.T.);
#2334=ORIENTED_EDGE('',*,*,#1817,.F.);
#2335=ORIENTED_EDGE('',*,*,#1807,.F.);
#2336=ORIENTED_EDGE('',*,*,#1811,.F.);
#2337=ORIENTED_EDGE('',*,*,#1814,.F.);
#2338=ORIENTED_EDGE('',*,*,#1819,.T.);
#2339=ORIENTED_EDGE('',*,*,#1820,.T.);
#2340=ORIENTED_EDGE('',*,*,#1821,.F.);
#2341=ORIENTED_EDGE('',*,*,#1822,.F.);
#2342=ORIENTED_EDGE('',*,*,#1823,.T.);
#2343=ORIENTED_EDGE('',*,*,#1822,.T.);
#2344=ORIENTED_EDGE('',*,*,#1824,.F.);
#2345=ORIENTED_EDGE('',*,*,#1825,.F.);
#2346=ORIENTED_EDGE('',*,*,#1826,.T.);
#2347=ORIENTED_EDGE('',*,*,#1825,.T.);
#2348=ORIENTED_EDGE('',*,*,#1827,.F.);
#2349=ORIENTED_EDGE('',*,*,#1828,.F.);
#2350=ORIENTED_EDGE('',*,*,#1829,.T.);
#2351=ORIENTED_EDGE('',*,*,#1828,.T.);
#2352=ORIENTED_EDGE('',*,*,#1830,.F.);
#2353=ORIENTED_EDGE('',*,*,#1820,.F.);
#2354=ORIENTED_EDGE('',*,*,#1830,.T.);
#2355=ORIENTED_EDGE('',*,*,#1827,.T.);
#2356=ORIENTED_EDGE('',*,*,#1824,.T.);
#2357=ORIENTED_EDGE('',*,*,#1821,.T.);
#2358=ORIENTED_EDGE('',*,*,#1829,.F.);
#2359=ORIENTED_EDGE('',*,*,#1819,.F.);
#2360=ORIENTED_EDGE('',*,*,#1823,.F.);
#2361=ORIENTED_EDGE('',*,*,#1826,.F.);
#2362=ORIENTED_EDGE('',*,*,#1831,.F.);
#2363=ORIENTED_EDGE('',*,*,#1832,.T.);
#2364=ORIENTED_EDGE('',*,*,#1833,.F.);
#2365=ORIENTED_EDGE('',*,*,#1834,.F.);
#2366=ORIENTED_EDGE('',*,*,#1835,.F.);
#2367=ORIENTED_EDGE('',*,*,#1834,.T.);
#2368=ORIENTED_EDGE('',*,*,#1836,.F.);
#2369=ORIENTED_EDGE('',*,*,#1837,.F.);
#2370=ORIENTED_EDGE('',*,*,#1838,.F.);
#2371=ORIENTED_EDGE('',*,*,#1837,.T.);
#2372=ORIENTED_EDGE('',*,*,#1839,.F.);
#2373=ORIENTED_EDGE('',*,*,#1840,.F.);
#2374=ORIENTED_EDGE('',*,*,#1841,.F.);
#2375=ORIENTED_EDGE('',*,*,#1840,.T.);
#2376=ORIENTED_EDGE('',*,*,#1842,.F.);
#2377=ORIENTED_EDGE('',*,*,#1832,.F.);
#2378=ORIENTED_EDGE('',*,*,#1841,.T.);
#2379=ORIENTED_EDGE('',*,*,#1831,.T.);
#2380=ORIENTED_EDGE('',*,*,#1835,.T.);
#2381=ORIENTED_EDGE('',*,*,#1838,.T.);
#2382=ORIENTED_EDGE('',*,*,#1842,.T.);
#2383=ORIENTED_EDGE('',*,*,#1839,.T.);
#2384=ORIENTED_EDGE('',*,*,#1836,.T.);
#2385=ORIENTED_EDGE('',*,*,#1833,.T.);
#2386=ORIENTED_EDGE('',*,*,#1843,.F.);
#2387=ORIENTED_EDGE('',*,*,#1844,.T.);
#2388=ORIENTED_EDGE('',*,*,#1845,.F.);
#2389=ORIENTED_EDGE('',*,*,#1846,.F.);
#2390=ORIENTED_EDGE('',*,*,#1847,.F.);
#2391=ORIENTED_EDGE('',*,*,#1846,.T.);
#2392=ORIENTED_EDGE('',*,*,#1848,.F.);
#2393=ORIENTED_EDGE('',*,*,#1849,.F.);
#2394=ORIENTED_EDGE('',*,*,#1850,.F.);
#2395=ORIENTED_EDGE('',*,*,#1849,.T.);
#2396=ORIENTED_EDGE('',*,*,#1851,.F.);
#2397=ORIENTED_EDGE('',*,*,#1852,.F.);
#2398=ORIENTED_EDGE('',*,*,#1853,.F.);
#2399=ORIENTED_EDGE('',*,*,#1852,.T.);
#2400=ORIENTED_EDGE('',*,*,#1854,.F.);
#2401=ORIENTED_EDGE('',*,*,#1844,.F.);
#2402=ORIENTED_EDGE('',*,*,#1853,.T.);
#2403=ORIENTED_EDGE('',*,*,#1843,.T.);
#2404=ORIENTED_EDGE('',*,*,#1847,.T.);
#2405=ORIENTED_EDGE('',*,*,#1850,.T.);
#2406=ORIENTED_EDGE('',*,*,#1854,.T.);
#2407=ORIENTED_EDGE('',*,*,#1851,.T.);
#2408=ORIENTED_EDGE('',*,*,#1848,.T.);
#2409=ORIENTED_EDGE('',*,*,#1845,.T.);
#2410=ORIENTED_EDGE('',*,*,#1855,.F.);
#2411=ORIENTED_EDGE('',*,*,#1856,.T.);
#2412=ORIENTED_EDGE('',*,*,#1857,.F.);
#2413=ORIENTED_EDGE('',*,*,#1858,.F.);
#2414=ORIENTED_EDGE('',*,*,#1859,.F.);
#2415=ORIENTED_EDGE('',*,*,#1858,.T.);
#2416=ORIENTED_EDGE('',*,*,#1860,.F.);
#2417=ORIENTED_EDGE('',*,*,#1861,.F.);
#2418=ORIENTED_EDGE('',*,*,#1862,.F.);
#2419=ORIENTED_EDGE('',*,*,#1861,.T.);
#2420=ORIENTED_EDGE('',*,*,#1863,.F.);
#2421=ORIENTED_EDGE('',*,*,#1864,.F.);
#2422=ORIENTED_EDGE('',*,*,#1865,.F.);
#2423=ORIENTED_EDGE('',*,*,#1864,.T.);
#2424=ORIENTED_EDGE('',*,*,#1866,.F.);
#2425=ORIENTED_EDGE('',*,*,#1856,.F.);
#2426=ORIENTED_EDGE('',*,*,#1865,.T.);
#2427=ORIENTED_EDGE('',*,*,#1855,.T.);
#2428=ORIENTED_EDGE('',*,*,#1859,.T.);
#2429=ORIENTED_EDGE('',*,*,#1862,.T.);
#2430=ORIENTED_EDGE('',*,*,#1866,.T.);
#2431=ORIENTED_EDGE('',*,*,#1863,.T.);
#2432=ORIENTED_EDGE('',*,*,#1860,.T.);
#2433=ORIENTED_EDGE('',*,*,#1857,.T.);
#2434=ORIENTED_EDGE('',*,*,#1867,.F.);
#2435=ORIENTED_EDGE('',*,*,#1868,.T.);
#2436=ORIENTED_EDGE('',*,*,#1869,.F.);
#2437=ORIENTED_EDGE('',*,*,#1870,.F.);
#2438=ORIENTED_EDGE('',*,*,#1871,.F.);
#2439=ORIENTED_EDGE('',*,*,#1870,.T.);
#2440=ORIENTED_EDGE('',*,*,#1872,.F.);
#2441=ORIENTED_EDGE('',*,*,#1873,.F.);
#2442=ORIENTED_EDGE('',*,*,#1874,.F.);
#2443=ORIENTED_EDGE('',*,*,#1873,.T.);
#2444=ORIENTED_EDGE('',*,*,#1875,.F.);
#2445=ORIENTED_EDGE('',*,*,#1876,.F.);
#2446=ORIENTED_EDGE('',*,*,#1877,.F.);
#2447=ORIENTED_EDGE('',*,*,#1876,.T.);
#2448=ORIENTED_EDGE('',*,*,#1878,.F.);
#2449=ORIENTED_EDGE('',*,*,#1868,.F.);
#2450=ORIENTED_EDGE('',*,*,#1877,.T.);
#2451=ORIENTED_EDGE('',*,*,#1867,.T.);
#2452=ORIENTED_EDGE('',*,*,#1871,.T.);
#2453=ORIENTED_EDGE('',*,*,#1874,.T.);
#2454=ORIENTED_EDGE('',*,*,#1878,.T.);
#2455=ORIENTED_EDGE('',*,*,#1875,.T.);
#2456=ORIENTED_EDGE('',*,*,#1872,.T.);
#2457=ORIENTED_EDGE('',*,*,#1869,.T.);
#2458=ORIENTED_EDGE('',*,*,#1879,.F.);
#2459=ORIENTED_EDGE('',*,*,#1880,.T.);
#2460=ORIENTED_EDGE('',*,*,#1881,.F.);
#2461=ORIENTED_EDGE('',*,*,#1882,.F.);
#2462=ORIENTED_EDGE('',*,*,#1883,.F.);
#2463=ORIENTED_EDGE('',*,*,#1882,.T.);
#2464=ORIENTED_EDGE('',*,*,#1884,.F.);
#2465=ORIENTED_EDGE('',*,*,#1885,.F.);
#2466=ORIENTED_EDGE('',*,*,#1886,.F.);
#2467=ORIENTED_EDGE('',*,*,#1885,.T.);
#2468=ORIENTED_EDGE('',*,*,#1887,.F.);
#2469=ORIENTED_EDGE('',*,*,#1888,.F.);
#2470=ORIENTED_EDGE('',*,*,#1889,.F.);
#2471=ORIENTED_EDGE('',*,*,#1888,.T.);
#2472=ORIENTED_EDGE('',*,*,#1890,.F.);
#2473=ORIENTED_EDGE('',*,*,#1880,.F.);
#2474=ORIENTED_EDGE('',*,*,#1889,.T.);
#2475=ORIENTED_EDGE('',*,*,#1879,.T.);
#2476=ORIENTED_EDGE('',*,*,#1883,.T.);
#2477=ORIENTED_EDGE('',*,*,#1886,.T.);
#2478=ORIENTED_EDGE('',*,*,#1890,.T.);
#2479=ORIENTED_EDGE('',*,*,#1887,.T.);
#2480=ORIENTED_EDGE('',*,*,#1884,.T.);
#2481=ORIENTED_EDGE('',*,*,#1881,.T.);
#2482=ORIENTED_EDGE('',*,*,#1891,.F.);
#2483=ORIENTED_EDGE('',*,*,#1892,.T.);
#2484=ORIENTED_EDGE('',*,*,#1893,.F.);
#2485=ORIENTED_EDGE('',*,*,#1894,.F.);
#2486=ORIENTED_EDGE('',*,*,#1895,.F.);
#2487=ORIENTED_EDGE('',*,*,#1894,.T.);
#2488=ORIENTED_EDGE('',*,*,#1896,.F.);
#2489=ORIENTED_EDGE('',*,*,#1897,.F.);
#2490=ORIENTED_EDGE('',*,*,#1898,.F.);
#2491=ORIENTED_EDGE('',*,*,#1897,.T.);
#2492=ORIENTED_EDGE('',*,*,#1899,.F.);
#2493=ORIENTED_EDGE('',*,*,#1900,.F.);
#2494=ORIENTED_EDGE('',*,*,#1901,.F.);
#2495=ORIENTED_EDGE('',*,*,#1900,.T.);
#2496=ORIENTED_EDGE('',*,*,#1902,.F.);
#2497=ORIENTED_EDGE('',*,*,#1892,.F.);
#2498=ORIENTED_EDGE('',*,*,#1901,.T.);
#2499=ORIENTED_EDGE('',*,*,#1891,.T.);
#2500=ORIENTED_EDGE('',*,*,#1895,.T.);
#2501=ORIENTED_EDGE('',*,*,#1898,.T.);
#2502=ORIENTED_EDGE('',*,*,#1902,.T.);
#2503=ORIENTED_EDGE('',*,*,#1899,.T.);
#2504=ORIENTED_EDGE('',*,*,#1896,.T.);
#2505=ORIENTED_EDGE('',*,*,#1893,.T.);
#2506=ORIENTED_EDGE('',*,*,#1903,.F.);
#2507=ORIENTED_EDGE('',*,*,#1904,.T.);
#2508=ORIENTED_EDGE('',*,*,#1905,.F.);
#2509=ORIENTED_EDGE('',*,*,#1906,.F.);
#2510=ORIENTED_EDGE('',*,*,#1907,.F.);
#2511=ORIENTED_EDGE('',*,*,#1906,.T.);
#2512=ORIENTED_EDGE('',*,*,#1908,.F.);
#2513=ORIENTED_EDGE('',*,*,#1909,.F.);
#2514=ORIENTED_EDGE('',*,*,#1910,.F.);
#2515=ORIENTED_EDGE('',*,*,#1909,.T.);
#2516=ORIENTED_EDGE('',*,*,#1911,.F.);
#2517=ORIENTED_EDGE('',*,*,#1912,.F.);
#2518=ORIENTED_EDGE('',*,*,#1913,.F.);
#2519=ORIENTED_EDGE('',*,*,#1912,.T.);
#2520=ORIENTED_EDGE('',*,*,#1914,.F.);
#2521=ORIENTED_EDGE('',*,*,#1904,.F.);
#2522=ORIENTED_EDGE('',*,*,#1913,.T.);
#2523=ORIENTED_EDGE('',*,*,#1903,.T.);
#2524=ORIENTED_EDGE('',*,*,#1907,.T.);
#2525=ORIENTED_EDGE('',*,*,#1910,.T.);
#2526=ORIENTED_EDGE('',*,*,#1914,.T.);
#2527=ORIENTED_EDGE('',*,*,#1911,.T.);
#2528=ORIENTED_EDGE('',*,*,#1908,.T.);
#2529=ORIENTED_EDGE('',*,*,#1905,.T.);
#2530=ORIENTED_EDGE('',*,*,#1915,.F.);
#2531=ORIENTED_EDGE('',*,*,#1916,.T.);
#2532=ORIENTED_EDGE('',*,*,#1917,.F.);
#2533=ORIENTED_EDGE('',*,*,#1918,.F.);
#2534=ORIENTED_EDGE('',*,*,#1919,.F.);
#2535=ORIENTED_EDGE('',*,*,#1918,.T.);
#2536=ORIENTED_EDGE('',*,*,#1920,.F.);
#2537=ORIENTED_EDGE('',*,*,#1921,.F.);
#2538=ORIENTED_EDGE('',*,*,#1922,.F.);
#2539=ORIENTED_EDGE('',*,*,#1921,.T.);
#2540=ORIENTED_EDGE('',*,*,#1923,.F.);
#2541=ORIENTED_EDGE('',*,*,#1924,.F.);
#2542=ORIENTED_EDGE('',*,*,#1925,.F.);
#2543=ORIENTED_EDGE('',*,*,#1924,.T.);
#2544=ORIENTED_EDGE('',*,*,#1926,.F.);
#2545=ORIENTED_EDGE('',*,*,#1916,.F.);
#2546=ORIENTED_EDGE('',*,*,#1925,.T.);
#2547=ORIENTED_EDGE('',*,*,#1915,.T.);
#2548=ORIENTED_EDGE('',*,*,#1919,.T.);
#2549=ORIENTED_EDGE('',*,*,#1922,.T.);
#2550=ORIENTED_EDGE('',*,*,#1926,.T.);
#2551=ORIENTED_EDGE('',*,*,#1923,.T.);
#2552=ORIENTED_EDGE('',*,*,#1920,.T.);
#2553=ORIENTED_EDGE('',*,*,#1917,.T.);
#2554=ORIENTED_EDGE('',*,*,#1927,.F.);
#2555=ORIENTED_EDGE('',*,*,#1928,.T.);
#2556=ORIENTED_EDGE('',*,*,#1929,.F.);
#2557=ORIENTED_EDGE('',*,*,#1930,.F.);
#2558=ORIENTED_EDGE('',*,*,#1931,.F.);
#2559=ORIENTED_EDGE('',*,*,#1930,.T.);
#2560=ORIENTED_EDGE('',*,*,#1932,.F.);
#2561=ORIENTED_EDGE('',*,*,#1933,.F.);
#2562=ORIENTED_EDGE('',*,*,#1934,.F.);
#2563=ORIENTED_EDGE('',*,*,#1933,.T.);
#2564=ORIENTED_EDGE('',*,*,#1935,.F.);
#2565=ORIENTED_EDGE('',*,*,#1936,.F.);
#2566=ORIENTED_EDGE('',*,*,#1937,.F.);
#2567=ORIENTED_EDGE('',*,*,#1936,.T.);
#2568=ORIENTED_EDGE('',*,*,#1938,.F.);
#2569=ORIENTED_EDGE('',*,*,#1928,.F.);
#2570=ORIENTED_EDGE('',*,*,#1937,.T.);
#2571=ORIENTED_EDGE('',*,*,#1927,.T.);
#2572=ORIENTED_EDGE('',*,*,#1931,.T.);
#2573=ORIENTED_EDGE('',*,*,#1934,.T.);
#2574=ORIENTED_EDGE('',*,*,#1938,.T.);
#2575=ORIENTED_EDGE('',*,*,#1935,.T.);
#2576=ORIENTED_EDGE('',*,*,#1932,.T.);
#2577=ORIENTED_EDGE('',*,*,#1929,.T.);
#2578=ORIENTED_EDGE('',*,*,#1939,.F.);
#2579=ORIENTED_EDGE('',*,*,#1940,.T.);
#2580=ORIENTED_EDGE('',*,*,#1941,.F.);
#2581=ORIENTED_EDGE('',*,*,#1942,.F.);
#2582=ORIENTED_EDGE('',*,*,#1943,.F.);
#2583=ORIENTED_EDGE('',*,*,#1942,.T.);
#2584=ORIENTED_EDGE('',*,*,#1944,.F.);
#2585=ORIENTED_EDGE('',*,*,#1945,.F.);
#2586=ORIENTED_EDGE('',*,*,#1946,.F.);
#2587=ORIENTED_EDGE('',*,*,#1945,.T.);
#2588=ORIENTED_EDGE('',*,*,#1947,.F.);
#2589=ORIENTED_EDGE('',*,*,#1948,.F.);
#2590=ORIENTED_EDGE('',*,*,#1949,.F.);
#2591=ORIENTED_EDGE('',*,*,#1948,.T.);
#2592=ORIENTED_EDGE('',*,*,#1950,.F.);
#2593=ORIENTED_EDGE('',*,*,#1940,.F.);
#2594=ORIENTED_EDGE('',*,*,#1949,.T.);
#2595=ORIENTED_EDGE('',*,*,#1939,.T.);
#2596=ORIENTED_EDGE('',*,*,#1943,.T.);
#2597=ORIENTED_EDGE('',*,*,#1946,.T.);
#2598=ORIENTED_EDGE('',*,*,#1950,.T.);
#2599=ORIENTED_EDGE('',*,*,#1947,.T.);
#2600=ORIENTED_EDGE('',*,*,#1944,.T.);
#2601=ORIENTED_EDGE('',*,*,#1941,.T.);
#2602=ORIENTED_EDGE('',*,*,#1951,.F.);
#2603=ORIENTED_EDGE('',*,*,#1952,.T.);
#2604=ORIENTED_EDGE('',*,*,#1953,.F.);
#2605=ORIENTED_EDGE('',*,*,#1954,.F.);
#2606=ORIENTED_EDGE('',*,*,#1955,.F.);
#2607=ORIENTED_EDGE('',*,*,#1954,.T.);
#2608=ORIENTED_EDGE('',*,*,#1956,.F.);
#2609=ORIENTED_EDGE('',*,*,#1957,.F.);
#2610=ORIENTED_EDGE('',*,*,#1958,.F.);
#2611=ORIENTED_EDGE('',*,*,#1957,.T.);
#2612=ORIENTED_EDGE('',*,*,#1959,.F.);
#2613=ORIENTED_EDGE('',*,*,#1960,.F.);
#2614=ORIENTED_EDGE('',*,*,#1961,.F.);
#2615=ORIENTED_EDGE('',*,*,#1960,.T.);
#2616=ORIENTED_EDGE('',*,*,#1962,.F.);
#2617=ORIENTED_EDGE('',*,*,#1952,.F.);
#2618=ORIENTED_EDGE('',*,*,#1961,.T.);
#2619=ORIENTED_EDGE('',*,*,#1951,.T.);
#2620=ORIENTED_EDGE('',*,*,#1955,.T.);
#2621=ORIENTED_EDGE('',*,*,#1958,.T.);
#2622=ORIENTED_EDGE('',*,*,#1962,.T.);
#2623=ORIENTED_EDGE('',*,*,#1959,.T.);
#2624=ORIENTED_EDGE('',*,*,#1956,.T.);
#2625=ORIENTED_EDGE('',*,*,#1953,.T.);
#2626=ORIENTED_EDGE('',*,*,#1963,.T.);
#2627=ORIENTED_EDGE('',*,*,#1964,.F.);
#2628=ORIENTED_EDGE('',*,*,#1965,.T.);
#2629=ORIENTED_EDGE('',*,*,#1963,.F.);
#2630=ORIENTED_EDGE('',*,*,#1965,.F.);
#2631=ORIENTED_EDGE('',*,*,#1964,.T.);
#2632=ORIENTED_EDGE('',*,*,#1966,.F.);
#2633=ORIENTED_EDGE('',*,*,#1967,.T.);
#2634=ORIENTED_EDGE('',*,*,#1968,.F.);
#2635=ORIENTED_EDGE('',*,*,#1969,.F.);
#2636=ORIENTED_EDGE('',*,*,#1970,.F.);
#2637=ORIENTED_EDGE('',*,*,#1969,.T.);
#2638=ORIENTED_EDGE('',*,*,#1971,.F.);
#2639=ORIENTED_EDGE('',*,*,#1972,.F.);
#2640=ORIENTED_EDGE('',*,*,#1973,.F.);
#2641=ORIENTED_EDGE('',*,*,#1972,.T.);
#2642=ORIENTED_EDGE('',*,*,#1974,.F.);
#2643=ORIENTED_EDGE('',*,*,#1975,.F.);
#2644=ORIENTED_EDGE('',*,*,#1976,.F.);
#2645=ORIENTED_EDGE('',*,*,#1975,.T.);
#2646=ORIENTED_EDGE('',*,*,#1977,.F.);
#2647=ORIENTED_EDGE('',*,*,#1967,.F.);
#2648=ORIENTED_EDGE('',*,*,#1976,.T.);
#2649=ORIENTED_EDGE('',*,*,#1966,.T.);
#2650=ORIENTED_EDGE('',*,*,#1970,.T.);
#2651=ORIENTED_EDGE('',*,*,#1973,.T.);
#2652=ORIENTED_EDGE('',*,*,#1977,.T.);
#2653=ORIENTED_EDGE('',*,*,#1974,.T.);
#2654=ORIENTED_EDGE('',*,*,#1971,.T.);
#2655=ORIENTED_EDGE('',*,*,#1968,.T.);
#2656=ORIENTED_EDGE('',*,*,#1978,.F.);
#2657=ORIENTED_EDGE('',*,*,#1979,.T.);
#2658=ORIENTED_EDGE('',*,*,#1980,.F.);
#2659=ORIENTED_EDGE('',*,*,#1981,.F.);
#2660=ORIENTED_EDGE('',*,*,#1982,.F.);
#2661=ORIENTED_EDGE('',*,*,#1981,.T.);
#2662=ORIENTED_EDGE('',*,*,#1983,.F.);
#2663=ORIENTED_EDGE('',*,*,#1984,.F.);
#2664=ORIENTED_EDGE('',*,*,#1985,.F.);
#2665=ORIENTED_EDGE('',*,*,#1984,.T.);
#2666=ORIENTED_EDGE('',*,*,#1986,.F.);
#2667=ORIENTED_EDGE('',*,*,#1987,.F.);
#2668=ORIENTED_EDGE('',*,*,#1988,.F.);
#2669=ORIENTED_EDGE('',*,*,#1987,.T.);
#2670=ORIENTED_EDGE('',*,*,#1989,.F.);
#2671=ORIENTED_EDGE('',*,*,#1979,.F.);
#2672=ORIENTED_EDGE('',*,*,#1988,.T.);
#2673=ORIENTED_EDGE('',*,*,#1978,.T.);
#2674=ORIENTED_EDGE('',*,*,#1982,.T.);
#2675=ORIENTED_EDGE('',*,*,#1985,.T.);
#2676=ORIENTED_EDGE('',*,*,#1989,.T.);
#2677=ORIENTED_EDGE('',*,*,#1986,.T.);
#2678=ORIENTED_EDGE('',*,*,#1983,.T.);
#2679=ORIENTED_EDGE('',*,*,#1980,.T.);
#2680=ORIENTED_EDGE('',*,*,#1990,.F.);
#2681=ORIENTED_EDGE('',*,*,#1991,.T.);
#2682=ORIENTED_EDGE('',*,*,#1992,.F.);
#2683=ORIENTED_EDGE('',*,*,#1993,.F.);
#2684=ORIENTED_EDGE('',*,*,#1994,.F.);
#2685=ORIENTED_EDGE('',*,*,#1993,.T.);
#2686=ORIENTED_EDGE('',*,*,#1995,.F.);
#2687=ORIENTED_EDGE('',*,*,#1996,.F.);
#2688=ORIENTED_EDGE('',*,*,#1997,.F.);
#2689=ORIENTED_EDGE('',*,*,#1996,.T.);
#2690=ORIENTED_EDGE('',*,*,#1998,.F.);
#2691=ORIENTED_EDGE('',*,*,#1999,.F.);
#2692=ORIENTED_EDGE('',*,*,#2000,.F.);
#2693=ORIENTED_EDGE('',*,*,#1999,.T.);
#2694=ORIENTED_EDGE('',*,*,#2001,.F.);
#2695=ORIENTED_EDGE('',*,*,#1991,.F.);
#2696=ORIENTED_EDGE('',*,*,#2000,.T.);
#2697=ORIENTED_EDGE('',*,*,#1990,.T.);
#2698=ORIENTED_EDGE('',*,*,#1994,.T.);
#2699=ORIENTED_EDGE('',*,*,#1997,.T.);
#2700=ORIENTED_EDGE('',*,*,#2001,.T.);
#2701=ORIENTED_EDGE('',*,*,#1998,.T.);
#2702=ORIENTED_EDGE('',*,*,#1995,.T.);
#2703=ORIENTED_EDGE('',*,*,#1992,.T.);
#2704=ORIENTED_EDGE('',*,*,#2002,.F.);
#2705=ORIENTED_EDGE('',*,*,#2003,.T.);
#2706=ORIENTED_EDGE('',*,*,#2004,.F.);
#2707=ORIENTED_EDGE('',*,*,#2005,.F.);
#2708=ORIENTED_EDGE('',*,*,#2006,.F.);
#2709=ORIENTED_EDGE('',*,*,#2005,.T.);
#2710=ORIENTED_EDGE('',*,*,#2007,.F.);
#2711=ORIENTED_EDGE('',*,*,#2008,.F.);
#2712=ORIENTED_EDGE('',*,*,#2009,.F.);
#2713=ORIENTED_EDGE('',*,*,#2008,.T.);
#2714=ORIENTED_EDGE('',*,*,#2010,.F.);
#2715=ORIENTED_EDGE('',*,*,#2011,.F.);
#2716=ORIENTED_EDGE('',*,*,#2012,.F.);
#2717=ORIENTED_EDGE('',*,*,#2011,.T.);
#2718=ORIENTED_EDGE('',*,*,#2013,.F.);
#2719=ORIENTED_EDGE('',*,*,#2003,.F.);
#2720=ORIENTED_EDGE('',*,*,#2012,.T.);
#2721=ORIENTED_EDGE('',*,*,#2002,.T.);
#2722=ORIENTED_EDGE('',*,*,#2006,.T.);
#2723=ORIENTED_EDGE('',*,*,#2009,.T.);
#2724=ORIENTED_EDGE('',*,*,#2013,.T.);
#2725=ORIENTED_EDGE('',*,*,#2010,.T.);
#2726=ORIENTED_EDGE('',*,*,#2007,.T.);
#2727=ORIENTED_EDGE('',*,*,#2004,.T.);
#2728=ORIENTED_EDGE('',*,*,#2014,.F.);
#2729=ORIENTED_EDGE('',*,*,#2015,.T.);
#2730=ORIENTED_EDGE('',*,*,#2016,.F.);
#2731=ORIENTED_EDGE('',*,*,#2017,.F.);
#2732=ORIENTED_EDGE('',*,*,#2018,.F.);
#2733=ORIENTED_EDGE('',*,*,#2017,.T.);
#2734=ORIENTED_EDGE('',*,*,#2019,.F.);
#2735=ORIENTED_EDGE('',*,*,#2020,.F.);
#2736=ORIENTED_EDGE('',*,*,#2021,.F.);
#2737=ORIENTED_EDGE('',*,*,#2020,.T.);
#2738=ORIENTED_EDGE('',*,*,#2022,.F.);
#2739=ORIENTED_EDGE('',*,*,#2023,.F.);
#2740=ORIENTED_EDGE('',*,*,#2024,.F.);
#2741=ORIENTED_EDGE('',*,*,#2023,.T.);
#2742=ORIENTED_EDGE('',*,*,#2025,.F.);
#2743=ORIENTED_EDGE('',*,*,#2015,.F.);
#2744=ORIENTED_EDGE('',*,*,#2024,.T.);
#2745=ORIENTED_EDGE('',*,*,#2014,.T.);
#2746=ORIENTED_EDGE('',*,*,#2018,.T.);
#2747=ORIENTED_EDGE('',*,*,#2021,.T.);
#2748=ORIENTED_EDGE('',*,*,#2025,.T.);
#2749=ORIENTED_EDGE('',*,*,#2022,.T.);
#2750=ORIENTED_EDGE('',*,*,#2019,.T.);
#2751=ORIENTED_EDGE('',*,*,#2016,.T.);
#2752=ORIENTED_EDGE('',*,*,#2026,.F.);
#2753=ORIENTED_EDGE('',*,*,#2027,.T.);
#2754=ORIENTED_EDGE('',*,*,#2028,.F.);
#2755=ORIENTED_EDGE('',*,*,#2029,.F.);
#2756=ORIENTED_EDGE('',*,*,#2030,.F.);
#2757=ORIENTED_EDGE('',*,*,#2029,.T.);
#2758=ORIENTED_EDGE('',*,*,#2031,.F.);
#2759=ORIENTED_EDGE('',*,*,#2032,.F.);
#2760=ORIENTED_EDGE('',*,*,#2033,.F.);
#2761=ORIENTED_EDGE('',*,*,#2032,.T.);
#2762=ORIENTED_EDGE('',*,*,#2034,.F.);
#2763=ORIENTED_EDGE('',*,*,#2035,.F.);
#2764=ORIENTED_EDGE('',*,*,#2036,.F.);
#2765=ORIENTED_EDGE('',*,*,#2035,.T.);
#2766=ORIENTED_EDGE('',*,*,#2037,.F.);
#2767=ORIENTED_EDGE('',*,*,#2027,.F.);
#2768=ORIENTED_EDGE('',*,*,#2036,.T.);
#2769=ORIENTED_EDGE('',*,*,#2026,.T.);
#2770=ORIENTED_EDGE('',*,*,#2030,.T.);
#2771=ORIENTED_EDGE('',*,*,#2033,.T.);
#2772=ORIENTED_EDGE('',*,*,#2037,.T.);
#2773=ORIENTED_EDGE('',*,*,#2034,.T.);
#2774=ORIENTED_EDGE('',*,*,#2031,.T.);
#2775=ORIENTED_EDGE('',*,*,#2028,.T.);
#2776=ORIENTED_EDGE('',*,*,#2038,.F.);
#2777=ORIENTED_EDGE('',*,*,#2039,.T.);
#2778=ORIENTED_EDGE('',*,*,#2040,.F.);
#2779=ORIENTED_EDGE('',*,*,#2041,.F.);
#2780=ORIENTED_EDGE('',*,*,#2042,.F.);
#2781=ORIENTED_EDGE('',*,*,#2041,.T.);
#2782=ORIENTED_EDGE('',*,*,#2043,.F.);
#2783=ORIENTED_EDGE('',*,*,#2044,.F.);
#2784=ORIENTED_EDGE('',*,*,#2045,.F.);
#2785=ORIENTED_EDGE('',*,*,#2044,.T.);
#2786=ORIENTED_EDGE('',*,*,#2046,.F.);
#2787=ORIENTED_EDGE('',*,*,#2047,.F.);
#2788=ORIENTED_EDGE('',*,*,#2048,.F.);
#2789=ORIENTED_EDGE('',*,*,#2047,.T.);
#2790=ORIENTED_EDGE('',*,*,#2049,.F.);
#2791=ORIENTED_EDGE('',*,*,#2039,.F.);
#2792=ORIENTED_EDGE('',*,*,#2048,.T.);
#2793=ORIENTED_EDGE('',*,*,#2038,.T.);
#2794=ORIENTED_EDGE('',*,*,#2042,.T.);
#2795=ORIENTED_EDGE('',*,*,#2045,.T.);
#2796=ORIENTED_EDGE('',*,*,#2049,.T.);
#2797=ORIENTED_EDGE('',*,*,#2046,.T.);
#2798=ORIENTED_EDGE('',*,*,#2043,.T.);
#2799=ORIENTED_EDGE('',*,*,#2040,.T.);
#2800=ORIENTED_EDGE('',*,*,#2050,.F.);
#2801=ORIENTED_EDGE('',*,*,#2051,.T.);
#2802=ORIENTED_EDGE('',*,*,#2052,.F.);
#2803=ORIENTED_EDGE('',*,*,#2053,.F.);
#2804=ORIENTED_EDGE('',*,*,#2054,.F.);
#2805=ORIENTED_EDGE('',*,*,#2053,.T.);
#2806=ORIENTED_EDGE('',*,*,#2055,.F.);
#2807=ORIENTED_EDGE('',*,*,#2056,.F.);
#2808=ORIENTED_EDGE('',*,*,#2057,.F.);
#2809=ORIENTED_EDGE('',*,*,#2056,.T.);
#2810=ORIENTED_EDGE('',*,*,#2058,.F.);
#2811=ORIENTED_EDGE('',*,*,#2059,.F.);
#2812=ORIENTED_EDGE('',*,*,#2060,.F.);
#2813=ORIENTED_EDGE('',*,*,#2059,.T.);
#2814=ORIENTED_EDGE('',*,*,#2061,.F.);
#2815=ORIENTED_EDGE('',*,*,#2051,.F.);
#2816=ORIENTED_EDGE('',*,*,#2060,.T.);
#2817=ORIENTED_EDGE('',*,*,#2050,.T.);
#2818=ORIENTED_EDGE('',*,*,#2054,.T.);
#2819=ORIENTED_EDGE('',*,*,#2057,.T.);
#2820=ORIENTED_EDGE('',*,*,#2061,.T.);
#2821=ORIENTED_EDGE('',*,*,#2058,.T.);
#2822=ORIENTED_EDGE('',*,*,#2055,.T.);
#2823=ORIENTED_EDGE('',*,*,#2052,.T.);
#2824=ORIENTED_EDGE('',*,*,#2062,.F.);
#2825=ORIENTED_EDGE('',*,*,#2063,.T.);
#2826=ORIENTED_EDGE('',*,*,#2064,.F.);
#2827=ORIENTED_EDGE('',*,*,#2065,.F.);
#2828=ORIENTED_EDGE('',*,*,#2066,.F.);
#2829=ORIENTED_EDGE('',*,*,#2065,.T.);
#2830=ORIENTED_EDGE('',*,*,#2067,.F.);
#2831=ORIENTED_EDGE('',*,*,#2068,.F.);
#2832=ORIENTED_EDGE('',*,*,#2069,.F.);
#2833=ORIENTED_EDGE('',*,*,#2068,.T.);
#2834=ORIENTED_EDGE('',*,*,#2070,.F.);
#2835=ORIENTED_EDGE('',*,*,#2071,.F.);
#2836=ORIENTED_EDGE('',*,*,#2072,.F.);
#2837=ORIENTED_EDGE('',*,*,#2071,.T.);
#2838=ORIENTED_EDGE('',*,*,#2073,.F.);
#2839=ORIENTED_EDGE('',*,*,#2063,.F.);
#2840=ORIENTED_EDGE('',*,*,#2072,.T.);
#2841=ORIENTED_EDGE('',*,*,#2062,.T.);
#2842=ORIENTED_EDGE('',*,*,#2066,.T.);
#2843=ORIENTED_EDGE('',*,*,#2069,.T.);
#2844=ORIENTED_EDGE('',*,*,#2073,.T.);
#2845=ORIENTED_EDGE('',*,*,#2070,.T.);
#2846=ORIENTED_EDGE('',*,*,#2067,.T.);
#2847=ORIENTED_EDGE('',*,*,#2064,.T.);
#2848=ORIENTED_EDGE('',*,*,#2074,.F.);
#2849=ORIENTED_EDGE('',*,*,#2075,.T.);
#2850=ORIENTED_EDGE('',*,*,#2076,.F.);
#2851=ORIENTED_EDGE('',*,*,#2077,.F.);
#2852=ORIENTED_EDGE('',*,*,#2078,.F.);
#2853=ORIENTED_EDGE('',*,*,#2077,.T.);
#2854=ORIENTED_EDGE('',*,*,#2079,.F.);
#2855=ORIENTED_EDGE('',*,*,#2080,.F.);
#2856=ORIENTED_EDGE('',*,*,#2081,.F.);
#2857=ORIENTED_EDGE('',*,*,#2080,.T.);
#2858=ORIENTED_EDGE('',*,*,#2082,.F.);
#2859=ORIENTED_EDGE('',*,*,#2083,.F.);
#2860=ORIENTED_EDGE('',*,*,#2084,.F.);
#2861=ORIENTED_EDGE('',*,*,#2083,.T.);
#2862=ORIENTED_EDGE('',*,*,#2085,.F.);
#2863=ORIENTED_EDGE('',*,*,#2075,.F.);
#2864=ORIENTED_EDGE('',*,*,#2084,.T.);
#2865=ORIENTED_EDGE('',*,*,#2074,.T.);
#2866=ORIENTED_EDGE('',*,*,#2078,.T.);
#2867=ORIENTED_EDGE('',*,*,#2081,.T.);
#2868=ORIENTED_EDGE('',*,*,#2085,.T.);
#2869=ORIENTED_EDGE('',*,*,#2082,.T.);
#2870=ORIENTED_EDGE('',*,*,#2079,.T.);
#2871=ORIENTED_EDGE('',*,*,#2076,.T.);
#2872=CYLINDRICAL_SURFACE('',#3123,4.);
#2873=CYLINDRICAL_SURFACE('',#3126,4.);
#2874=CYLINDRICAL_SURFACE('',#3132,1.6);
#2875=CYLINDRICAL_SURFACE('',#3135,1.6);
#2876=CYLINDRICAL_SURFACE('',#3138,1.6);
#2877=CYLINDRICAL_SURFACE('',#3141,1.6);
#2878=CYLINDRICAL_SURFACE('',#3144,4.);
#2879=CYLINDRICAL_SURFACE('',#3147,4.);
#2880=CYLINDRICAL_SURFACE('',#3157,4.5);
#2881=CYLINDRICAL_SURFACE('',#3168,1.5);
#2882=CYLINDRICAL_SURFACE('',#3277,10.75);
#2883=ADVANCED_FACE('',(#269),#2872,.F.);
#2884=ADVANCED_FACE('',(#270),#2873,.F.);
#2885=ADVANCED_FACE('',(#271),#85,.F.);
#2886=ADVANCED_FACE('',(#272),#86,.F.);
#2887=ADVANCED_FACE('',(#273),#87,.F.);
#2888=ADVANCED_FACE('',(#274),#2874,.F.);
#2889=ADVANCED_FACE('',(#275),#2875,.F.);
#2890=ADVANCED_FACE('',(#276),#2876,.F.);
#2891=ADVANCED_FACE('',(#277),#2877,.F.);
#2892=ADVANCED_FACE('',(#278),#2878,.F.);
#2893=ADVANCED_FACE('',(#279),#2879,.F.);
#2894=ADVANCED_FACE('',(#280),#88,.T.);
#2895=ADVANCED_FACE('',(#281),#89,.T.);
#2896=ADVANCED_FACE('',(#282),#90,.T.);
#2897=ADVANCED_FACE('',(#283,#77,#78,#79,#80),#91,.T.);
#2898=ADVANCED_FACE('',(#284,#81,#82,#83,#84),#92,.F.);
#2899=ADVANCED_FACE('',(#285),#93,.T.);
#2900=ADVANCED_FACE('',(#286),#94,.T.);
#2901=ADVANCED_FACE('',(#287),#2880,.T.);
#2902=ADVANCED_FACE('',(#288),#95,.T.);
#2903=ADVANCED_FACE('',(#289),#96,.F.);
#2904=ADVANCED_FACE('',(#290),#97,.T.);
#2905=ADVANCED_FACE('',(#291),#98,.T.);
#2906=ADVANCED_FACE('',(#292),#99,.T.);
#2907=ADVANCED_FACE('',(#293),#100,.T.);
#2908=ADVANCED_FACE('',(#294),#101,.T.);
#2909=ADVANCED_FACE('',(#295),#102,.F.);
#2910=ADVANCED_FACE('',(#296),#2881,.T.);
#2911=ADVANCED_FACE('',(#297),#103,.T.);
#2912=ADVANCED_FACE('',(#298),#104,.F.);
#2913=ADVANCED_FACE('',(#299),#105,.T.);
#2914=ADVANCED_FACE('',(#300),#106,.T.);
#2915=ADVANCED_FACE('',(#301),#107,.T.);
#2916=ADVANCED_FACE('',(#302),#108,.T.);
#2917=ADVANCED_FACE('',(#303),#109,.T.);
#2918=ADVANCED_FACE('',(#304),#110,.F.);
#2919=ADVANCED_FACE('',(#305),#111,.T.);
#2920=ADVANCED_FACE('',(#306),#112,.T.);
#2921=ADVANCED_FACE('',(#307),#113,.T.);
#2922=ADVANCED_FACE('',(#308),#114,.T.);
#2923=ADVANCED_FACE('',(#309),#115,.T.);
#2924=ADVANCED_FACE('',(#310),#116,.F.);
#2925=ADVANCED_FACE('',(#311),#117,.T.);
#2926=ADVANCED_FACE('',(#312),#118,.T.);
#2927=ADVANCED_FACE('',(#313),#119,.T.);
#2928=ADVANCED_FACE('',(#314),#120,.T.);
#2929=ADVANCED_FACE('',(#315),#121,.T.);
#2930=ADVANCED_FACE('',(#316),#122,.F.);
#2931=ADVANCED_FACE('',(#317),#123,.T.);
#2932=ADVANCED_FACE('',(#318),#124,.T.);
#2933=ADVANCED_FACE('',(#319),#125,.T.);
#2934=ADVANCED_FACE('',(#320),#126,.T.);
#2935=ADVANCED_FACE('',(#321),#127,.T.);
#2936=ADVANCED_FACE('',(#322),#128,.F.);
#2937=ADVANCED_FACE('',(#323),#129,.T.);
#2938=ADVANCED_FACE('',(#324),#130,.T.);
#2939=ADVANCED_FACE('',(#325),#131,.T.);
#2940=ADVANCED_FACE('',(#326),#132,.T.);
#2941=ADVANCED_FACE('',(#327),#133,.T.);
#2942=ADVANCED_FACE('',(#328),#134,.F.);
#2943=ADVANCED_FACE('',(#329),#135,.T.);
#2944=ADVANCED_FACE('',(#330),#136,.T.);
#2945=ADVANCED_FACE('',(#331),#137,.T.);
#2946=ADVANCED_FACE('',(#332),#138,.T.);
#2947=ADVANCED_FACE('',(#333),#139,.T.);
#2948=ADVANCED_FACE('',(#334),#140,.F.);
#2949=ADVANCED_FACE('',(#335),#141,.T.);
#2950=ADVANCED_FACE('',(#336),#142,.T.);
#2951=ADVANCED_FACE('',(#337),#143,.T.);
#2952=ADVANCED_FACE('',(#338),#144,.T.);
#2953=ADVANCED_FACE('',(#339),#145,.T.);
#2954=ADVANCED_FACE('',(#340),#146,.T.);
#2955=ADVANCED_FACE('',(#341),#147,.T.);
#2956=ADVANCED_FACE('',(#342),#148,.T.);
#2957=ADVANCED_FACE('',(#343),#149,.T.);
#2958=ADVANCED_FACE('',(#344),#150,.T.);
#2959=ADVANCED_FACE('',(#345),#151,.T.);
#2960=ADVANCED_FACE('',(#346),#152,.T.);
#2961=ADVANCED_FACE('',(#347),#153,.T.);
#2962=ADVANCED_FACE('',(#348),#154,.T.);
#2963=ADVANCED_FACE('',(#349),#155,.T.);
#2964=ADVANCED_FACE('',(#350),#156,.T.);
#2965=ADVANCED_FACE('',(#351),#157,.T.);
#2966=ADVANCED_FACE('',(#352),#158,.T.);
#2967=ADVANCED_FACE('',(#353),#159,.T.);
#2968=ADVANCED_FACE('',(#354),#160,.T.);
#2969=ADVANCED_FACE('',(#355),#161,.T.);
#2970=ADVANCED_FACE('',(#356),#162,.T.);
#2971=ADVANCED_FACE('',(#357),#163,.T.);
#2972=ADVANCED_FACE('',(#358),#164,.T.);
#2973=ADVANCED_FACE('',(#359),#165,.T.);
#2974=ADVANCED_FACE('',(#360),#166,.T.);
#2975=ADVANCED_FACE('',(#361),#167,.T.);
#2976=ADVANCED_FACE('',(#362),#168,.T.);
#2977=ADVANCED_FACE('',(#363),#169,.T.);
#2978=ADVANCED_FACE('',(#364),#170,.T.);
#2979=ADVANCED_FACE('',(#365),#171,.T.);
#2980=ADVANCED_FACE('',(#366),#172,.T.);
#2981=ADVANCED_FACE('',(#367),#173,.T.);
#2982=ADVANCED_FACE('',(#368),#174,.T.);
#2983=ADVANCED_FACE('',(#369),#175,.T.);
#2984=ADVANCED_FACE('',(#370),#176,.T.);
#2985=ADVANCED_FACE('',(#371),#177,.T.);
#2986=ADVANCED_FACE('',(#372),#178,.T.);
#2987=ADVANCED_FACE('',(#373),#179,.T.);
#2988=ADVANCED_FACE('',(#374),#180,.T.);
#2989=ADVANCED_FACE('',(#375),#181,.T.);
#2990=ADVANCED_FACE('',(#376),#182,.T.);
#2991=ADVANCED_FACE('',(#377),#183,.T.);
#2992=ADVANCED_FACE('',(#378),#184,.T.);
#2993=ADVANCED_FACE('',(#379),#185,.T.);
#2994=ADVANCED_FACE('',(#380),#186,.T.);
#2995=ADVANCED_FACE('',(#381),#187,.T.);
#2996=ADVANCED_FACE('',(#382),#188,.T.);
#2997=ADVANCED_FACE('',(#383),#189,.T.);
#2998=ADVANCED_FACE('',(#384),#190,.T.);
#2999=ADVANCED_FACE('',(#385),#191,.T.);
#3000=ADVANCED_FACE('',(#386),#192,.T.);
#3001=ADVANCED_FACE('',(#387),#193,.T.);
#3002=ADVANCED_FACE('',(#388),#194,.T.);
#3003=ADVANCED_FACE('',(#389),#195,.T.);
#3004=ADVANCED_FACE('',(#390),#196,.T.);
#3005=ADVANCED_FACE('',(#391),#197,.T.);
#3006=ADVANCED_FACE('',(#392),#198,.T.);
#3007=ADVANCED_FACE('',(#393),#199,.T.);
#3008=ADVANCED_FACE('',(#394),#200,.T.);
#3009=ADVANCED_FACE('',(#395),#201,.T.);
#3010=ADVANCED_FACE('',(#396),#202,.T.);
#3011=ADVANCED_FACE('',(#397),#203,.T.);
#3012=ADVANCED_FACE('',(#398),#204,.T.);
#3013=ADVANCED_FACE('',(#399),#205,.T.);
#3014=ADVANCED_FACE('',(#400),#206,.T.);
#3015=ADVANCED_FACE('',(#401),#207,.F.);
#3016=ADVANCED_FACE('',(#402),#2882,.T.);
#3017=ADVANCED_FACE('',(#403),#208,.T.);
#3018=ADVANCED_FACE('',(#404),#209,.T.);
#3019=ADVANCED_FACE('',(#405),#210,.T.);
#3020=ADVANCED_FACE('',(#406),#211,.T.);
#3021=ADVANCED_FACE('',(#407),#212,.T.);
#3022=ADVANCED_FACE('',(#408),#213,.T.);
#3023=ADVANCED_FACE('',(#409),#214,.T.);
#3024=ADVANCED_FACE('',(#410),#215,.T.);
#3025=ADVANCED_FACE('',(#411),#216,.T.);
#3026=ADVANCED_FACE('',(#412),#217,.T.);
#3027=ADVANCED_FACE('',(#413),#218,.T.);
#3028=ADVANCED_FACE('',(#414),#219,.T.);
#3029=ADVANCED_FACE('',(#415),#220,.T.);
#3030=ADVANCED_FACE('',(#416),#221,.T.);
#3031=ADVANCED_FACE('',(#417),#222,.T.);
#3032=ADVANCED_FACE('',(#418),#223,.T.);
#3033=ADVANCED_FACE('',(#419),#224,.T.);
#3034=ADVANCED_FACE('',(#420),#225,.T.);
#3035=ADVANCED_FACE('',(#421),#226,.T.);
#3036=ADVANCED_FACE('',(#422),#227,.T.);
#3037=ADVANCED_FACE('',(#423),#228,.T.);
#3038=ADVANCED_FACE('',(#424),#229,.T.);
#3039=ADVANCED_FACE('',(#425),#230,.T.);
#3040=ADVANCED_FACE('',(#426),#231,.T.);
#3041=ADVANCED_FACE('',(#427),#232,.T.);
#3042=ADVANCED_FACE('',(#428),#233,.T.);
#3043=ADVANCED_FACE('',(#429),#234,.T.);
#3044=ADVANCED_FACE('',(#430),#235,.T.);
#3045=ADVANCED_FACE('',(#431),#236,.T.);
#3046=ADVANCED_FACE('',(#432),#237,.T.);
#3047=ADVANCED_FACE('',(#433),#238,.T.);
#3048=ADVANCED_FACE('',(#434),#239,.T.);
#3049=ADVANCED_FACE('',(#435),#240,.T.);
#3050=ADVANCED_FACE('',(#436),#241,.T.);
#3051=ADVANCED_FACE('',(#437),#242,.T.);
#3052=ADVANCED_FACE('',(#438),#243,.T.);
#3053=ADVANCED_FACE('',(#439),#244,.T.);
#3054=ADVANCED_FACE('',(#440),#245,.T.);
#3055=ADVANCED_FACE('',(#441),#246,.T.);
#3056=ADVANCED_FACE('',(#442),#247,.T.);
#3057=ADVANCED_FACE('',(#443),#248,.T.);
#3058=ADVANCED_FACE('',(#444),#249,.T.);
#3059=ADVANCED_FACE('',(#445),#250,.T.);
#3060=ADVANCED_FACE('',(#446),#251,.T.);
#3061=ADVANCED_FACE('',(#447),#252,.T.);
#3062=ADVANCED_FACE('',(#448),#253,.T.);
#3063=ADVANCED_FACE('',(#449),#254,.T.);
#3064=ADVANCED_FACE('',(#450),#255,.T.);
#3065=ADVANCED_FACE('',(#451),#256,.T.);
#3066=ADVANCED_FACE('',(#452),#257,.T.);
#3067=ADVANCED_FACE('',(#453),#258,.T.);
#3068=ADVANCED_FACE('',(#454),#259,.T.);
#3069=ADVANCED_FACE('',(#455),#260,.T.);
#3070=ADVANCED_FACE('',(#456),#261,.T.);
#3071=ADVANCED_FACE('',(#457),#262,.T.);
#3072=ADVANCED_FACE('',(#458),#263,.T.);
#3073=ADVANCED_FACE('',(#459),#264,.T.);
#3074=ADVANCED_FACE('',(#460),#265,.T.);
#3075=ADVANCED_FACE('',(#461),#266,.T.);
#3076=ADVANCED_FACE('',(#462),#267,.T.);
#3077=ADVANCED_FACE('',(#463),#268,.T.);
#3078=CLOSED_SHELL('',(#2883,#2884,#2885,#2886,#2887,#2888,#2889,#2890,
#2891,#2892,#2893,#2894,#2895,#2896,#2897,#2898,#2899,#2900));
#3079=CLOSED_SHELL('',(#2901,#2902,#2903));
#3080=CLOSED_SHELL('',(#2904,#2905,#2906,#2907,#2908,#2909));
#3081=CLOSED_SHELL('',(#2910,#2911,#2912));
#3082=CLOSED_SHELL('',(#2913,#2914,#2915,#2916,#2917,#2918));
#3083=CLOSED_SHELL('',(#2919,#2920,#2921,#2922,#2923,#2924));
#3084=CLOSED_SHELL('',(#2925,#2926,#2927,#2928,#2929,#2930));
#3085=CLOSED_SHELL('',(#2931,#2932,#2933,#2934,#2935,#2936));
#3086=CLOSED_SHELL('',(#2937,#2938,#2939,#2940,#2941,#2942));
#3087=CLOSED_SHELL('',(#2943,#2944,#2945,#2946,#2947,#2948));
#3088=CLOSED_SHELL('',(#2949,#2950,#2951,#2952,#2953,#2954));
#3089=CLOSED_SHELL('',(#2955,#2956,#2957,#2958,#2959,#2960));
#3090=CLOSED_SHELL('',(#2961,#2962,#2963,#2964,#2965,#2966));
#3091=CLOSED_SHELL('',(#2967,#2968,#2969,#2970,#2971,#2972));
#3092=CLOSED_SHELL('',(#2973,#2974,#2975,#2976,#2977,#2978));
#3093=CLOSED_SHELL('',(#2979,#2980,#2981,#2982,#2983,#2984));
#3094=CLOSED_SHELL('',(#2985,#2986,#2987,#2988,#2989,#2990));
#3095=CLOSED_SHELL('',(#2991,#2992,#2993,#2994,#2995,#2996));
#3096=CLOSED_SHELL('',(#2997,#2998,#2999,#3000,#3001,#3002));
#3097=CLOSED_SHELL('',(#3003,#3004,#3005,#3006,#3007,#3008));
#3098=CLOSED_SHELL('',(#3009,#3010,#3011,#3012,#3013,#3014));
#3099=CLOSED_SHELL('',(#3015,#3016,#3017));
#3100=CLOSED_SHELL('',(#3018,#3019,#3020,#3021,#3022,#3023));
#3101=CLOSED_SHELL('',(#3024,#3025,#3026,#3027,#3028,#3029));
#3102=CLOSED_SHELL('',(#3030,#3031,#3032,#3033,#3034,#3035));
#3103=CLOSED_SHELL('',(#3036,#3037,#3038,#3039,#3040,#3041));
#3104=CLOSED_SHELL('',(#3042,#3043,#3044,#3045,#3046,#3047));
#3105=CLOSED_SHELL('',(#3048,#3049,#3050,#3051,#3052,#3053));
#3106=CLOSED_SHELL('',(#3054,#3055,#3056,#3057,#3058,#3059));
#3107=CLOSED_SHELL('',(#3060,#3061,#3062,#3063,#3064,#3065));
#3108=CLOSED_SHELL('',(#3066,#3067,#3068,#3069,#3070,#3071));
#3109=CLOSED_SHELL('',(#3072,#3073,#3074,#3075,#3076,#3077));
#3110=DERIVED_UNIT_ELEMENT(#3112,1.);
#3111=DERIVED_UNIT_ELEMENT(#5003,-3.);
#3112=(
MASS_UNIT()
NAMED_UNIT(*)
SI_UNIT(.KILO.,.GRAM.)
);
#3113=DERIVED_UNIT((#3110,#3111));
#3114=MEASURE_REPRESENTATION_ITEM('density measure',
POSITIVE_RATIO_MEASURE(7850.),#3113);
#3115=PROPERTY_DEFINITION_REPRESENTATION(#3120,#3117);
#3116=PROPERTY_DEFINITION_REPRESENTATION(#3121,#3118);
#3117=REPRESENTATION('material name',(#3119),#5000);
#3118=REPRESENTATION('density',(#3114),#5000);
#3119=DESCRIPTIVE_REPRESENTATION_ITEM('\X\C7elik','\X\C7elik');
#3120=PROPERTY_DEFINITION('material property','material name',#5010);
#3121=PROPERTY_DEFINITION('material property','density of part',#5010);
#3122=AXIS2_PLACEMENT_3D('',#4147,#3340,#3341);
#3123=AXIS2_PLACEMENT_3D('',#4148,#3342,#3343);
#3124=AXIS2_PLACEMENT_3D('',#4153,#3345,#3346);
#3125=AXIS2_PLACEMENT_3D('',#4156,#3348,#3349);
#3126=AXIS2_PLACEMENT_3D('',#4157,#3350,#3351);
#3127=AXIS2_PLACEMENT_3D('',#4162,#3353,#3354);
#3128=AXIS2_PLACEMENT_3D('',#4165,#3356,#3357);
#3129=AXIS2_PLACEMENT_3D('',#4166,#3358,#3359);
#3130=AXIS2_PLACEMENT_3D('',#4175,#3364,#3365);
#3131=AXIS2_PLACEMENT_3D('',#4181,#3369,#3370);
#3132=AXIS2_PLACEMENT_3D('',#4187,#3374,#3375);
#3133=AXIS2_PLACEMENT_3D('',#4189,#3376,#3377);
#3134=AXIS2_PLACEMENT_3D('',#4192,#3379,#3380);
#3135=AXIS2_PLACEMENT_3D('',#4193,#3381,#3382);
#3136=AXIS2_PLACEMENT_3D('',#4195,#3383,#3384);
#3137=AXIS2_PLACEMENT_3D('',#4198,#3386,#3387);
#3138=AXIS2_PLACEMENT_3D('',#4199,#3388,#3389);
#3139=AXIS2_PLACEMENT_3D('',#4201,#3390,#3391);
#3140=AXIS2_PLACEMENT_3D('',#4204,#3393,#3394);
#3141=AXIS2_PLACEMENT_3D('',#4205,#3395,#3396);
#3142=AXIS2_PLACEMENT_3D('',#4207,#3397,#3398);
#3143=AXIS2_PLACEMENT_3D('',#4210,#3400,#3401);
#3144=AXIS2_PLACEMENT_3D('',#4211,#3402,#3403);
#3145=AXIS2_PLACEMENT_3D('',#4214,#3404,#3405);
#3146=AXIS2_PLACEMENT_3D('',#4218,#3407,#3408);
#3147=AXIS2_PLACEMENT_3D('',#4220,#3410,#3411);
#3148=AXIS2_PLACEMENT_3D('',#4223,#3412,#3413);
#3149=AXIS2_PLACEMENT_3D('',#4227,#3415,#3416);
#3150=AXIS2_PLACEMENT_3D('',#4229,#3418,#3419);
#3151=AXIS2_PLACEMENT_3D('',#4232,#3422,#3423);
#3152=AXIS2_PLACEMENT_3D('',#4235,#3426,#3427);
#3153=AXIS2_PLACEMENT_3D('',#4238,#3430,#3431);
#3154=AXIS2_PLACEMENT_3D('',#4241,#3434,#3435);
#3155=AXIS2_PLACEMENT_3D('',#4244,#3438,#3439);
#3156=AXIS2_PLACEMENT_3D('',#4245,#3440,#3441);
#3157=AXIS2_PLACEMENT_3D('',#4246,#3442,#3443);
#3158=AXIS2_PLACEMENT_3D('',#4248,#3444,#3445);
#3159=AXIS2_PLACEMENT_3D('',#4251,#3447,#3448);
#3160=AXIS2_PLACEMENT_3D('',#4252,#3449,#3450);
#3161=AXIS2_PLACEMENT_3D('',#4253,#3451,#3452);
#3162=AXIS2_PLACEMENT_3D('',#4254,#3453,#3454);
#3163=AXIS2_PLACEMENT_3D('',#4263,#3459,#3460);
#3164=AXIS2_PLACEMENT_3D('',#4269,#3464,#3465);
#3165=AXIS2_PLACEMENT_3D('',#4275,#3469,#3470);
#3166=AXIS2_PLACEMENT_3D('',#4278,#3473,#3474);
#3167=AXIS2_PLACEMENT_3D('',#4279,#3475,#3476);
#3168=AXIS2_PLACEMENT_3D('',#4280,#3477,#3478);
#3169=AXIS2_PLACEMENT_3D('',#4282,#3479,#3480);
#3170=AXIS2_PLACEMENT_3D('',#4285,#3482,#3483);
#3171=AXIS2_PLACEMENT_3D('',#4286,#3484,#3485);
#3172=AXIS2_PLACEMENT_3D('',#4287,#3486,#3487);
#3173=AXIS2_PLACEMENT_3D('',#4288,#3488,#3489);
#3174=AXIS2_PLACEMENT_3D('',#4297,#3494,#3495);
#3175=AXIS2_PLACEMENT_3D('',#4303,#3499,#3500);
#3176=AXIS2_PLACEMENT_3D('',#4309,#3504,#3505);
#3177=AXIS2_PLACEMENT_3D('',#4312,#3508,#3509);
#3178=AXIS2_PLACEMENT_3D('',#4313,#3510,#3511);
#3179=AXIS2_PLACEMENT_3D('',#4314,#3512,#3513);
#3180=AXIS2_PLACEMENT_3D('',#4323,#3518,#3519);
#3181=AXIS2_PLACEMENT_3D('',#4329,#3523,#3524);
#3182=AXIS2_PLACEMENT_3D('',#4335,#3528,#3529);
#3183=AXIS2_PLACEMENT_3D('',#4338,#3532,#3533);
#3184=AXIS2_PLACEMENT_3D('',#4339,#3534,#3535);
#3185=AXIS2_PLACEMENT_3D('',#4340,#3536,#3537);
#3186=AXIS2_PLACEMENT_3D('',#4349,#3542,#3543);
#3187=AXIS2_PLACEMENT_3D('',#4355,#3547,#3548);
#3188=AXIS2_PLACEMENT_3D('',#4361,#3552,#3553);
#3189=AXIS2_PLACEMENT_3D('',#4364,#3556,#3557);
#3190=AXIS2_PLACEMENT_3D('',#4365,#3558,#3559);
#3191=AXIS2_PLACEMENT_3D('',#4366,#3560,#3561);
#3192=AXIS2_PLACEMENT_3D('',#4375,#3566,#3567);
#3193=AXIS2_PLACEMENT_3D('',#4381,#3571,#3572);
#3194=AXIS2_PLACEMENT_3D('',#4387,#3576,#3577);
#3195=AXIS2_PLACEMENT_3D('',#4390,#3580,#3581);
#3196=AXIS2_PLACEMENT_3D('',#4391,#3582,#3583);
#3197=AXIS2_PLACEMENT_3D('',#4392,#3584,#3585);
#3198=AXIS2_PLACEMENT_3D('',#4401,#3590,#3591);
#3199=AXIS2_PLACEMENT_3D('',#4407,#3595,#3596);
#3200=AXIS2_PLACEMENT_3D('',#4413,#3600,#3601);
#3201=AXIS2_PLACEMENT_3D('',#4416,#3604,#3605);
#3202=AXIS2_PLACEMENT_3D('',#4417,#3606,#3607);
#3203=AXIS2_PLACEMENT_3D('',#4418,#3608,#3609);
#3204=AXIS2_PLACEMENT_3D('',#4427,#3614,#3615);
#3205=AXIS2_PLACEMENT_3D('',#4433,#3619,#3620);
#3206=AXIS2_PLACEMENT_3D('',#4439,#3624,#3625);
#3207=AXIS2_PLACEMENT_3D('',#4442,#3628,#3629);
#3208=AXIS2_PLACEMENT_3D('',#4443,#3630,#3631);
#3209=AXIS2_PLACEMENT_3D('',#4444,#3632,#3633);
#3210=AXIS2_PLACEMENT_3D('',#4453,#3638,#3639);
#3211=AXIS2_PLACEMENT_3D('',#4459,#3643,#3644);
#3212=AXIS2_PLACEMENT_3D('',#4465,#3648,#3649);
#3213=AXIS2_PLACEMENT_3D('',#4468,#3652,#3653);
#3214=AXIS2_PLACEMENT_3D('',#4469,#3654,#3655);
#3215=AXIS2_PLACEMENT_3D('',#4470,#3656,#3657);
#3216=AXIS2_PLACEMENT_3D('',#4479,#3662,#3663);
#3217=AXIS2_PLACEMENT_3D('',#4485,#3667,#3668);
#3218=AXIS2_PLACEMENT_3D('',#4491,#3672,#3673);
#3219=AXIS2_PLACEMENT_3D('',#4494,#3676,#3677);
#3220=AXIS2_PLACEMENT_3D('',#4495,#3678,#3679);
#3221=AXIS2_PLACEMENT_3D('',#4496,#3680,#3681);
#3222=AXIS2_PLACEMENT_3D('',#4505,#3686,#3687);
#3223=AXIS2_PLACEMENT_3D('',#4511,#3691,#3692);
#3224=AXIS2_PLACEMENT_3D('',#4517,#3696,#3697);
#3225=AXIS2_PLACEMENT_3D('',#4520,#3700,#3701);
#3226=AXIS2_PLACEMENT_3D('',#4521,#3702,#3703);
#3227=AXIS2_PLACEMENT_3D('',#4522,#3704,#3705);
#3228=AXIS2_PLACEMENT_3D('',#4531,#3710,#3711);
#3229=AXIS2_PLACEMENT_3D('',#4537,#3715,#3716);
#3230=AXIS2_PLACEMENT_3D('',#4543,#3720,#3721);
#3231=AXIS2_PLACEMENT_3D('',#4546,#3724,#3725);
#3232=AXIS2_PLACEMENT_3D('',#4547,#3726,#3727);
#3233=AXIS2_PLACEMENT_3D('',#4548,#3728,#3729);
#3234=AXIS2_PLACEMENT_3D('',#4557,#3734,#3735);
#3235=AXIS2_PLACEMENT_3D('',#4563,#3739,#3740);
#3236=AXIS2_PLACEMENT_3D('',#4569,#3744,#3745);
#3237=AXIS2_PLACEMENT_3D('',#4572,#3748,#3749);
#3238=AXIS2_PLACEMENT_3D('',#4573,#3750,#3751);
#3239=AXIS2_PLACEMENT_3D('',#4574,#3752,#3753);
#3240=AXIS2_PLACEMENT_3D('',#4583,#3758,#3759);
#3241=AXIS2_PLACEMENT_3D('',#4589,#3763,#3764);
#3242=AXIS2_PLACEMENT_3D('',#4595,#3768,#3769);
#3243=AXIS2_PLACEMENT_3D('',#4598,#3772,#3773);
#3244=AXIS2_PLACEMENT_3D('',#4599,#3774,#3775);
#3245=AXIS2_PLACEMENT_3D('',#4600,#3776,#3777);
#3246=AXIS2_PLACEMENT_3D('',#4609,#3782,#3783);
#3247=AXIS2_PLACEMENT_3D('',#4615,#3787,#3788);
#3248=AXIS2_PLACEMENT_3D('',#4621,#3792,#3793);
#3249=AXIS2_PLACEMENT_3D('',#4624,#3796,#3797);
#3250=AXIS2_PLACEMENT_3D('',#4625,#3798,#3799);
#3251=AXIS2_PLACEMENT_3D('',#4626,#3800,#3801);
#3252=AXIS2_PLACEMENT_3D('',#4635,#3806,#3807);
#3253=AXIS2_PLACEMENT_3D('',#4641,#3811,#3812);
#3254=AXIS2_PLACEMENT_3D('',#4647,#3816,#3817);
#3255=AXIS2_PLACEMENT_3D('',#4650,#3820,#3821);
#3256=AXIS2_PLACEMENT_3D('',#4651,#3822,#3823);
#3257=AXIS2_PLACEMENT_3D('',#4652,#3824,#3825);
#3258=AXIS2_PLACEMENT_3D('',#4661,#3830,#3831);
#3259=AXIS2_PLACEMENT_3D('',#4667,#3835,#3836);
#3260=AXIS2_PLACEMENT_3D('',#4673,#3840,#3841);
#3261=AXIS2_PLACEMENT_3D('',#4676,#3844,#3845);
#3262=AXIS2_PLACEMENT_3D('',#4677,#3846,#3847);
#3263=AXIS2_PLACEMENT_3D('',#4678,#3848,#3849);
#3264=AXIS2_PLACEMENT_3D('',#4687,#3854,#3855);
#3265=AXIS2_PLACEMENT_3D('',#4693,#3859,#3860);
#3266=AXIS2_PLACEMENT_3D('',#4699,#3864,#3865);
#3267=AXIS2_PLACEMENT_3D('',#4702,#3868,#3869);
#3268=AXIS2_PLACEMENT_3D('',#4703,#3870,#3871);
#3269=AXIS2_PLACEMENT_3D('',#4704,#3872,#3873);
#3270=AXIS2_PLACEMENT_3D('',#4713,#3878,#3879);
#3271=AXIS2_PLACEMENT_3D('',#4719,#3883,#3884);
#3272=AXIS2_PLACEMENT_3D('',#4725,#3888,#3889);
#3273=AXIS2_PLACEMENT_3D('',#4728,#3892,#3893);
#3274=AXIS2_PLACEMENT_3D('',#4729,#3894,#3895);
#3275=AXIS2_PLACEMENT_3D('',#4730,#3896,#3897);
#3276=AXIS2_PLACEMENT_3D('',#4732,#3898,#3899);
#3277=AXIS2_PLACEMENT_3D('',#4733,#3900,#3901);
#3278=AXIS2_PLACEMENT_3D('',#4735,#3902,#3903);
#3279=AXIS2_PLACEMENT_3D('',#4737,#3905,#3906);
#3280=AXIS2_PLACEMENT_3D('',#4738,#3907,#3908);
#3281=AXIS2_PLACEMENT_3D('',#4747,#3913,#3914);
#3282=AXIS2_PLACEMENT_3D('',#4753,#3918,#3919);
#3283=AXIS2_PLACEMENT_3D('',#4759,#3923,#3924);
#3284=AXIS2_PLACEMENT_3D('',#4762,#3927,#3928);
#3285=AXIS2_PLACEMENT_3D('',#4763,#3929,#3930);
#3286=AXIS2_PLACEMENT_3D('',#4764,#3931,#3932);
#3287=AXIS2_PLACEMENT_3D('',#4773,#3937,#3938);
#3288=AXIS2_PLACEMENT_3D('',#4779,#3942,#3943);
#3289=AXIS2_PLACEMENT_3D('',#4785,#3947,#3948);
#3290=AXIS2_PLACEMENT_3D('',#4788,#3951,#3952);
#3291=AXIS2_PLACEMENT_3D('',#4789,#3953,#3954);
#3292=AXIS2_PLACEMENT_3D('',#4790,#3955,#3956);
#3293=AXIS2_PLACEMENT_3D('',#4799,#3961,#3962);
#3294=AXIS2_PLACEMENT_3D('',#4805,#3966,#3967);
#3295=AXIS2_PLACEMENT_3D('',#4811,#3971,#3972);
#3296=AXIS2_PLACEMENT_3D('',#4814,#3975,#3976);
#3297=AXIS2_PLACEMENT_3D('',#4815,#3977,#3978);
#3298=AXIS2_PLACEMENT_3D('',#4816,#3979,#3980);
#3299=AXIS2_PLACEMENT_3D('',#4825,#3985,#3986);
#3300=AXIS2_PLACEMENT_3D('',#4831,#3990,#3991);
#3301=AXIS2_PLACEMENT_3D('',#4837,#3995,#3996);
#3302=AXIS2_PLACEMENT_3D('',#4840,#3999,#4000);
#3303=AXIS2_PLACEMENT_3D('',#4841,#4001,#4002);
#3304=AXIS2_PLACEMENT_3D('',#4842,#4003,#4004);
#3305=AXIS2_PLACEMENT_3D('',#4851,#4009,#4010);
#3306=AXIS2_PLACEMENT_3D('',#4857,#4014,#4015);
#3307=AXIS2_PLACEMENT_3D('',#4863,#4019,#4020);
#3308=AXIS2_PLACEMENT_3D('',#4866,#4023,#4024);
#3309=AXIS2_PLACEMENT_3D('',#4867,#4025,#4026);
#3310=AXIS2_PLACEMENT_3D('',#4868,#4027,#4028);
#3311=AXIS2_PLACEMENT_3D('',#4877,#4033,#4034);
#3312=AXIS2_PLACEMENT_3D('',#4883,#4038,#4039);
#3313=AXIS2_PLACEMENT_3D('',#4889,#4043,#4044);
#3314=AXIS2_PLACEMENT_3D('',#4892,#4047,#4048);
#3315=AXIS2_PLACEMENT_3D('',#4893,#4049,#4050);
#3316=AXIS2_PLACEMENT_3D('',#4894,#4051,#4052);
#3317=AXIS2_PLACEMENT_3D('',#4903,#4057,#4058);
#3318=AXIS2_PLACEMENT_3D('',#4909,#4062,#4063);
#3319=AXIS2_PLACEMENT_3D('',#4915,#4067,#4068);
#3320=AXIS2_PLACEMENT_3D('',#4918,#4071,#4072);
#3321=AXIS2_PLACEMENT_3D('',#4919,#4073,#4074);
#3322=AXIS2_PLACEMENT_3D('',#4920,#4075,#4076);
#3323=AXIS2_PLACEMENT_3D('',#4929,#4081,#4082);
#3324=AXIS2_PLACEMENT_3D('',#4935,#4086,#4087);
#3325=AXIS2_PLACEMENT_3D('',#4941,#4091,#4092);
#3326=AXIS2_PLACEMENT_3D('',#4944,#4095,#4096);
#3327=AXIS2_PLACEMENT_3D('',#4945,#4097,#4098);
#3328=AXIS2_PLACEMENT_3D('',#4946,#4099,#4100);
#3329=AXIS2_PLACEMENT_3D('',#4955,#4105,#4106);
#3330=AXIS2_PLACEMENT_3D('',#4961,#4110,#4111);
#3331=AXIS2_PLACEMENT_3D('',#4967,#4115,#4116);
#3332=AXIS2_PLACEMENT_3D('',#4970,#4119,#4120);
#3333=AXIS2_PLACEMENT_3D('',#4971,#4121,#4122);
#3334=AXIS2_PLACEMENT_3D('',#4972,#4123,#4124);
#3335=AXIS2_PLACEMENT_3D('',#4981,#4129,#4130);
#3336=AXIS2_PLACEMENT_3D('',#4987,#4134,#4135);
#3337=AXIS2_PLACEMENT_3D('',#4993,#4139,#4140);
#3338=AXIS2_PLACEMENT_3D('',#4996,#4143,#4144);
#3339=AXIS2_PLACEMENT_3D('',#4997,#4145,#4146);
#3340=DIRECTION('axis',(0.,0.,1.));
#3341=DIRECTION('refdir',(1.,0.,0.));
#3342=DIRECTION('center_axis',(0.,0.,1.));
#3343=DIRECTION('ref_axis',(1.,0.,0.));
#3344=DIRECTION('',(0.,0.,-1.));
#3345=DIRECTION('center_axis',(0.,0.,-1.));
#3346=DIRECTION('ref_axis',(1.,0.,0.));
#3347=DIRECTION('',(0.,0.,1.));
#3348=DIRECTION('center_axis',(0.,0.,1.));
#3349=DIRECTION('ref_axis',(1.,0.,0.));
#3350=DIRECTION('center_axis',(0.,0.,1.));
#3351=DIRECTION('ref_axis',(1.,0.,0.));
#3352=DIRECTION('',(0.,0.,1.));
#3353=DIRECTION('center_axis',(0.,0.,1.));
#3354=DIRECTION('ref_axis',(1.,0.,0.));
#3355=DIRECTION('',(0.,0.,-1.));
#3356=DIRECTION('center_axis',(0.,0.,-1.));
#3357=DIRECTION('ref_axis',(1.,0.,0.));
#3358=DIRECTION('center_axis',(1.,0.,0.));
#3359=DIRECTION('ref_axis',(0.,1.,0.));
#3360=DIRECTION('',(0.,-1.,0.));
#3361=DIRECTION('',(0.,0.,1.));
#3362=DIRECTION('',(0.,1.,0.));
#3363=DIRECTION('',(0.,0.,-1.));
#3364=DIRECTION('center_axis',(-4.44089209850064E-15,1.,0.));
#3365=DIRECTION('ref_axis',(-1.,-4.44089209850064E-15,0.));
#3366=DIRECTION('',(1.,4.44089209850064E-15,0.));
#3367=DIRECTION('',(0.,0.,-1.));
#3368=DIRECTION('',(-1.,-4.44089209850064E-15,0.));
#3369=DIRECTION('center_axis',(-1.,0.,0.));
#3370=DIRECTION('ref_axis',(0.,-1.,0.));
#3371=DIRECTION('',(0.,1.,0.));
#3372=DIRECTION('',(0.,0.,1.));
#3373=DIRECTION('',(0.,-1.,0.));
#3374=DIRECTION('center_axis',(0.,0.,1.));
#3375=DIRECTION('ref_axis',(1.,0.,0.));
#3376=DIRECTION('center_axis',(0.,0.,1.));
#3377=DIRECTION('ref_axis',(1.,0.,0.));
#3378=DIRECTION('',(0.,0.,1.));
#3379=DIRECTION('center_axis',(0.,0.,-1.));
#3380=DIRECTION('ref_axis',(1.,0.,0.));
#3381=DIRECTION('center_axis',(0.,0.,1.));
#3382=DIRECTION('ref_axis',(1.,0.,0.));
#3383=DIRECTION('center_axis',(0.,0.,1.));
#3384=DIRECTION('ref_axis',(1.,0.,0.));
#3385=DIRECTION('',(0.,0.,1.));
#3386=DIRECTION('center_axis',(0.,0.,-1.));
#3387=DIRECTION('ref_axis',(1.,0.,0.));
#3388=DIRECTION('center_axis',(0.,0.,1.));
#3389=DIRECTION('ref_axis',(1.,0.,0.));
#3390=DIRECTION('center_axis',(0.,0.,1.));
#3391=DIRECTION('ref_axis',(1.,0.,0.));
#3392=DIRECTION('',(0.,0.,1.));
#3393=DIRECTION('center_axis',(0.,0.,-1.));
#3394=DIRECTION('ref_axis',(1.,0.,0.));
#3395=DIRECTION('center_axis',(0.,0.,1.));
#3396=DIRECTION('ref_axis',(1.,0.,0.));
#3397=DIRECTION('center_axis',(0.,0.,1.));
#3398=DIRECTION('ref_axis',(1.,0.,0.));
#3399=DIRECTION('',(0.,0.,1.));
#3400=DIRECTION('center_axis',(0.,0.,-1.));
#3401=DIRECTION('ref_axis',(1.,0.,0.));
#3402=DIRECTION('center_axis',(0.,0.,1.));
#3403=DIRECTION('ref_axis',(1.,0.,0.));
#3404=DIRECTION('center_axis',(0.,0.,-1.));
#3405=DIRECTION('ref_axis',(1.,0.,0.));
#3406=DIRECTION('',(0.,0.,1.));
#3407=DIRECTION('center_axis',(0.,0.,1.));
#3408=DIRECTION('ref_axis',(1.,0.,0.));
#3409=DIRECTION('',(0.,0.,-1.));
#3410=DIRECTION('center_axis',(0.,0.,1.));
#3411=DIRECTION('ref_axis',(1.,0.,0.));
#3412=DIRECTION('center_axis',(0.,0.,-1.));
#3413=DIRECTION('ref_axis',(1.,0.,0.));
#3414=DIRECTION('',(0.,0.,1.));
#3415=DIRECTION('center_axis',(0.,0.,1.));
#3416=DIRECTION('ref_axis',(1.,0.,0.));
#3417=DIRECTION('',(0.,0.,-1.));
#3418=DIRECTION('center_axis',(0.,-1.,0.));
#3419=DIRECTION('ref_axis',(1.,0.,0.));
#3420=DIRECTION('',(1.,0.,0.));
#3421=DIRECTION('',(1.,0.,0.));
#3422=DIRECTION('center_axis',(0.,-1.,0.));
#3423=DIRECTION('ref_axis',(1.,0.,0.));
#3424=DIRECTION('',(1.,0.,0.));
#3425=DIRECTION('',(1.,0.,0.));
#3426=DIRECTION('center_axis',(0.,1.,0.));
#3427=DIRECTION('ref_axis',(-1.,0.,0.));
#3428=DIRECTION('',(-1.,0.,0.));
#3429=DIRECTION('',(-1.,0.,0.));
#3430=DIRECTION('center_axis',(0.,0.,1.));
#3431=DIRECTION('ref_axis',(1.,0.,0.));
#3432=DIRECTION('',(0.,-1.,0.));
#3433=DIRECTION('',(0.,1.,0.));
#3434=DIRECTION('center_axis',(0.,0.,1.));
#3435=DIRECTION('ref_axis',(1.,0.,0.));
#3436=DIRECTION('',(0.,1.,0.));
#3437=DIRECTION('',(0.,-1.,0.));
#3438=DIRECTION('center_axis',(-1.,0.,0.));
#3439=DIRECTION('ref_axis',(0.,-1.,0.));
#3440=DIRECTION('center_axis',(1.,0.,0.));
#3441=DIRECTION('ref_axis',(0.,1.,0.));
#3442=DIRECTION('center_axis',(0.,0.,1.));
#3443=DIRECTION('ref_axis',(1.,0.,0.));
#3444=DIRECTION('center_axis',(0.,0.,1.));
#3445=DIRECTION('ref_axis',(1.,0.,0.));
#3446=DIRECTION('',(0.,0.,-1.));
#3447=DIRECTION('center_axis',(0.,0.,1.));
#3448=DIRECTION('ref_axis',(1.,0.,0.));
#3449=DIRECTION('center_axis',(0.,0.,1.));
#3450=DIRECTION('ref_axis',(1.,0.,0.));
#3451=DIRECTION('center_axis',(0.,0.,1.));
#3452=DIRECTION('ref_axis',(1.,0.,0.));
#3453=DIRECTION('center_axis',(0.,1.,0.));
#3454=DIRECTION('ref_axis',(-1.,0.,0.));
#3455=DIRECTION('',(-1.,0.,0.));
#3456=DIRECTION('',(0.,0.,1.));
#3457=DIRECTION('',(-1.,0.,0.));
#3458=DIRECTION('',(0.,0.,1.));
#3459=DIRECTION('center_axis',(1.,0.,0.));
#3460=DIRECTION('ref_axis',(0.,1.,0.));
#3461=DIRECTION('',(0.,1.,0.));
#3462=DIRECTION('',(0.,1.,0.));
#3463=DIRECTION('',(0.,0.,1.));
#3464=DIRECTION('center_axis',(0.,-1.,0.));
#3465=DIRECTION('ref_axis',(1.,0.,0.));
#3466=DIRECTION('',(1.,0.,0.));
#3467=DIRECTION('',(1.,0.,0.));
#3468=DIRECTION('',(0.,0.,1.));
#3469=DIRECTION('center_axis',(-1.,0.,0.));
#3470=DIRECTION('ref_axis',(0.,-1.,0.));
#3471=DIRECTION('',(0.,-1.,0.));
#3472=DIRECTION('',(0.,-1.,0.));
#3473=DIRECTION('center_axis',(0.,0.,1.));
#3474=DIRECTION('ref_axis',(1.,0.,0.));
#3475=DIRECTION('center_axis',(0.,0.,1.));
#3476=DIRECTION('ref_axis',(1.,0.,0.));
#3477=DIRECTION('center_axis',(0.,0.,1.));
#3478=DIRECTION('ref_axis',(1.,0.,0.));
#3479=DIRECTION('center_axis',(0.,0.,1.));
#3480=DIRECTION('ref_axis',(1.,0.,0.));
#3481=DIRECTION('',(0.,0.,-1.));
#3482=DIRECTION('center_axis',(0.,0.,1.));
#3483=DIRECTION('ref_axis',(1.,0.,0.));
#3484=DIRECTION('center_axis',(0.,0.,1.));
#3485=DIRECTION('ref_axis',(1.,0.,0.));
#3486=DIRECTION('center_axis',(0.,0.,1.));
#3487=DIRECTION('ref_axis',(1.,0.,0.));
#3488=DIRECTION('center_axis',(0.,1.,0.));
#3489=DIRECTION('ref_axis',(-1.,0.,0.));
#3490=DIRECTION('',(-1.,0.,0.));
#3491=DIRECTION('',(0.,0.,1.));
#3492=DIRECTION('',(-1.,0.,0.));
#3493=DIRECTION('',(0.,0.,1.));
#3494=DIRECTION('center_axis',(1.,0.,0.));
#3495=DIRECTION('ref_axis',(0.,1.,0.));
#3496=DIRECTION('',(0.,1.,0.));
#3497=DIRECTION('',(0.,1.,0.));
#3498=DIRECTION('',(0.,0.,1.));
#3499=DIRECTION('center_axis',(0.,-1.,0.));
#3500=DIRECTION('ref_axis',(1.,0.,0.));
#3501=DIRECTION('',(1.,0.,0.));
#3502=DIRECTION('',(1.,0.,0.));
#3503=DIRECTION('',(0.,0.,1.));
#3504=DIRECTION('center_axis',(-1.,0.,0.));
#3505=DIRECTION('ref_axis',(0.,-1.,0.));
#3506=DIRECTION('',(0.,-1.,0.));
#3507=DIRECTION('',(0.,-1.,0.));
#3508=DIRECTION('center_axis',(0.,0.,1.));
#3509=DIRECTION('ref_axis',(1.,0.,0.));
#3510=DIRECTION('center_axis',(0.,0.,1.));
#3511=DIRECTION('ref_axis',(1.,0.,0.));
#3512=DIRECTION('center_axis',(0.,1.,0.));
#3513=DIRECTION('ref_axis',(-1.,0.,0.));
#3514=DIRECTION('',(-1.,0.,0.));
#3515=DIRECTION('',(0.,0.,1.));
#3516=DIRECTION('',(-1.,0.,0.));
#3517=DIRECTION('',(0.,0.,1.));
#3518=DIRECTION('center_axis',(1.,0.,0.));
#3519=DIRECTION('ref_axis',(0.,1.,0.));
#3520=DIRECTION('',(0.,1.,0.));
#3521=DIRECTION('',(0.,1.,0.));
#3522=DIRECTION('',(0.,0.,1.));
#3523=DIRECTION('center_axis',(0.,-1.,0.));
#3524=DIRECTION('ref_axis',(1.,0.,0.));
#3525=DIRECTION('',(1.,0.,0.));
#3526=DIRECTION('',(1.,0.,0.));
#3527=DIRECTION('',(0.,0.,1.));
#3528=DIRECTION('center_axis',(-1.,0.,0.));
#3529=DIRECTION('ref_axis',(0.,-1.,0.));
#3530=DIRECTION('',(0.,-1.,0.));
#3531=DIRECTION('',(0.,-1.,0.));
#3532=DIRECTION('center_axis',(0.,0.,1.));
#3533=DIRECTION('ref_axis',(1.,0.,0.));
#3534=DIRECTION('center_axis',(0.,0.,1.));
#3535=DIRECTION('ref_axis',(1.,0.,0.));
#3536=DIRECTION('center_axis',(0.,1.,0.));
#3537=DIRECTION('ref_axis',(-1.,0.,0.));
#3538=DIRECTION('',(-1.,0.,0.));
#3539=DIRECTION('',(0.,0.,1.));
#3540=DIRECTION('',(-1.,0.,0.));
#3541=DIRECTION('',(0.,0.,1.));
#3542=DIRECTION('center_axis',(1.,0.,0.));
#3543=DIRECTION('ref_axis',(0.,1.,0.));
#3544=DIRECTION('',(0.,1.,0.));
#3545=DIRECTION('',(0.,1.,0.));
#3546=DIRECTION('',(0.,0.,1.));
#3547=DIRECTION('center_axis',(0.,-1.,0.));
#3548=DIRECTION('ref_axis',(1.,0.,0.));
#3549=DIRECTION('',(1.,0.,0.));
#3550=DIRECTION('',(1.,0.,0.));
#3551=DIRECTION('',(0.,0.,1.));
#3552=DIRECTION('center_axis',(-1.,0.,0.));
#3553=DIRECTION('ref_axis',(0.,-1.,0.));
#3554=DIRECTION('',(0.,-1.,0.));
#3555=DIRECTION('',(0.,-1.,0.));
#3556=DIRECTION('center_axis',(0.,0.,1.));
#3557=DIRECTION('ref_axis',(1.,0.,0.));
#3558=DIRECTION('center_axis',(0.,0.,1.));
#3559=DIRECTION('ref_axis',(1.,0.,0.));
#3560=DIRECTION('center_axis',(0.,1.,0.));
#3561=DIRECTION('ref_axis',(-1.,0.,0.));
#3562=DIRECTION('',(-1.,0.,0.));
#3563=DIRECTION('',(0.,0.,1.));
#3564=DIRECTION('',(-1.,0.,0.));
#3565=DIRECTION('',(0.,0.,1.));
#3566=DIRECTION('center_axis',(1.,0.,0.));
#3567=DIRECTION('ref_axis',(0.,1.,0.));
#3568=DIRECTION('',(0.,1.,0.));
#3569=DIRECTION('',(0.,1.,0.));
#3570=DIRECTION('',(0.,0.,1.));
#3571=DIRECTION('center_axis',(0.,-1.,0.));
#3572=DIRECTION('ref_axis',(1.,0.,0.));
#3573=DIRECTION('',(1.,0.,0.));
#3574=DIRECTION('',(1.,0.,0.));
#3575=DIRECTION('',(0.,0.,1.));
#3576=DIRECTION('center_axis',(-1.,0.,0.));
#3577=DIRECTION('ref_axis',(0.,-1.,0.));
#3578=DIRECTION('',(0.,-1.,0.));
#3579=DIRECTION('',(0.,-1.,0.));
#3580=DIRECTION('center_axis',(0.,0.,1.));
#3581=DIRECTION('ref_axis',(1.,0.,0.));
#3582=DIRECTION('center_axis',(0.,0.,1.));
#3583=DIRECTION('ref_axis',(1.,0.,0.));
#3584=DIRECTION('center_axis',(0.,1.,0.));
#3585=DIRECTION('ref_axis',(-1.,0.,0.));
#3586=DIRECTION('',(-1.,0.,0.));
#3587=DIRECTION('',(0.,0.,1.));
#3588=DIRECTION('',(-1.,0.,0.));
#3589=DIRECTION('',(0.,0.,1.));
#3590=DIRECTION('center_axis',(1.,0.,0.));
#3591=DIRECTION('ref_axis',(0.,1.,0.));
#3592=DIRECTION('',(0.,1.,0.));
#3593=DIRECTION('',(0.,1.,0.));
#3594=DIRECTION('',(0.,0.,1.));
#3595=DIRECTION('center_axis',(0.,-1.,0.));
#3596=DIRECTION('ref_axis',(1.,0.,0.));
#3597=DIRECTION('',(1.,0.,0.));
#3598=DIRECTION('',(1.,0.,0.));
#3599=DIRECTION('',(0.,0.,1.));
#3600=DIRECTION('center_axis',(-1.,0.,0.));
#3601=DIRECTION('ref_axis',(0.,-1.,0.));
#3602=DIRECTION('',(0.,-1.,0.));
#3603=DIRECTION('',(0.,-1.,0.));
#3604=DIRECTION('center_axis',(0.,0.,1.));
#3605=DIRECTION('ref_axis',(1.,0.,0.));
#3606=DIRECTION('center_axis',(0.,0.,1.));
#3607=DIRECTION('ref_axis',(1.,0.,0.));
#3608=DIRECTION('center_axis',(0.,1.,0.));
#3609=DIRECTION('ref_axis',(-1.,0.,0.));
#3610=DIRECTION('',(-1.,0.,0.));
#3611=DIRECTION('',(0.,0.,1.));
#3612=DIRECTION('',(-1.,0.,0.));
#3613=DIRECTION('',(0.,0.,1.));
#3614=DIRECTION('center_axis',(1.,0.,0.));
#3615=DIRECTION('ref_axis',(0.,1.,0.));
#3616=DIRECTION('',(0.,1.,0.));
#3617=DIRECTION('',(0.,1.,0.));
#3618=DIRECTION('',(0.,0.,1.));
#3619=DIRECTION('center_axis',(0.,-1.,0.));
#3620=DIRECTION('ref_axis',(1.,0.,0.));
#3621=DIRECTION('',(1.,0.,0.));
#3622=DIRECTION('',(1.,0.,0.));
#3623=DIRECTION('',(0.,0.,1.));
#3624=DIRECTION('center_axis',(-1.,0.,0.));
#3625=DIRECTION('ref_axis',(0.,-1.,0.));
#3626=DIRECTION('',(0.,-1.,0.));
#3627=DIRECTION('',(0.,-1.,0.));
#3628=DIRECTION('center_axis',(0.,0.,1.));
#3629=DIRECTION('ref_axis',(1.,0.,0.));
#3630=DIRECTION('center_axis',(0.,0.,1.));
#3631=DIRECTION('ref_axis',(1.,0.,0.));
#3632=DIRECTION('center_axis',(0.,-1.,0.));
#3633=DIRECTION('ref_axis',(-1.,0.,0.));
#3634=DIRECTION('',(1.,0.,0.));
#3635=DIRECTION('',(0.,0.,-1.));
#3636=DIRECTION('',(-1.,0.,0.));
#3637=DIRECTION('',(0.,0.,-1.));
#3638=DIRECTION('center_axis',(1.,0.,0.));
#3639=DIRECTION('ref_axis',(0.,-1.,0.));
#3640=DIRECTION('',(0.,1.,0.));
#3641=DIRECTION('',(0.,-1.,0.));
#3642=DIRECTION('',(0.,0.,-1.));
#3643=DIRECTION('center_axis',(0.,1.,0.));
#3644=DIRECTION('ref_axis',(1.,0.,0.));
#3645=DIRECTION('',(-1.,0.,0.));
#3646=DIRECTION('',(1.,0.,0.));
#3647=DIRECTION('',(0.,0.,-1.));
#3648=DIRECTION('center_axis',(-1.,0.,0.));
#3649=DIRECTION('ref_axis',(0.,1.,0.));
#3650=DIRECTION('',(0.,-1.,0.));
#3651=DIRECTION('',(0.,1.,0.));
#3652=DIRECTION('center_axis',(0.,0.,1.));
#3653=DIRECTION('ref_axis',(1.,0.,0.));
#3654=DIRECTION('center_axis',(0.,0.,-1.));
#3655=DIRECTION('ref_axis',(-1.,0.,0.));
#3656=DIRECTION('center_axis',(0.,-1.,0.));
#3657=DIRECTION('ref_axis',(-1.,0.,0.));
#3658=DIRECTION('',(1.,0.,0.));
#3659=DIRECTION('',(0.,0.,-1.));
#3660=DIRECTION('',(-1.,0.,0.));
#3661=DIRECTION('',(0.,0.,-1.));
#3662=DIRECTION('center_axis',(1.,0.,0.));
#3663=DIRECTION('ref_axis',(0.,-1.,0.));
#3664=DIRECTION('',(0.,1.,0.));
#3665=DIRECTION('',(0.,-1.,0.));
#3666=DIRECTION('',(0.,0.,-1.));
#3667=DIRECTION('center_axis',(0.,1.,0.));
#3668=DIRECTION('ref_axis',(1.,0.,0.));
#3669=DIRECTION('',(-1.,0.,0.));
#3670=DIRECTION('',(1.,0.,0.));
#3671=DIRECTION('',(0.,0.,-1.));
#3672=DIRECTION('center_axis',(-1.,0.,0.));
#3673=DIRECTION('ref_axis',(0.,1.,0.));
#3674=DIRECTION('',(0.,-1.,0.));
#3675=DIRECTION('',(0.,1.,0.));
#3676=DIRECTION('center_axis',(0.,0.,1.));
#3677=DIRECTION('ref_axis',(1.,0.,0.));
#3678=DIRECTION('center_axis',(0.,0.,-1.));
#3679=DIRECTION('ref_axis',(-1.,0.,0.));
#3680=DIRECTION('center_axis',(0.,-1.,0.));
#3681=DIRECTION('ref_axis',(-1.,0.,0.));
#3682=DIRECTION('',(1.,0.,0.));
#3683=DIRECTION('',(0.,0.,-1.));
#3684=DIRECTION('',(-1.,0.,0.));
#3685=DIRECTION('',(0.,0.,-1.));
#3686=DIRECTION('center_axis',(1.,0.,0.));
#3687=DIRECTION('ref_axis',(0.,-1.,0.));
#3688=DIRECTION('',(0.,1.,0.));
#3689=DIRECTION('',(0.,-1.,0.));
#3690=DIRECTION('',(0.,0.,-1.));
#3691=DIRECTION('center_axis',(0.,1.,0.));
#3692=DIRECTION('ref_axis',(1.,0.,0.));
#3693=DIRECTION('',(-1.,0.,0.));
#3694=DIRECTION('',(1.,0.,0.));
#3695=DIRECTION('',(0.,0.,-1.));
#3696=DIRECTION('center_axis',(-1.,0.,0.));
#3697=DIRECTION('ref_axis',(0.,1.,0.));
#3698=DIRECTION('',(0.,-1.,0.));
#3699=DIRECTION('',(0.,1.,0.));
#3700=DIRECTION('center_axis',(0.,0.,1.));
#3701=DIRECTION('ref_axis',(1.,0.,0.));
#3702=DIRECTION('center_axis',(0.,0.,-1.));
#3703=DIRECTION('ref_axis',(-1.,0.,0.));
#3704=DIRECTION('center_axis',(0.,-1.,0.));
#3705=DIRECTION('ref_axis',(-1.,0.,0.));
#3706=DIRECTION('',(1.,0.,0.));
#3707=DIRECTION('',(0.,0.,-1.));
#3708=DIRECTION('',(-1.,0.,0.));
#3709=DIRECTION('',(0.,0.,-1.));
#3710=DIRECTION('center_axis',(1.,0.,0.));
#3711=DIRECTION('ref_axis',(0.,-1.,0.));
#3712=DIRECTION('',(0.,1.,0.));
#3713=DIRECTION('',(0.,-1.,0.));
#3714=DIRECTION('',(0.,0.,-1.));
#3715=DIRECTION('center_axis',(0.,1.,0.));
#3716=DIRECTION('ref_axis',(1.,0.,0.));
#3717=DIRECTION('',(-1.,0.,0.));
#3718=DIRECTION('',(1.,0.,0.));
#3719=DIRECTION('',(0.,0.,-1.));
#3720=DIRECTION('center_axis',(-1.,0.,0.));
#3721=DIRECTION('ref_axis',(0.,1.,0.));
#3722=DIRECTION('',(0.,-1.,0.));
#3723=DIRECTION('',(0.,1.,0.));
#3724=DIRECTION('center_axis',(0.,0.,1.));
#3725=DIRECTION('ref_axis',(1.,0.,0.));
#3726=DIRECTION('center_axis',(0.,0.,-1.));
#3727=DIRECTION('ref_axis',(-1.,0.,0.));
#3728=DIRECTION('center_axis',(0.,-1.,0.));
#3729=DIRECTION('ref_axis',(-1.,0.,0.));
#3730=DIRECTION('',(1.,0.,0.));
#3731=DIRECTION('',(0.,0.,-1.));
#3732=DIRECTION('',(-1.,0.,0.));
#3733=DIRECTION('',(0.,0.,-1.));
#3734=DIRECTION('center_axis',(1.,0.,0.));
#3735=DIRECTION('ref_axis',(0.,-1.,0.));
#3736=DIRECTION('',(0.,1.,0.));
#3737=DIRECTION('',(0.,-1.,0.));
#3738=DIRECTION('',(0.,0.,-1.));
#3739=DIRECTION('center_axis',(0.,1.,0.));
#3740=DIRECTION('ref_axis',(1.,0.,0.));
#3741=DIRECTION('',(-1.,0.,0.));
#3742=DIRECTION('',(1.,0.,0.));
#3743=DIRECTION('',(0.,0.,-1.));
#3744=DIRECTION('center_axis',(-1.,0.,0.));
#3745=DIRECTION('ref_axis',(0.,1.,0.));
#3746=DIRECTION('',(0.,-1.,0.));
#3747=DIRECTION('',(0.,1.,0.));
#3748=DIRECTION('center_axis',(0.,0.,1.));
#3749=DIRECTION('ref_axis',(1.,0.,0.));
#3750=DIRECTION('center_axis',(0.,0.,-1.));
#3751=DIRECTION('ref_axis',(-1.,0.,0.));
#3752=DIRECTION('center_axis',(0.,-1.,0.));
#3753=DIRECTION('ref_axis',(-1.,0.,0.));
#3754=DIRECTION('',(1.,0.,0.));
#3755=DIRECTION('',(0.,0.,-1.));
#3756=DIRECTION('',(-1.,0.,0.));
#3757=DIRECTION('',(0.,0.,-1.));
#3758=DIRECTION('center_axis',(1.,0.,0.));
#3759=DIRECTION('ref_axis',(0.,-1.,0.));
#3760=DIRECTION('',(0.,1.,0.));
#3761=DIRECTION('',(0.,-1.,0.));
#3762=DIRECTION('',(0.,0.,-1.));
#3763=DIRECTION('center_axis',(0.,1.,0.));
#3764=DIRECTION('ref_axis',(1.,0.,0.));
#3765=DIRECTION('',(-1.,0.,0.));
#3766=DIRECTION('',(1.,0.,0.));
#3767=DIRECTION('',(0.,0.,-1.));
#3768=DIRECTION('center_axis',(-1.,0.,0.));
#3769=DIRECTION('ref_axis',(0.,1.,0.));
#3770=DIRECTION('',(0.,-1.,0.));
#3771=DIRECTION('',(0.,1.,0.));
#3772=DIRECTION('center_axis',(0.,0.,1.));
#3773=DIRECTION('ref_axis',(1.,0.,0.));
#3774=DIRECTION('center_axis',(0.,0.,-1.));
#3775=DIRECTION('ref_axis',(-1.,0.,0.));
#3776=DIRECTION('center_axis',(0.,-1.,0.));
#3777=DIRECTION('ref_axis',(-1.,0.,0.));
#3778=DIRECTION('',(1.,0.,0.));
#3779=DIRECTION('',(0.,0.,-1.));
#3780=DIRECTION('',(-1.,0.,0.));
#3781=DIRECTION('',(0.,0.,-1.));
#3782=DIRECTION('center_axis',(1.,0.,0.));
#3783=DIRECTION('ref_axis',(0.,-1.,0.));
#3784=DIRECTION('',(0.,1.,0.));
#3785=DIRECTION('',(0.,-1.,0.));
#3786=DIRECTION('',(0.,0.,-1.));
#3787=DIRECTION('center_axis',(0.,1.,0.));
#3788=DIRECTION('ref_axis',(1.,0.,0.));
#3789=DIRECTION('',(-1.,0.,0.));
#3790=DIRECTION('',(1.,0.,0.));
#3791=DIRECTION('',(0.,0.,-1.));
#3792=DIRECTION('center_axis',(-1.,0.,0.));
#3793=DIRECTION('ref_axis',(0.,1.,0.));
#3794=DIRECTION('',(0.,-1.,0.));
#3795=DIRECTION('',(0.,1.,0.));
#3796=DIRECTION('center_axis',(0.,0.,1.));
#3797=DIRECTION('ref_axis',(1.,0.,0.));
#3798=DIRECTION('center_axis',(0.,0.,-1.));
#3799=DIRECTION('ref_axis',(-1.,0.,0.));
#3800=DIRECTION('center_axis',(0.,-1.,0.));
#3801=DIRECTION('ref_axis',(-1.,0.,0.));
#3802=DIRECTION('',(1.,0.,0.));
#3803=DIRECTION('',(0.,0.,-1.));
#3804=DIRECTION('',(-1.,0.,0.));
#3805=DIRECTION('',(0.,0.,-1.));
#3806=DIRECTION('center_axis',(1.,0.,0.));
#3807=DIRECTION('ref_axis',(0.,-1.,0.));
#3808=DIRECTION('',(0.,1.,0.));
#3809=DIRECTION('',(0.,-1.,0.));
#3810=DIRECTION('',(0.,0.,-1.));
#3811=DIRECTION('center_axis',(0.,1.,0.));
#3812=DIRECTION('ref_axis',(1.,0.,0.));
#3813=DIRECTION('',(-1.,0.,0.));
#3814=DIRECTION('',(1.,0.,0.));
#3815=DIRECTION('',(0.,0.,-1.));
#3816=DIRECTION('center_axis',(-1.,0.,0.));
#3817=DIRECTION('ref_axis',(0.,1.,0.));
#3818=DIRECTION('',(0.,-1.,0.));
#3819=DIRECTION('',(0.,1.,0.));
#3820=DIRECTION('center_axis',(0.,0.,1.));
#3821=DIRECTION('ref_axis',(1.,0.,0.));
#3822=DIRECTION('center_axis',(0.,0.,-1.));
#3823=DIRECTION('ref_axis',(-1.,0.,0.));
#3824=DIRECTION('center_axis',(0.,-1.,0.));
#3825=DIRECTION('ref_axis',(-1.,0.,0.));
#3826=DIRECTION('',(1.,0.,0.));
#3827=DIRECTION('',(0.,0.,-1.));
#3828=DIRECTION('',(-1.,0.,0.));
#3829=DIRECTION('',(0.,0.,-1.));
#3830=DIRECTION('center_axis',(1.,0.,0.));
#3831=DIRECTION('ref_axis',(0.,-1.,0.));
#3832=DIRECTION('',(0.,1.,0.));
#3833=DIRECTION('',(0.,-1.,0.));
#3834=DIRECTION('',(0.,0.,-1.));
#3835=DIRECTION('center_axis',(0.,1.,0.));
#3836=DIRECTION('ref_axis',(1.,0.,0.));
#3837=DIRECTION('',(-1.,0.,0.));
#3838=DIRECTION('',(1.,0.,0.));
#3839=DIRECTION('',(0.,0.,-1.));
#3840=DIRECTION('center_axis',(-1.,0.,0.));
#3841=DIRECTION('ref_axis',(0.,1.,0.));
#3842=DIRECTION('',(0.,-1.,0.));
#3843=DIRECTION('',(0.,1.,0.));
#3844=DIRECTION('center_axis',(0.,0.,1.));
#3845=DIRECTION('ref_axis',(1.,0.,0.));
#3846=DIRECTION('center_axis',(0.,0.,-1.));
#3847=DIRECTION('ref_axis',(-1.,0.,0.));
#3848=DIRECTION('center_axis',(0.,-1.,0.));
#3849=DIRECTION('ref_axis',(-1.,0.,0.));
#3850=DIRECTION('',(1.,0.,0.));
#3851=DIRECTION('',(0.,0.,-1.));
#3852=DIRECTION('',(-1.,0.,0.));
#3853=DIRECTION('',(0.,0.,-1.));
#3854=DIRECTION('center_axis',(1.,0.,0.));
#3855=DIRECTION('ref_axis',(0.,-1.,0.));
#3856=DIRECTION('',(0.,1.,0.));
#3857=DIRECTION('',(0.,-1.,0.));
#3858=DIRECTION('',(0.,0.,-1.));
#3859=DIRECTION('center_axis',(0.,1.,0.));
#3860=DIRECTION('ref_axis',(1.,0.,0.));
#3861=DIRECTION('',(-1.,0.,0.));
#3862=DIRECTION('',(1.,0.,0.));
#3863=DIRECTION('',(0.,0.,-1.));
#3864=DIRECTION('center_axis',(-1.,0.,0.));
#3865=DIRECTION('ref_axis',(0.,1.,0.));
#3866=DIRECTION('',(0.,-1.,0.));
#3867=DIRECTION('',(0.,1.,0.));
#3868=DIRECTION('center_axis',(0.,0.,1.));
#3869=DIRECTION('ref_axis',(1.,0.,0.));
#3870=DIRECTION('center_axis',(0.,0.,-1.));
#3871=DIRECTION('ref_axis',(-1.,0.,0.));
#3872=DIRECTION('center_axis',(0.,-1.,0.));
#3873=DIRECTION('ref_axis',(-1.,0.,0.));
#3874=DIRECTION('',(1.,0.,0.));
#3875=DIRECTION('',(0.,0.,-1.));
#3876=DIRECTION('',(-1.,0.,0.));
#3877=DIRECTION('',(0.,0.,-1.));
#3878=DIRECTION('center_axis',(1.,0.,0.));
#3879=DIRECTION('ref_axis',(0.,-1.,0.));
#3880=DIRECTION('',(0.,1.,0.));
#3881=DIRECTION('',(0.,-1.,0.));
#3882=DIRECTION('',(0.,0.,-1.));
#3883=DIRECTION('center_axis',(0.,1.,0.));
#3884=DIRECTION('ref_axis',(1.,0.,0.));
#3885=DIRECTION('',(-1.,0.,0.));
#3886=DIRECTION('',(1.,0.,0.));
#3887=DIRECTION('',(0.,0.,-1.));
#3888=DIRECTION('center_axis',(-1.,0.,0.));
#3889=DIRECTION('ref_axis',(0.,1.,0.));
#3890=DIRECTION('',(0.,-1.,0.));
#3891=DIRECTION('',(0.,1.,0.));
#3892=DIRECTION('center_axis',(0.,0.,1.));
#3893=DIRECTION('ref_axis',(1.,0.,0.));
#3894=DIRECTION('center_axis',(0.,0.,-1.));
#3895=DIRECTION('ref_axis',(-1.,0.,0.));
#3896=DIRECTION('center_axis',(0.,1.,0.));
#3897=DIRECTION('ref_axis',(1.,0.,0.));
#3898=DIRECTION('center_axis',(0.,-1.,0.));
#3899=DIRECTION('ref_axis',(1.,0.,0.));
#3900=DIRECTION('center_axis',(0.,1.,0.));
#3901=DIRECTION('ref_axis',(1.,0.,0.));
#3902=DIRECTION('center_axis',(0.,1.,0.));
#3903=DIRECTION('ref_axis',(1.,0.,0.));
#3904=DIRECTION('',(0.,-1.,0.));
#3905=DIRECTION('center_axis',(0.,1.,0.));
#3906=DIRECTION('ref_axis',(1.,0.,0.));
#3907=DIRECTION('center_axis',(0.,-1.,0.));
#3908=DIRECTION('ref_axis',(-1.,0.,0.));
#3909=DIRECTION('',(1.,0.,0.));
#3910=DIRECTION('',(0.,0.,-1.));
#3911=DIRECTION('',(-1.,0.,0.));
#3912=DIRECTION('',(0.,0.,-1.));
#3913=DIRECTION('center_axis',(1.,0.,0.));
#3914=DIRECTION('ref_axis',(0.,-1.,0.));
#3915=DIRECTION('',(0.,1.,0.));
#3916=DIRECTION('',(0.,-1.,0.));
#3917=DIRECTION('',(0.,0.,-1.));
#3918=DIRECTION('center_axis',(0.,1.,0.));
#3919=DIRECTION('ref_axis',(1.,0.,0.));
#3920=DIRECTION('',(-1.,0.,0.));
#3921=DIRECTION('',(1.,0.,0.));
#3922=DIRECTION('',(0.,0.,-1.));
#3923=DIRECTION('center_axis',(-1.,0.,0.));
#3924=DIRECTION('ref_axis',(0.,1.,0.));
#3925=DIRECTION('',(0.,-1.,0.));
#3926=DIRECTION('',(0.,1.,0.));
#3927=DIRECTION('center_axis',(0.,0.,1.));
#3928=DIRECTION('ref_axis',(1.,0.,0.));
#3929=DIRECTION('center_axis',(0.,0.,-1.));
#3930=DIRECTION('ref_axis',(-1.,0.,0.));
#3931=DIRECTION('center_axis',(0.,-1.,0.));
#3932=DIRECTION('ref_axis',(-1.,0.,0.));
#3933=DIRECTION('',(1.,0.,0.));
#3934=DIRECTION('',(0.,0.,-1.));
#3935=DIRECTION('',(-1.,0.,0.));
#3936=DIRECTION('',(0.,0.,-1.));
#3937=DIRECTION('center_axis',(1.,0.,0.));
#3938=DIRECTION('ref_axis',(0.,-1.,0.));
#3939=DIRECTION('',(0.,1.,0.));
#3940=DIRECTION('',(0.,-1.,0.));
#3941=DIRECTION('',(0.,0.,-1.));
#3942=DIRECTION('center_axis',(0.,1.,0.));
#3943=DIRECTION('ref_axis',(1.,0.,0.));
#3944=DIRECTION('',(-1.,0.,0.));
#3945=DIRECTION('',(1.,0.,0.));
#3946=DIRECTION('',(0.,0.,-1.));
#3947=DIRECTION('center_axis',(-1.,0.,0.));
#3948=DIRECTION('ref_axis',(0.,1.,0.));
#3949=DIRECTION('',(0.,-1.,0.));
#3950=DIRECTION('',(0.,1.,0.));
#3951=DIRECTION('center_axis',(0.,0.,1.));
#3952=DIRECTION('ref_axis',(1.,0.,0.));
#3953=DIRECTION('center_axis',(0.,0.,-1.));
#3954=DIRECTION('ref_axis',(-1.,0.,0.));
#3955=DIRECTION('center_axis',(0.,-1.,0.));
#3956=DIRECTION('ref_axis',(-1.,0.,0.));
#3957=DIRECTION('',(1.,0.,0.));
#3958=DIRECTION('',(0.,0.,-1.));
#3959=DIRECTION('',(-1.,0.,0.));
#3960=DIRECTION('',(0.,0.,-1.));
#3961=DIRECTION('center_axis',(1.,0.,0.));
#3962=DIRECTION('ref_axis',(0.,-1.,0.));
#3963=DIRECTION('',(0.,1.,0.));
#3964=DIRECTION('',(0.,-1.,0.));
#3965=DIRECTION('',(0.,0.,-1.));
#3966=DIRECTION('center_axis',(0.,1.,0.));
#3967=DIRECTION('ref_axis',(1.,0.,0.));
#3968=DIRECTION('',(-1.,0.,0.));
#3969=DIRECTION('',(1.,0.,0.));
#3970=DIRECTION('',(0.,0.,-1.));
#3971=DIRECTION('center_axis',(-1.,0.,0.));
#3972=DIRECTION('ref_axis',(0.,1.,0.));
#3973=DIRECTION('',(0.,-1.,0.));
#3974=DIRECTION('',(0.,1.,0.));
#3975=DIRECTION('center_axis',(0.,0.,1.));
#3976=DIRECTION('ref_axis',(1.,0.,0.));
#3977=DIRECTION('center_axis',(0.,0.,-1.));
#3978=DIRECTION('ref_axis',(-1.,0.,0.));
#3979=DIRECTION('center_axis',(0.,-1.,0.));
#3980=DIRECTION('ref_axis',(-1.,0.,0.));
#3981=DIRECTION('',(1.,0.,0.));
#3982=DIRECTION('',(0.,0.,-1.));
#3983=DIRECTION('',(-1.,0.,0.));
#3984=DIRECTION('',(0.,0.,-1.));
#3985=DIRECTION('center_axis',(1.,0.,0.));
#3986=DIRECTION('ref_axis',(0.,-1.,0.));
#3987=DIRECTION('',(0.,1.,0.));
#3988=DIRECTION('',(0.,-1.,0.));
#3989=DIRECTION('',(0.,0.,-1.));
#3990=DIRECTION('center_axis',(0.,1.,0.));
#3991=DIRECTION('ref_axis',(1.,0.,0.));
#3992=DIRECTION('',(-1.,0.,0.));
#3993=DIRECTION('',(1.,0.,0.));
#3994=DIRECTION('',(0.,0.,-1.));
#3995=DIRECTION('center_axis',(-1.,0.,0.));
#3996=DIRECTION('ref_axis',(0.,1.,0.));
#3997=DIRECTION('',(0.,-1.,0.));
#3998=DIRECTION('',(0.,1.,0.));
#3999=DIRECTION('center_axis',(0.,0.,1.));
#4000=DIRECTION('ref_axis',(1.,0.,0.));
#4001=DIRECTION('center_axis',(0.,0.,-1.));
#4002=DIRECTION('ref_axis',(-1.,0.,0.));
#4003=DIRECTION('center_axis',(0.,-1.,0.));
#4004=DIRECTION('ref_axis',(-1.,0.,0.));
#4005=DIRECTION('',(1.,0.,0.));
#4006=DIRECTION('',(0.,0.,-1.));
#4007=DIRECTION('',(-1.,0.,0.));
#4008=DIRECTION('',(0.,0.,-1.));
#4009=DIRECTION('center_axis',(1.,0.,0.));
#4010=DIRECTION('ref_axis',(0.,-1.,0.));
#4011=DIRECTION('',(0.,1.,0.));
#4012=DIRECTION('',(0.,-1.,0.));
#4013=DIRECTION('',(0.,0.,-1.));
#4014=DIRECTION('center_axis',(0.,1.,0.));
#4015=DIRECTION('ref_axis',(1.,0.,0.));
#4016=DIRECTION('',(-1.,0.,0.));
#4017=DIRECTION('',(1.,0.,0.));
#4018=DIRECTION('',(0.,0.,-1.));
#4019=DIRECTION('center_axis',(-1.,0.,0.));
#4020=DIRECTION('ref_axis',(0.,1.,0.));
#4021=DIRECTION('',(0.,-1.,0.));
#4022=DIRECTION('',(0.,1.,0.));
#4023=DIRECTION('center_axis',(0.,0.,1.));
#4024=DIRECTION('ref_axis',(1.,0.,0.));
#4025=DIRECTION('center_axis',(0.,0.,-1.));
#4026=DIRECTION('ref_axis',(-1.,0.,0.));
#4027=DIRECTION('center_axis',(0.,-1.,0.));
#4028=DIRECTION('ref_axis',(-1.,0.,0.));
#4029=DIRECTION('',(1.,0.,0.));
#4030=DIRECTION('',(0.,0.,-1.));
#4031=DIRECTION('',(-1.,0.,0.));
#4032=DIRECTION('',(0.,0.,-1.));
#4033=DIRECTION('center_axis',(1.,0.,0.));
#4034=DIRECTION('ref_axis',(0.,-1.,0.));
#4035=DIRECTION('',(0.,1.,0.));
#4036=DIRECTION('',(0.,-1.,0.));
#4037=DIRECTION('',(0.,0.,-1.));
#4038=DIRECTION('center_axis',(0.,1.,0.));
#4039=DIRECTION('ref_axis',(1.,0.,0.));
#4040=DIRECTION('',(-1.,0.,0.));
#4041=DIRECTION('',(1.,0.,0.));
#4042=DIRECTION('',(0.,0.,-1.));
#4043=DIRECTION('center_axis',(-1.,0.,0.));
#4044=DIRECTION('ref_axis',(0.,1.,0.));
#4045=DIRECTION('',(0.,-1.,0.));
#4046=DIRECTION('',(0.,1.,0.));
#4047=DIRECTION('center_axis',(0.,0.,1.));
#4048=DIRECTION('ref_axis',(1.,0.,0.));
#4049=DIRECTION('center_axis',(0.,0.,-1.));
#4050=DIRECTION('ref_axis',(-1.,0.,0.));
#4051=DIRECTION('center_axis',(0.,-1.,0.));
#4052=DIRECTION('ref_axis',(-1.,0.,0.));
#4053=DIRECTION('',(1.,0.,0.));
#4054=DIRECTION('',(0.,0.,-1.));
#4055=DIRECTION('',(-1.,0.,0.));
#4056=DIRECTION('',(0.,0.,-1.));
#4057=DIRECTION('center_axis',(1.,0.,0.));
#4058=DIRECTION('ref_axis',(0.,-1.,0.));
#4059=DIRECTION('',(0.,1.,0.));
#4060=DIRECTION('',(0.,-1.,0.));
#4061=DIRECTION('',(0.,0.,-1.));
#4062=DIRECTION('center_axis',(0.,1.,0.));
#4063=DIRECTION('ref_axis',(1.,0.,0.));
#4064=DIRECTION('',(-1.,0.,0.));
#4065=DIRECTION('',(1.,0.,0.));
#4066=DIRECTION('',(0.,0.,-1.));
#4067=DIRECTION('center_axis',(-1.,0.,0.));
#4068=DIRECTION('ref_axis',(0.,1.,0.));
#4069=DIRECTION('',(0.,-1.,0.));
#4070=DIRECTION('',(0.,1.,0.));
#4071=DIRECTION('center_axis',(0.,0.,1.));
#4072=DIRECTION('ref_axis',(1.,0.,0.));
#4073=DIRECTION('center_axis',(0.,0.,-1.));
#4074=DIRECTION('ref_axis',(-1.,0.,0.));
#4075=DIRECTION('center_axis',(0.,-1.,0.));
#4076=DIRECTION('ref_axis',(-1.,0.,0.));
#4077=DIRECTION('',(1.,0.,0.));
#4078=DIRECTION('',(0.,0.,-1.));
#4079=DIRECTION('',(-1.,0.,0.));
#4080=DIRECTION('',(0.,0.,-1.));
#4081=DIRECTION('center_axis',(1.,0.,0.));
#4082=DIRECTION('ref_axis',(0.,-1.,0.));
#4083=DIRECTION('',(0.,1.,0.));
#4084=DIRECTION('',(0.,-1.,0.));
#4085=DIRECTION('',(0.,0.,-1.));
#4086=DIRECTION('center_axis',(0.,1.,0.));
#4087=DIRECTION('ref_axis',(1.,0.,0.));
#4088=DIRECTION('',(-1.,0.,0.));
#4089=DIRECTION('',(1.,0.,0.));
#4090=DIRECTION('',(0.,0.,-1.));
#4091=DIRECTION('center_axis',(-1.,0.,0.));
#4092=DIRECTION('ref_axis',(0.,1.,0.));
#4093=DIRECTION('',(0.,-1.,0.));
#4094=DIRECTION('',(0.,1.,0.));
#4095=DIRECTION('center_axis',(0.,0.,1.));
#4096=DIRECTION('ref_axis',(1.,0.,0.));
#4097=DIRECTION('center_axis',(0.,0.,-1.));
#4098=DIRECTION('ref_axis',(-1.,0.,0.));
#4099=DIRECTION('center_axis',(0.,-1.,0.));
#4100=DIRECTION('ref_axis',(-1.,0.,0.));
#4101=DIRECTION('',(1.,0.,0.));
#4102=DIRECTION('',(0.,0.,-1.));
#4103=DIRECTION('',(-1.,0.,0.));
#4104=DIRECTION('',(0.,0.,-1.));
#4105=DIRECTION('center_axis',(1.,0.,0.));
#4106=DIRECTION('ref_axis',(0.,-1.,0.));
#4107=DIRECTION('',(0.,1.,0.));
#4108=DIRECTION('',(0.,-1.,0.));
#4109=DIRECTION('',(0.,0.,-1.));
#4110=DIRECTION('center_axis',(0.,1.,0.));
#4111=DIRECTION('ref_axis',(1.,0.,0.));
#4112=DIRECTION('',(-1.,0.,0.));
#4113=DIRECTION('',(1.,0.,0.));
#4114=DIRECTION('',(0.,0.,-1.));
#4115=DIRECTION('center_axis',(-1.,0.,0.));
#4116=DIRECTION('ref_axis',(0.,1.,0.));
#4117=DIRECTION('',(0.,-1.,0.));
#4118=DIRECTION('',(0.,1.,0.));
#4119=DIRECTION('center_axis',(0.,0.,1.));
#4120=DIRECTION('ref_axis',(1.,0.,0.));
#4121=DIRECTION('center_axis',(0.,0.,-1.));
#4122=DIRECTION('ref_axis',(-1.,0.,0.));
#4123=DIRECTION('center_axis',(0.,-1.,0.));
#4124=DIRECTION('ref_axis',(-1.,0.,0.));
#4125=DIRECTION('',(1.,0.,0.));
#4126=DIRECTION('',(0.,0.,-1.));
#4127=DIRECTION('',(-1.,0.,0.));
#4128=DIRECTION('',(0.,0.,-1.));
#4129=DIRECTION('center_axis',(1.,0.,0.));
#4130=DIRECTION('ref_axis',(0.,-1.,0.));
#4131=DIRECTION('',(0.,1.,0.));
#4132=DIRECTION('',(0.,-1.,0.));
#4133=DIRECTION('',(0.,0.,-1.));
#4134=DIRECTION('center_axis',(0.,1.,0.));
#4135=DIRECTION('ref_axis',(1.,0.,0.));
#4136=DIRECTION('',(-1.,0.,0.));
#4137=DIRECTION('',(1.,0.,0.));
#4138=DIRECTION('',(0.,0.,-1.));
#4139=DIRECTION('center_axis',(-1.,0.,0.));
#4140=DIRECTION('ref_axis',(0.,1.,0.));
#4141=DIRECTION('',(0.,-1.,0.));
#4142=DIRECTION('',(0.,1.,0.));
#4143=DIRECTION('center_axis',(0.,0.,1.));
#4144=DIRECTION('ref_axis',(1.,0.,0.));
#4145=DIRECTION('center_axis',(0.,0.,-1.));
#4146=DIRECTION('ref_axis',(-1.,0.,0.));
#4147=CARTESIAN_POINT('',(0.,0.,0.));
#4148=CARTESIAN_POINT('Origin',(0.,70.,0.));
#4149=CARTESIAN_POINT('',(0.,66.,1.6));
#4150=CARTESIAN_POINT('',(0.,66.,0.));
#4151=CARTESIAN_POINT('',(0.,66.,0.));
#4152=CARTESIAN_POINT('',(4.,70.,1.6));
#4153=CARTESIAN_POINT('Origin',(0.,70.,1.6));
#4154=CARTESIAN_POINT('',(4.,70.,0.));
#4155=CARTESIAN_POINT('',(4.,70.,0.));
#4156=CARTESIAN_POINT('Origin',(0.,70.,0.));
#4157=CARTESIAN_POINT('Origin',(0.,0.,0.));
#4158=CARTESIAN_POINT('',(0.,4.,0.));
#4159=CARTESIAN_POINT('',(0.,4.,1.6));
#4160=CARTESIAN_POINT('',(0.,4.,0.));
#4161=CARTESIAN_POINT('',(4.,0.,0.));
#4162=CARTESIAN_POINT('Origin',(0.,0.,0.));
#4163=CARTESIAN_POINT('',(4.,0.,1.6));
#4164=CARTESIAN_POINT('',(4.,0.,0.));
#4165=CARTESIAN_POINT('Origin',(0.,0.,1.6));
#4166=CARTESIAN_POINT('Origin',(82.5,-1.,0.));
#4167=CARTESIAN_POINT('',(82.5,40.,1.6));
#4168=CARTESIAN_POINT('',(82.5,0.,1.6));
#4169=CARTESIAN_POINT('',(82.5,17.,1.6));
#4170=CARTESIAN_POINT('',(82.5,40.,0.));
#4171=CARTESIAN_POINT('',(82.5,40.,0.));
#4172=CARTESIAN_POINT('',(82.5,0.,0.));
#4173=CARTESIAN_POINT('',(82.5,17.,0.));
#4174=CARTESIAN_POINT('',(82.5,0.,0.));
#4175=CARTESIAN_POINT('Origin',(82.5,40.,0.));
#4176=CARTESIAN_POINT('',(81.5,40.,1.6));
#4177=CARTESIAN_POINT('',(68.75,39.9999999999999,1.6));
#4178=CARTESIAN_POINT('',(81.5,40.,0.));
#4179=CARTESIAN_POINT('',(81.5,40.,0.));
#4180=CARTESIAN_POINT('',(68.75,39.9999999999999,0.));
#4181=CARTESIAN_POINT('Origin',(81.5,40.,0.));
#4182=CARTESIAN_POINT('',(81.5,0.,1.6));
#4183=CARTESIAN_POINT('',(81.5,37.5,1.6));
#4184=CARTESIAN_POINT('',(81.5,0.,0.));
#4185=CARTESIAN_POINT('',(81.5,0.,0.));
#4186=CARTESIAN_POINT('',(81.5,37.5,0.));
#4187=CARTESIAN_POINT('Origin',(7.,63.,0.));
#4188=CARTESIAN_POINT('',(5.4,63.,0.));
#4189=CARTESIAN_POINT('Origin',(7.,63.,0.));
#4190=CARTESIAN_POINT('',(5.4,63.,1.6));
#4191=CARTESIAN_POINT('',(5.4,63.,0.));
#4192=CARTESIAN_POINT('Origin',(7.,63.,1.6));
#4193=CARTESIAN_POINT('Origin',(103.,7.,0.));
#4194=CARTESIAN_POINT('',(101.4,7.,0.));
#4195=CARTESIAN_POINT('Origin',(103.,7.,0.));
#4196=CARTESIAN_POINT('',(101.4,7.,1.6));
#4197=CARTESIAN_POINT('',(101.4,7.,0.));
#4198=CARTESIAN_POINT('Origin',(103.,7.,1.6));
#4199=CARTESIAN_POINT('Origin',(103.,63.,0.));
#4200=CARTESIAN_POINT('',(101.4,63.,0.));
#4201=CARTESIAN_POINT('Origin',(103.,63.,0.));
#4202=CARTESIAN_POINT('',(101.4,63.,1.6));
#4203=CARTESIAN_POINT('',(101.4,63.,0.));
#4204=CARTESIAN_POINT('Origin',(103.,63.,1.6));
#4205=CARTESIAN_POINT('Origin',(7.,7.,0.));
#4206=CARTESIAN_POINT('',(5.4,7.,0.));
#4207=CARTESIAN_POINT('Origin',(7.,7.,0.));
#4208=CARTESIAN_POINT('',(5.4,7.,1.6));
#4209=CARTESIAN_POINT('',(5.4,7.,0.));
#4210=CARTESIAN_POINT('Origin',(7.,7.,1.6));
#4211=CARTESIAN_POINT('Origin',(110.,0.,0.));
#4212=CARTESIAN_POINT('',(106.,0.,1.6));
#4213=CARTESIAN_POINT('',(110.,4.,1.6));
#4214=CARTESIAN_POINT('Origin',(110.,0.,1.6));
#4215=CARTESIAN_POINT('',(106.,0.,0.));
#4216=CARTESIAN_POINT('',(106.,0.,0.));
#4217=CARTESIAN_POINT('',(110.,4.,0.));
#4218=CARTESIAN_POINT('Origin',(110.,0.,0.));
#4219=CARTESIAN_POINT('',(110.,4.,0.));
#4220=CARTESIAN_POINT('Origin',(110.,70.,0.));
#4221=CARTESIAN_POINT('',(110.,66.,1.6));
#4222=CARTESIAN_POINT('',(106.,70.,1.6));
#4223=CARTESIAN_POINT('Origin',(110.,70.,1.6));
#4224=CARTESIAN_POINT('',(110.,66.,0.));
#4225=CARTESIAN_POINT('',(110.,66.,0.));
#4226=CARTESIAN_POINT('',(106.,70.,0.));
#4227=CARTESIAN_POINT('Origin',(110.,70.,0.));
#4228=CARTESIAN_POINT('',(106.,70.,0.));
#4229=CARTESIAN_POINT('Origin',(0.,0.,0.));
#4230=CARTESIAN_POINT('',(0.,0.,0.));
#4231=CARTESIAN_POINT('',(0.,0.,1.6));
#4232=CARTESIAN_POINT('Origin',(0.,0.,0.));
#4233=CARTESIAN_POINT('',(0.,0.,0.));
#4234=CARTESIAN_POINT('',(0.,0.,1.6));
#4235=CARTESIAN_POINT('Origin',(110.,70.,0.));
#4236=CARTESIAN_POINT('',(110.,70.,1.6));
#4237=CARTESIAN_POINT('',(110.,70.,0.));
#4238=CARTESIAN_POINT('Origin',(55.,35.,1.6));
#4239=CARTESIAN_POINT('',(0.,70.,1.6));
#4240=CARTESIAN_POINT('',(110.,0.,1.6));
#4241=CARTESIAN_POINT('Origin',(55.,35.,0.));
#4242=CARTESIAN_POINT('',(110.,0.,0.));
#4243=CARTESIAN_POINT('',(0.,70.,0.));
#4244=CARTESIAN_POINT('Origin',(0.,70.,0.));
#4245=CARTESIAN_POINT('Origin',(110.,0.,0.));
#4246=CARTESIAN_POINT('Origin',(55.,37.5,1.6));
#4247=CARTESIAN_POINT('',(50.5,37.5,7.6));
#4248=CARTESIAN_POINT('Origin',(55.,37.5,7.6));
#4249=CARTESIAN_POINT('',(50.5,37.5,1.6));
#4250=CARTESIAN_POINT('',(50.5,37.5,1.6));
#4251=CARTESIAN_POINT('Origin',(55.,37.5,1.6));
#4252=CARTESIAN_POINT('Origin',(55.,37.5,7.6));
#4253=CARTESIAN_POINT('Origin',(55.,37.5,1.6));
#4254=CARTESIAN_POINT('Origin',(8.25,32.25,1.6));
#4255=CARTESIAN_POINT('',(8.25,32.25,1.6));
#4256=CARTESIAN_POINT('',(5.75,32.25,1.6));
#4257=CARTESIAN_POINT('',(8.25,32.25,1.6));
#4258=CARTESIAN_POINT('',(5.75,32.25,2.5));
#4259=CARTESIAN_POINT('',(5.75,32.25,1.6));
#4260=CARTESIAN_POINT('',(8.25,32.25,2.5));
#4261=CARTESIAN_POINT('',(8.25,32.25,2.5));
#4262=CARTESIAN_POINT('',(8.25,32.25,1.6));
#4263=CARTESIAN_POINT('Origin',(8.25,29.75,1.6));
#4264=CARTESIAN_POINT('',(8.25,29.75,1.6));
#4265=CARTESIAN_POINT('',(8.25,29.75,1.6));
#4266=CARTESIAN_POINT('',(8.25,29.75,2.5));
#4267=CARTESIAN_POINT('',(8.25,29.75,2.5));
#4268=CARTESIAN_POINT('',(8.25,29.75,1.6));
#4269=CARTESIAN_POINT('Origin',(5.75,29.75,1.6));
#4270=CARTESIAN_POINT('',(5.75,29.75,1.6));
#4271=CARTESIAN_POINT('',(5.75,29.75,1.6));
#4272=CARTESIAN_POINT('',(5.75,29.75,2.5));
#4273=CARTESIAN_POINT('',(5.75,29.75,2.5));
#4274=CARTESIAN_POINT('',(5.75,29.75,1.6));
#4275=CARTESIAN_POINT('Origin',(5.75,32.25,1.6));
#4276=CARTESIAN_POINT('',(5.75,32.25,1.6));
#4277=CARTESIAN_POINT('',(5.75,32.25,2.5));
#4278=CARTESIAN_POINT('Origin',(7.,31.,2.5));
#4279=CARTESIAN_POINT('Origin',(7.,31.,1.6));
#4280=CARTESIAN_POINT('Origin',(25.,65.,1.6));
#4281=CARTESIAN_POINT('',(23.5,65.,3.1));
#4282=CARTESIAN_POINT('Origin',(25.,65.,3.1));
#4283=CARTESIAN_POINT('',(23.5,65.,1.6));
#4284=CARTESIAN_POINT('',(23.5,65.,1.6));
#4285=CARTESIAN_POINT('Origin',(25.,65.,1.6));
#4286=CARTESIAN_POINT('Origin',(25.,65.,3.1));
#4287=CARTESIAN_POINT('Origin',(25.,65.,1.6));
#4288=CARTESIAN_POINT('Origin',(39.5,46.5,1.6));
#4289=CARTESIAN_POINT('',(39.5,46.5,1.6));
#4290=CARTESIAN_POINT('',(37.5,46.5,1.6));
#4291=CARTESIAN_POINT('',(39.5,46.5,1.6));
#4292=CARTESIAN_POINT('',(37.5,46.5,2.2));
#4293=CARTESIAN_POINT('',(37.5,46.5,1.6));
#4294=CARTESIAN_POINT('',(39.5,46.5,2.2));
#4295=CARTESIAN_POINT('',(39.5,46.5,2.2));
#4296=CARTESIAN_POINT('',(39.5,46.5,1.6));
#4297=CARTESIAN_POINT('Origin',(39.5,45.5,1.6));
#4298=CARTESIAN_POINT('',(39.5,45.5,1.6));
#4299=CARTESIAN_POINT('',(39.5,45.5,1.6));
#4300=CARTESIAN_POINT('',(39.5,45.5,2.2));
#4301=CARTESIAN_POINT('',(39.5,45.5,2.2));
#4302=CARTESIAN_POINT('',(39.5,45.5,1.6));
#4303=CARTESIAN_POINT('Origin',(37.5,45.5,1.6));
#4304=CARTESIAN_POINT('',(37.5,45.5,1.6));
#4305=CARTESIAN_POINT('',(37.5,45.5,1.6));
#4306=CARTESIAN_POINT('',(37.5,45.5,2.2));
#4307=CARTESIAN_POINT('',(37.5,45.5,2.2));
#4308=CARTESIAN_POINT('',(37.5,45.5,1.6));
#4309=CARTESIAN_POINT('Origin',(37.5,46.5,1.6));
#4310=CARTESIAN_POINT('',(37.5,46.5,1.6));
#4311=CARTESIAN_POINT('',(37.5,46.5,2.2));
#4312=CARTESIAN_POINT('Origin',(38.5,46.,2.2));
#4313=CARTESIAN_POINT('Origin',(38.5,46.,1.6));
#4314=CARTESIAN_POINT('Origin',(39.5,44.75,1.6));
#4315=CARTESIAN_POINT('',(39.5,44.75,1.6));
#4316=CARTESIAN_POINT('',(37.5,44.75,1.6));
#4317=CARTESIAN_POINT('',(39.5,44.75,1.6));
#4318=CARTESIAN_POINT('',(37.5,44.75,2.2));
#4319=CARTESIAN_POINT('',(37.5,44.75,1.6));
#4320=CARTESIAN_POINT('',(39.5,44.75,2.2));
#4321=CARTESIAN_POINT('',(39.5,44.75,2.2));
#4322=CARTESIAN_POINT('',(39.5,44.75,1.6));
#4323=CARTESIAN_POINT('Origin',(39.5,43.75,1.6));
#4324=CARTESIAN_POINT('',(39.5,43.75,1.6));
#4325=CARTESIAN_POINT('',(39.5,43.75,1.6));
#4326=CARTESIAN_POINT('',(39.5,43.75,2.2));
#4327=CARTESIAN_POINT('',(39.5,43.75,2.2));
#4328=CARTESIAN_POINT('',(39.5,43.75,1.6));
#4329=CARTESIAN_POINT('Origin',(37.5,43.75,1.6));
#4330=CARTESIAN_POINT('',(37.5,43.75,1.6));
#4331=CARTESIAN_POINT('',(37.5,43.75,1.6));
#4332=CARTESIAN_POINT('',(37.5,43.75,2.2));
#4333=CARTESIAN_POINT('',(37.5,43.75,2.2));
#4334=CARTESIAN_POINT('',(37.5,43.75,1.6));
#4335=CARTESIAN_POINT('Origin',(37.5,44.75,1.6));
#4336=CARTESIAN_POINT('',(37.5,44.75,1.6));
#4337=CARTESIAN_POINT('',(37.5,44.75,2.2));
#4338=CARTESIAN_POINT('Origin',(38.5,44.25,2.2));
#4339=CARTESIAN_POINT('Origin',(38.5,44.25,1.6));
#4340=CARTESIAN_POINT('Origin',(38.75,43.,1.6));
#4341=CARTESIAN_POINT('',(38.75,43.,1.6));
#4342=CARTESIAN_POINT('',(37.5,43.,1.6));
#4343=CARTESIAN_POINT('',(38.75,43.,1.6));
#4344=CARTESIAN_POINT('',(37.5,43.,2.2));
#4345=CARTESIAN_POINT('',(37.5,43.,1.6));
#4346=CARTESIAN_POINT('',(38.75,43.,2.2));
#4347=CARTESIAN_POINT('',(38.75,43.,2.2));
#4348=CARTESIAN_POINT('',(38.75,43.,1.6));
#4349=CARTESIAN_POINT('Origin',(38.75,42.,1.6));
#4350=CARTESIAN_POINT('',(38.75,42.,1.6));
#4351=CARTESIAN_POINT('',(38.75,42.,1.6));
#4352=CARTESIAN_POINT('',(38.75,42.,2.2));
#4353=CARTESIAN_POINT('',(38.75,42.,2.2));
#4354=CARTESIAN_POINT('',(38.75,42.,1.6));
#4355=CARTESIAN_POINT('Origin',(37.5,42.,1.6));
#4356=CARTESIAN_POINT('',(37.5,42.,1.6));
#4357=CARTESIAN_POINT('',(37.5,42.,1.6));
#4358=CARTESIAN_POINT('',(37.5,42.,2.2));
#4359=CARTESIAN_POINT('',(37.5,42.,2.2));
#4360=CARTESIAN_POINT('',(37.5,42.,1.6));
#4361=CARTESIAN_POINT('Origin',(37.5,43.,1.6));
#4362=CARTESIAN_POINT('',(37.5,43.,1.6));
#4363=CARTESIAN_POINT('',(37.5,43.,2.2));
#4364=CARTESIAN_POINT('Origin',(38.125,42.5,2.2));
#4365=CARTESIAN_POINT('Origin',(38.125,42.5,1.6));
#4366=CARTESIAN_POINT('Origin',(31.,52.5,1.6));
#4367=CARTESIAN_POINT('',(31.,52.5,1.6));
#4368=CARTESIAN_POINT('',(29.,52.5,1.6));
#4369=CARTESIAN_POINT('',(31.,52.5,1.6));
#4370=CARTESIAN_POINT('',(29.,52.5,2.2));
#4371=CARTESIAN_POINT('',(29.,52.5,1.6));
#4372=CARTESIAN_POINT('',(31.,52.5,2.2));
#4373=CARTESIAN_POINT('',(31.,52.5,2.2));
#4374=CARTESIAN_POINT('',(31.,52.5,1.6));
#4375=CARTESIAN_POINT('Origin',(31.,51.5,1.6));
#4376=CARTESIAN_POINT('',(31.,51.5,1.6));
#4377=CARTESIAN_POINT('',(31.,51.5,1.6));
#4378=CARTESIAN_POINT('',(31.,51.5,2.2));
#4379=CARTESIAN_POINT('',(31.,51.5,2.2));
#4380=CARTESIAN_POINT('',(31.,51.5,1.6));
#4381=CARTESIAN_POINT('Origin',(29.,51.5,1.6));
#4382=CARTESIAN_POINT('',(29.,51.5,1.6));
#4383=CARTESIAN_POINT('',(29.,51.5,1.6));
#4384=CARTESIAN_POINT('',(29.,51.5,2.2));
#4385=CARTESIAN_POINT('',(29.,51.5,2.2));
#4386=CARTESIAN_POINT('',(29.,51.5,1.6));
#4387=CARTESIAN_POINT('Origin',(29.,52.5,1.6));
#4388=CARTESIAN_POINT('',(29.,52.5,1.6));
#4389=CARTESIAN_POINT('',(29.,52.5,2.2));
#4390=CARTESIAN_POINT('Origin',(30.,52.,2.2));
#4391=CARTESIAN_POINT('Origin',(30.,52.,1.6));
#4392=CARTESIAN_POINT('Origin',(31.,51.,1.6));
#4393=CARTESIAN_POINT('',(31.,51.,1.6));
#4394=CARTESIAN_POINT('',(29.,51.,1.6));
#4395=CARTESIAN_POINT('',(31.,51.,1.6));
#4396=CARTESIAN_POINT('',(29.,51.,2.2));
#4397=CARTESIAN_POINT('',(29.,51.,1.6));
#4398=CARTESIAN_POINT('',(31.,51.,2.2));
#4399=CARTESIAN_POINT('',(31.,51.,2.2));
#4400=CARTESIAN_POINT('',(31.,51.,1.6));
#4401=CARTESIAN_POINT('Origin',(31.,50.,1.6));
#4402=CARTESIAN_POINT('',(31.,50.,1.6));
#4403=CARTESIAN_POINT('',(31.,50.,1.6));
#4404=CARTESIAN_POINT('',(31.,50.,2.2));
#4405=CARTESIAN_POINT('',(31.,50.,2.2));
#4406=CARTESIAN_POINT('',(31.,50.,1.6));
#4407=CARTESIAN_POINT('Origin',(29.,50.,1.6));
#4408=CARTESIAN_POINT('',(29.,50.,1.6));
#4409=CARTESIAN_POINT('',(29.,50.,1.6));
#4410=CARTESIAN_POINT('',(29.,50.,2.2));
#4411=CARTESIAN_POINT('',(29.,50.,2.2));
#4412=CARTESIAN_POINT('',(29.,50.,1.6));
#4413=CARTESIAN_POINT('Origin',(29.,51.,1.6));
#4414=CARTESIAN_POINT('',(29.,51.,1.6));
#4415=CARTESIAN_POINT('',(29.,51.,2.2));
#4416=CARTESIAN_POINT('Origin',(30.,50.5,2.2));
#4417=CARTESIAN_POINT('Origin',(30.,50.5,1.6));
#4418=CARTESIAN_POINT('Origin',(35.,52.75,1.6));
#4419=CARTESIAN_POINT('',(35.,52.75,1.6));
#4420=CARTESIAN_POINT('',(32.,52.75,1.6));
#4421=CARTESIAN_POINT('',(35.,52.75,1.6));
#4422=CARTESIAN_POINT('',(32.,52.75,3.6));
#4423=CARTESIAN_POINT('',(32.,52.75,1.6));
#4424=CARTESIAN_POINT('',(35.,52.75,3.6));
#4425=CARTESIAN_POINT('',(35.,52.75,3.6));
#4426=CARTESIAN_POINT('',(35.,52.75,1.6));
#4427=CARTESIAN_POINT('Origin',(35.,49.75,1.6));
#4428=CARTESIAN_POINT('',(35.,49.75,1.6));
#4429=CARTESIAN_POINT('',(35.,49.75,1.6));
#4430=CARTESIAN_POINT('',(35.,49.75,3.6));
#4431=CARTESIAN_POINT('',(35.,49.75,3.6));
#4432=CARTESIAN_POINT('',(35.,49.75,1.6));
#4433=CARTESIAN_POINT('Origin',(32.,49.75,1.6));
#4434=CARTESIAN_POINT('',(32.,49.75,1.6));
#4435=CARTESIAN_POINT('',(32.,49.75,1.6));
#4436=CARTESIAN_POINT('',(32.,49.75,3.6));
#4437=CARTESIAN_POINT('',(32.,49.75,3.6));
#4438=CARTESIAN_POINT('',(32.,49.75,1.6));
#4439=CARTESIAN_POINT('Origin',(32.,52.75,1.6));
#4440=CARTESIAN_POINT('',(32.,52.75,1.6));
#4441=CARTESIAN_POINT('',(32.,52.75,3.6));
#4442=CARTESIAN_POINT('Origin',(33.5,51.25,3.6));
#4443=CARTESIAN_POINT('Origin',(33.5,51.25,1.6));
#4444=CARTESIAN_POINT('Origin',(28.,40.8,0.));
#4445=CARTESIAN_POINT('',(10.,40.8,0.));
#4446=CARTESIAN_POINT('',(28.,40.8,0.));
#4447=CARTESIAN_POINT('',(10.,40.8,0.));
#4448=CARTESIAN_POINT('',(10.,40.8,-3.2));
#4449=CARTESIAN_POINT('',(10.,40.8,0.));
#4450=CARTESIAN_POINT('',(28.,40.8,-3.2));
#4451=CARTESIAN_POINT('',(10.,40.8,-3.2));
#4452=CARTESIAN_POINT('',(28.,40.8,0.));
#4453=CARTESIAN_POINT('Origin',(28.,60.,0.));
#4454=CARTESIAN_POINT('',(28.,60.,0.));
#4455=CARTESIAN_POINT('',(28.,40.8,0.));
#4456=CARTESIAN_POINT('',(28.,60.,-3.2));
#4457=CARTESIAN_POINT('',(28.,40.8,-3.2));
#4458=CARTESIAN_POINT('',(28.,60.,0.));
#4459=CARTESIAN_POINT('Origin',(10.,60.,0.));
#4460=CARTESIAN_POINT('',(10.,60.,0.));
#4461=CARTESIAN_POINT('',(28.,60.,0.));
#4462=CARTESIAN_POINT('',(10.,60.,-3.2));
#4463=CARTESIAN_POINT('',(28.,60.,-3.2));
#4464=CARTESIAN_POINT('',(10.,60.,0.));
#4465=CARTESIAN_POINT('Origin',(10.,40.8,0.));
#4466=CARTESIAN_POINT('',(10.,60.,0.));
#4467=CARTESIAN_POINT('',(10.,60.,-3.2));
#4468=CARTESIAN_POINT('Origin',(19.,50.4,0.));
#4469=CARTESIAN_POINT('Origin',(19.,50.4,-3.2));
#4470=CARTESIAN_POINT('Origin',(97.8,43.75,0.));
#4471=CARTESIAN_POINT('',(64.,43.75,0.));
#4472=CARTESIAN_POINT('',(97.8,43.75,0.));
#4473=CARTESIAN_POINT('',(64.,43.75,0.));
#4474=CARTESIAN_POINT('',(64.,43.75,-13.));
#4475=CARTESIAN_POINT('',(64.,43.75,0.));
#4476=CARTESIAN_POINT('',(97.8,43.75,-13.));
#4477=CARTESIAN_POINT('',(64.,43.75,-13.));
#4478=CARTESIAN_POINT('',(97.8,43.75,0.));
#4479=CARTESIAN_POINT('Origin',(97.8,64.05,0.));
#4480=CARTESIAN_POINT('',(97.8,64.05,0.));
#4481=CARTESIAN_POINT('',(97.8,43.75,0.));
#4482=CARTESIAN_POINT('',(97.8,64.05,-13.));
#4483=CARTESIAN_POINT('',(97.8,43.75,-13.));
#4484=CARTESIAN_POINT('',(97.8,64.05,0.));
#4485=CARTESIAN_POINT('Origin',(64.,64.05,0.));
#4486=CARTESIAN_POINT('',(64.,64.05,0.));
#4487=CARTESIAN_POINT('',(97.8,64.05,0.));
#4488=CARTESIAN_POINT('',(64.,64.05,-13.));
#4489=CARTESIAN_POINT('',(97.8,64.05,-13.));
#4490=CARTESIAN_POINT('',(64.,64.05,0.));
#4491=CARTESIAN_POINT('Origin',(64.,43.75,0.));
#4492=CARTESIAN_POINT('',(64.,64.05,0.));
#4493=CARTESIAN_POINT('',(64.,64.05,-13.));
#4494=CARTESIAN_POINT('Origin',(80.9,53.9,0.));
#4495=CARTESIAN_POINT('Origin',(80.9,53.9,-13.));
#4496=CARTESIAN_POINT('Origin',(94.1,22.25,0.));
#4497=CARTESIAN_POINT('',(88.,22.25,0.));
#4498=CARTESIAN_POINT('',(94.1,22.25,0.));
#4499=CARTESIAN_POINT('',(88.,22.25,0.));
#4500=CARTESIAN_POINT('',(88.,22.25,-2.6));
#4501=CARTESIAN_POINT('',(88.,22.25,0.));
#4502=CARTESIAN_POINT('',(94.1,22.25,-2.6));
#4503=CARTESIAN_POINT('',(88.,22.25,-2.6));
#4504=CARTESIAN_POINT('',(94.1,22.25,0.));
#4505=CARTESIAN_POINT('Origin',(94.1,25.,0.));
#4506=CARTESIAN_POINT('',(94.1,25.,0.));
#4507=CARTESIAN_POINT('',(94.1,22.25,0.));
#4508=CARTESIAN_POINT('',(94.1,25.,-2.6));
#4509=CARTESIAN_POINT('',(94.1,22.25,-2.6));
#4510=CARTESIAN_POINT('',(94.1,25.,0.));
#4511=CARTESIAN_POINT('Origin',(88.,25.,0.));
#4512=CARTESIAN_POINT('',(88.,25.,0.));
#4513=CARTESIAN_POINT('',(94.1,25.,0.));
#4514=CARTESIAN_POINT('',(88.,25.,-2.6));
#4515=CARTESIAN_POINT('',(94.1,25.,-2.6));
#4516=CARTESIAN_POINT('',(88.,25.,0.));
#4517=CARTESIAN_POINT('Origin',(88.,22.25,0.));
#4518=CARTESIAN_POINT('',(88.,25.,0.));
#4519=CARTESIAN_POINT('',(88.,25.,-2.6));
#4520=CARTESIAN_POINT('Origin',(91.05,23.625,0.));
#4521=CARTESIAN_POINT('Origin',(91.05,23.625,-2.6));
#4522=CARTESIAN_POINT('Origin',(103.5,21.5,0.));
#4523=CARTESIAN_POINT('',(96.5,21.5,0.));
#4524=CARTESIAN_POINT('',(103.5,21.5,0.));
#4525=CARTESIAN_POINT('',(96.5,21.5,0.));
#4526=CARTESIAN_POINT('',(96.5,21.5,-8.));
#4527=CARTESIAN_POINT('',(96.5,21.5,0.));
#4528=CARTESIAN_POINT('',(103.5,21.5,-8.));
#4529=CARTESIAN_POINT('',(96.5,21.5,-8.));
#4530=CARTESIAN_POINT('',(103.5,21.5,0.));
#4531=CARTESIAN_POINT('Origin',(103.5,25.5,0.));
#4532=CARTESIAN_POINT('',(103.5,25.5,0.));
#4533=CARTESIAN_POINT('',(103.5,21.5,0.));
#4534=CARTESIAN_POINT('',(103.5,25.5,-8.));
#4535=CARTESIAN_POINT('',(103.5,21.5,-8.));
#4536=CARTESIAN_POINT('',(103.5,25.5,0.));
#4537=CARTESIAN_POINT('Origin',(96.5,25.5,0.));
#4538=CARTESIAN_POINT('',(96.5,25.5,0.));
#4539=CARTESIAN_POINT('',(103.5,25.5,0.));
#4540=CARTESIAN_POINT('',(96.5,25.5,-8.));
#4541=CARTESIAN_POINT('',(103.5,25.5,-8.));
#4542=CARTESIAN_POINT('',(96.5,25.5,0.));
#4543=CARTESIAN_POINT('Origin',(96.5,21.5,0.));
#4544=CARTESIAN_POINT('',(96.5,25.5,0.));
#4545=CARTESIAN_POINT('',(96.5,25.5,-8.));
#4546=CARTESIAN_POINT('Origin',(100.,23.5,0.));
#4547=CARTESIAN_POINT('Origin',(100.,23.5,-8.));
#4548=CARTESIAN_POINT('Origin',(99.25,0.5,0.));
#4549=CARTESIAN_POINT('',(89.,0.5,0.));
#4550=CARTESIAN_POINT('',(99.25,0.5,0.));
#4551=CARTESIAN_POINT('',(89.,0.5,0.));
#4552=CARTESIAN_POINT('',(89.,0.5,-10.));
#4553=CARTESIAN_POINT('',(89.,0.5,0.));
#4554=CARTESIAN_POINT('',(99.25,0.5,-10.));
#4555=CARTESIAN_POINT('',(89.,0.5,-10.));
#4556=CARTESIAN_POINT('',(99.25,0.5,0.));
#4557=CARTESIAN_POINT('Origin',(99.25,8.5,0.));
#4558=CARTESIAN_POINT('',(99.25,8.5,0.));
#4559=CARTESIAN_POINT('',(99.25,0.5,0.));
#4560=CARTESIAN_POINT('',(99.25,8.5,-10.));
#4561=CARTESIAN_POINT('',(99.25,0.5,-10.));
#4562=CARTESIAN_POINT('',(99.25,8.5,0.));
#4563=CARTESIAN_POINT('Origin',(89.,8.5,0.));
#4564=CARTESIAN_POINT('',(89.,8.5,0.));
#4565=CARTESIAN_POINT('',(99.25,8.5,0.));
#4566=CARTESIAN_POINT('',(89.,8.5,-10.));
#4567=CARTESIAN_POINT('',(99.25,8.5,-10.));
#4568=CARTESIAN_POINT('',(89.,8.5,0.));
#4569=CARTESIAN_POINT('Origin',(89.,0.5,0.));
#4570=CARTESIAN_POINT('',(89.,8.5,0.));
#4571=CARTESIAN_POINT('',(89.,8.5,-10.));
#4572=CARTESIAN_POINT('Origin',(94.125,4.5,0.));
#4573=CARTESIAN_POINT('Origin',(94.125,4.5,-10.));
#4574=CARTESIAN_POINT('Origin',(76.5,35.,0.));
#4575=CARTESIAN_POINT('',(70.,35.,0.));
#4576=CARTESIAN_POINT('',(76.5,35.,0.));
#4577=CARTESIAN_POINT('',(70.,35.,0.));
#4578=CARTESIAN_POINT('',(70.,35.,-1.7));
#4579=CARTESIAN_POINT('',(70.,35.,0.));
#4580=CARTESIAN_POINT('',(76.5,35.,-1.7));
#4581=CARTESIAN_POINT('',(70.,35.,-1.7));
#4582=CARTESIAN_POINT('',(76.5,35.,0.));
#4583=CARTESIAN_POINT('Origin',(76.5,42.,0.));
#4584=CARTESIAN_POINT('',(76.5,42.,0.));
#4585=CARTESIAN_POINT('',(76.5,35.,0.));
#4586=CARTESIAN_POINT('',(76.5,42.,-1.7));
#4587=CARTESIAN_POINT('',(76.5,35.,-1.7));
#4588=CARTESIAN_POINT('',(76.5,42.,0.));
#4589=CARTESIAN_POINT('Origin',(70.,42.,0.));
#4590=CARTESIAN_POINT('',(70.,42.,0.));
#4591=CARTESIAN_POINT('',(76.5,42.,0.));
#4592=CARTESIAN_POINT('',(70.,42.,-1.7));
#4593=CARTESIAN_POINT('',(76.5,42.,-1.7));
#4594=CARTESIAN_POINT('',(70.,42.,0.));
#4595=CARTESIAN_POINT('Origin',(70.,35.,0.));
#4596=CARTESIAN_POINT('',(70.,42.,0.));
#4597=CARTESIAN_POINT('',(70.,42.,-1.7));
#4598=CARTESIAN_POINT('Origin',(73.25,38.5,0.));
#4599=CARTESIAN_POINT('Origin',(73.25,38.5,-1.7));
#4600=CARTESIAN_POINT('Origin',(81.,39.1,0.));
#4601=CARTESIAN_POINT('',(76.75,39.1,0.));
#4602=CARTESIAN_POINT('',(81.,39.1,0.));
#4603=CARTESIAN_POINT('',(76.75,39.1,0.));
#4604=CARTESIAN_POINT('',(76.75,39.1,-1.5));
#4605=CARTESIAN_POINT('',(76.75,39.1,0.));
#4606=CARTESIAN_POINT('',(81.,39.1,-1.5));
#4607=CARTESIAN_POINT('',(76.75,39.1,-1.5));
#4608=CARTESIAN_POINT('',(81.,39.1,0.));
#4609=CARTESIAN_POINT('Origin',(81.,41.75,0.));
#4610=CARTESIAN_POINT('',(81.,41.75,0.));
#4611=CARTESIAN_POINT('',(81.,39.1,0.));
#4612=CARTESIAN_POINT('',(81.,41.75,-1.5));
#4613=CARTESIAN_POINT('',(81.,39.1,-1.5));
#4614=CARTESIAN_POINT('',(81.,41.75,0.));
#4615=CARTESIAN_POINT('Origin',(76.75,41.75,0.));
#4616=CARTESIAN_POINT('',(76.75,41.75,0.));
#4617=CARTESIAN_POINT('',(81.,41.75,0.));
#4618=CARTESIAN_POINT('',(76.75,41.75,-1.5));
#4619=CARTESIAN_POINT('',(81.,41.75,-1.5));
#4620=CARTESIAN_POINT('',(76.75,41.75,0.));
#4621=CARTESIAN_POINT('Origin',(76.75,39.1,0.));
#4622=CARTESIAN_POINT('',(76.75,41.75,0.));
#4623=CARTESIAN_POINT('',(76.75,41.75,-1.5));
#4624=CARTESIAN_POINT('Origin',(78.875,40.425,0.));
#4625=CARTESIAN_POINT('Origin',(78.875,40.425,-1.5));
#4626=CARTESIAN_POINT('Origin',(81.,35.1,0.));
#4627=CARTESIAN_POINT('',(76.75,35.1,0.));
#4628=CARTESIAN_POINT('',(81.,35.1,0.));
#4629=CARTESIAN_POINT('',(76.75,35.1,0.));
#4630=CARTESIAN_POINT('',(76.75,35.1,-1.5));
#4631=CARTESIAN_POINT('',(76.75,35.1,0.));
#4632=CARTESIAN_POINT('',(81.,35.1,-1.5));
#4633=CARTESIAN_POINT('',(76.75,35.1,-1.5));
#4634=CARTESIAN_POINT('',(81.,35.1,0.));
#4635=CARTESIAN_POINT('Origin',(81.,37.75,0.));
#4636=CARTESIAN_POINT('',(81.,37.75,0.));
#4637=CARTESIAN_POINT('',(81.,35.1,0.));
#4638=CARTESIAN_POINT('',(81.,37.75,-1.5));
#4639=CARTESIAN_POINT('',(81.,35.1,-1.5));
#4640=CARTESIAN_POINT('',(81.,37.75,0.));
#4641=CARTESIAN_POINT('Origin',(76.75,37.75,0.));
#4642=CARTESIAN_POINT('',(76.75,37.75,0.));
#4643=CARTESIAN_POINT('',(81.,37.75,0.));
#4644=CARTESIAN_POINT('',(76.75,37.75,-1.5));
#4645=CARTESIAN_POINT('',(81.,37.75,-1.5));
#4646=CARTESIAN_POINT('',(76.75,37.75,0.));
#4647=CARTESIAN_POINT('Origin',(76.75,35.1,0.));
#4648=CARTESIAN_POINT('',(76.75,37.75,0.));
#4649=CARTESIAN_POINT('',(76.75,37.75,-1.5));
#4650=CARTESIAN_POINT('Origin',(78.875,36.425,0.));
#4651=CARTESIAN_POINT('Origin',(78.875,36.425,-1.5));
#4652=CARTESIAN_POINT('Origin',(62.5,44.5,0.));
#4653=CARTESIAN_POINT('',(60.5,44.5,0.));
#4654=CARTESIAN_POINT('',(62.5,44.5,0.));
#4655=CARTESIAN_POINT('',(60.5,44.5,0.));
#4656=CARTESIAN_POINT('',(60.5,44.5,-0.6));
#4657=CARTESIAN_POINT('',(60.5,44.5,0.));
#4658=CARTESIAN_POINT('',(62.5,44.5,-0.6));
#4659=CARTESIAN_POINT('',(60.5,44.5,-0.6));
#4660=CARTESIAN_POINT('',(62.5,44.5,0.));
#4661=CARTESIAN_POINT('Origin',(62.5,45.5,0.));
#4662=CARTESIAN_POINT('',(62.5,45.5,0.));
#4663=CARTESIAN_POINT('',(62.5,44.5,0.));
#4664=CARTESIAN_POINT('',(62.5,45.5,-0.6));
#4665=CARTESIAN_POINT('',(62.5,44.5,-0.6));
#4666=CARTESIAN_POINT('',(62.5,45.5,0.));
#4667=CARTESIAN_POINT('Origin',(60.5,45.5,0.));
#4668=CARTESIAN_POINT('',(60.5,45.5,0.));
#4669=CARTESIAN_POINT('',(62.5,45.5,0.));
#4670=CARTESIAN_POINT('',(60.5,45.5,-0.6));
#4671=CARTESIAN_POINT('',(62.5,45.5,-0.6));
#4672=CARTESIAN_POINT('',(60.5,45.5,0.));
#4673=CARTESIAN_POINT('Origin',(60.5,44.5,0.));
#4674=CARTESIAN_POINT('',(60.5,45.5,0.));
#4675=CARTESIAN_POINT('',(60.5,45.5,-0.6));
#4676=CARTESIAN_POINT('Origin',(61.5,45.,0.));
#4677=CARTESIAN_POINT('Origin',(61.5,45.,-0.6));
#4678=CARTESIAN_POINT('Origin',(77.,29.5,0.));
#4679=CARTESIAN_POINT('',(75.,29.5,0.));
#4680=CARTESIAN_POINT('',(77.,29.5,0.));
#4681=CARTESIAN_POINT('',(75.,29.5,0.));
#4682=CARTESIAN_POINT('',(75.,29.5,-0.6));
#4683=CARTESIAN_POINT('',(75.,29.5,0.));
#4684=CARTESIAN_POINT('',(77.,29.5,-0.6));
#4685=CARTESIAN_POINT('',(75.,29.5,-0.6));
#4686=CARTESIAN_POINT('',(77.,29.5,0.));
#4687=CARTESIAN_POINT('Origin',(77.,30.5,0.));
#4688=CARTESIAN_POINT('',(77.,30.5,0.));
#4689=CARTESIAN_POINT('',(77.,29.5,0.));
#4690=CARTESIAN_POINT('',(77.,30.5,-0.6));
#4691=CARTESIAN_POINT('',(77.,29.5,-0.6));
#4692=CARTESIAN_POINT('',(77.,30.5,0.));
#4693=CARTESIAN_POINT('Origin',(75.,30.5,0.));
#4694=CARTESIAN_POINT('',(75.,30.5,0.));
#4695=CARTESIAN_POINT('',(77.,30.5,0.));
#4696=CARTESIAN_POINT('',(75.,30.5,-0.6));
#4697=CARTESIAN_POINT('',(77.,30.5,-0.6));
#4698=CARTESIAN_POINT('',(75.,30.5,0.));
#4699=CARTESIAN_POINT('Origin',(75.,29.5,0.));
#4700=CARTESIAN_POINT('',(75.,30.5,0.));
#4701=CARTESIAN_POINT('',(75.,30.5,-0.6));
#4702=CARTESIAN_POINT('Origin',(76.,30.,0.));
#4703=CARTESIAN_POINT('Origin',(76.,30.,-0.6));
#4704=CARTESIAN_POINT('Origin',(77.,28.,0.));
#4705=CARTESIAN_POINT('',(75.,28.,0.));
#4706=CARTESIAN_POINT('',(77.,28.,0.));
#4707=CARTESIAN_POINT('',(75.,28.,0.));
#4708=CARTESIAN_POINT('',(75.,28.,-0.6));
#4709=CARTESIAN_POINT('',(75.,28.,0.));
#4710=CARTESIAN_POINT('',(77.,28.,-0.6));
#4711=CARTESIAN_POINT('',(75.,28.,-0.6));
#4712=CARTESIAN_POINT('',(77.,28.,0.));
#4713=CARTESIAN_POINT('Origin',(77.,29.,0.));
#4714=CARTESIAN_POINT('',(77.,29.,0.));
#4715=CARTESIAN_POINT('',(77.,28.,0.));
#4716=CARTESIAN_POINT('',(77.,29.,-0.6));
#4717=CARTESIAN_POINT('',(77.,28.,-0.6));
#4718=CARTESIAN_POINT('',(77.,29.,0.));
#4719=CARTESIAN_POINT('Origin',(75.,29.,0.));
#4720=CARTESIAN_POINT('',(75.,29.,0.));
#4721=CARTESIAN_POINT('',(77.,29.,0.));
#4722=CARTESIAN_POINT('',(75.,29.,-0.6));
#4723=CARTESIAN_POINT('',(77.,29.,-0.6));
#4724=CARTESIAN_POINT('',(75.,29.,0.));
#4725=CARTESIAN_POINT('Origin',(75.,28.,0.));
#4726=CARTESIAN_POINT('',(75.,29.,0.));
#4727=CARTESIAN_POINT('',(75.,29.,-0.6));
#4728=CARTESIAN_POINT('Origin',(76.,28.5,0.));
#4729=CARTESIAN_POINT('Origin',(76.,28.5,-0.6));
#4730=CARTESIAN_POINT('Origin',(65.75,1.25,-10.75));
#4731=CARTESIAN_POINT('',(55.,1.25,-10.75));
#4732=CARTESIAN_POINT('Origin',(65.75,1.25,-10.75));
#4733=CARTESIAN_POINT('Origin',(65.75,13.75,-10.75));
#4734=CARTESIAN_POINT('',(55.,26.25,-10.75));
#4735=CARTESIAN_POINT('Origin',(65.75,26.25,-10.75));
#4736=CARTESIAN_POINT('',(55.,13.75,-10.75));
#4737=CARTESIAN_POINT('Origin',(65.75,26.25,-10.75));
#4738=CARTESIAN_POINT('Origin',(46.25,14.,0.));
#4739=CARTESIAN_POINT('',(41.25,14.,0.));
#4740=CARTESIAN_POINT('',(46.25,14.,0.));
#4741=CARTESIAN_POINT('',(41.25,14.,0.));
#4742=CARTESIAN_POINT('',(41.25,14.,-1.5));
#4743=CARTESIAN_POINT('',(41.25,14.,0.));
#4744=CARTESIAN_POINT('',(46.25,14.,-1.5));
#4745=CARTESIAN_POINT('',(41.25,14.,-1.5));
#4746=CARTESIAN_POINT('',(46.25,14.,0.));
#4747=CARTESIAN_POINT('Origin',(46.25,20.,0.));
#4748=CARTESIAN_POINT('',(46.25,20.,0.));
#4749=CARTESIAN_POINT('',(46.25,14.,0.));
#4750=CARTESIAN_POINT('',(46.25,20.,-1.5));
#4751=CARTESIAN_POINT('',(46.25,14.,-1.5));
#4752=CARTESIAN_POINT('',(46.25,20.,0.));
#4753=CARTESIAN_POINT('Origin',(41.25,20.,0.));
#4754=CARTESIAN_POINT('',(41.25,20.,0.));
#4755=CARTESIAN_POINT('',(46.25,20.,0.));
#4756=CARTESIAN_POINT('',(41.25,20.,-1.5));
#4757=CARTESIAN_POINT('',(46.25,20.,-1.5));
#4758=CARTESIAN_POINT('',(41.25,20.,0.));
#4759=CARTESIAN_POINT('Origin',(41.25,14.,0.));
#4760=CARTESIAN_POINT('',(41.25,20.,0.));
#4761=CARTESIAN_POINT('',(41.25,20.,-1.5));
#4762=CARTESIAN_POINT('Origin',(43.75,17.,0.));
#4763=CARTESIAN_POINT('Origin',(43.75,17.,-1.5));
#4764=CARTESIAN_POINT('Origin',(48.5,15.,0.));
#4765=CARTESIAN_POINT('',(47.5,15.,0.));
#4766=CARTESIAN_POINT('',(48.5,15.,0.));
#4767=CARTESIAN_POINT('',(47.5,15.,0.));
#4768=CARTESIAN_POINT('',(47.5,15.,-0.6));
#4769=CARTESIAN_POINT('',(47.5,15.,0.));
#4770=CARTESIAN_POINT('',(48.5,15.,-0.6));
#4771=CARTESIAN_POINT('',(47.5,15.,-0.6));
#4772=CARTESIAN_POINT('',(48.5,15.,0.));
#4773=CARTESIAN_POINT('Origin',(48.5,17.,0.));
#4774=CARTESIAN_POINT('',(48.5,17.,0.));
#4775=CARTESIAN_POINT('',(48.5,15.,0.));
#4776=CARTESIAN_POINT('',(48.5,17.,-0.6));
#4777=CARTESIAN_POINT('',(48.5,15.,-0.6));
#4778=CARTESIAN_POINT('',(48.5,17.,0.));
#4779=CARTESIAN_POINT('Origin',(47.5,17.,0.));
#4780=CARTESIAN_POINT('',(47.5,17.,0.));
#4781=CARTESIAN_POINT('',(48.5,17.,0.));
#4782=CARTESIAN_POINT('',(47.5,17.,-0.6));
#4783=CARTESIAN_POINT('',(48.5,17.,-0.6));
#4784=CARTESIAN_POINT('',(47.5,17.,0.));
#4785=CARTESIAN_POINT('Origin',(47.5,15.,0.));
#4786=CARTESIAN_POINT('',(47.5,17.,0.));
#4787=CARTESIAN_POINT('',(47.5,17.,-0.6));
#4788=CARTESIAN_POINT('Origin',(48.,16.,0.));
#4789=CARTESIAN_POINT('Origin',(48.,16.,-0.6));
#4790=CARTESIAN_POINT('Origin',(9.,11.,0.));
#4791=CARTESIAN_POINT('',(1.,11.,0.));
#4792=CARTESIAN_POINT('',(9.,11.,0.));
#4793=CARTESIAN_POINT('',(1.,11.,0.));
#4794=CARTESIAN_POINT('',(1.,11.,-10.));
#4795=CARTESIAN_POINT('',(1.,11.,0.));
#4796=CARTESIAN_POINT('',(9.,11.,-10.));
#4797=CARTESIAN_POINT('',(1.,11.,-10.));
#4798=CARTESIAN_POINT('',(9.,11.,0.));
#4799=CARTESIAN_POINT('Origin',(9.,26.25,0.));
#4800=CARTESIAN_POINT('',(9.,26.25,0.));
#4801=CARTESIAN_POINT('',(9.,11.,0.));
#4802=CARTESIAN_POINT('',(9.,26.25,-10.));
#4803=CARTESIAN_POINT('',(9.,11.,-10.));
#4804=CARTESIAN_POINT('',(9.,26.25,0.));
#4805=CARTESIAN_POINT('Origin',(1.,26.25,0.));
#4806=CARTESIAN_POINT('',(1.,26.25,0.));
#4807=CARTESIAN_POINT('',(9.,26.25,0.));
#4808=CARTESIAN_POINT('',(1.,26.25,-10.));
#4809=CARTESIAN_POINT('',(9.,26.25,-10.));
#4810=CARTESIAN_POINT('',(1.,26.25,0.));
#4811=CARTESIAN_POINT('Origin',(1.,11.,0.));
#4812=CARTESIAN_POINT('',(1.,26.25,0.));
#4813=CARTESIAN_POINT('',(1.,26.25,-10.));
#4814=CARTESIAN_POINT('Origin',(5.,18.625,0.));
#4815=CARTESIAN_POINT('Origin',(5.,18.625,-10.));
#4816=CARTESIAN_POINT('Origin',(27.,14.,0.));
#4817=CARTESIAN_POINT('',(25.,14.,0.));
#4818=CARTESIAN_POINT('',(27.,14.,0.));
#4819=CARTESIAN_POINT('',(25.,14.,0.));
#4820=CARTESIAN_POINT('',(25.,14.,-0.6));
#4821=CARTESIAN_POINT('',(25.,14.,0.));
#4822=CARTESIAN_POINT('',(27.,14.,-0.6));
#4823=CARTESIAN_POINT('',(25.,14.,-0.6));
#4824=CARTESIAN_POINT('',(27.,14.,0.));
#4825=CARTESIAN_POINT('Origin',(27.,15.,0.));
#4826=CARTESIAN_POINT('',(27.,15.,0.));
#4827=CARTESIAN_POINT('',(27.,14.,0.));
#4828=CARTESIAN_POINT('',(27.,15.,-0.6));
#4829=CARTESIAN_POINT('',(27.,14.,-0.6));
#4830=CARTESIAN_POINT('',(27.,15.,0.));
#4831=CARTESIAN_POINT('Origin',(25.,15.,0.));
#4832=CARTESIAN_POINT('',(25.,15.,0.));
#4833=CARTESIAN_POINT('',(27.,15.,0.));
#4834=CARTESIAN_POINT('',(25.,15.,-0.6));
#4835=CARTESIAN_POINT('',(27.,15.,-0.6));
#4836=CARTESIAN_POINT('',(25.,15.,0.));
#4837=CARTESIAN_POINT('Origin',(25.,14.,0.));
#4838=CARTESIAN_POINT('',(25.,15.,0.));
#4839=CARTESIAN_POINT('',(25.,15.,-0.6));
#4840=CARTESIAN_POINT('Origin',(26.,14.5,0.));
#4841=CARTESIAN_POINT('Origin',(26.,14.5,-0.6));
#4842=CARTESIAN_POINT('Origin',(30.,14.,0.));
#4843=CARTESIAN_POINT('',(28.,14.,0.));
#4844=CARTESIAN_POINT('',(30.,14.,0.));
#4845=CARTESIAN_POINT('',(28.,14.,0.));
#4846=CARTESIAN_POINT('',(28.,14.,-0.6));
#4847=CARTESIAN_POINT('',(28.,14.,0.));
#4848=CARTESIAN_POINT('',(30.,14.,-0.6));
#4849=CARTESIAN_POINT('',(28.,14.,-0.6));
#4850=CARTESIAN_POINT('',(30.,14.,0.));
#4851=CARTESIAN_POINT('Origin',(30.,15.,0.));
#4852=CARTESIAN_POINT('',(30.,15.,0.));
#4853=CARTESIAN_POINT('',(30.,14.,0.));
#4854=CARTESIAN_POINT('',(30.,15.,-0.6));
#4855=CARTESIAN_POINT('',(30.,14.,-0.6));
#4856=CARTESIAN_POINT('',(30.,15.,0.));
#4857=CARTESIAN_POINT('Origin',(28.,15.,0.));
#4858=CARTESIAN_POINT('',(28.,15.,0.));
#4859=CARTESIAN_POINT('',(30.,15.,0.));
#4860=CARTESIAN_POINT('',(28.,15.,-0.6));
#4861=CARTESIAN_POINT('',(30.,15.,-0.6));
#4862=CARTESIAN_POINT('',(28.,15.,0.));
#4863=CARTESIAN_POINT('Origin',(28.,14.,0.));
#4864=CARTESIAN_POINT('',(28.,15.,0.));
#4865=CARTESIAN_POINT('',(28.,15.,-0.6));
#4866=CARTESIAN_POINT('Origin',(29.,14.5,0.));
#4867=CARTESIAN_POINT('Origin',(29.,14.5,-0.6));
#4868=CARTESIAN_POINT('Origin',(33.,14.,0.));
#4869=CARTESIAN_POINT('',(31.,14.,0.));
#4870=CARTESIAN_POINT('',(33.,14.,0.));
#4871=CARTESIAN_POINT('',(31.,14.,0.));
#4872=CARTESIAN_POINT('',(31.,14.,-0.6));
#4873=CARTESIAN_POINT('',(31.,14.,0.));
#4874=CARTESIAN_POINT('',(33.,14.,-0.6));
#4875=CARTESIAN_POINT('',(31.,14.,-0.6));
#4876=CARTESIAN_POINT('',(33.,14.,0.));
#4877=CARTESIAN_POINT('Origin',(33.,15.,0.));
#4878=CARTESIAN_POINT('',(33.,15.,0.));
#4879=CARTESIAN_POINT('',(33.,14.,0.));
#4880=CARTESIAN_POINT('',(33.,15.,-0.6));
#4881=CARTESIAN_POINT('',(33.,14.,-0.6));
#4882=CARTESIAN_POINT('',(33.,15.,0.));
#4883=CARTESIAN_POINT('Origin',(31.,15.,0.));
#4884=CARTESIAN_POINT('',(31.,15.,0.));
#4885=CARTESIAN_POINT('',(33.,15.,0.));
#4886=CARTESIAN_POINT('',(31.,15.,-0.6));
#4887=CARTESIAN_POINT('',(33.,15.,-0.6));
#4888=CARTESIAN_POINT('',(31.,15.,0.));
#4889=CARTESIAN_POINT('Origin',(31.,14.,0.));
#4890=CARTESIAN_POINT('',(31.,15.,0.));
#4891=CARTESIAN_POINT('',(31.,15.,-0.6));
#4892=CARTESIAN_POINT('Origin',(32.,14.5,0.));
#4893=CARTESIAN_POINT('Origin',(32.,14.5,-0.6));
#4894=CARTESIAN_POINT('Origin',(36.,14.,0.));
#4895=CARTESIAN_POINT('',(34.,14.,0.));
#4896=CARTESIAN_POINT('',(36.,14.,0.));
#4897=CARTESIAN_POINT('',(34.,14.,0.));
#4898=CARTESIAN_POINT('',(34.,14.,-0.6));
#4899=CARTESIAN_POINT('',(34.,14.,0.));
#4900=CARTESIAN_POINT('',(36.,14.,-0.6));
#4901=CARTESIAN_POINT('',(34.,14.,-0.6));
#4902=CARTESIAN_POINT('',(36.,14.,0.));
#4903=CARTESIAN_POINT('Origin',(36.,15.,0.));
#4904=CARTESIAN_POINT('',(36.,15.,0.));
#4905=CARTESIAN_POINT('',(36.,14.,0.));
#4906=CARTESIAN_POINT('',(36.,15.,-0.6));
#4907=CARTESIAN_POINT('',(36.,14.,-0.6));
#4908=CARTESIAN_POINT('',(36.,15.,0.));
#4909=CARTESIAN_POINT('Origin',(34.,15.,0.));
#4910=CARTESIAN_POINT('',(34.,15.,0.));
#4911=CARTESIAN_POINT('',(36.,15.,0.));
#4912=CARTESIAN_POINT('',(34.,15.,-0.6));
#4913=CARTESIAN_POINT('',(36.,15.,-0.6));
#4914=CARTESIAN_POINT('',(34.,15.,0.));
#4915=CARTESIAN_POINT('Origin',(34.,14.,0.));
#4916=CARTESIAN_POINT('',(34.,15.,0.));
#4917=CARTESIAN_POINT('',(34.,15.,-0.6));
#4918=CARTESIAN_POINT('Origin',(35.,14.5,0.));
#4919=CARTESIAN_POINT('Origin',(35.,14.5,-0.6));
#4920=CARTESIAN_POINT('Origin',(39.,13.,0.));
#4921=CARTESIAN_POINT('',(37.,13.,0.));
#4922=CARTESIAN_POINT('',(39.,13.,0.));
#4923=CARTESIAN_POINT('',(37.,13.,0.));
#4924=CARTESIAN_POINT('',(37.,13.,-0.6));
#4925=CARTESIAN_POINT('',(37.,13.,0.));
#4926=CARTESIAN_POINT('',(39.,13.,-0.6));
#4927=CARTESIAN_POINT('',(37.,13.,-0.6));
#4928=CARTESIAN_POINT('',(39.,13.,0.));
#4929=CARTESIAN_POINT('Origin',(39.,15.,0.));
#4930=CARTESIAN_POINT('',(39.,15.,0.));
#4931=CARTESIAN_POINT('',(39.,13.,0.));
#4932=CARTESIAN_POINT('',(39.,15.,-0.6));
#4933=CARTESIAN_POINT('',(39.,13.,-0.6));
#4934=CARTESIAN_POINT('',(39.,15.,0.));
#4935=CARTESIAN_POINT('Origin',(37.,15.,0.));
#4936=CARTESIAN_POINT('',(37.,15.,0.));
#4937=CARTESIAN_POINT('',(39.,15.,0.));
#4938=CARTESIAN_POINT('',(37.,15.,-0.6));
#4939=CARTESIAN_POINT('',(39.,15.,-0.6));
#4940=CARTESIAN_POINT('',(37.,15.,0.));
#4941=CARTESIAN_POINT('Origin',(37.,13.,0.));
#4942=CARTESIAN_POINT('',(37.,15.,0.));
#4943=CARTESIAN_POINT('',(37.,15.,-0.6));
#4944=CARTESIAN_POINT('Origin',(38.,14.,0.));
#4945=CARTESIAN_POINT('Origin',(38.,14.,-0.6));
#4946=CARTESIAN_POINT('Origin',(53.,0.5,0.));
#4947=CARTESIAN_POINT('',(25.,0.5,0.));
#4948=CARTESIAN_POINT('',(53.,0.5,0.));
#4949=CARTESIAN_POINT('',(25.,0.5,0.));
#4950=CARTESIAN_POINT('',(25.,0.5,-9.));
#4951=CARTESIAN_POINT('',(25.,0.5,0.));
#4952=CARTESIAN_POINT('',(53.,0.5,-9.));
#4953=CARTESIAN_POINT('',(25.,0.5,-9.));
#4954=CARTESIAN_POINT('',(53.,0.5,0.));
#4955=CARTESIAN_POINT('Origin',(53.,7.5,0.));
#4956=CARTESIAN_POINT('',(53.,7.5,0.));
#4957=CARTESIAN_POINT('',(53.,0.5,0.));
#4958=CARTESIAN_POINT('',(53.,7.5,-9.));
#4959=CARTESIAN_POINT('',(53.,0.5,-9.));
#4960=CARTESIAN_POINT('',(53.,7.5,0.));
#4961=CARTESIAN_POINT('Origin',(25.,7.5,0.));
#4962=CARTESIAN_POINT('',(25.,7.5,0.));
#4963=CARTESIAN_POINT('',(53.,7.5,0.));
#4964=CARTESIAN_POINT('',(25.,7.5,-9.));
#4965=CARTESIAN_POINT('',(53.,7.5,-9.));
#4966=CARTESIAN_POINT('',(25.,7.5,0.));
#4967=CARTESIAN_POINT('Origin',(25.,0.5,0.));
#4968=CARTESIAN_POINT('',(25.,7.5,0.));
#4969=CARTESIAN_POINT('',(25.,7.5,-9.));
#4970=CARTESIAN_POINT('Origin',(39.,4.,0.));
#4971=CARTESIAN_POINT('Origin',(39.,4.,-9.));
#4972=CARTESIAN_POINT('Origin',(24.,6.25,0.));
#4973=CARTESIAN_POINT('',(11.,6.25,0.));
#4974=CARTESIAN_POINT('',(24.,6.25,0.));
#4975=CARTESIAN_POINT('',(11.,6.25,0.));
#4976=CARTESIAN_POINT('',(11.,6.25,-8.5));
#4977=CARTESIAN_POINT('',(11.,6.25,0.));
#4978=CARTESIAN_POINT('',(24.,6.25,-8.5));
#4979=CARTESIAN_POINT('',(11.,6.25,-8.5));
#4980=CARTESIAN_POINT('',(24.,6.25,0.));
#4981=CARTESIAN_POINT('Origin',(24.,11.25,0.));
#4982=CARTESIAN_POINT('',(24.,11.25,0.));
#4983=CARTESIAN_POINT('',(24.,6.25,0.));
#4984=CARTESIAN_POINT('',(24.,11.25,-8.5));
#4985=CARTESIAN_POINT('',(24.,6.25,-8.5));
#4986=CARTESIAN_POINT('',(24.,11.25,0.));
#4987=CARTESIAN_POINT('Origin',(11.,11.25,0.));
#4988=CARTESIAN_POINT('',(11.,11.25,0.));
#4989=CARTESIAN_POINT('',(24.,11.25,0.));
#4990=CARTESIAN_POINT('',(11.,11.25,-8.5));
#4991=CARTESIAN_POINT('',(24.,11.25,-8.5));
#4992=CARTESIAN_POINT('',(11.,11.25,0.));
#4993=CARTESIAN_POINT('Origin',(11.,6.25,0.));
#4994=CARTESIAN_POINT('',(11.,11.25,0.));
#4995=CARTESIAN_POINT('',(11.,11.25,-8.5));
#4996=CARTESIAN_POINT('Origin',(17.5,8.75,0.));
#4997=CARTESIAN_POINT('Origin',(17.5,8.75,-8.5));
#4998=UNCERTAINTY_MEASURE_WITH_UNIT(LENGTH_MEASURE(0.01),#5002,
'DISTANCE_ACCURACY_VALUE',
'Maximum model space distance between geometric entities at asserted c
onnectivities');
#4999=UNCERTAINTY_MEASURE_WITH_UNIT(LENGTH_MEASURE(0.01),#5002,
'DISTANCE_ACCURACY_VALUE',
'Maximum model space distance between geometric entities at asserted c
onnectivities');
#5000=(
GEOMETRIC_REPRESENTATION_CONTEXT(3)
GLOBAL_UNCERTAINTY_ASSIGNED_CONTEXT((#4998))
GLOBAL_UNIT_ASSIGNED_CONTEXT((#5002,#5004,#5005))
REPRESENTATION_CONTEXT('','3D')
);
#5001=(
GEOMETRIC_REPRESENTATION_CONTEXT(3)
GLOBAL_UNCERTAINTY_ASSIGNED_CONTEXT((#4999))
GLOBAL_UNIT_ASSIGNED_CONTEXT((#5002,#5004,#5005))
REPRESENTATION_CONTEXT('','3D')
);
#5002=(
LENGTH_UNIT()
NAMED_UNIT(*)
SI_UNIT(.MILLI.,.METRE.)
);
#5003=(
LENGTH_UNIT()
NAMED_UNIT(*)
SI_UNIT($,.METRE.)
);
#5004=(
NAMED_UNIT(*)
PLANE_ANGLE_UNIT()
SI_UNIT($,.RADIAN.)
);
#5005=(
NAMED_UNIT(*)
SI_UNIT($,.STERADIAN.)
SOLID_ANGLE_UNIT()
);
#5006=SHAPE_DEFINITION_REPRESENTATION(#5007,#5008);
#5007=PRODUCT_DEFINITION_SHAPE('',$,#5010);
#5008=SHAPE_REPRESENTATION('',(#3122),#5000);
#5009=PRODUCT_DEFINITION_CONTEXT('part definition',#5014,'design');
#5010=PRODUCT_DEFINITION('2026-09-14-08-15-55-205','GridUp-PCB',#5011,#5009);
#5011=PRODUCT_DEFINITION_FORMATION('',$,#5016);
#5012=PRODUCT_RELATED_PRODUCT_CATEGORY('GridUp-PCB','GridUp-PCB',(#5016));
#5013=APPLICATION_PROTOCOL_DEFINITION('international standard',
'automotive_design',2009,#5014);
#5014=APPLICATION_CONTEXT(
'Core Data for Automotive Mechanical Design Process');
#5015=PRODUCT_CONTEXT('part definition',#5014,'mechanical');
#5016=PRODUCT('2026-09-14-08-15-55-205','GridUp-PCB',$,(#5015));
#5017=PRESENTATION_STYLE_ASSIGNMENT((#5018));
#5018=SURFACE_STYLE_USAGE(.BOTH.,#5019);
#5019=SURFACE_SIDE_STYLE('',(#5020));
#5020=SURFACE_STYLE_FILL_AREA(#5021);
#5021=FILL_AREA_STYLE('\X\C7elik - Saten',(#5022));
#5022=FILL_AREA_STYLE_COLOUR('\X\C7elik - Saten',#5023);
#5023=COLOUR_RGB('\X\C7elik - Saten',0.627450980392157,0.627450980392157,
0.627450980392157);
ENDSEC;
END-ISO-10303-21;
