ISO-10303-21;
HEADER;
/* Generated by software containing ST-Developer
 * from STEP Tools, Inc. (www.steptools.com) 
 */

FILE_DESCRIPTION(
/* description */ (''),
/* implementation_level */ '2;1');

FILE_NAME(
/* name */ 'GridUp-Kutu.step',
/* time_stamp */ '2026-09-17T15:45:27+03:00',
/* author */ (''),
/* organization */ (''),
/* preprocessor_version */ 'ST-DEVELOPER v20.2',
/* originating_system */ 'Autodesk Translation Framework v15.15.0.0',
/* authorisation */ '');

FILE_SCHEMA (('AUTOMOTIVE_DESIGN { 1 0 10303 214 3 1 1 }'));
ENDSEC;

DATA;
#10=MECHANICAL_DESIGN_GEOMETRIC_PRESENTATION_REPRESENTATION('',(#14,#15,
#16,#17),#2777);
#11=SHAPE_REPRESENTATION_RELATIONSHIP('SRR','None',#2784,#12);
#12=ADVANCED_BREP_SHAPE_REPRESENTATION('',(#18,#19,#20,#21),#2776);
#13=CONICAL_SURFACE('',#1777,9.,0.785398163397448);
#14=STYLED_ITEM('',(#2793),#18);
#15=STYLED_ITEM('',(#2793),#19);
#16=STYLED_ITEM('',(#2793),#20);
#17=STYLED_ITEM('',(#2793),#21);
#18=MANIFOLD_SOLID_BREP('G\X\F6vde',#1611);
#19=MANIFOLD_SOLID_BREP('Kapak',#1612);
#20=MANIFOLD_SOLID_BREP('IR pencere',#1613);
#21=MANIFOLD_SOLID_BREP('DIN klips',#1614);
#22=FACE_BOUND('',#254,.T.);
#23=FACE_BOUND('',#257,.T.);
#24=FACE_BOUND('',#260,.T.);
#25=FACE_BOUND('',#263,.T.);
#26=FACE_BOUND('',#266,.T.);
#27=FACE_BOUND('',#267,.T.);
#28=FACE_BOUND('',#268,.T.);
#29=FACE_BOUND('',#269,.T.);
#30=FACE_BOUND('',#270,.T.);
#31=FACE_BOUND('',#274,.T.);
#32=FACE_BOUND('',#275,.T.);
#33=FACE_BOUND('',#276,.T.);
#34=FACE_BOUND('',#277,.T.);
#35=FACE_BOUND('',#278,.T.);
#36=FACE_BOUND('',#279,.T.);
#37=FACE_BOUND('',#281,.T.);
#38=FACE_BOUND('',#282,.T.);
#39=FACE_BOUND('',#283,.T.);
#40=FACE_BOUND('',#284,.T.);
#41=FACE_BOUND('',#297,.T.);
#42=FACE_BOUND('',#298,.T.);
#43=FACE_BOUND('',#299,.T.);
#44=FACE_BOUND('',#300,.T.);
#45=FACE_BOUND('',#302,.T.);
#46=FACE_BOUND('',#303,.T.);
#47=FACE_BOUND('',#304,.T.);
#48=FACE_BOUND('',#305,.T.);
#49=FACE_BOUND('',#306,.T.);
#50=FACE_BOUND('',#307,.T.);
#51=FACE_BOUND('',#316,.T.);
#52=FACE_BOUND('',#320,.T.);
#53=FACE_BOUND('',#325,.T.);
#54=FACE_BOUND('',#326,.T.);
#55=FACE_BOUND('',#327,.T.);
#56=FACE_BOUND('',#328,.T.);
#57=FACE_BOUND('',#329,.T.);
#58=FACE_BOUND('',#330,.T.);
#59=FACE_BOUND('',#331,.T.);
#60=FACE_BOUND('',#339,.T.);
#61=FACE_BOUND('',#340,.T.);
#62=FACE_BOUND('',#341,.T.);
#63=FACE_BOUND('',#342,.T.);
#64=FACE_BOUND('',#343,.T.);
#65=FACE_BOUND('',#344,.T.);
#66=FACE_BOUND('',#345,.T.);
#67=PLANE('',#1631);
#68=PLANE('',#1635);
#69=PLANE('',#1639);
#70=PLANE('',#1643);
#71=PLANE('',#1644);
#72=PLANE('',#1648);
#73=PLANE('',#1652);
#74=PLANE('',#1656);
#75=PLANE('',#1675);
#76=PLANE('',#1679);
#77=PLANE('',#1683);
#78=PLANE('',#1687);
#79=PLANE('',#1691);
#80=PLANE('',#1695);
#81=PLANE('',#1699);
#82=PLANE('',#1703);
#83=PLANE('',#1707);
#84=PLANE('',#1711);
#85=PLANE('',#1715);
#86=PLANE('',#1719);
#87=PLANE('',#1723);
#88=PLANE('',#1731);
#89=PLANE('',#1734);
#90=PLANE('',#1737);
#91=PLANE('',#1740);
#92=PLANE('',#1741);
#93=PLANE('',#1744);
#94=PLANE('',#1747);
#95=PLANE('',#1752);
#96=PLANE('',#1753);
#97=PLANE('',#1754);
#98=PLANE('',#1776);
#99=PLANE('',#1782);
#100=PLANE('',#1789);
#101=PLANE('',#1790);
#102=PLANE('',#1796);
#103=PLANE('',#1801);
#104=PLANE('',#1802);
#105=PLANE('',#1803);
#106=PLANE('',#1804);
#107=PLANE('',#1808);
#108=PLANE('',#1809);
#109=PLANE('',#1810);
#110=PLANE('',#1811);
#111=PLANE('',#1812);
#112=PLANE('',#1813);
#113=PLANE('',#1814);
#114=PLANE('',#1815);
#115=PLANE('',#1816);
#116=PLANE('',#1817);
#117=PLANE('',#1818);
#118=FACE_OUTER_BOUND('',#216,.T.);
#119=FACE_OUTER_BOUND('',#217,.T.);
#120=FACE_OUTER_BOUND('',#218,.T.);
#121=FACE_OUTER_BOUND('',#219,.T.);
#122=FACE_OUTER_BOUND('',#220,.T.);
#123=FACE_OUTER_BOUND('',#221,.T.);
#124=FACE_OUTER_BOUND('',#222,.T.);
#125=FACE_OUTER_BOUND('',#223,.T.);
#126=FACE_OUTER_BOUND('',#224,.T.);
#127=FACE_OUTER_BOUND('',#225,.T.);
#128=FACE_OUTER_BOUND('',#226,.T.);
#129=FACE_OUTER_BOUND('',#227,.T.);
#130=FACE_OUTER_BOUND('',#228,.T.);
#131=FACE_OUTER_BOUND('',#229,.T.);
#132=FACE_OUTER_BOUND('',#230,.T.);
#133=FACE_OUTER_BOUND('',#231,.T.);
#134=FACE_OUTER_BOUND('',#232,.T.);
#135=FACE_OUTER_BOUND('',#233,.T.);
#136=FACE_OUTER_BOUND('',#234,.T.);
#137=FACE_OUTER_BOUND('',#235,.T.);
#138=FACE_OUTER_BOUND('',#236,.T.);
#139=FACE_OUTER_BOUND('',#237,.T.);
#140=FACE_OUTER_BOUND('',#238,.T.);
#141=FACE_OUTER_BOUND('',#239,.T.);
#142=FACE_OUTER_BOUND('',#240,.T.);
#143=FACE_OUTER_BOUND('',#241,.T.);
#144=FACE_OUTER_BOUND('',#242,.T.);
#145=FACE_OUTER_BOUND('',#243,.T.);
#146=FACE_OUTER_BOUND('',#244,.T.);
#147=FACE_OUTER_BOUND('',#245,.T.);
#148=FACE_OUTER_BOUND('',#246,.T.);
#149=FACE_OUTER_BOUND('',#247,.T.);
#150=FACE_OUTER_BOUND('',#248,.T.);
#151=FACE_OUTER_BOUND('',#249,.T.);
#152=FACE_OUTER_BOUND('',#250,.T.);
#153=FACE_OUTER_BOUND('',#251,.T.);
#154=FACE_OUTER_BOUND('',#252,.T.);
#155=FACE_OUTER_BOUND('',#253,.T.);
#156=FACE_OUTER_BOUND('',#255,.T.);
#157=FACE_OUTER_BOUND('',#256,.T.);
#158=FACE_OUTER_BOUND('',#258,.T.);
#159=FACE_OUTER_BOUND('',#259,.T.);
#160=FACE_OUTER_BOUND('',#261,.T.);
#161=FACE_OUTER_BOUND('',#262,.T.);
#162=FACE_OUTER_BOUND('',#264,.T.);
#163=FACE_OUTER_BOUND('',#265,.T.);
#164=FACE_OUTER_BOUND('',#271,.T.);
#165=FACE_OUTER_BOUND('',#272,.T.);
#166=FACE_OUTER_BOUND('',#273,.T.);
#167=FACE_OUTER_BOUND('',#280,.T.);
#168=FACE_OUTER_BOUND('',#285,.T.);
#169=FACE_OUTER_BOUND('',#286,.T.);
#170=FACE_OUTER_BOUND('',#287,.T.);
#171=FACE_OUTER_BOUND('',#288,.T.);
#172=FACE_OUTER_BOUND('',#289,.T.);
#173=FACE_OUTER_BOUND('',#290,.T.);
#174=FACE_OUTER_BOUND('',#291,.T.);
#175=FACE_OUTER_BOUND('',#292,.T.);
#176=FACE_OUTER_BOUND('',#293,.T.);
#177=FACE_OUTER_BOUND('',#294,.T.);
#178=FACE_OUTER_BOUND('',#295,.T.);
#179=FACE_OUTER_BOUND('',#296,.T.);
#180=FACE_OUTER_BOUND('',#301,.T.);
#181=FACE_OUTER_BOUND('',#308,.T.);
#182=FACE_OUTER_BOUND('',#309,.T.);
#183=FACE_OUTER_BOUND('',#310,.T.);
#184=FACE_OUTER_BOUND('',#311,.T.);
#185=FACE_OUTER_BOUND('',#312,.T.);
#186=FACE_OUTER_BOUND('',#313,.T.);
#187=FACE_OUTER_BOUND('',#314,.T.);
#188=FACE_OUTER_BOUND('',#315,.T.);
#189=FACE_OUTER_BOUND('',#317,.T.);
#190=FACE_OUTER_BOUND('',#318,.T.);
#191=FACE_OUTER_BOUND('',#319,.T.);
#192=FACE_OUTER_BOUND('',#321,.T.);
#193=FACE_OUTER_BOUND('',#322,.T.);
#194=FACE_OUTER_BOUND('',#323,.T.);
#195=FACE_OUTER_BOUND('',#324,.T.);
#196=FACE_OUTER_BOUND('',#332,.T.);
#197=FACE_OUTER_BOUND('',#333,.T.);
#198=FACE_OUTER_BOUND('',#334,.T.);
#199=FACE_OUTER_BOUND('',#335,.T.);
#200=FACE_OUTER_BOUND('',#336,.T.);
#201=FACE_OUTER_BOUND('',#337,.T.);
#202=FACE_OUTER_BOUND('',#338,.T.);
#203=FACE_OUTER_BOUND('',#346,.T.);
#204=FACE_OUTER_BOUND('',#347,.T.);
#205=FACE_OUTER_BOUND('',#348,.T.);
#206=FACE_OUTER_BOUND('',#349,.T.);
#207=FACE_OUTER_BOUND('',#350,.T.);
#208=FACE_OUTER_BOUND('',#351,.T.);
#209=FACE_OUTER_BOUND('',#352,.T.);
#210=FACE_OUTER_BOUND('',#353,.T.);
#211=FACE_OUTER_BOUND('',#354,.T.);
#212=FACE_OUTER_BOUND('',#355,.T.);
#213=FACE_OUTER_BOUND('',#356,.T.);
#214=FACE_OUTER_BOUND('',#357,.T.);
#215=FACE_OUTER_BOUND('',#358,.T.);
#216=EDGE_LOOP('',(#1043,#1044,#1045,#1046));
#217=EDGE_LOOP('',(#1047));
#218=EDGE_LOOP('',(#1048,#1049,#1050,#1051));
#219=EDGE_LOOP('',(#1052));
#220=EDGE_LOOP('',(#1053,#1054,#1055,#1056));
#221=EDGE_LOOP('',(#1057));
#222=EDGE_LOOP('',(#1058,#1059,#1060,#1061));
#223=EDGE_LOOP('',(#1062));
#224=EDGE_LOOP('',(#1063,#1064,#1065,#1066));
#225=EDGE_LOOP('',(#1067,#1068,#1069,#1070));
#226=EDGE_LOOP('',(#1071,#1072,#1073,#1074));
#227=EDGE_LOOP('',(#1075,#1076,#1077,#1078));
#228=EDGE_LOOP('',(#1079,#1080,#1081,#1082));
#229=EDGE_LOOP('',(#1083,#1084,#1085,#1086));
#230=EDGE_LOOP('',(#1087,#1088,#1089,#1090));
#231=EDGE_LOOP('',(#1091,#1092,#1093,#1094));
#232=EDGE_LOOP('',(#1095,#1096,#1097,#1098));
#233=EDGE_LOOP('',(#1099,#1100,#1101,#1102));
#234=EDGE_LOOP('',(#1103,#1104,#1105,#1106));
#235=EDGE_LOOP('',(#1107,#1108,#1109,#1110));
#236=EDGE_LOOP('',(#1111,#1112,#1113,#1114));
#237=EDGE_LOOP('',(#1115));
#238=EDGE_LOOP('',(#1116,#1117,#1118,#1119));
#239=EDGE_LOOP('',(#1120));
#240=EDGE_LOOP('',(#1121,#1122,#1123,#1124));
#241=EDGE_LOOP('',(#1125));
#242=EDGE_LOOP('',(#1126,#1127,#1128,#1129));
#243=EDGE_LOOP('',(#1130));
#244=EDGE_LOOP('',(#1131,#1132,#1133,#1134));
#245=EDGE_LOOP('',(#1135));
#246=EDGE_LOOP('',(#1136,#1137,#1138,#1139));
#247=EDGE_LOOP('',(#1140));
#248=EDGE_LOOP('',(#1141,#1142,#1143,#1144));
#249=EDGE_LOOP('',(#1145));
#250=EDGE_LOOP('',(#1146,#1147,#1148,#1149));
#251=EDGE_LOOP('',(#1150));
#252=EDGE_LOOP('',(#1151,#1152,#1153,#1154));
#253=EDGE_LOOP('',(#1155));
#254=EDGE_LOOP('',(#1156));
#255=EDGE_LOOP('',(#1157,#1158,#1159,#1160));
#256=EDGE_LOOP('',(#1161));
#257=EDGE_LOOP('',(#1162));
#258=EDGE_LOOP('',(#1163,#1164,#1165,#1166));
#259=EDGE_LOOP('',(#1167));
#260=EDGE_LOOP('',(#1168));
#261=EDGE_LOOP('',(#1169,#1170,#1171,#1172));
#262=EDGE_LOOP('',(#1173));
#263=EDGE_LOOP('',(#1174));
#264=EDGE_LOOP('',(#1175,#1176,#1177,#1178));
#265=EDGE_LOOP('',(#1179,#1180,#1181,#1182,#1183,#1184,#1185,#1186));
#266=EDGE_LOOP('',(#1187,#1188,#1189,#1190,#1191,#1192,#1193,#1194));
#267=EDGE_LOOP('',(#1195));
#268=EDGE_LOOP('',(#1196));
#269=EDGE_LOOP('',(#1197));
#270=EDGE_LOOP('',(#1198));
#271=EDGE_LOOP('',(#1199,#1200,#1201,#1202));
#272=EDGE_LOOP('',(#1203,#1204,#1205,#1206));
#273=EDGE_LOOP('',(#1207,#1208,#1209,#1210,#1211,#1212,#1213,#1214));
#274=EDGE_LOOP('',(#1215,#1216,#1217,#1218));
#275=EDGE_LOOP('',(#1219,#1220,#1221,#1222));
#276=EDGE_LOOP('',(#1223));
#277=EDGE_LOOP('',(#1224));
#278=EDGE_LOOP('',(#1225));
#279=EDGE_LOOP('',(#1226));
#280=EDGE_LOOP('',(#1227,#1228,#1229,#1230));
#281=EDGE_LOOP('',(#1231));
#282=EDGE_LOOP('',(#1232));
#283=EDGE_LOOP('',(#1233));
#284=EDGE_LOOP('',(#1234));
#285=EDGE_LOOP('',(#1235,#1236,#1237,#1238));
#286=EDGE_LOOP('',(#1239,#1240,#1241,#1242));
#287=EDGE_LOOP('',(#1243,#1244,#1245,#1246));
#288=EDGE_LOOP('',(#1247,#1248,#1249,#1250));
#289=EDGE_LOOP('',(#1251,#1252,#1253,#1254));
#290=EDGE_LOOP('',(#1255,#1256,#1257,#1258));
#291=EDGE_LOOP('',(#1259,#1260,#1261,#1262));
#292=EDGE_LOOP('',(#1263,#1264,#1265,#1266));
#293=EDGE_LOOP('',(#1267,#1268,#1269,#1270));
#294=EDGE_LOOP('',(#1271,#1272,#1273,#1274));
#295=EDGE_LOOP('',(#1275,#1276,#1277,#1278));
#296=EDGE_LOOP('',(#1279,#1280,#1281,#1282));
#297=EDGE_LOOP('',(#1283));
#298=EDGE_LOOP('',(#1284));
#299=EDGE_LOOP('',(#1285));
#300=EDGE_LOOP('',(#1286));
#301=EDGE_LOOP('',(#1287,#1288,#1289,#1290,#1291,#1292,#1293,#1294));
#302=EDGE_LOOP('',(#1295,#1296,#1297,#1298));
#303=EDGE_LOOP('',(#1299,#1300,#1301,#1302));
#304=EDGE_LOOP('',(#1303));
#305=EDGE_LOOP('',(#1304));
#306=EDGE_LOOP('',(#1305));
#307=EDGE_LOOP('',(#1306));
#308=EDGE_LOOP('',(#1307,#1308,#1309,#1310));
#309=EDGE_LOOP('',(#1311,#1312,#1313,#1314));
#310=EDGE_LOOP('',(#1315,#1316,#1317,#1318));
#311=EDGE_LOOP('',(#1319,#1320,#1321,#1322));
#312=EDGE_LOOP('',(#1323,#1324,#1325,#1326));
#313=EDGE_LOOP('',(#1327,#1328,#1329,#1330));
#314=EDGE_LOOP('',(#1331,#1332,#1333,#1334));
#315=EDGE_LOOP('',(#1335));
#316=EDGE_LOOP('',(#1336));
#317=EDGE_LOOP('',(#1337,#1338,#1339,#1340));
#318=EDGE_LOOP('',(#1341,#1342,#1343,#1344));
#319=EDGE_LOOP('',(#1345));
#320=EDGE_LOOP('',(#1346));
#321=EDGE_LOOP('',(#1347,#1348,#1349,#1350));
#322=EDGE_LOOP('',(#1351,#1352,#1353,#1354));
#323=EDGE_LOOP('',(#1355,#1356,#1357,#1358));
#324=EDGE_LOOP('',(#1359,#1360,#1361,#1362,#1363,#1364,#1365,#1366));
#325=EDGE_LOOP('',(#1367));
#326=EDGE_LOOP('',(#1368));
#327=EDGE_LOOP('',(#1369));
#328=EDGE_LOOP('',(#1370));
#329=EDGE_LOOP('',(#1371));
#330=EDGE_LOOP('',(#1372));
#331=EDGE_LOOP('',(#1373));
#332=EDGE_LOOP('',(#1374,#1375,#1376,#1377));
#333=EDGE_LOOP('',(#1378,#1379,#1380,#1381));
#334=EDGE_LOOP('',(#1382,#1383,#1384,#1385));
#335=EDGE_LOOP('',(#1386,#1387,#1388,#1389));
#336=EDGE_LOOP('',(#1390,#1391,#1392,#1393));
#337=EDGE_LOOP('',(#1394,#1395,#1396,#1397));
#338=EDGE_LOOP('',(#1398,#1399,#1400,#1401,#1402,#1403,#1404,#1405));
#339=EDGE_LOOP('',(#1406));
#340=EDGE_LOOP('',(#1407));
#341=EDGE_LOOP('',(#1408));
#342=EDGE_LOOP('',(#1409));
#343=EDGE_LOOP('',(#1410));
#344=EDGE_LOOP('',(#1411));
#345=EDGE_LOOP('',(#1412));
#346=EDGE_LOOP('',(#1413));
#347=EDGE_LOOP('',(#1414,#1415,#1416,#1417));
#348=EDGE_LOOP('',(#1418));
#349=EDGE_LOOP('',(#1419,#1420,#1421,#1422));
#350=EDGE_LOOP('',(#1423,#1424,#1425,#1426));
#351=EDGE_LOOP('',(#1427,#1428,#1429,#1430));
#352=EDGE_LOOP('',(#1431,#1432,#1433,#1434));
#353=EDGE_LOOP('',(#1435,#1436,#1437,#1438));
#354=EDGE_LOOP('',(#1439,#1440,#1441,#1442,#1443,#1444,#1445,#1446));
#355=EDGE_LOOP('',(#1447,#1448,#1449,#1450));
#356=EDGE_LOOP('',(#1451,#1452,#1453,#1454,#1455,#1456,#1457,#1458));
#357=EDGE_LOOP('',(#1459,#1460,#1461,#1462));
#358=EDGE_LOOP('',(#1463,#1464,#1465,#1466));
#359=LINE('',#2327,#478);
#360=LINE('',#2334,#479);
#361=LINE('',#2341,#480);
#362=LINE('',#2348,#481);
#363=LINE('',#2354,#482);
#364=LINE('',#2356,#483);
#365=LINE('',#2358,#484);
#366=LINE('',#2359,#485);
#367=LINE('',#2365,#486);
#368=LINE('',#2368,#487);
#369=LINE('',#2370,#488);
#370=LINE('',#2371,#489);
#371=LINE('',#2378,#490);
#372=LINE('',#2380,#491);
#373=LINE('',#2382,#492);
#374=LINE('',#2383,#493);
#375=LINE('',#2389,#494);
#376=LINE('',#2392,#495);
#377=LINE('',#2394,#496);
#378=LINE('',#2395,#497);
#379=LINE('',#2403,#498);
#380=LINE('',#2409,#499);
#381=LINE('',#2415,#500);
#382=LINE('',#2421,#501);
#383=LINE('',#2427,#502);
#384=LINE('',#2434,#503);
#385=LINE('',#2441,#504);
#386=LINE('',#2448,#505);
#387=LINE('',#2455,#506);
#388=LINE('',#2462,#507);
#389=LINE('',#2469,#508);
#390=LINE('',#2476,#509);
#391=LINE('',#2483,#510);
#392=LINE('',#2490,#511);
#393=LINE('',#2497,#512);
#394=LINE('',#2504,#513);
#395=LINE('',#2510,#514);
#396=LINE('',#2514,#515);
#397=LINE('',#2521,#516);
#398=LINE('',#2525,#517);
#399=LINE('',#2529,#518);
#400=LINE('',#2532,#519);
#401=LINE('',#2534,#520);
#402=LINE('',#2538,#521);
#403=LINE('',#2542,#522);
#404=LINE('',#2545,#523);
#405=LINE('',#2548,#524);
#406=LINE('',#2549,#525);
#407=LINE('',#2552,#526);
#408=LINE('',#2554,#527);
#409=LINE('',#2558,#528);
#410=LINE('',#2561,#529);
#411=LINE('',#2563,#530);
#412=LINE('',#2566,#531);
#413=LINE('',#2569,#532);
#414=LINE('',#2570,#533);
#415=LINE('',#2575,#534);
#416=LINE('',#2578,#535);
#417=LINE('',#2581,#536);
#418=LINE('',#2582,#537);
#419=LINE('',#2585,#538);
#420=LINE('',#2588,#539);
#421=LINE('',#2591,#540);
#422=LINE('',#2592,#541);
#423=LINE('',#2596,#542);
#424=LINE('',#2599,#543);
#425=LINE('',#2602,#544);
#426=LINE('',#2604,#545);
#427=LINE('',#2610,#546);
#428=LINE('',#2616,#547);
#429=LINE('',#2622,#548);
#430=LINE('',#2628,#549);
#431=LINE('',#2634,#550);
#432=LINE('',#2640,#551);
#433=LINE('',#2646,#552);
#434=LINE('',#2653,#553);
#435=LINE('',#2658,#554);
#436=LINE('',#2664,#555);
#437=LINE('',#2671,#556);
#438=LINE('',#2674,#557);
#439=LINE('',#2677,#558);
#440=LINE('',#2679,#559);
#441=LINE('',#2680,#560);
#442=LINE('',#2683,#561);
#443=LINE('',#2687,#562);
#444=LINE('',#2691,#563);
#445=LINE('',#2695,#564);
#446=LINE('',#2698,#565);
#447=LINE('',#2701,#566);
#448=LINE('',#2702,#567);
#449=LINE('',#2706,#568);
#450=LINE('',#2709,#569);
#451=LINE('',#2712,#570);
#452=LINE('',#2714,#571);
#453=LINE('',#2722,#572);
#454=LINE('',#2727,#573);
#455=LINE('',#2729,#574);
#456=LINE('',#2731,#575);
#457=LINE('',#2732,#576);
#458=LINE('',#2736,#577);
#459=LINE('',#2738,#578);
#460=LINE('',#2740,#579);
#461=LINE('',#2741,#580);
#462=LINE('',#2743,#581);
#463=LINE('',#2744,#582);
#464=LINE('',#2747,#583);
#465=LINE('',#2749,#584);
#466=LINE('',#2750,#585);
#467=LINE('',#2753,#586);
#468=LINE('',#2755,#587);
#469=LINE('',#2756,#588);
#470=LINE('',#2759,#589);
#471=LINE('',#2761,#590);
#472=LINE('',#2762,#591);
#473=LINE('',#2765,#592);
#474=LINE('',#2766,#593);
#475=LINE('',#2769,#594);
#476=LINE('',#2770,#595);
#477=LINE('',#2772,#596);
#478=VECTOR('',#1825,3.5);
#479=VECTOR('',#1834,3.5);
#480=VECTOR('',#1843,3.5);
#481=VECTOR('',#1852,3.5);
#482=VECTOR('',#1859,10.);
#483=VECTOR('',#1860,10.);
#484=VECTOR('',#1861,10.);
#485=VECTOR('',#1862,10.);
#486=VECTOR('',#1869,10.);
#487=VECTOR('',#1872,10.);
#488=VECTOR('',#1873,10.);
#489=VECTOR('',#1874,10.);
#490=VECTOR('',#1883,10.);
#491=VECTOR('',#1884,10.);
#492=VECTOR('',#1885,10.);
#493=VECTOR('',#1886,10.);
#494=VECTOR('',#1893,10.);
#495=VECTOR('',#1896,10.);
#496=VECTOR('',#1897,10.);
#497=VECTOR('',#1898,10.);
#498=VECTOR('',#1909,6.25);
#499=VECTOR('',#1916,3.2);
#500=VECTOR('',#1923,6.25);
#501=VECTOR('',#1930,6.25);
#502=VECTOR('',#1937,1.25);
#503=VECTOR('',#1946,1.25);
#504=VECTOR('',#1955,1.25);
#505=VECTOR('',#1964,1.25);
#506=VECTOR('',#1973,1.25);
#507=VECTOR('',#1982,1.25);
#508=VECTOR('',#1991,1.25);
#509=VECTOR('',#2000,1.25);
#510=VECTOR('',#2009,3.00000000000001);
#511=VECTOR('',#2018,3.);
#512=VECTOR('',#2027,3.00000000000001);
#513=VECTOR('',#2036,3.);
#514=VECTOR('',#2043,10.);
#515=VECTOR('',#2046,10.);
#516=VECTOR('',#2053,10.);
#517=VECTOR('',#2056,10.);
#518=VECTOR('',#2059,10.);
#519=VECTOR('',#2062,10.);
#520=VECTOR('',#2063,10.);
#521=VECTOR('',#2066,10.);
#522=VECTOR('',#2069,10.);
#523=VECTOR('',#2072,10.);
#524=VECTOR('',#2075,10.);
#525=VECTOR('',#2076,10.);
#526=VECTOR('',#2079,10.);
#527=VECTOR('',#2080,10.);
#528=VECTOR('',#2085,10.);
#529=VECTOR('',#2088,10.);
#530=VECTOR('',#2089,10.);
#531=VECTOR('',#2094,10.);
#532=VECTOR('',#2099,10.);
#533=VECTOR('',#2100,10.);
#534=VECTOR('',#2107,10.);
#535=VECTOR('',#2110,10.);
#536=VECTOR('',#2113,10.);
#537=VECTOR('',#2114,10.);
#538=VECTOR('',#2117,10.);
#539=VECTOR('',#2120,10.);
#540=VECTOR('',#2123,10.);
#541=VECTOR('',#2124,10.);
#542=VECTOR('',#2129,10.);
#543=VECTOR('',#2132,10.);
#544=VECTOR('',#2137,10.);
#545=VECTOR('',#2140,10.);
#546=VECTOR('',#2147,1.6);
#547=VECTOR('',#2154,1.6);
#548=VECTOR('',#2161,1.6);
#549=VECTOR('',#2168,1.6);
#550=VECTOR('',#2175,1.6);
#551=VECTOR('',#2182,3.25);
#552=VECTOR('',#2189,4.5);
#553=VECTOR('',#2198,9.);
#554=VECTOR('',#2205,7.5);
#555=VECTOR('',#2212,11.5);
#556=VECTOR('',#2219,10.);
#557=VECTOR('',#2222,10.);
#558=VECTOR('',#2225,10.);
#559=VECTOR('',#2226,10.);
#560=VECTOR('',#2227,10.);
#561=VECTOR('',#2230,10.);
#562=VECTOR('',#2233,10.);
#563=VECTOR('',#2236,10.);
#564=VECTOR('',#2241,10.);
#565=VECTOR('',#2244,10.);
#566=VECTOR('',#2247,10.);
#567=VECTOR('',#2248,10.);
#568=VECTOR('',#2253,10.);
#569=VECTOR('',#2256,10.);
#570=VECTOR('',#2261,10.);
#571=VECTOR('',#2264,10.);
#572=VECTOR('',#2275,7.5);
#573=VECTOR('',#2280,10.);
#574=VECTOR('',#2281,10.);
#575=VECTOR('',#2282,10.);
#576=VECTOR('',#2283,10.);
#577=VECTOR('',#2286,10.);
#578=VECTOR('',#2287,10.);
#579=VECTOR('',#2288,10.);
#580=VECTOR('',#2289,10.);
#581=VECTOR('',#2292,10.);
#582=VECTOR('',#2293,10.);
#583=VECTOR('',#2296,10.);
#584=VECTOR('',#2297,10.);
#585=VECTOR('',#2298,10.);
#586=VECTOR('',#2301,10.);
#587=VECTOR('',#2302,10.);
#588=VECTOR('',#2303,10.);
#589=VECTOR('',#2306,10.);
#590=VECTOR('',#2307,10.);
#591=VECTOR('',#2308,10.);
#592=VECTOR('',#2311,10.);
#593=VECTOR('',#2312,10.);
#594=VECTOR('',#2315,10.);
#595=VECTOR('',#2316,10.);
#596=VECTOR('',#2319,10.);
#597=CIRCLE('',#1629,3.5);
#598=CIRCLE('',#1630,3.5);
#599=CIRCLE('',#1633,3.5);
#600=CIRCLE('',#1634,3.5);
#601=CIRCLE('',#1637,3.5);
#602=CIRCLE('',#1638,3.5);
#603=CIRCLE('',#1641,3.5);
#604=CIRCLE('',#1642,3.5);
#605=CIRCLE('',#1646,2.74999999999999);
#606=CIRCLE('',#1647,2.74999999999999);
#607=CIRCLE('',#1650,2.75);
#608=CIRCLE('',#1651,2.75);
#609=CIRCLE('',#1654,2.74999999999999);
#610=CIRCLE('',#1655,2.74999999999999);
#611=CIRCLE('',#1658,2.75);
#612=CIRCLE('',#1659,2.75);
#613=CIRCLE('',#1661,6.25);
#614=CIRCLE('',#1662,6.25);
#615=CIRCLE('',#1664,3.2);
#616=CIRCLE('',#1665,3.2);
#617=CIRCLE('',#1667,6.25);
#618=CIRCLE('',#1668,6.25);
#619=CIRCLE('',#1670,6.25);
#620=CIRCLE('',#1671,6.25);
#621=CIRCLE('',#1673,1.25);
#622=CIRCLE('',#1674,1.25);
#623=CIRCLE('',#1677,1.25);
#624=CIRCLE('',#1678,1.25);
#625=CIRCLE('',#1681,1.25);
#626=CIRCLE('',#1682,1.25);
#627=CIRCLE('',#1685,1.25);
#628=CIRCLE('',#1686,1.25);
#629=CIRCLE('',#1689,1.25);
#630=CIRCLE('',#1690,1.25);
#631=CIRCLE('',#1693,1.25);
#632=CIRCLE('',#1694,1.25);
#633=CIRCLE('',#1697,1.25);
#634=CIRCLE('',#1698,1.25);
#635=CIRCLE('',#1701,1.25);
#636=CIRCLE('',#1702,1.25);
#637=CIRCLE('',#1705,3.00000000000001);
#638=CIRCLE('',#1706,3.00000000000001);
#639=CIRCLE('',#1709,3.);
#640=CIRCLE('',#1710,3.);
#641=CIRCLE('',#1713,3.00000000000001);
#642=CIRCLE('',#1714,3.00000000000001);
#643=CIRCLE('',#1717,3.);
#644=CIRCLE('',#1718,3.);
#645=CIRCLE('',#1721,3.5);
#646=CIRCLE('',#1722,3.5);
#647=CIRCLE('',#1724,4.);
#648=CIRCLE('',#1725,4.);
#649=CIRCLE('',#1726,4.);
#650=CIRCLE('',#1727,4.);
#651=CIRCLE('',#1728,3.5);
#652=CIRCLE('',#1729,3.5);
#653=CIRCLE('',#1730,3.5);
#654=CIRCLE('',#1733,3.5);
#655=CIRCLE('',#1735,3.5);
#656=CIRCLE('',#1736,3.5);
#657=CIRCLE('',#1743,4.);
#658=CIRCLE('',#1746,4.);
#659=CIRCLE('',#1749,4.);
#660=CIRCLE('',#1751,4.);
#661=CIRCLE('',#1756,1.6);
#662=CIRCLE('',#1757,1.6);
#663=CIRCLE('',#1759,1.6);
#664=CIRCLE('',#1760,1.6);
#665=CIRCLE('',#1762,1.6);
#666=CIRCLE('',#1763,1.6);
#667=CIRCLE('',#1765,1.6);
#668=CIRCLE('',#1766,1.6);
#669=CIRCLE('',#1768,1.6);
#670=CIRCLE('',#1769,1.6);
#671=CIRCLE('',#1771,3.25);
#672=CIRCLE('',#1772,3.25);
#673=CIRCLE('',#1774,4.5);
#674=CIRCLE('',#1775,4.5);
#675=CIRCLE('',#1778,10.5);
#676=CIRCLE('',#1779,7.5);
#677=CIRCLE('',#1781,7.5);
#678=CIRCLE('',#1783,11.5);
#679=CIRCLE('',#1785,11.5);
#680=CIRCLE('',#1787,4.);
#681=CIRCLE('',#1788,4.);
#682=CIRCLE('',#1791,4.);
#683=CIRCLE('',#1792,4.);
#684=CIRCLE('',#1793,4.);
#685=CIRCLE('',#1795,4.);
#686=CIRCLE('',#1798,4.);
#687=CIRCLE('',#1800,4.);
#688=CIRCLE('',#1805,7.5);
#689=CIRCLE('',#1807,7.5);
#690=VERTEX_POINT('',#2324);
#691=VERTEX_POINT('',#2326);
#692=VERTEX_POINT('',#2331);
#693=VERTEX_POINT('',#2333);
#694=VERTEX_POINT('',#2338);
#695=VERTEX_POINT('',#2340);
#696=VERTEX_POINT('',#2345);
#697=VERTEX_POINT('',#2347);
#698=VERTEX_POINT('',#2352);
#699=VERTEX_POINT('',#2353);
#700=VERTEX_POINT('',#2355);
#701=VERTEX_POINT('',#2357);
#702=VERTEX_POINT('',#2361);
#703=VERTEX_POINT('',#2363);
#704=VERTEX_POINT('',#2367);
#705=VERTEX_POINT('',#2369);
#706=VERTEX_POINT('',#2376);
#707=VERTEX_POINT('',#2377);
#708=VERTEX_POINT('',#2379);
#709=VERTEX_POINT('',#2381);
#710=VERTEX_POINT('',#2385);
#711=VERTEX_POINT('',#2387);
#712=VERTEX_POINT('',#2391);
#713=VERTEX_POINT('',#2393);
#714=VERTEX_POINT('',#2400);
#715=VERTEX_POINT('',#2402);
#716=VERTEX_POINT('',#2406);
#717=VERTEX_POINT('',#2408);
#718=VERTEX_POINT('',#2412);
#719=VERTEX_POINT('',#2414);
#720=VERTEX_POINT('',#2418);
#721=VERTEX_POINT('',#2420);
#722=VERTEX_POINT('',#2424);
#723=VERTEX_POINT('',#2426);
#724=VERTEX_POINT('',#2431);
#725=VERTEX_POINT('',#2433);
#726=VERTEX_POINT('',#2438);
#727=VERTEX_POINT('',#2440);
#728=VERTEX_POINT('',#2445);
#729=VERTEX_POINT('',#2447);
#730=VERTEX_POINT('',#2452);
#731=VERTEX_POINT('',#2454);
#732=VERTEX_POINT('',#2459);
#733=VERTEX_POINT('',#2461);
#734=VERTEX_POINT('',#2466);
#735=VERTEX_POINT('',#2468);
#736=VERTEX_POINT('',#2473);
#737=VERTEX_POINT('',#2475);
#738=VERTEX_POINT('',#2480);
#739=VERTEX_POINT('',#2482);
#740=VERTEX_POINT('',#2487);
#741=VERTEX_POINT('',#2489);
#742=VERTEX_POINT('',#2494);
#743=VERTEX_POINT('',#2496);
#744=VERTEX_POINT('',#2501);
#745=VERTEX_POINT('',#2503);
#746=VERTEX_POINT('',#2508);
#747=VERTEX_POINT('',#2509);
#748=VERTEX_POINT('',#2511);
#749=VERTEX_POINT('',#2513);
#750=VERTEX_POINT('',#2517);
#751=VERTEX_POINT('',#2518);
#752=VERTEX_POINT('',#2520);
#753=VERTEX_POINT('',#2522);
#754=VERTEX_POINT('',#2524);
#755=VERTEX_POINT('',#2526);
#756=VERTEX_POINT('',#2528);
#757=VERTEX_POINT('',#2530);
#758=VERTEX_POINT('',#2533);
#759=VERTEX_POINT('',#2535);
#760=VERTEX_POINT('',#2537);
#761=VERTEX_POINT('',#2539);
#762=VERTEX_POINT('',#2541);
#763=VERTEX_POINT('',#2543);
#764=VERTEX_POINT('',#2547);
#765=VERTEX_POINT('',#2551);
#766=VERTEX_POINT('',#2553);
#767=VERTEX_POINT('',#2557);
#768=VERTEX_POINT('',#2559);
#769=VERTEX_POINT('',#2562);
#770=VERTEX_POINT('',#2574);
#771=VERTEX_POINT('',#2576);
#772=VERTEX_POINT('',#2580);
#773=VERTEX_POINT('',#2584);
#774=VERTEX_POINT('',#2586);
#775=VERTEX_POINT('',#2590);
#776=VERTEX_POINT('',#2594);
#777=VERTEX_POINT('',#2598);
#778=VERTEX_POINT('',#2607);
#779=VERTEX_POINT('',#2609);
#780=VERTEX_POINT('',#2613);
#781=VERTEX_POINT('',#2615);
#782=VERTEX_POINT('',#2619);
#783=VERTEX_POINT('',#2621);
#784=VERTEX_POINT('',#2625);
#785=VERTEX_POINT('',#2627);
#786=VERTEX_POINT('',#2631);
#787=VERTEX_POINT('',#2633);
#788=VERTEX_POINT('',#2637);
#789=VERTEX_POINT('',#2639);
#790=VERTEX_POINT('',#2643);
#791=VERTEX_POINT('',#2645);
#792=VERTEX_POINT('',#2650);
#793=VERTEX_POINT('',#2652);
#794=VERTEX_POINT('',#2656);
#795=VERTEX_POINT('',#2660);
#796=VERTEX_POINT('',#2663);
#797=VERTEX_POINT('',#2667);
#798=VERTEX_POINT('',#2668);
#799=VERTEX_POINT('',#2670);
#800=VERTEX_POINT('',#2672);
#801=VERTEX_POINT('',#2676);
#802=VERTEX_POINT('',#2678);
#803=VERTEX_POINT('',#2682);
#804=VERTEX_POINT('',#2684);
#805=VERTEX_POINT('',#2686);
#806=VERTEX_POINT('',#2688);
#807=VERTEX_POINT('',#2690);
#808=VERTEX_POINT('',#2694);
#809=VERTEX_POINT('',#2696);
#810=VERTEX_POINT('',#2700);
#811=VERTEX_POINT('',#2704);
#812=VERTEX_POINT('',#2708);
#813=VERTEX_POINT('',#2717);
#814=VERTEX_POINT('',#2720);
#815=VERTEX_POINT('',#2725);
#816=VERTEX_POINT('',#2726);
#817=VERTEX_POINT('',#2728);
#818=VERTEX_POINT('',#2730);
#819=VERTEX_POINT('',#2734);
#820=VERTEX_POINT('',#2735);
#821=VERTEX_POINT('',#2737);
#822=VERTEX_POINT('',#2739);
#823=VERTEX_POINT('',#2746);
#824=VERTEX_POINT('',#2748);
#825=VERTEX_POINT('',#2752);
#826=VERTEX_POINT('',#2754);
#827=VERTEX_POINT('',#2758);
#828=VERTEX_POINT('',#2760);
#829=VERTEX_POINT('',#2764);
#830=VERTEX_POINT('',#2768);
#831=EDGE_CURVE('',#690,#690,#597,.T.);
#832=EDGE_CURVE('',#690,#691,#359,.T.);
#833=EDGE_CURVE('',#691,#691,#598,.T.);
#834=EDGE_CURVE('',#692,#692,#599,.T.);
#835=EDGE_CURVE('',#692,#693,#360,.T.);
#836=EDGE_CURVE('',#693,#693,#600,.T.);
#837=EDGE_CURVE('',#694,#694,#601,.T.);
#838=EDGE_CURVE('',#694,#695,#361,.T.);
#839=EDGE_CURVE('',#695,#695,#602,.T.);
#840=EDGE_CURVE('',#696,#696,#603,.T.);
#841=EDGE_CURVE('',#696,#697,#362,.T.);
#842=EDGE_CURVE('',#697,#697,#604,.T.);
#843=EDGE_CURVE('',#698,#699,#363,.T.);
#844=EDGE_CURVE('',#700,#698,#364,.T.);
#845=EDGE_CURVE('',#701,#700,#365,.T.);
#846=EDGE_CURVE('',#701,#699,#366,.T.);
#847=EDGE_CURVE('',#699,#702,#605,.T.);
#848=EDGE_CURVE('',#703,#701,#606,.T.);
#849=EDGE_CURVE('',#702,#703,#367,.T.);
#850=EDGE_CURVE('',#702,#704,#368,.T.);
#851=EDGE_CURVE('',#705,#703,#369,.T.);
#852=EDGE_CURVE('',#705,#704,#370,.T.);
#853=EDGE_CURVE('',#704,#698,#607,.T.);
#854=EDGE_CURVE('',#700,#705,#608,.T.);
#855=EDGE_CURVE('',#706,#707,#371,.T.);
#856=EDGE_CURVE('',#708,#706,#372,.T.);
#857=EDGE_CURVE('',#709,#708,#373,.T.);
#858=EDGE_CURVE('',#709,#707,#374,.T.);
#859=EDGE_CURVE('',#707,#710,#609,.T.);
#860=EDGE_CURVE('',#711,#709,#610,.T.);
#861=EDGE_CURVE('',#710,#711,#375,.T.);
#862=EDGE_CURVE('',#710,#712,#376,.T.);
#863=EDGE_CURVE('',#713,#711,#377,.T.);
#864=EDGE_CURVE('',#713,#712,#378,.T.);
#865=EDGE_CURVE('',#712,#706,#611,.T.);
#866=EDGE_CURVE('',#708,#713,#612,.T.);
#867=EDGE_CURVE('',#714,#714,#613,.T.);
#868=EDGE_CURVE('',#714,#715,#379,.T.);
#869=EDGE_CURVE('',#715,#715,#614,.T.);
#870=EDGE_CURVE('',#716,#716,#615,.T.);
#871=EDGE_CURVE('',#716,#717,#380,.T.);
#872=EDGE_CURVE('',#717,#717,#616,.T.);
#873=EDGE_CURVE('',#718,#718,#617,.T.);
#874=EDGE_CURVE('',#718,#719,#381,.T.);
#875=EDGE_CURVE('',#719,#719,#618,.T.);
#876=EDGE_CURVE('',#720,#720,#619,.T.);
#877=EDGE_CURVE('',#720,#721,#382,.T.);
#878=EDGE_CURVE('',#721,#721,#620,.T.);
#879=EDGE_CURVE('',#722,#722,#621,.T.);
#880=EDGE_CURVE('',#722,#723,#383,.T.);
#881=EDGE_CURVE('',#723,#723,#622,.T.);
#882=EDGE_CURVE('',#724,#724,#623,.T.);
#883=EDGE_CURVE('',#724,#725,#384,.T.);
#884=EDGE_CURVE('',#725,#725,#624,.T.);
#885=EDGE_CURVE('',#726,#726,#625,.T.);
#886=EDGE_CURVE('',#726,#727,#385,.T.);
#887=EDGE_CURVE('',#727,#727,#626,.T.);
#888=EDGE_CURVE('',#728,#728,#627,.T.);
#889=EDGE_CURVE('',#728,#729,#386,.T.);
#890=EDGE_CURVE('',#729,#729,#628,.T.);
#891=EDGE_CURVE('',#730,#730,#629,.T.);
#892=EDGE_CURVE('',#730,#731,#387,.T.);
#893=EDGE_CURVE('',#731,#731,#630,.T.);
#894=EDGE_CURVE('',#732,#732,#631,.T.);
#895=EDGE_CURVE('',#732,#733,#388,.T.);
#896=EDGE_CURVE('',#733,#733,#632,.T.);
#897=EDGE_CURVE('',#734,#734,#633,.T.);
#898=EDGE_CURVE('',#734,#735,#389,.T.);
#899=EDGE_CURVE('',#735,#735,#634,.T.);
#900=EDGE_CURVE('',#736,#736,#635,.T.);
#901=EDGE_CURVE('',#736,#737,#390,.T.);
#902=EDGE_CURVE('',#737,#737,#636,.T.);
#903=EDGE_CURVE('',#738,#738,#637,.T.);
#904=EDGE_CURVE('',#738,#739,#391,.T.);
#905=EDGE_CURVE('',#739,#739,#638,.T.);
#906=EDGE_CURVE('',#740,#740,#639,.T.);
#907=EDGE_CURVE('',#740,#741,#392,.T.);
#908=EDGE_CURVE('',#741,#741,#640,.T.);
#909=EDGE_CURVE('',#742,#742,#641,.T.);
#910=EDGE_CURVE('',#742,#743,#393,.T.);
#911=EDGE_CURVE('',#743,#743,#642,.T.);
#912=EDGE_CURVE('',#744,#744,#643,.T.);
#913=EDGE_CURVE('',#744,#745,#394,.T.);
#914=EDGE_CURVE('',#745,#745,#644,.T.);
#915=EDGE_CURVE('',#746,#747,#395,.T.);
#916=EDGE_CURVE('',#748,#746,#645,.T.);
#917=EDGE_CURVE('',#749,#748,#396,.T.);
#918=EDGE_CURVE('',#747,#749,#646,.T.);
#919=EDGE_CURVE('',#750,#751,#647,.T.);
#920=EDGE_CURVE('',#750,#752,#397,.T.);
#921=EDGE_CURVE('',#753,#752,#648,.T.);
#922=EDGE_CURVE('',#753,#754,#398,.T.);
#923=EDGE_CURVE('',#755,#754,#649,.T.);
#924=EDGE_CURVE('',#755,#756,#399,.T.);
#925=EDGE_CURVE('',#757,#756,#650,.T.);
#926=EDGE_CURVE('',#757,#751,#400,.T.);
#927=EDGE_CURVE('',#749,#758,#401,.T.);
#928=EDGE_CURVE('',#758,#759,#651,.T.);
#929=EDGE_CURVE('',#759,#760,#402,.T.);
#930=EDGE_CURVE('',#760,#761,#652,.T.);
#931=EDGE_CURVE('',#761,#762,#403,.T.);
#932=EDGE_CURVE('',#762,#763,#653,.T.);
#933=EDGE_CURVE('',#763,#747,#404,.T.);
#934=EDGE_CURVE('',#764,#748,#405,.F.);
#935=EDGE_CURVE('',#764,#758,#406,.T.);
#936=EDGE_CURVE('',#761,#765,#407,.T.);
#937=EDGE_CURVE('',#766,#760,#408,.T.);
#938=EDGE_CURVE('',#765,#766,#654,.T.);
#939=EDGE_CURVE('',#746,#767,#409,.F.);
#940=EDGE_CURVE('',#767,#768,#655,.T.);
#941=EDGE_CURVE('',#768,#765,#410,.F.);
#942=EDGE_CURVE('',#766,#769,#411,.F.);
#943=EDGE_CURVE('',#769,#764,#656,.T.);
#944=EDGE_CURVE('',#759,#769,#412,.T.);
#945=EDGE_CURVE('',#768,#762,#413,.T.);
#946=EDGE_CURVE('',#763,#767,#414,.T.);
#947=EDGE_CURVE('',#751,#770,#415,.T.);
#948=EDGE_CURVE('',#770,#771,#657,.T.);
#949=EDGE_CURVE('',#771,#750,#416,.T.);
#950=EDGE_CURVE('',#772,#757,#417,.T.);
#951=EDGE_CURVE('',#772,#770,#418,.T.);
#952=EDGE_CURVE('',#752,#773,#419,.T.);
#953=EDGE_CURVE('',#773,#774,#658,.T.);
#954=EDGE_CURVE('',#774,#753,#420,.T.);
#955=EDGE_CURVE('',#774,#775,#421,.T.);
#956=EDGE_CURVE('',#754,#775,#422,.T.);
#957=EDGE_CURVE('',#775,#776,#659,.T.);
#958=EDGE_CURVE('',#776,#755,#423,.T.);
#959=EDGE_CURVE('',#756,#777,#424,.T.);
#960=EDGE_CURVE('',#777,#772,#660,.T.);
#961=EDGE_CURVE('',#776,#777,#425,.T.);
#962=EDGE_CURVE('',#771,#773,#426,.T.);
#963=EDGE_CURVE('',#778,#778,#661,.T.);
#964=EDGE_CURVE('',#778,#779,#427,.T.);
#965=EDGE_CURVE('',#779,#779,#662,.T.);
#966=EDGE_CURVE('',#780,#780,#663,.T.);
#967=EDGE_CURVE('',#780,#781,#428,.T.);
#968=EDGE_CURVE('',#781,#781,#664,.T.);
#969=EDGE_CURVE('',#782,#782,#665,.T.);
#970=EDGE_CURVE('',#782,#783,#429,.T.);
#971=EDGE_CURVE('',#783,#783,#666,.T.);
#972=EDGE_CURVE('',#784,#784,#667,.T.);
#973=EDGE_CURVE('',#784,#785,#430,.T.);
#974=EDGE_CURVE('',#785,#785,#668,.T.);
#975=EDGE_CURVE('',#786,#786,#669,.T.);
#976=EDGE_CURVE('',#786,#787,#431,.T.);
#977=EDGE_CURVE('',#787,#787,#670,.T.);
#978=EDGE_CURVE('',#788,#788,#671,.T.);
#979=EDGE_CURVE('',#788,#789,#432,.T.);
#980=EDGE_CURVE('',#789,#789,#672,.T.);
#981=EDGE_CURVE('',#790,#790,#673,.T.);
#982=EDGE_CURVE('',#790,#791,#433,.T.);
#983=EDGE_CURVE('',#791,#791,#674,.T.);
#984=EDGE_CURVE('',#792,#792,#675,.T.);
#985=EDGE_CURVE('',#792,#793,#434,.T.);
#986=EDGE_CURVE('',#793,#793,#676,.T.);
#987=EDGE_CURVE('',#794,#794,#677,.T.);
#988=EDGE_CURVE('',#794,#793,#435,.T.);
#989=EDGE_CURVE('',#795,#795,#678,.T.);
#990=EDGE_CURVE('',#795,#796,#436,.T.);
#991=EDGE_CURVE('',#796,#796,#679,.T.);
#992=EDGE_CURVE('',#797,#798,#680,.T.);
#993=EDGE_CURVE('',#798,#799,#437,.T.);
#994=EDGE_CURVE('',#799,#800,#681,.T.);
#995=EDGE_CURVE('',#800,#797,#438,.T.);
#996=EDGE_CURVE('',#801,#798,#439,.T.);
#997=EDGE_CURVE('',#802,#801,#440,.T.);
#998=EDGE_CURVE('',#802,#799,#441,.T.);
#999=EDGE_CURVE('',#797,#803,#442,.T.);
#1000=EDGE_CURVE('',#804,#803,#682,.T.);
#1001=EDGE_CURVE('',#804,#805,#443,.T.);
#1002=EDGE_CURVE('',#806,#805,#683,.T.);
#1003=EDGE_CURVE('',#806,#807,#444,.T.);
#1004=EDGE_CURVE('',#801,#807,#684,.T.);
#1005=EDGE_CURVE('',#803,#808,#445,.T.);
#1006=EDGE_CURVE('',#808,#809,#685,.T.);
#1007=EDGE_CURVE('',#809,#804,#446,.T.);
#1008=EDGE_CURVE('',#809,#810,#447,.T.);
#1009=EDGE_CURVE('',#805,#810,#448,.T.);
#1010=EDGE_CURVE('',#810,#811,#686,.T.);
#1011=EDGE_CURVE('',#811,#806,#449,.T.);
#1012=EDGE_CURVE('',#807,#812,#450,.T.);
#1013=EDGE_CURVE('',#812,#802,#687,.T.);
#1014=EDGE_CURVE('',#811,#812,#451,.T.);
#1015=EDGE_CURVE('',#800,#808,#452,.T.);
#1016=EDGE_CURVE('',#813,#813,#688,.T.);
#1017=EDGE_CURVE('',#814,#814,#689,.T.);
#1018=EDGE_CURVE('',#814,#813,#453,.T.);
#1019=EDGE_CURVE('',#815,#816,#454,.T.);
#1020=EDGE_CURVE('',#817,#815,#455,.T.);
#1021=EDGE_CURVE('',#817,#818,#456,.T.);
#1022=EDGE_CURVE('',#816,#818,#457,.T.);
#1023=EDGE_CURVE('',#819,#820,#458,.T.);
#1024=EDGE_CURVE('',#821,#819,#459,.T.);
#1025=EDGE_CURVE('',#821,#822,#460,.T.);
#1026=EDGE_CURVE('',#820,#822,#461,.T.);
#1027=EDGE_CURVE('',#818,#821,#462,.T.);
#1028=EDGE_CURVE('',#822,#817,#463,.T.);
#1029=EDGE_CURVE('',#820,#823,#464,.T.);
#1030=EDGE_CURVE('',#823,#824,#465,.T.);
#1031=EDGE_CURVE('',#824,#819,#466,.T.);
#1032=EDGE_CURVE('',#816,#825,#467,.T.);
#1033=EDGE_CURVE('',#825,#826,#468,.T.);
#1034=EDGE_CURVE('',#826,#815,#469,.T.);
#1035=EDGE_CURVE('',#827,#824,#470,.T.);
#1036=EDGE_CURVE('',#828,#827,#471,.T.);
#1037=EDGE_CURVE('',#828,#825,#472,.T.);
#1038=EDGE_CURVE('',#827,#829,#473,.T.);
#1039=EDGE_CURVE('',#829,#823,#474,.T.);
#1040=EDGE_CURVE('',#830,#826,#475,.T.);
#1041=EDGE_CURVE('',#829,#830,#476,.T.);
#1042=EDGE_CURVE('',#830,#828,#477,.T.);
#1043=ORIENTED_EDGE('',*,*,#831,.F.);
#1044=ORIENTED_EDGE('',*,*,#832,.T.);
#1045=ORIENTED_EDGE('',*,*,#833,.T.);
#1046=ORIENTED_EDGE('',*,*,#832,.F.);
#1047=ORIENTED_EDGE('',*,*,#833,.F.);
#1048=ORIENTED_EDGE('',*,*,#834,.F.);
#1049=ORIENTED_EDGE('',*,*,#835,.T.);
#1050=ORIENTED_EDGE('',*,*,#836,.T.);
#1051=ORIENTED_EDGE('',*,*,#835,.F.);
#1052=ORIENTED_EDGE('',*,*,#836,.F.);
#1053=ORIENTED_EDGE('',*,*,#837,.F.);
#1054=ORIENTED_EDGE('',*,*,#838,.T.);
#1055=ORIENTED_EDGE('',*,*,#839,.T.);
#1056=ORIENTED_EDGE('',*,*,#838,.F.);
#1057=ORIENTED_EDGE('',*,*,#839,.F.);
#1058=ORIENTED_EDGE('',*,*,#840,.F.);
#1059=ORIENTED_EDGE('',*,*,#841,.T.);
#1060=ORIENTED_EDGE('',*,*,#842,.T.);
#1061=ORIENTED_EDGE('',*,*,#841,.F.);
#1062=ORIENTED_EDGE('',*,*,#842,.F.);
#1063=ORIENTED_EDGE('',*,*,#843,.F.);
#1064=ORIENTED_EDGE('',*,*,#844,.F.);
#1065=ORIENTED_EDGE('',*,*,#845,.F.);
#1066=ORIENTED_EDGE('',*,*,#846,.T.);
#1067=ORIENTED_EDGE('',*,*,#847,.F.);
#1068=ORIENTED_EDGE('',*,*,#846,.F.);
#1069=ORIENTED_EDGE('',*,*,#848,.F.);
#1070=ORIENTED_EDGE('',*,*,#849,.F.);
#1071=ORIENTED_EDGE('',*,*,#850,.F.);
#1072=ORIENTED_EDGE('',*,*,#849,.T.);
#1073=ORIENTED_EDGE('',*,*,#851,.F.);
#1074=ORIENTED_EDGE('',*,*,#852,.T.);
#1075=ORIENTED_EDGE('',*,*,#853,.F.);
#1076=ORIENTED_EDGE('',*,*,#852,.F.);
#1077=ORIENTED_EDGE('',*,*,#854,.F.);
#1078=ORIENTED_EDGE('',*,*,#844,.T.);
#1079=ORIENTED_EDGE('',*,*,#855,.F.);
#1080=ORIENTED_EDGE('',*,*,#856,.F.);
#1081=ORIENTED_EDGE('',*,*,#857,.F.);
#1082=ORIENTED_EDGE('',*,*,#858,.T.);
#1083=ORIENTED_EDGE('',*,*,#859,.F.);
#1084=ORIENTED_EDGE('',*,*,#858,.F.);
#1085=ORIENTED_EDGE('',*,*,#860,.F.);
#1086=ORIENTED_EDGE('',*,*,#861,.F.);
#1087=ORIENTED_EDGE('',*,*,#862,.F.);
#1088=ORIENTED_EDGE('',*,*,#861,.T.);
#1089=ORIENTED_EDGE('',*,*,#863,.F.);
#1090=ORIENTED_EDGE('',*,*,#864,.T.);
#1091=ORIENTED_EDGE('',*,*,#865,.F.);
#1092=ORIENTED_EDGE('',*,*,#864,.F.);
#1093=ORIENTED_EDGE('',*,*,#866,.F.);
#1094=ORIENTED_EDGE('',*,*,#856,.T.);
#1095=ORIENTED_EDGE('',*,*,#867,.F.);
#1096=ORIENTED_EDGE('',*,*,#868,.T.);
#1097=ORIENTED_EDGE('',*,*,#869,.F.);
#1098=ORIENTED_EDGE('',*,*,#868,.F.);
#1099=ORIENTED_EDGE('',*,*,#870,.F.);
#1100=ORIENTED_EDGE('',*,*,#871,.T.);
#1101=ORIENTED_EDGE('',*,*,#872,.F.);
#1102=ORIENTED_EDGE('',*,*,#871,.F.);
#1103=ORIENTED_EDGE('',*,*,#873,.F.);
#1104=ORIENTED_EDGE('',*,*,#874,.T.);
#1105=ORIENTED_EDGE('',*,*,#875,.F.);
#1106=ORIENTED_EDGE('',*,*,#874,.F.);
#1107=ORIENTED_EDGE('',*,*,#876,.F.);
#1108=ORIENTED_EDGE('',*,*,#877,.T.);
#1109=ORIENTED_EDGE('',*,*,#878,.F.);
#1110=ORIENTED_EDGE('',*,*,#877,.F.);
#1111=ORIENTED_EDGE('',*,*,#879,.F.);
#1112=ORIENTED_EDGE('',*,*,#880,.T.);
#1113=ORIENTED_EDGE('',*,*,#881,.T.);
#1114=ORIENTED_EDGE('',*,*,#880,.F.);
#1115=ORIENTED_EDGE('',*,*,#881,.F.);
#1116=ORIENTED_EDGE('',*,*,#882,.F.);
#1117=ORIENTED_EDGE('',*,*,#883,.T.);
#1118=ORIENTED_EDGE('',*,*,#884,.T.);
#1119=ORIENTED_EDGE('',*,*,#883,.F.);
#1120=ORIENTED_EDGE('',*,*,#884,.F.);
#1121=ORIENTED_EDGE('',*,*,#885,.F.);
#1122=ORIENTED_EDGE('',*,*,#886,.T.);
#1123=ORIENTED_EDGE('',*,*,#887,.T.);
#1124=ORIENTED_EDGE('',*,*,#886,.F.);
#1125=ORIENTED_EDGE('',*,*,#887,.F.);
#1126=ORIENTED_EDGE('',*,*,#888,.F.);
#1127=ORIENTED_EDGE('',*,*,#889,.T.);
#1128=ORIENTED_EDGE('',*,*,#890,.T.);
#1129=ORIENTED_EDGE('',*,*,#889,.F.);
#1130=ORIENTED_EDGE('',*,*,#890,.F.);
#1131=ORIENTED_EDGE('',*,*,#891,.F.);
#1132=ORIENTED_EDGE('',*,*,#892,.T.);
#1133=ORIENTED_EDGE('',*,*,#893,.T.);
#1134=ORIENTED_EDGE('',*,*,#892,.F.);
#1135=ORIENTED_EDGE('',*,*,#893,.F.);
#1136=ORIENTED_EDGE('',*,*,#894,.F.);
#1137=ORIENTED_EDGE('',*,*,#895,.T.);
#1138=ORIENTED_EDGE('',*,*,#896,.T.);
#1139=ORIENTED_EDGE('',*,*,#895,.F.);
#1140=ORIENTED_EDGE('',*,*,#896,.F.);
#1141=ORIENTED_EDGE('',*,*,#897,.F.);
#1142=ORIENTED_EDGE('',*,*,#898,.T.);
#1143=ORIENTED_EDGE('',*,*,#899,.T.);
#1144=ORIENTED_EDGE('',*,*,#898,.F.);
#1145=ORIENTED_EDGE('',*,*,#899,.F.);
#1146=ORIENTED_EDGE('',*,*,#900,.F.);
#1147=ORIENTED_EDGE('',*,*,#901,.T.);
#1148=ORIENTED_EDGE('',*,*,#902,.T.);
#1149=ORIENTED_EDGE('',*,*,#901,.F.);
#1150=ORIENTED_EDGE('',*,*,#902,.F.);
#1151=ORIENTED_EDGE('',*,*,#903,.F.);
#1152=ORIENTED_EDGE('',*,*,#904,.T.);
#1153=ORIENTED_EDGE('',*,*,#905,.F.);
#1154=ORIENTED_EDGE('',*,*,#904,.F.);
#1155=ORIENTED_EDGE('',*,*,#903,.T.);
#1156=ORIENTED_EDGE('',*,*,#900,.T.);
#1157=ORIENTED_EDGE('',*,*,#906,.F.);
#1158=ORIENTED_EDGE('',*,*,#907,.T.);
#1159=ORIENTED_EDGE('',*,*,#908,.F.);
#1160=ORIENTED_EDGE('',*,*,#907,.F.);
#1161=ORIENTED_EDGE('',*,*,#906,.T.);
#1162=ORIENTED_EDGE('',*,*,#897,.T.);
#1163=ORIENTED_EDGE('',*,*,#909,.F.);
#1164=ORIENTED_EDGE('',*,*,#910,.T.);
#1165=ORIENTED_EDGE('',*,*,#911,.F.);
#1166=ORIENTED_EDGE('',*,*,#910,.F.);
#1167=ORIENTED_EDGE('',*,*,#909,.T.);
#1168=ORIENTED_EDGE('',*,*,#894,.T.);
#1169=ORIENTED_EDGE('',*,*,#912,.F.);
#1170=ORIENTED_EDGE('',*,*,#913,.T.);
#1171=ORIENTED_EDGE('',*,*,#914,.F.);
#1172=ORIENTED_EDGE('',*,*,#913,.F.);
#1173=ORIENTED_EDGE('',*,*,#912,.T.);
#1174=ORIENTED_EDGE('',*,*,#891,.T.);
#1175=ORIENTED_EDGE('',*,*,#915,.F.);
#1176=ORIENTED_EDGE('',*,*,#916,.F.);
#1177=ORIENTED_EDGE('',*,*,#917,.F.);
#1178=ORIENTED_EDGE('',*,*,#918,.F.);
#1179=ORIENTED_EDGE('',*,*,#919,.F.);
#1180=ORIENTED_EDGE('',*,*,#920,.T.);
#1181=ORIENTED_EDGE('',*,*,#921,.F.);
#1182=ORIENTED_EDGE('',*,*,#922,.T.);
#1183=ORIENTED_EDGE('',*,*,#923,.F.);
#1184=ORIENTED_EDGE('',*,*,#924,.T.);
#1185=ORIENTED_EDGE('',*,*,#925,.F.);
#1186=ORIENTED_EDGE('',*,*,#926,.T.);
#1187=ORIENTED_EDGE('',*,*,#918,.T.);
#1188=ORIENTED_EDGE('',*,*,#927,.T.);
#1189=ORIENTED_EDGE('',*,*,#928,.T.);
#1190=ORIENTED_EDGE('',*,*,#929,.T.);
#1191=ORIENTED_EDGE('',*,*,#930,.T.);
#1192=ORIENTED_EDGE('',*,*,#931,.T.);
#1193=ORIENTED_EDGE('',*,*,#932,.T.);
#1194=ORIENTED_EDGE('',*,*,#933,.T.);
#1195=ORIENTED_EDGE('',*,*,#888,.T.);
#1196=ORIENTED_EDGE('',*,*,#885,.T.);
#1197=ORIENTED_EDGE('',*,*,#882,.T.);
#1198=ORIENTED_EDGE('',*,*,#879,.T.);
#1199=ORIENTED_EDGE('',*,*,#917,.T.);
#1200=ORIENTED_EDGE('',*,*,#934,.F.);
#1201=ORIENTED_EDGE('',*,*,#935,.T.);
#1202=ORIENTED_EDGE('',*,*,#927,.F.);
#1203=ORIENTED_EDGE('',*,*,#936,.F.);
#1204=ORIENTED_EDGE('',*,*,#930,.F.);
#1205=ORIENTED_EDGE('',*,*,#937,.F.);
#1206=ORIENTED_EDGE('',*,*,#938,.F.);
#1207=ORIENTED_EDGE('',*,*,#916,.T.);
#1208=ORIENTED_EDGE('',*,*,#939,.T.);
#1209=ORIENTED_EDGE('',*,*,#940,.T.);
#1210=ORIENTED_EDGE('',*,*,#941,.T.);
#1211=ORIENTED_EDGE('',*,*,#938,.T.);
#1212=ORIENTED_EDGE('',*,*,#942,.T.);
#1213=ORIENTED_EDGE('',*,*,#943,.T.);
#1214=ORIENTED_EDGE('',*,*,#934,.T.);
#1215=ORIENTED_EDGE('',*,*,#850,.T.);
#1216=ORIENTED_EDGE('',*,*,#853,.T.);
#1217=ORIENTED_EDGE('',*,*,#843,.T.);
#1218=ORIENTED_EDGE('',*,*,#847,.T.);
#1219=ORIENTED_EDGE('',*,*,#862,.T.);
#1220=ORIENTED_EDGE('',*,*,#865,.T.);
#1221=ORIENTED_EDGE('',*,*,#855,.T.);
#1222=ORIENTED_EDGE('',*,*,#859,.T.);
#1223=ORIENTED_EDGE('',*,*,#905,.T.);
#1224=ORIENTED_EDGE('',*,*,#908,.T.);
#1225=ORIENTED_EDGE('',*,*,#911,.T.);
#1226=ORIENTED_EDGE('',*,*,#914,.T.);
#1227=ORIENTED_EDGE('',*,*,#937,.T.);
#1228=ORIENTED_EDGE('',*,*,#929,.F.);
#1229=ORIENTED_EDGE('',*,*,#944,.T.);
#1230=ORIENTED_EDGE('',*,*,#942,.F.);
#1231=ORIENTED_EDGE('',*,*,#869,.T.);
#1232=ORIENTED_EDGE('',*,*,#872,.T.);
#1233=ORIENTED_EDGE('',*,*,#875,.T.);
#1234=ORIENTED_EDGE('',*,*,#878,.T.);
#1235=ORIENTED_EDGE('',*,*,#944,.F.);
#1236=ORIENTED_EDGE('',*,*,#928,.F.);
#1237=ORIENTED_EDGE('',*,*,#935,.F.);
#1238=ORIENTED_EDGE('',*,*,#943,.F.);
#1239=ORIENTED_EDGE('',*,*,#945,.F.);
#1240=ORIENTED_EDGE('',*,*,#940,.F.);
#1241=ORIENTED_EDGE('',*,*,#946,.F.);
#1242=ORIENTED_EDGE('',*,*,#932,.F.);
#1243=ORIENTED_EDGE('',*,*,#936,.T.);
#1244=ORIENTED_EDGE('',*,*,#941,.F.);
#1245=ORIENTED_EDGE('',*,*,#945,.T.);
#1246=ORIENTED_EDGE('',*,*,#931,.F.);
#1247=ORIENTED_EDGE('',*,*,#915,.T.);
#1248=ORIENTED_EDGE('',*,*,#933,.F.);
#1249=ORIENTED_EDGE('',*,*,#946,.T.);
#1250=ORIENTED_EDGE('',*,*,#939,.F.);
#1251=ORIENTED_EDGE('',*,*,#919,.T.);
#1252=ORIENTED_EDGE('',*,*,#947,.T.);
#1253=ORIENTED_EDGE('',*,*,#948,.T.);
#1254=ORIENTED_EDGE('',*,*,#949,.T.);
#1255=ORIENTED_EDGE('',*,*,#947,.F.);
#1256=ORIENTED_EDGE('',*,*,#926,.F.);
#1257=ORIENTED_EDGE('',*,*,#950,.F.);
#1258=ORIENTED_EDGE('',*,*,#951,.T.);
#1259=ORIENTED_EDGE('',*,*,#921,.T.);
#1260=ORIENTED_EDGE('',*,*,#952,.T.);
#1261=ORIENTED_EDGE('',*,*,#953,.T.);
#1262=ORIENTED_EDGE('',*,*,#954,.T.);
#1263=ORIENTED_EDGE('',*,*,#954,.F.);
#1264=ORIENTED_EDGE('',*,*,#955,.T.);
#1265=ORIENTED_EDGE('',*,*,#956,.F.);
#1266=ORIENTED_EDGE('',*,*,#922,.F.);
#1267=ORIENTED_EDGE('',*,*,#923,.T.);
#1268=ORIENTED_EDGE('',*,*,#956,.T.);
#1269=ORIENTED_EDGE('',*,*,#957,.T.);
#1270=ORIENTED_EDGE('',*,*,#958,.T.);
#1271=ORIENTED_EDGE('',*,*,#925,.T.);
#1272=ORIENTED_EDGE('',*,*,#959,.T.);
#1273=ORIENTED_EDGE('',*,*,#960,.T.);
#1274=ORIENTED_EDGE('',*,*,#950,.T.);
#1275=ORIENTED_EDGE('',*,*,#958,.F.);
#1276=ORIENTED_EDGE('',*,*,#961,.T.);
#1277=ORIENTED_EDGE('',*,*,#959,.F.);
#1278=ORIENTED_EDGE('',*,*,#924,.F.);
#1279=ORIENTED_EDGE('',*,*,#949,.F.);
#1280=ORIENTED_EDGE('',*,*,#962,.T.);
#1281=ORIENTED_EDGE('',*,*,#952,.F.);
#1282=ORIENTED_EDGE('',*,*,#920,.F.);
#1283=ORIENTED_EDGE('',*,*,#867,.T.);
#1284=ORIENTED_EDGE('',*,*,#870,.T.);
#1285=ORIENTED_EDGE('',*,*,#873,.T.);
#1286=ORIENTED_EDGE('',*,*,#876,.T.);
#1287=ORIENTED_EDGE('',*,*,#948,.F.);
#1288=ORIENTED_EDGE('',*,*,#951,.F.);
#1289=ORIENTED_EDGE('',*,*,#960,.F.);
#1290=ORIENTED_EDGE('',*,*,#961,.F.);
#1291=ORIENTED_EDGE('',*,*,#957,.F.);
#1292=ORIENTED_EDGE('',*,*,#955,.F.);
#1293=ORIENTED_EDGE('',*,*,#953,.F.);
#1294=ORIENTED_EDGE('',*,*,#962,.F.);
#1295=ORIENTED_EDGE('',*,*,#863,.T.);
#1296=ORIENTED_EDGE('',*,*,#860,.T.);
#1297=ORIENTED_EDGE('',*,*,#857,.T.);
#1298=ORIENTED_EDGE('',*,*,#866,.T.);
#1299=ORIENTED_EDGE('',*,*,#851,.T.);
#1300=ORIENTED_EDGE('',*,*,#848,.T.);
#1301=ORIENTED_EDGE('',*,*,#845,.T.);
#1302=ORIENTED_EDGE('',*,*,#854,.T.);
#1303=ORIENTED_EDGE('',*,*,#840,.T.);
#1304=ORIENTED_EDGE('',*,*,#837,.T.);
#1305=ORIENTED_EDGE('',*,*,#834,.T.);
#1306=ORIENTED_EDGE('',*,*,#831,.T.);
#1307=ORIENTED_EDGE('',*,*,#963,.F.);
#1308=ORIENTED_EDGE('',*,*,#964,.T.);
#1309=ORIENTED_EDGE('',*,*,#965,.F.);
#1310=ORIENTED_EDGE('',*,*,#964,.F.);
#1311=ORIENTED_EDGE('',*,*,#966,.F.);
#1312=ORIENTED_EDGE('',*,*,#967,.T.);
#1313=ORIENTED_EDGE('',*,*,#968,.F.);
#1314=ORIENTED_EDGE('',*,*,#967,.F.);
#1315=ORIENTED_EDGE('',*,*,#969,.F.);
#1316=ORIENTED_EDGE('',*,*,#970,.T.);
#1317=ORIENTED_EDGE('',*,*,#971,.F.);
#1318=ORIENTED_EDGE('',*,*,#970,.F.);
#1319=ORIENTED_EDGE('',*,*,#972,.F.);
#1320=ORIENTED_EDGE('',*,*,#973,.T.);
#1321=ORIENTED_EDGE('',*,*,#974,.F.);
#1322=ORIENTED_EDGE('',*,*,#973,.F.);
#1323=ORIENTED_EDGE('',*,*,#975,.F.);
#1324=ORIENTED_EDGE('',*,*,#976,.T.);
#1325=ORIENTED_EDGE('',*,*,#977,.F.);
#1326=ORIENTED_EDGE('',*,*,#976,.F.);
#1327=ORIENTED_EDGE('',*,*,#978,.F.);
#1328=ORIENTED_EDGE('',*,*,#979,.T.);
#1329=ORIENTED_EDGE('',*,*,#980,.F.);
#1330=ORIENTED_EDGE('',*,*,#979,.F.);
#1331=ORIENTED_EDGE('',*,*,#981,.F.);
#1332=ORIENTED_EDGE('',*,*,#982,.T.);
#1333=ORIENTED_EDGE('',*,*,#983,.F.);
#1334=ORIENTED_EDGE('',*,*,#982,.F.);
#1335=ORIENTED_EDGE('',*,*,#981,.T.);
#1336=ORIENTED_EDGE('',*,*,#980,.T.);
#1337=ORIENTED_EDGE('',*,*,#984,.T.);
#1338=ORIENTED_EDGE('',*,*,#985,.T.);
#1339=ORIENTED_EDGE('',*,*,#986,.T.);
#1340=ORIENTED_EDGE('',*,*,#985,.F.);
#1341=ORIENTED_EDGE('',*,*,#987,.F.);
#1342=ORIENTED_EDGE('',*,*,#988,.T.);
#1343=ORIENTED_EDGE('',*,*,#986,.F.);
#1344=ORIENTED_EDGE('',*,*,#988,.F.);
#1345=ORIENTED_EDGE('',*,*,#989,.T.);
#1346=ORIENTED_EDGE('',*,*,#984,.F.);
#1347=ORIENTED_EDGE('',*,*,#989,.F.);
#1348=ORIENTED_EDGE('',*,*,#990,.T.);
#1349=ORIENTED_EDGE('',*,*,#991,.F.);
#1350=ORIENTED_EDGE('',*,*,#990,.F.);
#1351=ORIENTED_EDGE('',*,*,#992,.T.);
#1352=ORIENTED_EDGE('',*,*,#993,.T.);
#1353=ORIENTED_EDGE('',*,*,#994,.T.);
#1354=ORIENTED_EDGE('',*,*,#995,.T.);
#1355=ORIENTED_EDGE('',*,*,#993,.F.);
#1356=ORIENTED_EDGE('',*,*,#996,.F.);
#1357=ORIENTED_EDGE('',*,*,#997,.F.);
#1358=ORIENTED_EDGE('',*,*,#998,.T.);
#1359=ORIENTED_EDGE('',*,*,#992,.F.);
#1360=ORIENTED_EDGE('',*,*,#999,.T.);
#1361=ORIENTED_EDGE('',*,*,#1000,.F.);
#1362=ORIENTED_EDGE('',*,*,#1001,.T.);
#1363=ORIENTED_EDGE('',*,*,#1002,.F.);
#1364=ORIENTED_EDGE('',*,*,#1003,.T.);
#1365=ORIENTED_EDGE('',*,*,#1004,.F.);
#1366=ORIENTED_EDGE('',*,*,#996,.T.);
#1367=ORIENTED_EDGE('',*,*,#991,.T.);
#1368=ORIENTED_EDGE('',*,*,#983,.T.);
#1369=ORIENTED_EDGE('',*,*,#977,.T.);
#1370=ORIENTED_EDGE('',*,*,#974,.T.);
#1371=ORIENTED_EDGE('',*,*,#971,.T.);
#1372=ORIENTED_EDGE('',*,*,#968,.T.);
#1373=ORIENTED_EDGE('',*,*,#965,.T.);
#1374=ORIENTED_EDGE('',*,*,#1000,.T.);
#1375=ORIENTED_EDGE('',*,*,#1005,.T.);
#1376=ORIENTED_EDGE('',*,*,#1006,.T.);
#1377=ORIENTED_EDGE('',*,*,#1007,.T.);
#1378=ORIENTED_EDGE('',*,*,#1007,.F.);
#1379=ORIENTED_EDGE('',*,*,#1008,.T.);
#1380=ORIENTED_EDGE('',*,*,#1009,.F.);
#1381=ORIENTED_EDGE('',*,*,#1001,.F.);
#1382=ORIENTED_EDGE('',*,*,#1002,.T.);
#1383=ORIENTED_EDGE('',*,*,#1009,.T.);
#1384=ORIENTED_EDGE('',*,*,#1010,.T.);
#1385=ORIENTED_EDGE('',*,*,#1011,.T.);
#1386=ORIENTED_EDGE('',*,*,#1004,.T.);
#1387=ORIENTED_EDGE('',*,*,#1012,.T.);
#1388=ORIENTED_EDGE('',*,*,#1013,.T.);
#1389=ORIENTED_EDGE('',*,*,#997,.T.);
#1390=ORIENTED_EDGE('',*,*,#1011,.F.);
#1391=ORIENTED_EDGE('',*,*,#1014,.T.);
#1392=ORIENTED_EDGE('',*,*,#1012,.F.);
#1393=ORIENTED_EDGE('',*,*,#1003,.F.);
#1394=ORIENTED_EDGE('',*,*,#995,.F.);
#1395=ORIENTED_EDGE('',*,*,#1015,.T.);
#1396=ORIENTED_EDGE('',*,*,#1005,.F.);
#1397=ORIENTED_EDGE('',*,*,#999,.F.);
#1398=ORIENTED_EDGE('',*,*,#994,.F.);
#1399=ORIENTED_EDGE('',*,*,#998,.F.);
#1400=ORIENTED_EDGE('',*,*,#1013,.F.);
#1401=ORIENTED_EDGE('',*,*,#1014,.F.);
#1402=ORIENTED_EDGE('',*,*,#1010,.F.);
#1403=ORIENTED_EDGE('',*,*,#1008,.F.);
#1404=ORIENTED_EDGE('',*,*,#1006,.F.);
#1405=ORIENTED_EDGE('',*,*,#1015,.F.);
#1406=ORIENTED_EDGE('',*,*,#987,.T.);
#1407=ORIENTED_EDGE('',*,*,#978,.T.);
#1408=ORIENTED_EDGE('',*,*,#975,.T.);
#1409=ORIENTED_EDGE('',*,*,#972,.T.);
#1410=ORIENTED_EDGE('',*,*,#969,.T.);
#1411=ORIENTED_EDGE('',*,*,#966,.T.);
#1412=ORIENTED_EDGE('',*,*,#963,.T.);
#1413=ORIENTED_EDGE('',*,*,#1016,.T.);
#1414=ORIENTED_EDGE('',*,*,#1017,.F.);
#1415=ORIENTED_EDGE('',*,*,#1018,.T.);
#1416=ORIENTED_EDGE('',*,*,#1016,.F.);
#1417=ORIENTED_EDGE('',*,*,#1018,.F.);
#1418=ORIENTED_EDGE('',*,*,#1017,.T.);
#1419=ORIENTED_EDGE('',*,*,#1019,.F.);
#1420=ORIENTED_EDGE('',*,*,#1020,.F.);
#1421=ORIENTED_EDGE('',*,*,#1021,.T.);
#1422=ORIENTED_EDGE('',*,*,#1022,.F.);
#1423=ORIENTED_EDGE('',*,*,#1023,.F.);
#1424=ORIENTED_EDGE('',*,*,#1024,.F.);
#1425=ORIENTED_EDGE('',*,*,#1025,.T.);
#1426=ORIENTED_EDGE('',*,*,#1026,.F.);
#1427=ORIENTED_EDGE('',*,*,#1027,.F.);
#1428=ORIENTED_EDGE('',*,*,#1021,.F.);
#1429=ORIENTED_EDGE('',*,*,#1028,.F.);
#1430=ORIENTED_EDGE('',*,*,#1025,.F.);
#1431=ORIENTED_EDGE('',*,*,#1023,.T.);
#1432=ORIENTED_EDGE('',*,*,#1029,.T.);
#1433=ORIENTED_EDGE('',*,*,#1030,.T.);
#1434=ORIENTED_EDGE('',*,*,#1031,.T.);
#1435=ORIENTED_EDGE('',*,*,#1019,.T.);
#1436=ORIENTED_EDGE('',*,*,#1032,.T.);
#1437=ORIENTED_EDGE('',*,*,#1033,.T.);
#1438=ORIENTED_EDGE('',*,*,#1034,.T.);
#1439=ORIENTED_EDGE('',*,*,#1022,.T.);
#1440=ORIENTED_EDGE('',*,*,#1027,.T.);
#1441=ORIENTED_EDGE('',*,*,#1024,.T.);
#1442=ORIENTED_EDGE('',*,*,#1031,.F.);
#1443=ORIENTED_EDGE('',*,*,#1035,.F.);
#1444=ORIENTED_EDGE('',*,*,#1036,.F.);
#1445=ORIENTED_EDGE('',*,*,#1037,.T.);
#1446=ORIENTED_EDGE('',*,*,#1032,.F.);
#1447=ORIENTED_EDGE('',*,*,#1038,.F.);
#1448=ORIENTED_EDGE('',*,*,#1035,.T.);
#1449=ORIENTED_EDGE('',*,*,#1030,.F.);
#1450=ORIENTED_EDGE('',*,*,#1039,.F.);
#1451=ORIENTED_EDGE('',*,*,#1020,.T.);
#1452=ORIENTED_EDGE('',*,*,#1034,.F.);
#1453=ORIENTED_EDGE('',*,*,#1040,.F.);
#1454=ORIENTED_EDGE('',*,*,#1041,.F.);
#1455=ORIENTED_EDGE('',*,*,#1039,.T.);
#1456=ORIENTED_EDGE('',*,*,#1029,.F.);
#1457=ORIENTED_EDGE('',*,*,#1026,.T.);
#1458=ORIENTED_EDGE('',*,*,#1028,.T.);
#1459=ORIENTED_EDGE('',*,*,#1042,.F.);
#1460=ORIENTED_EDGE('',*,*,#1040,.T.);
#1461=ORIENTED_EDGE('',*,*,#1033,.F.);
#1462=ORIENTED_EDGE('',*,*,#1037,.F.);
#1463=ORIENTED_EDGE('',*,*,#1036,.T.);
#1464=ORIENTED_EDGE('',*,*,#1038,.T.);
#1465=ORIENTED_EDGE('',*,*,#1041,.T.);
#1466=ORIENTED_EDGE('',*,*,#1042,.T.);
#1467=CYLINDRICAL_SURFACE('',#1628,3.5);
#1468=CYLINDRICAL_SURFACE('',#1632,3.5);
#1469=CYLINDRICAL_SURFACE('',#1636,3.5);
#1470=CYLINDRICAL_SURFACE('',#1640,3.5);
#1471=CYLINDRICAL_SURFACE('',#1645,2.74999999999999);
#1472=CYLINDRICAL_SURFACE('',#1649,2.75);
#1473=CYLINDRICAL_SURFACE('',#1653,2.74999999999999);
#1474=CYLINDRICAL_SURFACE('',#1657,2.75);
#1475=CYLINDRICAL_SURFACE('',#1660,6.25);
#1476=CYLINDRICAL_SURFACE('',#1663,3.2);
#1477=CYLINDRICAL_SURFACE('',#1666,6.25);
#1478=CYLINDRICAL_SURFACE('',#1669,6.25);
#1479=CYLINDRICAL_SURFACE('',#1672,1.25);
#1480=CYLINDRICAL_SURFACE('',#1676,1.25);
#1481=CYLINDRICAL_SURFACE('',#1680,1.25);
#1482=CYLINDRICAL_SURFACE('',#1684,1.25);
#1483=CYLINDRICAL_SURFACE('',#1688,1.25);
#1484=CYLINDRICAL_SURFACE('',#1692,1.25);
#1485=CYLINDRICAL_SURFACE('',#1696,1.25);
#1486=CYLINDRICAL_SURFACE('',#1700,1.25);
#1487=CYLINDRICAL_SURFACE('',#1704,3.00000000000001);
#1488=CYLINDRICAL_SURFACE('',#1708,3.);
#1489=CYLINDRICAL_SURFACE('',#1712,3.00000000000001);
#1490=CYLINDRICAL_SURFACE('',#1716,3.);
#1491=CYLINDRICAL_SURFACE('',#1720,3.5);
#1492=CYLINDRICAL_SURFACE('',#1732,3.5);
#1493=CYLINDRICAL_SURFACE('',#1738,3.5);
#1494=CYLINDRICAL_SURFACE('',#1739,3.5);
#1495=CYLINDRICAL_SURFACE('',#1742,4.);
#1496=CYLINDRICAL_SURFACE('',#1745,4.);
#1497=CYLINDRICAL_SURFACE('',#1748,4.);
#1498=CYLINDRICAL_SURFACE('',#1750,4.);
#1499=CYLINDRICAL_SURFACE('',#1755,1.6);
#1500=CYLINDRICAL_SURFACE('',#1758,1.6);
#1501=CYLINDRICAL_SURFACE('',#1761,1.6);
#1502=CYLINDRICAL_SURFACE('',#1764,1.6);
#1503=CYLINDRICAL_SURFACE('',#1767,1.6);
#1504=CYLINDRICAL_SURFACE('',#1770,3.25);
#1505=CYLINDRICAL_SURFACE('',#1773,4.5);
#1506=CYLINDRICAL_SURFACE('',#1780,7.5);
#1507=CYLINDRICAL_SURFACE('',#1784,11.5);
#1508=CYLINDRICAL_SURFACE('',#1786,4.);
#1509=CYLINDRICAL_SURFACE('',#1794,4.);
#1510=CYLINDRICAL_SURFACE('',#1797,4.);
#1511=CYLINDRICAL_SURFACE('',#1799,4.);
#1512=CYLINDRICAL_SURFACE('',#1806,7.5);
#1513=ADVANCED_FACE('',(#118),#1467,.F.);
#1514=ADVANCED_FACE('',(#119),#67,.F.);
#1515=ADVANCED_FACE('',(#120),#1468,.F.);
#1516=ADVANCED_FACE('',(#121),#68,.F.);
#1517=ADVANCED_FACE('',(#122),#1469,.F.);
#1518=ADVANCED_FACE('',(#123),#69,.F.);
#1519=ADVANCED_FACE('',(#124),#1470,.F.);
#1520=ADVANCED_FACE('',(#125),#70,.F.);
#1521=ADVANCED_FACE('',(#126),#71,.F.);
#1522=ADVANCED_FACE('',(#127),#1471,.F.);
#1523=ADVANCED_FACE('',(#128),#72,.F.);
#1524=ADVANCED_FACE('',(#129),#1472,.F.);
#1525=ADVANCED_FACE('',(#130),#73,.F.);
#1526=ADVANCED_FACE('',(#131),#1473,.F.);
#1527=ADVANCED_FACE('',(#132),#74,.F.);
#1528=ADVANCED_FACE('',(#133),#1474,.F.);
#1529=ADVANCED_FACE('',(#134),#1475,.F.);
#1530=ADVANCED_FACE('',(#135),#1476,.F.);
#1531=ADVANCED_FACE('',(#136),#1477,.F.);
#1532=ADVANCED_FACE('',(#137),#1478,.F.);
#1533=ADVANCED_FACE('',(#138),#1479,.F.);
#1534=ADVANCED_FACE('',(#139),#75,.T.);
#1535=ADVANCED_FACE('',(#140),#1480,.F.);
#1536=ADVANCED_FACE('',(#141),#76,.T.);
#1537=ADVANCED_FACE('',(#142),#1481,.F.);
#1538=ADVANCED_FACE('',(#143),#77,.T.);
#1539=ADVANCED_FACE('',(#144),#1482,.F.);
#1540=ADVANCED_FACE('',(#145),#78,.T.);
#1541=ADVANCED_FACE('',(#146),#1483,.F.);
#1542=ADVANCED_FACE('',(#147),#79,.T.);
#1543=ADVANCED_FACE('',(#148),#1484,.F.);
#1544=ADVANCED_FACE('',(#149),#80,.T.);
#1545=ADVANCED_FACE('',(#150),#1485,.F.);
#1546=ADVANCED_FACE('',(#151),#81,.T.);
#1547=ADVANCED_FACE('',(#152),#1486,.F.);
#1548=ADVANCED_FACE('',(#153),#82,.T.);
#1549=ADVANCED_FACE('',(#154),#1487,.T.);
#1550=ADVANCED_FACE('',(#155,#22),#83,.T.);
#1551=ADVANCED_FACE('',(#156),#1488,.T.);
#1552=ADVANCED_FACE('',(#157,#23),#84,.T.);
#1553=ADVANCED_FACE('',(#158),#1489,.T.);
#1554=ADVANCED_FACE('',(#159,#24),#85,.T.);
#1555=ADVANCED_FACE('',(#160),#1490,.T.);
#1556=ADVANCED_FACE('',(#161,#25),#86,.T.);
#1557=ADVANCED_FACE('',(#162),#1491,.T.);
#1558=ADVANCED_FACE('',(#163,#26,#27,#28,#29,#30),#87,.T.);
#1559=ADVANCED_FACE('',(#164),#88,.F.);
#1560=ADVANCED_FACE('',(#165),#1492,.T.);
#1561=ADVANCED_FACE('',(#166,#31,#32,#33,#34,#35,#36),#89,.T.);
#1562=ADVANCED_FACE('',(#167,#37,#38,#39,#40),#90,.F.);
#1563=ADVANCED_FACE('',(#168),#1493,.T.);
#1564=ADVANCED_FACE('',(#169),#1494,.T.);
#1565=ADVANCED_FACE('',(#170),#91,.F.);
#1566=ADVANCED_FACE('',(#171),#92,.F.);
#1567=ADVANCED_FACE('',(#172),#1495,.T.);
#1568=ADVANCED_FACE('',(#173),#93,.T.);
#1569=ADVANCED_FACE('',(#174),#1496,.T.);
#1570=ADVANCED_FACE('',(#175),#94,.T.);
#1571=ADVANCED_FACE('',(#176),#1497,.T.);
#1572=ADVANCED_FACE('',(#177),#1498,.T.);
#1573=ADVANCED_FACE('',(#178),#95,.T.);
#1574=ADVANCED_FACE('',(#179,#41,#42,#43,#44),#96,.T.);
#1575=ADVANCED_FACE('',(#180,#45,#46,#47,#48,#49,#50),#97,.F.);
#1576=ADVANCED_FACE('',(#181),#1499,.F.);
#1577=ADVANCED_FACE('',(#182),#1500,.F.);
#1578=ADVANCED_FACE('',(#183),#1501,.F.);
#1579=ADVANCED_FACE('',(#184),#1502,.F.);
#1580=ADVANCED_FACE('',(#185),#1503,.F.);
#1581=ADVANCED_FACE('',(#186),#1504,.F.);
#1582=ADVANCED_FACE('',(#187),#1505,.T.);
#1583=ADVANCED_FACE('',(#188,#51),#98,.T.);
#1584=ADVANCED_FACE('',(#189),#13,.F.);
#1585=ADVANCED_FACE('',(#190),#1506,.F.);
#1586=ADVANCED_FACE('',(#191,#52),#99,.T.);
#1587=ADVANCED_FACE('',(#192),#1507,.T.);
#1588=ADVANCED_FACE('',(#193),#1508,.T.);
#1589=ADVANCED_FACE('',(#194),#100,.T.);
#1590=ADVANCED_FACE('',(#195,#53,#54,#55,#56,#57,#58,#59),#101,.T.);
#1591=ADVANCED_FACE('',(#196),#1509,.T.);
#1592=ADVANCED_FACE('',(#197),#102,.T.);
#1593=ADVANCED_FACE('',(#198),#1510,.T.);
#1594=ADVANCED_FACE('',(#199),#1511,.T.);
#1595=ADVANCED_FACE('',(#200),#103,.T.);
#1596=ADVANCED_FACE('',(#201),#104,.T.);
#1597=ADVANCED_FACE('',(#202,#60,#61,#62,#63,#64,#65,#66),#105,.F.);
#1598=ADVANCED_FACE('',(#203),#106,.F.);
#1599=ADVANCED_FACE('',(#204),#1512,.T.);
#1600=ADVANCED_FACE('',(#205),#107,.T.);
#1601=ADVANCED_FACE('',(#206),#108,.F.);
#1602=ADVANCED_FACE('',(#207),#109,.F.);
#1603=ADVANCED_FACE('',(#208),#110,.F.);
#1604=ADVANCED_FACE('',(#209),#111,.T.);
#1605=ADVANCED_FACE('',(#210),#112,.T.);
#1606=ADVANCED_FACE('',(#211),#113,.T.);
#1607=ADVANCED_FACE('',(#212),#114,.T.);
#1608=ADVANCED_FACE('',(#213),#115,.T.);
#1609=ADVANCED_FACE('',(#214),#116,.T.);
#1610=ADVANCED_FACE('',(#215),#117,.T.);
#1611=CLOSED_SHELL('',(#1513,#1514,#1515,#1516,#1517,#1518,#1519,#1520,
#1521,#1522,#1523,#1524,#1525,#1526,#1527,#1528,#1529,#1530,#1531,#1532,
#1533,#1534,#1535,#1536,#1537,#1538,#1539,#1540,#1541,#1542,#1543,#1544,
#1545,#1546,#1547,#1548,#1549,#1550,#1551,#1552,#1553,#1554,#1555,#1556,
#1557,#1558,#1559,#1560,#1561,#1562,#1563,#1564,#1565,#1566,#1567,#1568,
#1569,#1570,#1571,#1572,#1573,#1574,#1575));
#1612=CLOSED_SHELL('',(#1576,#1577,#1578,#1579,#1580,#1581,#1582,#1583,
#1584,#1585,#1586,#1587,#1588,#1589,#1590,#1591,#1592,#1593,#1594,#1595,
#1596,#1597));
#1613=CLOSED_SHELL('',(#1598,#1599,#1600));
#1614=CLOSED_SHELL('',(#1601,#1602,#1603,#1604,#1605,#1606,#1607,#1608,
#1609,#1610));
#1615=DERIVED_UNIT_ELEMENT(#1617,1.);
#1616=DERIVED_UNIT_ELEMENT(#2779,-3.);
#1617=(
MASS_UNIT()
NAMED_UNIT(*)
SI_UNIT(.KILO.,.GRAM.)
);
#1618=DERIVED_UNIT((#1615,#1616));
#1619=MEASURE_REPRESENTATION_ITEM('density measure',
POSITIVE_RATIO_MEASURE(7850.),#1618);
#1620=PROPERTY_DEFINITION_REPRESENTATION(#1625,#1622);
#1621=PROPERTY_DEFINITION_REPRESENTATION(#1626,#1623);
#1622=REPRESENTATION('material name',(#1624),#2776);
#1623=REPRESENTATION('density',(#1619),#2776);
#1624=DESCRIPTIVE_REPRESENTATION_ITEM('\X\C7elik','\X\C7elik');
#1625=PROPERTY_DEFINITION('material property','material name',#2786);
#1626=PROPERTY_DEFINITION('material property','density of part',#2786);
#1627=AXIS2_PLACEMENT_3D('',#2322,#1819,#1820);
#1628=AXIS2_PLACEMENT_3D('',#2323,#1821,#1822);
#1629=AXIS2_PLACEMENT_3D('',#2325,#1823,#1824);
#1630=AXIS2_PLACEMENT_3D('',#2328,#1826,#1827);
#1631=AXIS2_PLACEMENT_3D('',#2329,#1828,#1829);
#1632=AXIS2_PLACEMENT_3D('',#2330,#1830,#1831);
#1633=AXIS2_PLACEMENT_3D('',#2332,#1832,#1833);
#1634=AXIS2_PLACEMENT_3D('',#2335,#1835,#1836);
#1635=AXIS2_PLACEMENT_3D('',#2336,#1837,#1838);
#1636=AXIS2_PLACEMENT_3D('',#2337,#1839,#1840);
#1637=AXIS2_PLACEMENT_3D('',#2339,#1841,#1842);
#1638=AXIS2_PLACEMENT_3D('',#2342,#1844,#1845);
#1639=AXIS2_PLACEMENT_3D('',#2343,#1846,#1847);
#1640=AXIS2_PLACEMENT_3D('',#2344,#1848,#1849);
#1641=AXIS2_PLACEMENT_3D('',#2346,#1850,#1851);
#1642=AXIS2_PLACEMENT_3D('',#2349,#1853,#1854);
#1643=AXIS2_PLACEMENT_3D('',#2350,#1855,#1856);
#1644=AXIS2_PLACEMENT_3D('',#2351,#1857,#1858);
#1645=AXIS2_PLACEMENT_3D('',#2360,#1863,#1864);
#1646=AXIS2_PLACEMENT_3D('',#2362,#1865,#1866);
#1647=AXIS2_PLACEMENT_3D('',#2364,#1867,#1868);
#1648=AXIS2_PLACEMENT_3D('',#2366,#1870,#1871);
#1649=AXIS2_PLACEMENT_3D('',#2372,#1875,#1876);
#1650=AXIS2_PLACEMENT_3D('',#2373,#1877,#1878);
#1651=AXIS2_PLACEMENT_3D('',#2374,#1879,#1880);
#1652=AXIS2_PLACEMENT_3D('',#2375,#1881,#1882);
#1653=AXIS2_PLACEMENT_3D('',#2384,#1887,#1888);
#1654=AXIS2_PLACEMENT_3D('',#2386,#1889,#1890);
#1655=AXIS2_PLACEMENT_3D('',#2388,#1891,#1892);
#1656=AXIS2_PLACEMENT_3D('',#2390,#1894,#1895);
#1657=AXIS2_PLACEMENT_3D('',#2396,#1899,#1900);
#1658=AXIS2_PLACEMENT_3D('',#2397,#1901,#1902);
#1659=AXIS2_PLACEMENT_3D('',#2398,#1903,#1904);
#1660=AXIS2_PLACEMENT_3D('',#2399,#1905,#1906);
#1661=AXIS2_PLACEMENT_3D('',#2401,#1907,#1908);
#1662=AXIS2_PLACEMENT_3D('',#2404,#1910,#1911);
#1663=AXIS2_PLACEMENT_3D('',#2405,#1912,#1913);
#1664=AXIS2_PLACEMENT_3D('',#2407,#1914,#1915);
#1665=AXIS2_PLACEMENT_3D('',#2410,#1917,#1918);
#1666=AXIS2_PLACEMENT_3D('',#2411,#1919,#1920);
#1667=AXIS2_PLACEMENT_3D('',#2413,#1921,#1922);
#1668=AXIS2_PLACEMENT_3D('',#2416,#1924,#1925);
#1669=AXIS2_PLACEMENT_3D('',#2417,#1926,#1927);
#1670=AXIS2_PLACEMENT_3D('',#2419,#1928,#1929);
#1671=AXIS2_PLACEMENT_3D('',#2422,#1931,#1932);
#1672=AXIS2_PLACEMENT_3D('',#2423,#1933,#1934);
#1673=AXIS2_PLACEMENT_3D('',#2425,#1935,#1936);
#1674=AXIS2_PLACEMENT_3D('',#2428,#1938,#1939);
#1675=AXIS2_PLACEMENT_3D('',#2429,#1940,#1941);
#1676=AXIS2_PLACEMENT_3D('',#2430,#1942,#1943);
#1677=AXIS2_PLACEMENT_3D('',#2432,#1944,#1945);
#1678=AXIS2_PLACEMENT_3D('',#2435,#1947,#1948);
#1679=AXIS2_PLACEMENT_3D('',#2436,#1949,#1950);
#1680=AXIS2_PLACEMENT_3D('',#2437,#1951,#1952);
#1681=AXIS2_PLACEMENT_3D('',#2439,#1953,#1954);
#1682=AXIS2_PLACEMENT_3D('',#2442,#1956,#1957);
#1683=AXIS2_PLACEMENT_3D('',#2443,#1958,#1959);
#1684=AXIS2_PLACEMENT_3D('',#2444,#1960,#1961);
#1685=AXIS2_PLACEMENT_3D('',#2446,#1962,#1963);
#1686=AXIS2_PLACEMENT_3D('',#2449,#1965,#1966);
#1687=AXIS2_PLACEMENT_3D('',#2450,#1967,#1968);
#1688=AXIS2_PLACEMENT_3D('',#2451,#1969,#1970);
#1689=AXIS2_PLACEMENT_3D('',#2453,#1971,#1972);
#1690=AXIS2_PLACEMENT_3D('',#2456,#1974,#1975);
#1691=AXIS2_PLACEMENT_3D('',#2457,#1976,#1977);
#1692=AXIS2_PLACEMENT_3D('',#2458,#1978,#1979);
#1693=AXIS2_PLACEMENT_3D('',#2460,#1980,#1981);
#1694=AXIS2_PLACEMENT_3D('',#2463,#1983,#1984);
#1695=AXIS2_PLACEMENT_3D('',#2464,#1985,#1986);
#1696=AXIS2_PLACEMENT_3D('',#2465,#1987,#1988);
#1697=AXIS2_PLACEMENT_3D('',#2467,#1989,#1990);
#1698=AXIS2_PLACEMENT_3D('',#2470,#1992,#1993);
#1699=AXIS2_PLACEMENT_3D('',#2471,#1994,#1995);
#1700=AXIS2_PLACEMENT_3D('',#2472,#1996,#1997);
#1701=AXIS2_PLACEMENT_3D('',#2474,#1998,#1999);
#1702=AXIS2_PLACEMENT_3D('',#2477,#2001,#2002);
#1703=AXIS2_PLACEMENT_3D('',#2478,#2003,#2004);
#1704=AXIS2_PLACEMENT_3D('',#2479,#2005,#2006);
#1705=AXIS2_PLACEMENT_3D('',#2481,#2007,#2008);
#1706=AXIS2_PLACEMENT_3D('',#2484,#2010,#2011);
#1707=AXIS2_PLACEMENT_3D('',#2485,#2012,#2013);
#1708=AXIS2_PLACEMENT_3D('',#2486,#2014,#2015);
#1709=AXIS2_PLACEMENT_3D('',#2488,#2016,#2017);
#1710=AXIS2_PLACEMENT_3D('',#2491,#2019,#2020);
#1711=AXIS2_PLACEMENT_3D('',#2492,#2021,#2022);
#1712=AXIS2_PLACEMENT_3D('',#2493,#2023,#2024);
#1713=AXIS2_PLACEMENT_3D('',#2495,#2025,#2026);
#1714=AXIS2_PLACEMENT_3D('',#2498,#2028,#2029);
#1715=AXIS2_PLACEMENT_3D('',#2499,#2030,#2031);
#1716=AXIS2_PLACEMENT_3D('',#2500,#2032,#2033);
#1717=AXIS2_PLACEMENT_3D('',#2502,#2034,#2035);
#1718=AXIS2_PLACEMENT_3D('',#2505,#2037,#2038);
#1719=AXIS2_PLACEMENT_3D('',#2506,#2039,#2040);
#1720=AXIS2_PLACEMENT_3D('',#2507,#2041,#2042);
#1721=AXIS2_PLACEMENT_3D('',#2512,#2044,#2045);
#1722=AXIS2_PLACEMENT_3D('',#2515,#2047,#2048);
#1723=AXIS2_PLACEMENT_3D('',#2516,#2049,#2050);
#1724=AXIS2_PLACEMENT_3D('',#2519,#2051,#2052);
#1725=AXIS2_PLACEMENT_3D('',#2523,#2054,#2055);
#1726=AXIS2_PLACEMENT_3D('',#2527,#2057,#2058);
#1727=AXIS2_PLACEMENT_3D('',#2531,#2060,#2061);
#1728=AXIS2_PLACEMENT_3D('',#2536,#2064,#2065);
#1729=AXIS2_PLACEMENT_3D('',#2540,#2067,#2068);
#1730=AXIS2_PLACEMENT_3D('',#2544,#2070,#2071);
#1731=AXIS2_PLACEMENT_3D('',#2546,#2073,#2074);
#1732=AXIS2_PLACEMENT_3D('',#2550,#2077,#2078);
#1733=AXIS2_PLACEMENT_3D('',#2555,#2081,#2082);
#1734=AXIS2_PLACEMENT_3D('',#2556,#2083,#2084);
#1735=AXIS2_PLACEMENT_3D('',#2560,#2086,#2087);
#1736=AXIS2_PLACEMENT_3D('',#2564,#2090,#2091);
#1737=AXIS2_PLACEMENT_3D('',#2565,#2092,#2093);
#1738=AXIS2_PLACEMENT_3D('',#2567,#2095,#2096);
#1739=AXIS2_PLACEMENT_3D('',#2568,#2097,#2098);
#1740=AXIS2_PLACEMENT_3D('',#2571,#2101,#2102);
#1741=AXIS2_PLACEMENT_3D('',#2572,#2103,#2104);
#1742=AXIS2_PLACEMENT_3D('',#2573,#2105,#2106);
#1743=AXIS2_PLACEMENT_3D('',#2577,#2108,#2109);
#1744=AXIS2_PLACEMENT_3D('',#2579,#2111,#2112);
#1745=AXIS2_PLACEMENT_3D('',#2583,#2115,#2116);
#1746=AXIS2_PLACEMENT_3D('',#2587,#2118,#2119);
#1747=AXIS2_PLACEMENT_3D('',#2589,#2121,#2122);
#1748=AXIS2_PLACEMENT_3D('',#2593,#2125,#2126);
#1749=AXIS2_PLACEMENT_3D('',#2595,#2127,#2128);
#1750=AXIS2_PLACEMENT_3D('',#2597,#2130,#2131);
#1751=AXIS2_PLACEMENT_3D('',#2600,#2133,#2134);
#1752=AXIS2_PLACEMENT_3D('',#2601,#2135,#2136);
#1753=AXIS2_PLACEMENT_3D('',#2603,#2138,#2139);
#1754=AXIS2_PLACEMENT_3D('',#2605,#2141,#2142);
#1755=AXIS2_PLACEMENT_3D('',#2606,#2143,#2144);
#1756=AXIS2_PLACEMENT_3D('',#2608,#2145,#2146);
#1757=AXIS2_PLACEMENT_3D('',#2611,#2148,#2149);
#1758=AXIS2_PLACEMENT_3D('',#2612,#2150,#2151);
#1759=AXIS2_PLACEMENT_3D('',#2614,#2152,#2153);
#1760=AXIS2_PLACEMENT_3D('',#2617,#2155,#2156);
#1761=AXIS2_PLACEMENT_3D('',#2618,#2157,#2158);
#1762=AXIS2_PLACEMENT_3D('',#2620,#2159,#2160);
#1763=AXIS2_PLACEMENT_3D('',#2623,#2162,#2163);
#1764=AXIS2_PLACEMENT_3D('',#2624,#2164,#2165);
#1765=AXIS2_PLACEMENT_3D('',#2626,#2166,#2167);
#1766=AXIS2_PLACEMENT_3D('',#2629,#2169,#2170);
#1767=AXIS2_PLACEMENT_3D('',#2630,#2171,#2172);
#1768=AXIS2_PLACEMENT_3D('',#2632,#2173,#2174);
#1769=AXIS2_PLACEMENT_3D('',#2635,#2176,#2177);
#1770=AXIS2_PLACEMENT_3D('',#2636,#2178,#2179);
#1771=AXIS2_PLACEMENT_3D('',#2638,#2180,#2181);
#1772=AXIS2_PLACEMENT_3D('',#2641,#2183,#2184);
#1773=AXIS2_PLACEMENT_3D('',#2642,#2185,#2186);
#1774=AXIS2_PLACEMENT_3D('',#2644,#2187,#2188);
#1775=AXIS2_PLACEMENT_3D('',#2647,#2190,#2191);
#1776=AXIS2_PLACEMENT_3D('',#2648,#2192,#2193);
#1777=AXIS2_PLACEMENT_3D('',#2649,#2194,#2195);
#1778=AXIS2_PLACEMENT_3D('',#2651,#2196,#2197);
#1779=AXIS2_PLACEMENT_3D('',#2654,#2199,#2200);
#1780=AXIS2_PLACEMENT_3D('',#2655,#2201,#2202);
#1781=AXIS2_PLACEMENT_3D('',#2657,#2203,#2204);
#1782=AXIS2_PLACEMENT_3D('',#2659,#2206,#2207);
#1783=AXIS2_PLACEMENT_3D('',#2661,#2208,#2209);
#1784=AXIS2_PLACEMENT_3D('',#2662,#2210,#2211);
#1785=AXIS2_PLACEMENT_3D('',#2665,#2213,#2214);
#1786=AXIS2_PLACEMENT_3D('',#2666,#2215,#2216);
#1787=AXIS2_PLACEMENT_3D('',#2669,#2217,#2218);
#1788=AXIS2_PLACEMENT_3D('',#2673,#2220,#2221);
#1789=AXIS2_PLACEMENT_3D('',#2675,#2223,#2224);
#1790=AXIS2_PLACEMENT_3D('',#2681,#2228,#2229);
#1791=AXIS2_PLACEMENT_3D('',#2685,#2231,#2232);
#1792=AXIS2_PLACEMENT_3D('',#2689,#2234,#2235);
#1793=AXIS2_PLACEMENT_3D('',#2692,#2237,#2238);
#1794=AXIS2_PLACEMENT_3D('',#2693,#2239,#2240);
#1795=AXIS2_PLACEMENT_3D('',#2697,#2242,#2243);
#1796=AXIS2_PLACEMENT_3D('',#2699,#2245,#2246);
#1797=AXIS2_PLACEMENT_3D('',#2703,#2249,#2250);
#1798=AXIS2_PLACEMENT_3D('',#2705,#2251,#2252);
#1799=AXIS2_PLACEMENT_3D('',#2707,#2254,#2255);
#1800=AXIS2_PLACEMENT_3D('',#2710,#2257,#2258);
#1801=AXIS2_PLACEMENT_3D('',#2711,#2259,#2260);
#1802=AXIS2_PLACEMENT_3D('',#2713,#2262,#2263);
#1803=AXIS2_PLACEMENT_3D('',#2715,#2265,#2266);
#1804=AXIS2_PLACEMENT_3D('',#2716,#2267,#2268);
#1805=AXIS2_PLACEMENT_3D('',#2718,#2269,#2270);
#1806=AXIS2_PLACEMENT_3D('',#2719,#2271,#2272);
#1807=AXIS2_PLACEMENT_3D('',#2721,#2273,#2274);
#1808=AXIS2_PLACEMENT_3D('',#2723,#2276,#2277);
#1809=AXIS2_PLACEMENT_3D('',#2724,#2278,#2279);
#1810=AXIS2_PLACEMENT_3D('',#2733,#2284,#2285);
#1811=AXIS2_PLACEMENT_3D('',#2742,#2290,#2291);
#1812=AXIS2_PLACEMENT_3D('',#2745,#2294,#2295);
#1813=AXIS2_PLACEMENT_3D('',#2751,#2299,#2300);
#1814=AXIS2_PLACEMENT_3D('',#2757,#2304,#2305);
#1815=AXIS2_PLACEMENT_3D('',#2763,#2309,#2310);
#1816=AXIS2_PLACEMENT_3D('',#2767,#2313,#2314);
#1817=AXIS2_PLACEMENT_3D('',#2771,#2317,#2318);
#1818=AXIS2_PLACEMENT_3D('',#2773,#2320,#2321);
#1819=DIRECTION('axis',(0.,0.,1.));
#1820=DIRECTION('refdir',(1.,0.,0.));
#1821=DIRECTION('center_axis',(0.,0.,1.));
#1822=DIRECTION('ref_axis',(1.,0.,0.));
#1823=DIRECTION('center_axis',(0.,0.,1.));
#1824=DIRECTION('ref_axis',(1.,0.,0.));
#1825=DIRECTION('',(0.,0.,1.));
#1826=DIRECTION('center_axis',(0.,0.,1.));
#1827=DIRECTION('ref_axis',(1.,0.,0.));
#1828=DIRECTION('center_axis',(0.,0.,1.));
#1829=DIRECTION('ref_axis',(1.,0.,0.));
#1830=DIRECTION('center_axis',(0.,0.,1.));
#1831=DIRECTION('ref_axis',(1.,0.,0.));
#1832=DIRECTION('center_axis',(0.,0.,1.));
#1833=DIRECTION('ref_axis',(1.,0.,0.));
#1834=DIRECTION('',(0.,0.,1.));
#1835=DIRECTION('center_axis',(0.,0.,1.));
#1836=DIRECTION('ref_axis',(1.,0.,0.));
#1837=DIRECTION('center_axis',(0.,0.,1.));
#1838=DIRECTION('ref_axis',(1.,0.,0.));
#1839=DIRECTION('center_axis',(0.,0.,1.));
#1840=DIRECTION('ref_axis',(1.,0.,0.));
#1841=DIRECTION('center_axis',(0.,0.,1.));
#1842=DIRECTION('ref_axis',(1.,0.,0.));
#1843=DIRECTION('',(0.,0.,1.));
#1844=DIRECTION('center_axis',(0.,0.,1.));
#1845=DIRECTION('ref_axis',(1.,0.,0.));
#1846=DIRECTION('center_axis',(0.,0.,1.));
#1847=DIRECTION('ref_axis',(1.,0.,0.));
#1848=DIRECTION('center_axis',(0.,0.,1.));
#1849=DIRECTION('ref_axis',(1.,0.,0.));
#1850=DIRECTION('center_axis',(0.,0.,1.));
#1851=DIRECTION('ref_axis',(1.,0.,0.));
#1852=DIRECTION('',(0.,0.,1.));
#1853=DIRECTION('center_axis',(0.,0.,1.));
#1854=DIRECTION('ref_axis',(1.,0.,0.));
#1855=DIRECTION('center_axis',(0.,0.,1.));
#1856=DIRECTION('ref_axis',(1.,0.,0.));
#1857=DIRECTION('center_axis',(0.,-1.,0.));
#1858=DIRECTION('ref_axis',(1.,0.,0.));
#1859=DIRECTION('',(-1.,0.,0.));
#1860=DIRECTION('',(0.,0.,1.));
#1861=DIRECTION('',(1.,0.,0.));
#1862=DIRECTION('',(0.,0.,1.));
#1863=DIRECTION('center_axis',(0.,0.,1.));
#1864=DIRECTION('ref_axis',(0.,1.,0.));
#1865=DIRECTION('center_axis',(0.,0.,-1.));
#1866=DIRECTION('ref_axis',(0.,1.,0.));
#1867=DIRECTION('center_axis',(0.,0.,1.));
#1868=DIRECTION('ref_axis',(0.,1.,0.));
#1869=DIRECTION('',(0.,0.,-1.));
#1870=DIRECTION('center_axis',(0.,1.,0.));
#1871=DIRECTION('ref_axis',(-1.,0.,0.));
#1872=DIRECTION('',(1.,0.,0.));
#1873=DIRECTION('',(-1.,0.,0.));
#1874=DIRECTION('',(0.,0.,1.));
#1875=DIRECTION('center_axis',(0.,0.,1.));
#1876=DIRECTION('ref_axis',(0.,-1.,0.));
#1877=DIRECTION('center_axis',(0.,0.,-1.));
#1878=DIRECTION('ref_axis',(0.,-1.,0.));
#1879=DIRECTION('center_axis',(0.,0.,1.));
#1880=DIRECTION('ref_axis',(0.,-1.,0.));
#1881=DIRECTION('center_axis',(0.,-1.,0.));
#1882=DIRECTION('ref_axis',(1.,0.,0.));
#1883=DIRECTION('',(-1.,0.,0.));
#1884=DIRECTION('',(0.,0.,1.));
#1885=DIRECTION('',(1.,0.,0.));
#1886=DIRECTION('',(0.,0.,1.));
#1887=DIRECTION('center_axis',(0.,0.,1.));
#1888=DIRECTION('ref_axis',(0.,1.,0.));
#1889=DIRECTION('center_axis',(0.,0.,-1.));
#1890=DIRECTION('ref_axis',(0.,1.,0.));
#1891=DIRECTION('center_axis',(0.,0.,1.));
#1892=DIRECTION('ref_axis',(0.,1.,0.));
#1893=DIRECTION('',(0.,0.,-1.));
#1894=DIRECTION('center_axis',(0.,1.,0.));
#1895=DIRECTION('ref_axis',(-1.,0.,0.));
#1896=DIRECTION('',(1.,0.,0.));
#1897=DIRECTION('',(-1.,0.,0.));
#1898=DIRECTION('',(0.,0.,1.));
#1899=DIRECTION('center_axis',(0.,0.,1.));
#1900=DIRECTION('ref_axis',(0.,-1.,0.));
#1901=DIRECTION('center_axis',(0.,0.,-1.));
#1902=DIRECTION('ref_axis',(0.,-1.,0.));
#1903=DIRECTION('center_axis',(0.,0.,1.));
#1904=DIRECTION('ref_axis',(0.,-1.,0.));
#1905=DIRECTION('center_axis',(0.,1.,0.));
#1906=DIRECTION('ref_axis',(1.,0.,0.));
#1907=DIRECTION('center_axis',(0.,1.,0.));
#1908=DIRECTION('ref_axis',(1.,0.,0.));
#1909=DIRECTION('',(0.,1.,0.));
#1910=DIRECTION('center_axis',(0.,-1.,0.));
#1911=DIRECTION('ref_axis',(1.,0.,0.));
#1912=DIRECTION('center_axis',(0.,1.,0.));
#1913=DIRECTION('ref_axis',(1.,0.,0.));
#1914=DIRECTION('center_axis',(0.,1.,0.));
#1915=DIRECTION('ref_axis',(1.,0.,0.));
#1916=DIRECTION('',(0.,1.,0.));
#1917=DIRECTION('center_axis',(0.,-1.,0.));
#1918=DIRECTION('ref_axis',(1.,0.,0.));
#1919=DIRECTION('center_axis',(0.,1.,0.));
#1920=DIRECTION('ref_axis',(1.,0.,0.));
#1921=DIRECTION('center_axis',(0.,1.,0.));
#1922=DIRECTION('ref_axis',(1.,0.,0.));
#1923=DIRECTION('',(0.,1.,0.));
#1924=DIRECTION('center_axis',(0.,-1.,0.));
#1925=DIRECTION('ref_axis',(1.,0.,0.));
#1926=DIRECTION('center_axis',(0.,1.,0.));
#1927=DIRECTION('ref_axis',(1.,0.,0.));
#1928=DIRECTION('center_axis',(0.,1.,0.));
#1929=DIRECTION('ref_axis',(1.,0.,0.));
#1930=DIRECTION('',(0.,1.,0.));
#1931=DIRECTION('center_axis',(0.,-1.,0.));
#1932=DIRECTION('ref_axis',(1.,0.,0.));
#1933=DIRECTION('center_axis',(0.,0.,-1.));
#1934=DIRECTION('ref_axis',(1.,0.,0.));
#1935=DIRECTION('center_axis',(0.,0.,-1.));
#1936=DIRECTION('ref_axis',(1.,0.,0.));
#1937=DIRECTION('',(0.,0.,-1.));
#1938=DIRECTION('center_axis',(0.,0.,-1.));
#1939=DIRECTION('ref_axis',(1.,0.,0.));
#1940=DIRECTION('center_axis',(0.,0.,1.));
#1941=DIRECTION('ref_axis',(1.,0.,0.));
#1942=DIRECTION('center_axis',(0.,0.,-1.));
#1943=DIRECTION('ref_axis',(1.,0.,0.));
#1944=DIRECTION('center_axis',(0.,0.,-1.));
#1945=DIRECTION('ref_axis',(1.,0.,0.));
#1946=DIRECTION('',(0.,0.,-1.));
#1947=DIRECTION('center_axis',(0.,0.,-1.));
#1948=DIRECTION('ref_axis',(1.,0.,0.));
#1949=DIRECTION('center_axis',(0.,0.,1.));
#1950=DIRECTION('ref_axis',(1.,0.,0.));
#1951=DIRECTION('center_axis',(0.,0.,-1.));
#1952=DIRECTION('ref_axis',(1.,0.,0.));
#1953=DIRECTION('center_axis',(0.,0.,-1.));
#1954=DIRECTION('ref_axis',(1.,0.,0.));
#1955=DIRECTION('',(0.,0.,-1.));
#1956=DIRECTION('center_axis',(0.,0.,-1.));
#1957=DIRECTION('ref_axis',(1.,0.,0.));
#1958=DIRECTION('center_axis',(0.,0.,1.));
#1959=DIRECTION('ref_axis',(1.,0.,0.));
#1960=DIRECTION('center_axis',(0.,0.,-1.));
#1961=DIRECTION('ref_axis',(1.,0.,0.));
#1962=DIRECTION('center_axis',(0.,0.,-1.));
#1963=DIRECTION('ref_axis',(1.,0.,0.));
#1964=DIRECTION('',(0.,0.,-1.));
#1965=DIRECTION('center_axis',(0.,0.,-1.));
#1966=DIRECTION('ref_axis',(1.,0.,0.));
#1967=DIRECTION('center_axis',(0.,0.,1.));
#1968=DIRECTION('ref_axis',(1.,0.,0.));
#1969=DIRECTION('center_axis',(0.,0.,-1.));
#1970=DIRECTION('ref_axis',(1.,0.,0.));
#1971=DIRECTION('center_axis',(0.,0.,-1.));
#1972=DIRECTION('ref_axis',(1.,0.,0.));
#1973=DIRECTION('',(0.,0.,-1.));
#1974=DIRECTION('center_axis',(0.,0.,-1.));
#1975=DIRECTION('ref_axis',(1.,0.,0.));
#1976=DIRECTION('center_axis',(0.,0.,1.));
#1977=DIRECTION('ref_axis',(1.,0.,0.));
#1978=DIRECTION('center_axis',(0.,0.,-1.));
#1979=DIRECTION('ref_axis',(1.,0.,0.));
#1980=DIRECTION('center_axis',(0.,0.,-1.));
#1981=DIRECTION('ref_axis',(1.,0.,0.));
#1982=DIRECTION('',(0.,0.,-1.));
#1983=DIRECTION('center_axis',(0.,0.,-1.));
#1984=DIRECTION('ref_axis',(1.,0.,0.));
#1985=DIRECTION('center_axis',(0.,0.,1.));
#1986=DIRECTION('ref_axis',(1.,0.,0.));
#1987=DIRECTION('center_axis',(0.,0.,-1.));
#1988=DIRECTION('ref_axis',(1.,0.,0.));
#1989=DIRECTION('center_axis',(0.,0.,-1.));
#1990=DIRECTION('ref_axis',(1.,0.,0.));
#1991=DIRECTION('',(0.,0.,-1.));
#1992=DIRECTION('center_axis',(0.,0.,-1.));
#1993=DIRECTION('ref_axis',(1.,0.,0.));
#1994=DIRECTION('center_axis',(0.,0.,1.));
#1995=DIRECTION('ref_axis',(1.,0.,0.));
#1996=DIRECTION('center_axis',(0.,0.,-1.));
#1997=DIRECTION('ref_axis',(1.,0.,0.));
#1998=DIRECTION('center_axis',(0.,0.,-1.));
#1999=DIRECTION('ref_axis',(1.,0.,0.));
#2000=DIRECTION('',(0.,0.,-1.));
#2001=DIRECTION('center_axis',(0.,0.,-1.));
#2002=DIRECTION('ref_axis',(1.,0.,0.));
#2003=DIRECTION('center_axis',(0.,0.,1.));
#2004=DIRECTION('ref_axis',(1.,0.,0.));
#2005=DIRECTION('center_axis',(0.,0.,1.));
#2006=DIRECTION('ref_axis',(1.,0.,0.));
#2007=DIRECTION('center_axis',(0.,0.,1.));
#2008=DIRECTION('ref_axis',(1.,0.,0.));
#2009=DIRECTION('',(0.,0.,-1.));
#2010=DIRECTION('center_axis',(0.,0.,-1.));
#2011=DIRECTION('ref_axis',(1.,0.,0.));
#2012=DIRECTION('center_axis',(0.,0.,1.));
#2013=DIRECTION('ref_axis',(1.,0.,0.));
#2014=DIRECTION('center_axis',(0.,0.,1.));
#2015=DIRECTION('ref_axis',(1.,0.,0.));
#2016=DIRECTION('center_axis',(0.,0.,1.));
#2017=DIRECTION('ref_axis',(1.,0.,0.));
#2018=DIRECTION('',(0.,0.,-1.));
#2019=DIRECTION('center_axis',(0.,0.,-1.));
#2020=DIRECTION('ref_axis',(1.,0.,0.));
#2021=DIRECTION('center_axis',(0.,0.,1.));
#2022=DIRECTION('ref_axis',(1.,0.,0.));
#2023=DIRECTION('center_axis',(0.,0.,1.));
#2024=DIRECTION('ref_axis',(1.,0.,0.));
#2025=DIRECTION('center_axis',(0.,0.,1.));
#2026=DIRECTION('ref_axis',(1.,0.,0.));
#2027=DIRECTION('',(0.,0.,-1.));
#2028=DIRECTION('center_axis',(0.,0.,-1.));
#2029=DIRECTION('ref_axis',(1.,0.,0.));
#2030=DIRECTION('center_axis',(0.,0.,1.));
#2031=DIRECTION('ref_axis',(1.,0.,0.));
#2032=DIRECTION('center_axis',(0.,0.,1.));
#2033=DIRECTION('ref_axis',(1.,0.,0.));
#2034=DIRECTION('center_axis',(0.,0.,1.));
#2035=DIRECTION('ref_axis',(1.,0.,0.));
#2036=DIRECTION('',(0.,0.,-1.));
#2037=DIRECTION('center_axis',(0.,0.,-1.));
#2038=DIRECTION('ref_axis',(1.,0.,0.));
#2039=DIRECTION('center_axis',(0.,0.,1.));
#2040=DIRECTION('ref_axis',(1.,0.,0.));
#2041=DIRECTION('center_axis',(0.,0.,1.));
#2042=DIRECTION('ref_axis',(-0.707106781186548,-0.707106781186547,0.));
#2043=DIRECTION('',(0.,0.,1.));
#2044=DIRECTION('center_axis',(0.,0.,-1.));
#2045=DIRECTION('ref_axis',(1.,0.,0.));
#2046=DIRECTION('',(0.,0.,-1.));
#2047=DIRECTION('center_axis',(0.,0.,1.));
#2048=DIRECTION('ref_axis',(1.,0.,0.));
#2049=DIRECTION('center_axis',(0.,0.,1.));
#2050=DIRECTION('ref_axis',(1.,0.,0.));
#2051=DIRECTION('center_axis',(0.,0.,-1.));
#2052=DIRECTION('ref_axis',(-0.707106781186548,-0.707106781186547,0.));
#2053=DIRECTION('',(1.,0.,0.));
#2054=DIRECTION('center_axis',(0.,0.,-1.));
#2055=DIRECTION('ref_axis',(0.707106781186549,-0.707106781186546,0.));
#2056=DIRECTION('',(0.,1.,0.));
#2057=DIRECTION('center_axis',(0.,0.,-1.));
#2058=DIRECTION('ref_axis',(0.707106781186546,0.707106781186549,0.));
#2059=DIRECTION('',(-1.,0.,0.));
#2060=DIRECTION('center_axis',(0.,0.,-1.));
#2061=DIRECTION('ref_axis',(-0.707106781186548,0.707106781186548,0.));
#2062=DIRECTION('',(0.,-1.,0.));
#2063=DIRECTION('',(0.,-1.,0.));
#2064=DIRECTION('center_axis',(0.,0.,1.));
#2065=DIRECTION('ref_axis',(1.,0.,0.));
#2066=DIRECTION('',(-1.,0.,0.));
#2067=DIRECTION('center_axis',(0.,0.,1.));
#2068=DIRECTION('ref_axis',(1.,0.,0.));
#2069=DIRECTION('',(0.,1.,0.));
#2070=DIRECTION('center_axis',(0.,0.,1.));
#2071=DIRECTION('ref_axis',(1.,0.,0.));
#2072=DIRECTION('',(1.,0.,0.));
#2073=DIRECTION('center_axis',(1.,0.,0.));
#2074=DIRECTION('ref_axis',(0.,1.,0.));
#2075=DIRECTION('',(0.,-1.,0.));
#2076=DIRECTION('',(0.,0.,1.));
#2077=DIRECTION('center_axis',(0.,0.,1.));
#2078=DIRECTION('ref_axis',(1.,0.,0.));
#2079=DIRECTION('',(0.,0.,-1.));
#2080=DIRECTION('',(0.,0.,1.));
#2081=DIRECTION('center_axis',(0.,0.,-1.));
#2082=DIRECTION('ref_axis',(1.,0.,0.));
#2083=DIRECTION('center_axis',(0.,0.,1.));
#2084=DIRECTION('ref_axis',(1.,0.,0.));
#2085=DIRECTION('',(1.,0.,0.));
#2086=DIRECTION('center_axis',(0.,0.,-1.));
#2087=DIRECTION('ref_axis',(1.,0.,0.));
#2088=DIRECTION('',(0.,1.,0.));
#2089=DIRECTION('',(-1.,0.,0.));
#2090=DIRECTION('center_axis',(0.,0.,-1.));
#2091=DIRECTION('ref_axis',(1.,0.,0.));
#2092=DIRECTION('center_axis',(0.,-1.,0.));
#2093=DIRECTION('ref_axis',(1.,0.,0.));
#2094=DIRECTION('',(0.,0.,-1.));
#2095=DIRECTION('center_axis',(0.,0.,1.));
#2096=DIRECTION('ref_axis',(-0.707106781186546,0.707106781186549,0.));
#2097=DIRECTION('center_axis',(0.,0.,1.));
#2098=DIRECTION('ref_axis',(1.,0.,0.));
#2099=DIRECTION('',(0.,0.,1.));
#2100=DIRECTION('',(0.,0.,-1.));
#2101=DIRECTION('center_axis',(-1.,0.,0.));
#2102=DIRECTION('ref_axis',(0.,-1.,0.));
#2103=DIRECTION('center_axis',(0.,1.,0.));
#2104=DIRECTION('ref_axis',(-1.,0.,0.));
#2105=DIRECTION('center_axis',(0.,0.,1.));
#2106=DIRECTION('ref_axis',(-0.707106781186548,-0.707106781186547,0.));
#2107=DIRECTION('',(0.,0.,-1.));
#2108=DIRECTION('center_axis',(0.,0.,1.));
#2109=DIRECTION('ref_axis',(-0.707106781186548,-0.707106781186547,0.));
#2110=DIRECTION('',(0.,0.,1.));
#2111=DIRECTION('center_axis',(-1.,0.,0.));
#2112=DIRECTION('ref_axis',(0.,-1.,0.));
#2113=DIRECTION('',(0.,0.,1.));
#2114=DIRECTION('',(0.,-1.,0.));
#2115=DIRECTION('center_axis',(0.,0.,1.));
#2116=DIRECTION('ref_axis',(0.707106781186549,-0.707106781186546,0.));
#2117=DIRECTION('',(0.,0.,-1.));
#2118=DIRECTION('center_axis',(0.,0.,1.));
#2119=DIRECTION('ref_axis',(0.707106781186549,-0.707106781186546,0.));
#2120=DIRECTION('',(0.,0.,1.));
#2121=DIRECTION('center_axis',(1.,0.,0.));
#2122=DIRECTION('ref_axis',(0.,1.,0.));
#2123=DIRECTION('',(0.,1.,0.));
#2124=DIRECTION('',(0.,0.,-1.));
#2125=DIRECTION('center_axis',(0.,0.,1.));
#2126=DIRECTION('ref_axis',(0.707106781186546,0.707106781186549,0.));
#2127=DIRECTION('center_axis',(0.,0.,1.));
#2128=DIRECTION('ref_axis',(0.707106781186546,0.707106781186549,0.));
#2129=DIRECTION('',(0.,0.,1.));
#2130=DIRECTION('center_axis',(0.,0.,1.));
#2131=DIRECTION('ref_axis',(-0.707106781186548,0.707106781186548,0.));
#2132=DIRECTION('',(0.,0.,-1.));
#2133=DIRECTION('center_axis',(0.,0.,1.));
#2134=DIRECTION('ref_axis',(-0.707106781186548,0.707106781186548,0.));
#2135=DIRECTION('center_axis',(0.,1.,0.));
#2136=DIRECTION('ref_axis',(-1.,0.,0.));
#2137=DIRECTION('',(-1.,0.,0.));
#2138=DIRECTION('center_axis',(0.,-1.,0.));
#2139=DIRECTION('ref_axis',(1.,0.,0.));
#2140=DIRECTION('',(1.,0.,0.));
#2141=DIRECTION('center_axis',(0.,0.,1.));
#2142=DIRECTION('ref_axis',(1.,0.,0.));
#2143=DIRECTION('center_axis',(0.,0.,1.));
#2144=DIRECTION('ref_axis',(1.,0.,0.));
#2145=DIRECTION('center_axis',(0.,0.,1.));
#2146=DIRECTION('ref_axis',(1.,0.,0.));
#2147=DIRECTION('',(0.,0.,1.));
#2148=DIRECTION('center_axis',(0.,0.,-1.));
#2149=DIRECTION('ref_axis',(1.,0.,0.));
#2150=DIRECTION('center_axis',(0.,0.,1.));
#2151=DIRECTION('ref_axis',(1.,0.,0.));
#2152=DIRECTION('center_axis',(0.,0.,1.));
#2153=DIRECTION('ref_axis',(1.,0.,0.));
#2154=DIRECTION('',(0.,0.,1.));
#2155=DIRECTION('center_axis',(0.,0.,-1.));
#2156=DIRECTION('ref_axis',(1.,0.,0.));
#2157=DIRECTION('center_axis',(0.,0.,1.));
#2158=DIRECTION('ref_axis',(1.,0.,0.));
#2159=DIRECTION('center_axis',(0.,0.,1.));
#2160=DIRECTION('ref_axis',(1.,0.,0.));
#2161=DIRECTION('',(0.,0.,1.));
#2162=DIRECTION('center_axis',(0.,0.,-1.));
#2163=DIRECTION('ref_axis',(1.,0.,0.));
#2164=DIRECTION('center_axis',(0.,0.,1.));
#2165=DIRECTION('ref_axis',(1.,0.,0.));
#2166=DIRECTION('center_axis',(0.,0.,1.));
#2167=DIRECTION('ref_axis',(1.,0.,0.));
#2168=DIRECTION('',(0.,0.,1.));
#2169=DIRECTION('center_axis',(0.,0.,-1.));
#2170=DIRECTION('ref_axis',(1.,0.,0.));
#2171=DIRECTION('center_axis',(0.,0.,1.));
#2172=DIRECTION('ref_axis',(1.,0.,0.));
#2173=DIRECTION('center_axis',(0.,0.,1.));
#2174=DIRECTION('ref_axis',(1.,0.,0.));
#2175=DIRECTION('',(0.,0.,1.));
#2176=DIRECTION('center_axis',(0.,0.,-1.));
#2177=DIRECTION('ref_axis',(1.,0.,0.));
#2178=DIRECTION('center_axis',(0.,0.,1.));
#2179=DIRECTION('ref_axis',(1.,0.,0.));
#2180=DIRECTION('center_axis',(0.,0.,1.));
#2181=DIRECTION('ref_axis',(1.,0.,0.));
#2182=DIRECTION('',(0.,0.,1.));
#2183=DIRECTION('center_axis',(0.,0.,-1.));
#2184=DIRECTION('ref_axis',(1.,0.,0.));
#2185=DIRECTION('center_axis',(0.,0.,1.));
#2186=DIRECTION('ref_axis',(1.,0.,0.));
#2187=DIRECTION('center_axis',(0.,0.,1.));
#2188=DIRECTION('ref_axis',(1.,0.,0.));
#2189=DIRECTION('',(0.,0.,-1.));
#2190=DIRECTION('center_axis',(0.,0.,-1.));
#2191=DIRECTION('ref_axis',(1.,0.,0.));
#2192=DIRECTION('center_axis',(0.,0.,1.));
#2193=DIRECTION('ref_axis',(1.,0.,0.));
#2194=DIRECTION('center_axis',(0.,0.,1.));
#2195=DIRECTION('ref_axis',(1.,0.,0.));
#2196=DIRECTION('center_axis',(0.,0.,1.));
#2197=DIRECTION('ref_axis',(1.,0.,0.));
#2198=DIRECTION('',(0.707106781186547,8.65956056235493E-17,-0.707106781186547));
#2199=DIRECTION('center_axis',(0.,0.,-1.));
#2200=DIRECTION('ref_axis',(1.,0.,0.));
#2201=DIRECTION('center_axis',(0.,0.,1.));
#2202=DIRECTION('ref_axis',(1.,0.,0.));
#2203=DIRECTION('center_axis',(0.,0.,1.));
#2204=DIRECTION('ref_axis',(1.,0.,0.));
#2205=DIRECTION('',(0.,0.,1.));
#2206=DIRECTION('center_axis',(0.,0.,1.));
#2207=DIRECTION('ref_axis',(1.,0.,0.));
#2208=DIRECTION('center_axis',(0.,0.,1.));
#2209=DIRECTION('ref_axis',(1.,0.,0.));
#2210=DIRECTION('center_axis',(0.,0.,1.));
#2211=DIRECTION('ref_axis',(1.,0.,0.));
#2212=DIRECTION('',(0.,0.,-1.));
#2213=DIRECTION('center_axis',(0.,0.,-1.));
#2214=DIRECTION('ref_axis',(1.,0.,0.));
#2215=DIRECTION('center_axis',(0.,0.,1.));
#2216=DIRECTION('ref_axis',(-0.707106781186548,-0.707106781186547,0.));
#2217=DIRECTION('center_axis',(0.,0.,-1.));
#2218=DIRECTION('ref_axis',(-0.707106781186548,-0.707106781186547,0.));
#2219=DIRECTION('',(0.,0.,-1.));
#2220=DIRECTION('center_axis',(0.,0.,1.));
#2221=DIRECTION('ref_axis',(-0.707106781186548,-0.707106781186547,0.));
#2222=DIRECTION('',(0.,0.,1.));
#2223=DIRECTION('center_axis',(-1.,0.,0.));
#2224=DIRECTION('ref_axis',(0.,-1.,0.));
#2225=DIRECTION('',(0.,-1.,0.));
#2226=DIRECTION('',(0.,0.,1.));
#2227=DIRECTION('',(0.,-1.,0.));
#2228=DIRECTION('center_axis',(0.,0.,1.));
#2229=DIRECTION('ref_axis',(1.,0.,0.));
#2230=DIRECTION('',(1.,0.,0.));
#2231=DIRECTION('center_axis',(0.,0.,-1.));
#2232=DIRECTION('ref_axis',(0.707106781186549,-0.707106781186546,0.));
#2233=DIRECTION('',(0.,1.,0.));
#2234=DIRECTION('center_axis',(0.,0.,-1.));
#2235=DIRECTION('ref_axis',(0.707106781186546,0.707106781186549,0.));
#2236=DIRECTION('',(-1.,0.,0.));
#2237=DIRECTION('center_axis',(0.,0.,-1.));
#2238=DIRECTION('ref_axis',(-0.707106781186548,0.707106781186548,0.));
#2239=DIRECTION('center_axis',(0.,0.,1.));
#2240=DIRECTION('ref_axis',(0.707106781186549,-0.707106781186546,0.));
#2241=DIRECTION('',(0.,0.,-1.));
#2242=DIRECTION('center_axis',(0.,0.,1.));
#2243=DIRECTION('ref_axis',(0.707106781186549,-0.707106781186546,0.));
#2244=DIRECTION('',(0.,0.,1.));
#2245=DIRECTION('center_axis',(1.,0.,0.));
#2246=DIRECTION('ref_axis',(0.,1.,0.));
#2247=DIRECTION('',(0.,1.,0.));
#2248=DIRECTION('',(0.,0.,-1.));
#2249=DIRECTION('center_axis',(0.,0.,1.));
#2250=DIRECTION('ref_axis',(0.707106781186546,0.707106781186549,0.));
#2251=DIRECTION('center_axis',(0.,0.,1.));
#2252=DIRECTION('ref_axis',(0.707106781186546,0.707106781186549,0.));
#2253=DIRECTION('',(0.,0.,1.));
#2254=DIRECTION('center_axis',(0.,0.,1.));
#2255=DIRECTION('ref_axis',(-0.707106781186548,0.707106781186548,0.));
#2256=DIRECTION('',(0.,0.,-1.));
#2257=DIRECTION('center_axis',(0.,0.,1.));
#2258=DIRECTION('ref_axis',(-0.707106781186548,0.707106781186548,0.));
#2259=DIRECTION('center_axis',(0.,1.,0.));
#2260=DIRECTION('ref_axis',(-1.,0.,0.));
#2261=DIRECTION('',(-1.,0.,0.));
#2262=DIRECTION('center_axis',(0.,-1.,0.));
#2263=DIRECTION('ref_axis',(1.,0.,0.));
#2264=DIRECTION('',(1.,0.,0.));
#2265=DIRECTION('center_axis',(0.,0.,1.));
#2266=DIRECTION('ref_axis',(1.,0.,0.));
#2267=DIRECTION('center_axis',(0.,0.,1.));
#2268=DIRECTION('ref_axis',(1.,0.,0.));
#2269=DIRECTION('center_axis',(0.,0.,-1.));
#2270=DIRECTION('ref_axis',(1.,0.,0.));
#2271=DIRECTION('center_axis',(0.,0.,1.));
#2272=DIRECTION('ref_axis',(1.,0.,0.));
#2273=DIRECTION('center_axis',(0.,0.,1.));
#2274=DIRECTION('ref_axis',(1.,0.,0.));
#2275=DIRECTION('',(0.,0.,-1.));
#2276=DIRECTION('center_axis',(0.,0.,1.));
#2277=DIRECTION('ref_axis',(1.,0.,0.));
#2278=DIRECTION('center_axis',(0.,1.,0.));
#2279=DIRECTION('ref_axis',(-1.,0.,0.));
#2280=DIRECTION('',(-1.,0.,0.));
#2281=DIRECTION('',(0.,0.,-1.));
#2282=DIRECTION('',(-1.,0.,0.));
#2283=DIRECTION('',(0.,0.,1.));
#2284=DIRECTION('center_axis',(0.,-1.,0.));
#2285=DIRECTION('ref_axis',(1.,0.,0.));
#2286=DIRECTION('',(1.,0.,0.));
#2287=DIRECTION('',(0.,0.,-1.));
#2288=DIRECTION('',(1.,0.,0.));
#2289=DIRECTION('',(0.,0.,1.));
#2290=DIRECTION('center_axis',(0.,0.,1.));
#2291=DIRECTION('ref_axis',(1.,0.,0.));
#2292=DIRECTION('',(0.,-1.,0.));
#2293=DIRECTION('',(0.,1.,0.));
#2294=DIRECTION('center_axis',(0.,0.,-1.));
#2295=DIRECTION('ref_axis',(-1.,0.,0.));
#2296=DIRECTION('',(0.,-1.,0.));
#2297=DIRECTION('',(-1.,0.,0.));
#2298=DIRECTION('',(0.,1.,0.));
#2299=DIRECTION('center_axis',(0.,0.,-1.));
#2300=DIRECTION('ref_axis',(-1.,0.,0.));
#2301=DIRECTION('',(0.,1.,0.));
#2302=DIRECTION('',(1.,0.,0.));
#2303=DIRECTION('',(0.,-1.,0.));
#2304=DIRECTION('center_axis',(-1.,0.,0.));
#2305=DIRECTION('ref_axis',(0.,1.,0.));
#2306=DIRECTION('',(0.,0.,-1.));
#2307=DIRECTION('',(0.,-1.,0.));
#2308=DIRECTION('',(0.,0.,-1.));
#2309=DIRECTION('center_axis',(0.,-1.,0.));
#2310=DIRECTION('ref_axis',(-1.,0.,0.));
#2311=DIRECTION('',(1.,0.,0.));
#2312=DIRECTION('',(0.,0.,-1.));
#2313=DIRECTION('center_axis',(1.,0.,0.));
#2314=DIRECTION('ref_axis',(0.,-1.,0.));
#2315=DIRECTION('',(0.,0.,-1.));
#2316=DIRECTION('',(0.,1.,0.));
#2317=DIRECTION('center_axis',(0.,1.,0.));
#2318=DIRECTION('ref_axis',(1.,0.,0.));
#2319=DIRECTION('',(-1.,0.,0.));
#2320=DIRECTION('center_axis',(0.,0.,1.));
#2321=DIRECTION('ref_axis',(1.,0.,0.));
#2322=CARTESIAN_POINT('',(0.,0.,0.));
#2323=CARTESIAN_POINT('Origin',(7.5,72.5,0.));
#2324=CARTESIAN_POINT('',(4.,72.5,0.));
#2325=CARTESIAN_POINT('Origin',(7.5,72.5,0.));
#2326=CARTESIAN_POINT('',(4.,72.5,1.));
#2327=CARTESIAN_POINT('',(4.,72.5,0.));
#2328=CARTESIAN_POINT('Origin',(7.5,72.5,1.));
#2329=CARTESIAN_POINT('Origin',(7.5,72.5,1.));
#2330=CARTESIAN_POINT('Origin',(112.5,7.5,0.));
#2331=CARTESIAN_POINT('',(109.,7.5,0.));
#2332=CARTESIAN_POINT('Origin',(112.5,7.5,0.));
#2333=CARTESIAN_POINT('',(109.,7.5,1.));
#2334=CARTESIAN_POINT('',(109.,7.5,0.));
#2335=CARTESIAN_POINT('Origin',(112.5,7.5,1.));
#2336=CARTESIAN_POINT('Origin',(112.5,7.5,1.));
#2337=CARTESIAN_POINT('Origin',(7.5,7.5,0.));
#2338=CARTESIAN_POINT('',(4.,7.5,0.));
#2339=CARTESIAN_POINT('Origin',(7.5,7.5,0.));
#2340=CARTESIAN_POINT('',(4.,7.5,1.));
#2341=CARTESIAN_POINT('',(4.,7.5,0.));
#2342=CARTESIAN_POINT('Origin',(7.5,7.5,1.));
#2343=CARTESIAN_POINT('Origin',(7.5,7.5,1.));
#2344=CARTESIAN_POINT('Origin',(112.5,72.5,0.));
#2345=CARTESIAN_POINT('',(109.,72.5,0.));
#2346=CARTESIAN_POINT('Origin',(112.5,72.5,0.));
#2347=CARTESIAN_POINT('',(109.,72.5,1.));
#2348=CARTESIAN_POINT('',(109.,72.5,0.));
#2349=CARTESIAN_POINT('Origin',(112.5,72.5,1.));
#2350=CARTESIAN_POINT('Origin',(112.5,72.5,1.));
#2351=CARTESIAN_POINT('Origin',(12.75,42.5,0.));
#2352=CARTESIAN_POINT('',(22.25,42.5,2.));
#2353=CARTESIAN_POINT('',(12.75,42.5,2.));
#2354=CARTESIAN_POINT('',(36.375,42.5,2.));
#2355=CARTESIAN_POINT('',(22.25,42.5,0.));
#2356=CARTESIAN_POINT('',(22.25,42.5,0.));
#2357=CARTESIAN_POINT('',(12.75,42.5,0.));
#2358=CARTESIAN_POINT('',(36.375,42.5,0.));
#2359=CARTESIAN_POINT('',(12.75,42.5,0.));
#2360=CARTESIAN_POINT('Origin',(12.75,45.25,0.));
#2361=CARTESIAN_POINT('',(12.75,48.,2.));
#2362=CARTESIAN_POINT('Origin',(12.75,45.25,2.));
#2363=CARTESIAN_POINT('',(12.75,48.,0.));
#2364=CARTESIAN_POINT('Origin',(12.75,45.25,0.));
#2365=CARTESIAN_POINT('',(12.75,48.,0.));
#2366=CARTESIAN_POINT('Origin',(22.25,48.,0.));
#2367=CARTESIAN_POINT('',(22.25,48.,2.));
#2368=CARTESIAN_POINT('',(41.125,48.,2.));
#2369=CARTESIAN_POINT('',(22.25,48.,0.));
#2370=CARTESIAN_POINT('',(41.125,48.,0.));
#2371=CARTESIAN_POINT('',(22.25,48.,0.));
#2372=CARTESIAN_POINT('Origin',(22.25,45.25,0.));
#2373=CARTESIAN_POINT('Origin',(22.25,45.25,2.));
#2374=CARTESIAN_POINT('Origin',(22.25,45.25,0.));
#2375=CARTESIAN_POINT('Origin',(97.75,42.5,0.));
#2376=CARTESIAN_POINT('',(107.25,42.5,2.));
#2377=CARTESIAN_POINT('',(97.75,42.5,2.));
#2378=CARTESIAN_POINT('',(78.875,42.5,2.));
#2379=CARTESIAN_POINT('',(107.25,42.5,0.));
#2380=CARTESIAN_POINT('',(107.25,42.5,0.));
#2381=CARTESIAN_POINT('',(97.75,42.5,0.));
#2382=CARTESIAN_POINT('',(78.875,42.5,0.));
#2383=CARTESIAN_POINT('',(97.75,42.5,0.));
#2384=CARTESIAN_POINT('Origin',(97.75,45.25,0.));
#2385=CARTESIAN_POINT('',(97.75,48.,2.));
#2386=CARTESIAN_POINT('Origin',(97.75,45.25,2.));
#2387=CARTESIAN_POINT('',(97.75,48.,0.));
#2388=CARTESIAN_POINT('Origin',(97.75,45.25,0.));
#2389=CARTESIAN_POINT('',(97.75,48.,0.));
#2390=CARTESIAN_POINT('Origin',(107.25,48.,0.));
#2391=CARTESIAN_POINT('',(107.25,48.,2.));
#2392=CARTESIAN_POINT('',(83.625,48.,2.));
#2393=CARTESIAN_POINT('',(107.25,48.,0.));
#2394=CARTESIAN_POINT('',(83.625,48.,0.));
#2395=CARTESIAN_POINT('',(107.25,48.,0.));
#2396=CARTESIAN_POINT('Origin',(107.25,45.25,0.));
#2397=CARTESIAN_POINT('Origin',(107.25,45.25,2.));
#2398=CARTESIAN_POINT('Origin',(107.25,45.25,0.));
#2399=CARTESIAN_POINT('Origin',(65.,0.,23.));
#2400=CARTESIAN_POINT('',(58.75,0.,23.));
#2401=CARTESIAN_POINT('Origin',(65.,0.,23.));
#2402=CARTESIAN_POINT('',(58.75,2.,23.));
#2403=CARTESIAN_POINT('',(58.75,0.,23.));
#2404=CARTESIAN_POINT('Origin',(65.,2.,23.));
#2405=CARTESIAN_POINT('Origin',(40.,0.,23.));
#2406=CARTESIAN_POINT('',(36.8,0.,23.));
#2407=CARTESIAN_POINT('Origin',(40.,0.,23.));
#2408=CARTESIAN_POINT('',(36.8,2.,23.));
#2409=CARTESIAN_POINT('',(36.8,0.,23.));
#2410=CARTESIAN_POINT('Origin',(40.,2.,23.));
#2411=CARTESIAN_POINT('Origin',(17.5,0.,23.));
#2412=CARTESIAN_POINT('',(11.25,0.,23.));
#2413=CARTESIAN_POINT('Origin',(17.5,0.,23.));
#2414=CARTESIAN_POINT('',(11.25,2.,23.));
#2415=CARTESIAN_POINT('',(11.25,0.,23.));
#2416=CARTESIAN_POINT('Origin',(17.5,2.,23.));
#2417=CARTESIAN_POINT('Origin',(102.5,0.,23.));
#2418=CARTESIAN_POINT('',(96.25,0.,23.));
#2419=CARTESIAN_POINT('Origin',(102.5,0.,23.));
#2420=CARTESIAN_POINT('',(96.25,2.,23.));
#2421=CARTESIAN_POINT('',(96.25,0.,23.));
#2422=CARTESIAN_POINT('Origin',(102.5,2.,23.));
#2423=CARTESIAN_POINT('Origin',(5.,75.,50.));
#2424=CARTESIAN_POINT('',(3.75,75.,46.));
#2425=CARTESIAN_POINT('Origin',(5.,75.,46.));
#2426=CARTESIAN_POINT('',(3.75,75.,34.));
#2427=CARTESIAN_POINT('',(3.75,75.,50.));
#2428=CARTESIAN_POINT('Origin',(5.,75.,34.));
#2429=CARTESIAN_POINT('Origin',(5.,75.,34.));
#2430=CARTESIAN_POINT('Origin',(115.,5.,50.));
#2431=CARTESIAN_POINT('',(113.75,5.,46.));
#2432=CARTESIAN_POINT('Origin',(115.,5.,46.));
#2433=CARTESIAN_POINT('',(113.75,5.,34.));
#2434=CARTESIAN_POINT('',(113.75,5.,50.));
#2435=CARTESIAN_POINT('Origin',(115.,5.,34.));
#2436=CARTESIAN_POINT('Origin',(115.,5.,34.));
#2437=CARTESIAN_POINT('Origin',(5.,5.,50.));
#2438=CARTESIAN_POINT('',(3.75,5.,46.));
#2439=CARTESIAN_POINT('Origin',(5.,5.,46.));
#2440=CARTESIAN_POINT('',(3.75,5.,34.));
#2441=CARTESIAN_POINT('',(3.75,5.,50.));
#2442=CARTESIAN_POINT('Origin',(5.,5.,34.));
#2443=CARTESIAN_POINT('Origin',(5.,5.,34.));
#2444=CARTESIAN_POINT('Origin',(115.,75.,50.));
#2445=CARTESIAN_POINT('',(113.75,75.,46.));
#2446=CARTESIAN_POINT('Origin',(115.,75.,46.));
#2447=CARTESIAN_POINT('',(113.75,75.,34.));
#2448=CARTESIAN_POINT('',(113.75,75.,50.));
#2449=CARTESIAN_POINT('Origin',(115.,75.,34.));
#2450=CARTESIAN_POINT('Origin',(115.,75.,34.));
#2451=CARTESIAN_POINT('Origin',(12.,68.,39.4));
#2452=CARTESIAN_POINT('',(10.75,68.,39.4));
#2453=CARTESIAN_POINT('Origin',(12.,68.,39.4));
#2454=CARTESIAN_POINT('',(10.75,68.,31.4));
#2455=CARTESIAN_POINT('',(10.75,68.,39.4));
#2456=CARTESIAN_POINT('Origin',(12.,68.,31.4));
#2457=CARTESIAN_POINT('Origin',(12.,68.,31.4));
#2458=CARTESIAN_POINT('Origin',(108.,12.,39.4));
#2459=CARTESIAN_POINT('',(106.75,12.,39.4));
#2460=CARTESIAN_POINT('Origin',(108.,12.,39.4));
#2461=CARTESIAN_POINT('',(106.75,12.,31.4));
#2462=CARTESIAN_POINT('',(106.75,12.,39.4));
#2463=CARTESIAN_POINT('Origin',(108.,12.,31.4));
#2464=CARTESIAN_POINT('Origin',(108.,12.,31.4));
#2465=CARTESIAN_POINT('Origin',(12.,12.,39.4));
#2466=CARTESIAN_POINT('',(10.75,12.,39.4));
#2467=CARTESIAN_POINT('Origin',(12.,12.,39.4));
#2468=CARTESIAN_POINT('',(10.75,12.,31.4));
#2469=CARTESIAN_POINT('',(10.75,12.,39.4));
#2470=CARTESIAN_POINT('Origin',(12.,12.,31.4));
#2471=CARTESIAN_POINT('Origin',(12.,12.,31.4));
#2472=CARTESIAN_POINT('Origin',(108.,68.,39.4));
#2473=CARTESIAN_POINT('',(106.75,68.,39.4));
#2474=CARTESIAN_POINT('Origin',(108.,68.,39.4));
#2475=CARTESIAN_POINT('',(106.75,68.,31.4));
#2476=CARTESIAN_POINT('',(106.75,68.,39.4));
#2477=CARTESIAN_POINT('Origin',(108.,68.,31.4));
#2478=CARTESIAN_POINT('Origin',(108.,68.,31.4));
#2479=CARTESIAN_POINT('Origin',(108.,68.,0.));
#2480=CARTESIAN_POINT('',(105.,68.,39.4));
#2481=CARTESIAN_POINT('Origin',(108.,68.,39.4));
#2482=CARTESIAN_POINT('',(105.,68.,2.));
#2483=CARTESIAN_POINT('',(105.,68.,0.));
#2484=CARTESIAN_POINT('Origin',(108.,68.,2.));
#2485=CARTESIAN_POINT('Origin',(108.,68.,39.4));
#2486=CARTESIAN_POINT('Origin',(12.,12.,0.));
#2487=CARTESIAN_POINT('',(9.,12.,39.4));
#2488=CARTESIAN_POINT('Origin',(12.,12.,39.4));
#2489=CARTESIAN_POINT('',(9.,12.,2.));
#2490=CARTESIAN_POINT('',(9.,12.,0.));
#2491=CARTESIAN_POINT('Origin',(12.,12.,2.));
#2492=CARTESIAN_POINT('Origin',(12.,12.,39.4));
#2493=CARTESIAN_POINT('Origin',(108.,12.,0.));
#2494=CARTESIAN_POINT('',(105.,12.,39.4));
#2495=CARTESIAN_POINT('Origin',(108.,12.,39.4));
#2496=CARTESIAN_POINT('',(105.,12.,2.));
#2497=CARTESIAN_POINT('',(105.,12.,0.));
#2498=CARTESIAN_POINT('Origin',(108.,12.,2.));
#2499=CARTESIAN_POINT('Origin',(108.,12.,39.4));
#2500=CARTESIAN_POINT('Origin',(12.,68.,0.));
#2501=CARTESIAN_POINT('',(9.,68.,39.4));
#2502=CARTESIAN_POINT('Origin',(12.,68.,39.4));
#2503=CARTESIAN_POINT('',(9.,68.,2.));
#2504=CARTESIAN_POINT('',(9.,68.,0.));
#2505=CARTESIAN_POINT('Origin',(12.,68.,2.));
#2506=CARTESIAN_POINT('Origin',(12.,68.,39.4));
#2507=CARTESIAN_POINT('Origin',(115.,75.,0.));
#2508=CARTESIAN_POINT('',(113.197224362268,78.,2.));
#2509=CARTESIAN_POINT('',(113.197224362268,78.,46.));
#2510=CARTESIAN_POINT('',(113.197224362268,78.,0.));
#2511=CARTESIAN_POINT('',(118.,73.197224362268,2.));
#2512=CARTESIAN_POINT('Origin',(115.,75.,2.));
#2513=CARTESIAN_POINT('',(118.,73.197224362268,46.));
#2514=CARTESIAN_POINT('',(118.,73.197224362268,0.));
#2515=CARTESIAN_POINT('Origin',(115.,75.,46.));
#2516=CARTESIAN_POINT('Origin',(60.,40.,46.));
#2517=CARTESIAN_POINT('',(4.,0.,46.));
#2518=CARTESIAN_POINT('',(0.,4.,46.));
#2519=CARTESIAN_POINT('Origin',(4.,4.,46.));
#2520=CARTESIAN_POINT('',(116.,0.,46.));
#2521=CARTESIAN_POINT('',(0.,0.,46.));
#2522=CARTESIAN_POINT('',(120.,4.,46.));
#2523=CARTESIAN_POINT('Origin',(116.,4.,46.));
#2524=CARTESIAN_POINT('',(120.,76.,46.));
#2525=CARTESIAN_POINT('',(120.,0.,46.));
#2526=CARTESIAN_POINT('',(116.,80.,46.));
#2527=CARTESIAN_POINT('Origin',(116.,76.,46.));
#2528=CARTESIAN_POINT('',(4.,80.,46.));
#2529=CARTESIAN_POINT('',(120.,80.,46.));
#2530=CARTESIAN_POINT('',(0.,76.,46.));
#2531=CARTESIAN_POINT('Origin',(4.,76.,46.));
#2532=CARTESIAN_POINT('',(0.,80.,46.));
#2533=CARTESIAN_POINT('',(118.,6.80277563773198,46.));
#2534=CARTESIAN_POINT('',(118.,20.,46.));
#2535=CARTESIAN_POINT('',(113.197224362268,2.,46.));
#2536=CARTESIAN_POINT('Origin',(115.,5.,46.));
#2537=CARTESIAN_POINT('',(6.802775637732,2.,46.));
#2538=CARTESIAN_POINT('',(30.,2.,46.));
#2539=CARTESIAN_POINT('',(2.,6.802775637732,46.));
#2540=CARTESIAN_POINT('Origin',(5.,5.,46.));
#2541=CARTESIAN_POINT('',(2.,73.197224362268,46.));
#2542=CARTESIAN_POINT('',(2.,60.,46.));
#2543=CARTESIAN_POINT('',(6.802775637732,78.,46.));
#2544=CARTESIAN_POINT('Origin',(5.,75.,46.));
#2545=CARTESIAN_POINT('',(90.,78.,46.));
#2546=CARTESIAN_POINT('Origin',(118.,0.,0.));
#2547=CARTESIAN_POINT('',(118.,6.80277563773198,2.));
#2548=CARTESIAN_POINT('',(118.,20.,2.));
#2549=CARTESIAN_POINT('',(118.,6.80277563773198,0.));
#2550=CARTESIAN_POINT('Origin',(5.,5.,0.));
#2551=CARTESIAN_POINT('',(2.,6.802775637732,2.));
#2552=CARTESIAN_POINT('',(2.,6.80277563773199,0.));
#2553=CARTESIAN_POINT('',(6.802775637732,2.,2.));
#2554=CARTESIAN_POINT('',(6.80277563773199,2.,0.));
#2555=CARTESIAN_POINT('Origin',(5.,5.,2.));
#2556=CARTESIAN_POINT('Origin',(60.,40.,2.));
#2557=CARTESIAN_POINT('',(6.80277563773198,78.,2.));
#2558=CARTESIAN_POINT('',(90.,78.,2.));
#2559=CARTESIAN_POINT('',(2.,73.197224362268,2.));
#2560=CARTESIAN_POINT('Origin',(5.,75.,2.));
#2561=CARTESIAN_POINT('',(2.,60.,2.));
#2562=CARTESIAN_POINT('',(113.197224362268,2.,2.));
#2563=CARTESIAN_POINT('',(30.,2.,2.));
#2564=CARTESIAN_POINT('Origin',(115.,5.,2.));
#2565=CARTESIAN_POINT('Origin',(0.,2.,0.));
#2566=CARTESIAN_POINT('',(113.197224362268,2.,0.));
#2567=CARTESIAN_POINT('Origin',(115.,5.,0.));
#2568=CARTESIAN_POINT('Origin',(5.,75.,0.));
#2569=CARTESIAN_POINT('',(2.,73.197224362268,0.));
#2570=CARTESIAN_POINT('',(6.802775637732,78.,0.));
#2571=CARTESIAN_POINT('Origin',(2.,80.,0.));
#2572=CARTESIAN_POINT('Origin',(120.,78.,0.));
#2573=CARTESIAN_POINT('Origin',(4.,4.,0.));
#2574=CARTESIAN_POINT('',(0.,4.,0.));
#2575=CARTESIAN_POINT('',(0.,4.,0.));
#2576=CARTESIAN_POINT('',(4.,0.,0.));
#2577=CARTESIAN_POINT('Origin',(4.,4.,0.));
#2578=CARTESIAN_POINT('',(4.,0.,0.));
#2579=CARTESIAN_POINT('Origin',(0.,80.,0.));
#2580=CARTESIAN_POINT('',(0.,76.,0.));
#2581=CARTESIAN_POINT('',(0.,76.,0.));
#2582=CARTESIAN_POINT('',(0.,80.,0.));
#2583=CARTESIAN_POINT('Origin',(116.,4.,0.));
#2584=CARTESIAN_POINT('',(116.,0.,0.));
#2585=CARTESIAN_POINT('',(116.,0.,0.));
#2586=CARTESIAN_POINT('',(120.,4.,0.));
#2587=CARTESIAN_POINT('Origin',(116.,4.,0.));
#2588=CARTESIAN_POINT('',(120.,4.,0.));
#2589=CARTESIAN_POINT('Origin',(120.,0.,0.));
#2590=CARTESIAN_POINT('',(120.,76.,0.));
#2591=CARTESIAN_POINT('',(120.,0.,0.));
#2592=CARTESIAN_POINT('',(120.,76.,0.));
#2593=CARTESIAN_POINT('Origin',(116.,76.,0.));
#2594=CARTESIAN_POINT('',(116.,80.,0.));
#2595=CARTESIAN_POINT('Origin',(116.,76.,0.));
#2596=CARTESIAN_POINT('',(116.,80.,0.));
#2597=CARTESIAN_POINT('Origin',(4.,76.,0.));
#2598=CARTESIAN_POINT('',(4.,80.,0.));
#2599=CARTESIAN_POINT('',(4.,80.,0.));
#2600=CARTESIAN_POINT('Origin',(4.,76.,0.));
#2601=CARTESIAN_POINT('Origin',(120.,80.,0.));
#2602=CARTESIAN_POINT('',(120.,80.,0.));
#2603=CARTESIAN_POINT('Origin',(0.,0.,0.));
#2604=CARTESIAN_POINT('',(0.,0.,0.));
#2605=CARTESIAN_POINT('Origin',(60.,40.,0.));
#2606=CARTESIAN_POINT('Origin',(5.,75.,50.));
#2607=CARTESIAN_POINT('',(3.4,75.,46.));
#2608=CARTESIAN_POINT('Origin',(5.,75.,46.));
#2609=CARTESIAN_POINT('',(3.4,75.,50.));
#2610=CARTESIAN_POINT('',(3.4,75.,50.));
#2611=CARTESIAN_POINT('Origin',(5.,75.,50.));
#2612=CARTESIAN_POINT('Origin',(115.,5.,50.));
#2613=CARTESIAN_POINT('',(113.4,5.,46.));
#2614=CARTESIAN_POINT('Origin',(115.,5.,46.));
#2615=CARTESIAN_POINT('',(113.4,5.,50.));
#2616=CARTESIAN_POINT('',(113.4,5.,50.));
#2617=CARTESIAN_POINT('Origin',(115.,5.,50.));
#2618=CARTESIAN_POINT('Origin',(5.,5.,50.));
#2619=CARTESIAN_POINT('',(3.4,5.,46.));
#2620=CARTESIAN_POINT('Origin',(5.,5.,46.));
#2621=CARTESIAN_POINT('',(3.4,5.,50.));
#2622=CARTESIAN_POINT('',(3.4,5.,50.));
#2623=CARTESIAN_POINT('Origin',(5.,5.,50.));
#2624=CARTESIAN_POINT('Origin',(115.,75.,50.));
#2625=CARTESIAN_POINT('',(113.4,75.,46.));
#2626=CARTESIAN_POINT('Origin',(115.,75.,46.));
#2627=CARTESIAN_POINT('',(113.4,75.,50.));
#2628=CARTESIAN_POINT('',(113.4,75.,50.));
#2629=CARTESIAN_POINT('Origin',(115.,75.,50.));
#2630=CARTESIAN_POINT('Origin',(30.,70.,50.));
#2631=CARTESIAN_POINT('',(28.4,70.,46.));
#2632=CARTESIAN_POINT('Origin',(30.,70.,46.));
#2633=CARTESIAN_POINT('',(28.4,70.,50.));
#2634=CARTESIAN_POINT('',(28.4,70.,50.));
#2635=CARTESIAN_POINT('Origin',(30.,70.,50.));
#2636=CARTESIAN_POINT('Origin',(12.,36.,50.));
#2637=CARTESIAN_POINT('',(8.75,36.,46.));
#2638=CARTESIAN_POINT('Origin',(12.,36.,46.));
#2639=CARTESIAN_POINT('',(8.75,36.,51.5));
#2640=CARTESIAN_POINT('',(8.75,36.,50.));
#2641=CARTESIAN_POINT('Origin',(12.,36.,51.5));
#2642=CARTESIAN_POINT('Origin',(12.,36.,50.));
#2643=CARTESIAN_POINT('',(7.5,36.,51.5));
#2644=CARTESIAN_POINT('Origin',(12.,36.,51.5));
#2645=CARTESIAN_POINT('',(7.5,36.,50.));
#2646=CARTESIAN_POINT('',(7.5,36.,50.));
#2647=CARTESIAN_POINT('Origin',(12.,36.,50.));
#2648=CARTESIAN_POINT('Origin',(12.,36.,51.5));
#2649=CARTESIAN_POINT('Origin',(60.,42.5,50.5));
#2650=CARTESIAN_POINT('',(49.5,42.5,52.));
#2651=CARTESIAN_POINT('Origin',(60.,42.5,52.));
#2652=CARTESIAN_POINT('',(52.5,42.5,49.));
#2653=CARTESIAN_POINT('',(51.,42.5,50.5));
#2654=CARTESIAN_POINT('Origin',(60.,42.5,49.));
#2655=CARTESIAN_POINT('Origin',(60.,42.5,50.));
#2656=CARTESIAN_POINT('',(52.5,42.5,46.));
#2657=CARTESIAN_POINT('Origin',(60.,42.5,46.));
#2658=CARTESIAN_POINT('',(52.5,42.5,50.));
#2659=CARTESIAN_POINT('Origin',(60.,42.5,52.));
#2660=CARTESIAN_POINT('',(48.5,42.5,52.));
#2661=CARTESIAN_POINT('Origin',(60.,42.5,52.));
#2662=CARTESIAN_POINT('Origin',(60.,42.5,50.));
#2663=CARTESIAN_POINT('',(48.5,42.5,50.));
#2664=CARTESIAN_POINT('',(48.5,42.5,50.));
#2665=CARTESIAN_POINT('Origin',(60.,42.5,50.));
#2666=CARTESIAN_POINT('Origin',(4.,4.,46.));
#2667=CARTESIAN_POINT('',(4.,0.,50.));
#2668=CARTESIAN_POINT('',(0.,4.,50.));
#2669=CARTESIAN_POINT('Origin',(4.,4.,50.));
#2670=CARTESIAN_POINT('',(0.,4.,46.));
#2671=CARTESIAN_POINT('',(0.,4.,46.));
#2672=CARTESIAN_POINT('',(4.,0.,46.));
#2673=CARTESIAN_POINT('Origin',(4.,4.,46.));
#2674=CARTESIAN_POINT('',(4.,0.,46.));
#2675=CARTESIAN_POINT('Origin',(0.,80.,46.));
#2676=CARTESIAN_POINT('',(0.,76.,50.));
#2677=CARTESIAN_POINT('',(0.,80.,50.));
#2678=CARTESIAN_POINT('',(0.,76.,46.));
#2679=CARTESIAN_POINT('',(0.,76.,46.));
#2680=CARTESIAN_POINT('',(0.,80.,46.));
#2681=CARTESIAN_POINT('Origin',(60.,40.,50.));
#2682=CARTESIAN_POINT('',(116.,0.,50.));
#2683=CARTESIAN_POINT('',(0.,0.,50.));
#2684=CARTESIAN_POINT('',(120.,4.,50.));
#2685=CARTESIAN_POINT('Origin',(116.,4.,50.));
#2686=CARTESIAN_POINT('',(120.,76.,50.));
#2687=CARTESIAN_POINT('',(120.,0.,50.));
#2688=CARTESIAN_POINT('',(116.,80.,50.));
#2689=CARTESIAN_POINT('Origin',(116.,76.,50.));
#2690=CARTESIAN_POINT('',(4.,80.,50.));
#2691=CARTESIAN_POINT('',(120.,80.,50.));
#2692=CARTESIAN_POINT('Origin',(4.,76.,50.));
#2693=CARTESIAN_POINT('Origin',(116.,4.,46.));
#2694=CARTESIAN_POINT('',(116.,0.,46.));
#2695=CARTESIAN_POINT('',(116.,0.,46.));
#2696=CARTESIAN_POINT('',(120.,4.,46.));
#2697=CARTESIAN_POINT('Origin',(116.,4.,46.));
#2698=CARTESIAN_POINT('',(120.,4.,46.));
#2699=CARTESIAN_POINT('Origin',(120.,0.,46.));
#2700=CARTESIAN_POINT('',(120.,76.,46.));
#2701=CARTESIAN_POINT('',(120.,0.,46.));
#2702=CARTESIAN_POINT('',(120.,76.,46.));
#2703=CARTESIAN_POINT('Origin',(116.,76.,46.));
#2704=CARTESIAN_POINT('',(116.,80.,46.));
#2705=CARTESIAN_POINT('Origin',(116.,76.,46.));
#2706=CARTESIAN_POINT('',(116.,80.,46.));
#2707=CARTESIAN_POINT('Origin',(4.,76.,46.));
#2708=CARTESIAN_POINT('',(4.,80.,46.));
#2709=CARTESIAN_POINT('',(4.,80.,46.));
#2710=CARTESIAN_POINT('Origin',(4.,76.,46.));
#2711=CARTESIAN_POINT('Origin',(120.,80.,46.));
#2712=CARTESIAN_POINT('',(120.,80.,46.));
#2713=CARTESIAN_POINT('Origin',(0.,0.,46.));
#2714=CARTESIAN_POINT('',(0.,0.,46.));
#2715=CARTESIAN_POINT('Origin',(60.,40.,46.));
#2716=CARTESIAN_POINT('Origin',(60.,42.5,47.));
#2717=CARTESIAN_POINT('',(52.5,42.5,47.));
#2718=CARTESIAN_POINT('Origin',(60.,42.5,47.));
#2719=CARTESIAN_POINT('Origin',(60.,42.5,47.5));
#2720=CARTESIAN_POINT('',(52.5,42.5,48.));
#2721=CARTESIAN_POINT('Origin',(60.,42.5,48.));
#2722=CARTESIAN_POINT('',(52.5,42.5,47.5));
#2723=CARTESIAN_POINT('Origin',(60.,42.5,48.));
#2724=CARTESIAN_POINT('Origin',(77.5,58.75,-5.));
#2725=CARTESIAN_POINT('',(77.5,58.75,-5.));
#2726=CARTESIAN_POINT('',(42.5,58.75,-5.));
#2727=CARTESIAN_POINT('',(68.75,58.75,-5.));
#2728=CARTESIAN_POINT('',(77.5,58.75,-2.));
#2729=CARTESIAN_POINT('',(77.5,58.75,-2.5));
#2730=CARTESIAN_POINT('',(42.5,58.75,-2.));
#2731=CARTESIAN_POINT('',(77.5,58.75,-2.));
#2732=CARTESIAN_POINT('',(42.5,58.75,-2.5));
#2733=CARTESIAN_POINT('Origin',(42.5,23.25,-5.));
#2734=CARTESIAN_POINT('',(42.5,23.25,-5.));
#2735=CARTESIAN_POINT('',(77.5,23.25,-5.));
#2736=CARTESIAN_POINT('',(51.25,23.25,-5.));
#2737=CARTESIAN_POINT('',(42.5,23.25,-2.));
#2738=CARTESIAN_POINT('',(42.5,23.25,-2.5));
#2739=CARTESIAN_POINT('',(77.5,23.25,-2.));
#2740=CARTESIAN_POINT('',(42.5,23.25,-2.));
#2741=CARTESIAN_POINT('',(77.5,23.25,-2.5));
#2742=CARTESIAN_POINT('Origin',(60.,41.,-2.));
#2743=CARTESIAN_POINT('',(42.5,30.5,-2.));
#2744=CARTESIAN_POINT('',(77.5,51.5,-2.));
#2745=CARTESIAN_POINT('Origin',(60.,41.,-5.));
#2746=CARTESIAN_POINT('',(77.5,20.,-5.));
#2747=CARTESIAN_POINT('',(77.5,20.,-5.));
#2748=CARTESIAN_POINT('',(42.5,20.,-5.));
#2749=CARTESIAN_POINT('',(42.5,20.,-5.));
#2750=CARTESIAN_POINT('',(42.5,62.,-5.));
#2751=CARTESIAN_POINT('Origin',(60.,41.,-5.));
#2752=CARTESIAN_POINT('',(42.5,62.,-5.));
#2753=CARTESIAN_POINT('',(42.5,62.,-5.));
#2754=CARTESIAN_POINT('',(77.5,62.,-5.));
#2755=CARTESIAN_POINT('',(77.5,62.,-5.));
#2756=CARTESIAN_POINT('',(77.5,20.,-5.));
#2757=CARTESIAN_POINT('Origin',(42.5,20.,0.));
#2758=CARTESIAN_POINT('',(42.5,20.,0.));
#2759=CARTESIAN_POINT('',(42.5,20.,0.));
#2760=CARTESIAN_POINT('',(42.5,62.,0.));
#2761=CARTESIAN_POINT('',(42.5,62.,0.));
#2762=CARTESIAN_POINT('',(42.5,62.,0.));
#2763=CARTESIAN_POINT('Origin',(77.5,20.,0.));
#2764=CARTESIAN_POINT('',(77.5,20.,0.));
#2765=CARTESIAN_POINT('',(42.5,20.,0.));
#2766=CARTESIAN_POINT('',(77.5,20.,0.));
#2767=CARTESIAN_POINT('Origin',(77.5,62.,0.));
#2768=CARTESIAN_POINT('',(77.5,62.,0.));
#2769=CARTESIAN_POINT('',(77.5,62.,0.));
#2770=CARTESIAN_POINT('',(77.5,20.,0.));
#2771=CARTESIAN_POINT('Origin',(42.5,62.,0.));
#2772=CARTESIAN_POINT('',(77.5,62.,0.));
#2773=CARTESIAN_POINT('Origin',(60.,41.,0.));
#2774=UNCERTAINTY_MEASURE_WITH_UNIT(LENGTH_MEASURE(0.01),#2778,
'DISTANCE_ACCURACY_VALUE',
'Maximum model space distance between geometric entities at asserted c
onnectivities');
#2775=UNCERTAINTY_MEASURE_WITH_UNIT(LENGTH_MEASURE(0.01),#2778,
'DISTANCE_ACCURACY_VALUE',
'Maximum model space distance between geometric entities at asserted c
onnectivities');
#2776=(
GEOMETRIC_REPRESENTATION_CONTEXT(3)
GLOBAL_UNCERTAINTY_ASSIGNED_CONTEXT((#2774))
GLOBAL_UNIT_ASSIGNED_CONTEXT((#2778,#2780,#2781))
REPRESENTATION_CONTEXT('','3D')
);
#2777=(
GEOMETRIC_REPRESENTATION_CONTEXT(3)
GLOBAL_UNCERTAINTY_ASSIGNED_CONTEXT((#2775))
GLOBAL_UNIT_ASSIGNED_CONTEXT((#2778,#2780,#2781))
REPRESENTATION_CONTEXT('','3D')
);
#2778=(
LENGTH_UNIT()
NAMED_UNIT(*)
SI_UNIT(.MILLI.,.METRE.)
);
#2779=(
LENGTH_UNIT()
NAMED_UNIT(*)
SI_UNIT($,.METRE.)
);
#2780=(
NAMED_UNIT(*)
PLANE_ANGLE_UNIT()
SI_UNIT($,.RADIAN.)
);
#2781=(
NAMED_UNIT(*)
SI_UNIT($,.STERADIAN.)
SOLID_ANGLE_UNIT()
);
#2782=SHAPE_DEFINITION_REPRESENTATION(#2783,#2784);
#2783=PRODUCT_DEFINITION_SHAPE('',$,#2786);
#2784=SHAPE_REPRESENTATION('',(#1627),#2776);
#2785=PRODUCT_DEFINITION_CONTEXT('part definition',#2790,'design');
#2786=PRODUCT_DEFINITION('2026-09-14-07-36-03-763','GridUp-Kutu',#2787,
#2785);
#2787=PRODUCT_DEFINITION_FORMATION('',$,#2792);
#2788=PRODUCT_RELATED_PRODUCT_CATEGORY('GridUp-Kutu','GridUp-Kutu',(#2792));
#2789=APPLICATION_PROTOCOL_DEFINITION('international standard',
'automotive_design',2009,#2790);
#2790=APPLICATION_CONTEXT(
'Core Data for Automotive Mechanical Design Process');
#2791=PRODUCT_CONTEXT('part definition',#2790,'mechanical');
#2792=PRODUCT('2026-09-14-07-36-03-763','GridUp-Kutu',$,(#2791));
#2793=PRESENTATION_STYLE_ASSIGNMENT((#2794));
#2794=SURFACE_STYLE_USAGE(.BOTH.,#2795);
#2795=SURFACE_SIDE_STYLE('',(#2796));
#2796=SURFACE_STYLE_FILL_AREA(#2797);
#2797=FILL_AREA_STYLE('\X\C7elik - Saten',(#2798));
#2798=FILL_AREA_STYLE_COLOUR('\X\C7elik - Saten',#2799);
#2799=COLOUR_RGB('\X\C7elik - Saten',0.627450980392157,0.627450980392157,
0.627450980392157);
ENDSEC;
END-ISO-10303-21;
